Review;Score
janiston nasıl böyle saçma bir sahneli film de rol aldı anlayamadım.;Negative
5puan verdim o da anistonun güzel yüzünün hatırına.;Negative
son derece sıkıcı bir filim olduğunu söyleyebilirim.;Negative
..saçma bir konuyu nasılda filim yapmışlar maşallah;Negative
bence hoş vakit geçirmek için seyredilebilir.;Positive
hoş ve sevimli bir film.;Positive
eşcinsellere pek sempati duymamakla beraber bu filmde sanki onları sevimli göstermeye çalışmışlar gibi geldi.;Neutral
itici bir film değildi sonuçta.;Neutral
seyrederken bu kadar sinirlendiğim film hatırlamıyorum.;Negative
J.Aniston ın hiç mi umut yok diye sorduğu sahnede kıracaktım televizyonu!;Neutral
kimse yazmamış ben yazıyım:);Neutral
güzel bi pazar günü şirin bi film izlemek isteyenler için çok güzel.;Positive
. ama daha fazlası yok.;Negative
. biraz da durum orjinal işte.;Neutral
Küfürsüz bel atına pek vurmayan kaliteli bir romantik komedi sıcak samimi bir film.;Positive
..adam sandler ve özellikle drew barrymore rollerinde harikalar hala izlemediyseniz kaçırmayın!;Positive
Bence aldığı puanı kesinlikle haketmiş o kadar güldüm ki çok güzeldi;Positive
adam sandler harikaydı yine çooookkkkk komikkk izlemenizi tavsiye ederim :));Positive
Eğlenceli izlenebilir basit bir film.;Positive
Abartılacak bir yanı yok bence.;Neutral
Bu kadar puanı herhalde oyuncularından dolayı almıştır diye düşünüyorum.;Neutral
sirf oyuncu ismine puan veren arkadsslar yüzünden insanlar yanlis yönlendiriyolar gibime geliyor.;Negative
bu film 6-7 arasinda bi puan alir daha fazla degil.;Neutral
Hiç sıkmayan kaliteli bir seyirlik türünün en iyilerinden.;Positive
güzel vetatlı bir film.;Positive
pazar günü eşiniz yada sevgilinizle izlediğinizde tatlı bir tebessüm bırakan hoş bir film;Positive
Adam Sandler ın çoğu filminin olduğu gibi bu da iyiydi.;Positive
Drew Barrymore da ekstra güzellik katmış:;Positive
) Özellikle uçakta geçen sahnelere bayıldım.;Positive
"""cok cok cok güzel bir film tahmin ediyorum 10kez izlemisimdir ama yine izlerim sikilmam mutlaka izleyin derim en az10/9""""""";Positive
adam sandlerin 80lere damgasini vurmuş culture club şarkısını yorumlamasıda ayrı bi lezzet hele discoda new order blue monday şarkısını duymakta ayrı bir zevk;Positive
adam sandler bu filmde sadece oyunculukta değil şarkı söylemede de ne kadar başarılı olduğunu gözler önüne sermiştir.;Positive
. kesinlikle izlenmesi gereken bi film.;Positive
.. sakın adam sandlerin saç şekline bakıp izlememezlik etmeyin :;Neutral
drew berrymorun o sıcak gülüşüyle adam sandlerin muhteşem oyunculuğu biraraya gelirse ne olur?;Positive
işte böyle tatlı bir film olur.;Positive
İzlediğim en iyi üç romantik komediden biri.;Positive
Başrol oyuncularının uyumu harika.;Positive
İzlemenizi tavsiye ederim.;Positive
ya işte adam sandler ya yine harihaa yaa;Positive
kendini kabul ettiren çok eğlenceli bir romantik komedi.;Positive
aralarındaki samimiyet oldukça hoş ve gerçekten insanı doğru insan tanımı yapmaya zorluyor:;Positive
"""kendimi onunla yaşlanırken hayal edebileceğim birisi olmalı"""""""" derken.""";Positive
.fakat asıl dikkat çeken acı bir yön ise çapkın bir playboy olan drew hanım kızın sevgiliciğinin onu garson olmasına rağmen yanında tutma gerekçesi.;Negative
. çünkü garson olması aslında onun için sorun ama işte.;Negative
. kendi açıklıyor bu kesim için oyunun kuralları böyle değil mi gerçekte de zaten?;Neutral
?izlenesi bir film iyi eğlenceler.;Positive
Bir Adam Sandler klasigi.;Neutral
kesinlikle izlenmeli cok komik bir romantik/komedi.;Positive
bence kacirmamaniz gereken bir film.;Positive
Zaten Adam'in Spanglish ve Punch-Drunk Love disinda kotu filmini gormedim;Neutral
(Bide Steve Martin'le Mixed Nuts fazla iyi degildi ama yinede bunlar kadar kotu degildi).;Negative
Bu kadını seviyorum harika güzel biri içimi ısıtıyor.;Positive
.. Filmde Drew ile bir numara oluyor.;Positive
film tam benim genç kızlık dönemimde geçiyor.;Positive
o yılların müziklerini filmde duymak çok hoşuma gitti.;Positive
bana nostalji yaptırdı bu film.;Neutral
o yılların saflığı sevgisi çok güzeldi.;Positive
sevdim bu filmi çok sıcak ve çok sevimli hoş bir filmdi;Positive
Gzüel izlenebilir bi film.;Positive
Akıcı klsik bi tarzda kurgusu var ii idare eder.;Positive
80 lerin saçları bomba bunu bi kez daha hatırladım .;Neutral
"""hehe :)""""""";Positive
"""birbirine çok yakışan iki oyuncunun birlikte ilk filmiizleyipte beğenmeyen kimse yoktur heralde yorumlar hep olumlu yöndefilmin müzikleride bi harika romantik film sevenler için kaçırılmaması gereken bi film """"""""somebody kill me please!""";Positive
"""!!!"""""""" ---->filmdeki şarkının sevdiim en güzel bölümü:""";Positive
tekrar tekrar izlenecek müthiş bir film ben en az 20 defa izlemişimdir pişman değilim izlettğim onca insandan sevmedim diyen çıkmadı daha çıkacağını da sanmıyorum;Positive
50 ilk öpücük filmine yaptığım tüm yorumları bu film içinde söylemek istiyorum.;Neutral
..eski bi film olmasına rağmen defalarca kendini izlettirebilen bi film.;Positive
.. müzikler falan çok olmuş ciddende herkesin arşivinde yer alması gerken filmlerden.;Positive
.şiddetle tavsiye ediyorum 8/10;Positive
çook önceden izlediğim bu filme bayılmıştım.;Positive
adam sandler bu rolde çok şirin.;Positive
drew barrymore ile iyi bir ikili olmuşlar;Positive
Bu ikili bir araya gelir de filmleri kötü olur mu?;Positive
?Mümkün diil müthiş bi film zaten birlikte son yaptıkları 50 ilk öpücük de inanılmaz güzel bi film bu ikiliye dikkat çok yakışıyolar birbirilerine!!:));Positive
Sandler ve Berrymore' ı yanılmıyorsan ilk kez karşılaştıran yapım birde 50 İlk Öpücük var ikisini de görmediyseniz görün derim.;Positive
Gerçi bu film biraz eski bulmanız zor olabilir.;Neutral
film pek tabii romantik komedi severlere ve Drew barrymore hayranlarına hitap ediyor bu bu koşulların ikisinede uyduğum için filmi oldukça zevkle seyretmiştim halende zaman zaman seyrederim.;Positive
80'lerin naif havasını ve tüm hit parçalarını barındıran film bu açıdanda izlemeye değer bir yapım.;Positive
benim cok hosuma gitmisti adam sandler zaten süperdi bir de drew gelince.;Positive
ben tam bir drew hayranıyım onu her filminde çok hoş ve mükemmel bir oyunculukla görüyorum.;Positive
..kısaca o MÜKEMMEL!;Positive
80li yılları hem görüntüsüyle hem de müziğiyle iyi yansıtan bir film.;Positive
.adam sandlerın sesi ve drewin şirinliği için izlemeye değer.;Positive
"""güzel film oldukça hoş ve şirin türüne meraklıların göz ardı etmemesi gereken bir seyirlik""""""";Positive
HAKKETTENDE ADAM SANDLER'IN SESİ GÜZEL .;Positive
DREW BARRYMOORE MAKYAJ VE KIYAFETLER SAYESİNDE OLDUKÇA ŞİRİN BİR KIZA DÖNÜŞMÜŞ.;Positive
çok şirin bir film.;Positive
özelliklede drew barrymoore:;Positive
))ah o 80ler müzikleri çok duygulamıştım izlerken.;Positive
Her film güzeldir.;Positive
bu filmde roswell'deki maria'nin kücüklügünü izleyebilirsiniz ama o kadar bizim mahoni de böyle filmlerden vazgecmiyo ne yapalim.;Neutral
bıktık artık böyle filmlerden.;Negative
hala bizi aptal yerine koymaya çalışıyorlar.;Negative
her şey güllük gülistanlık;Positive
bu filmi izlemeniz mümkün değil.;Neutral
hatta yorumumu bile okuyamayacaksınız bu filmi istanbul film festivalinde izlemiştim duygu yüklü eşsiz bir filmdi.;Positive
11-12 yıl falan oluyor izleyeli.;Neutral
.jean reno ya hasta olmuştum bu filmde.;Positive
eğlenceli hoş vakit geçirilecek bir fim.;Positive
Filmi izlediğimde çok sevmiştim ama ben çekim yılının daha erken bi yıl olduğunu düşünüp böyle bi yapım yaptıkları için hayran kalmıştım sonra baktım 1997 .;Positive
..o yüzden biras sempatim düştü.;Neutral
..genel olarak çok hoş bi film ama buradaki özetini okuduğumda aaa öylemiymiş dediğim çok şey oldu yani filmde anlatmak istediğini anlatamamış 10/7.;Positive
.. vanessa paadise o zamanlar çok değişikmiş.;Neutral
..yüzü güzel ve masum şimdi ise fazla gothic takılıo.;Positive
güzel bir film vennessa paradisi överdim ama johnny depp'Le beraber olduğu için bunu gururuma yediremiyorum.;Positive
bu filmi o kadar çok izledim ki anlatamam .;Positive
Yine olsa izlerim.;Positive
Yalnız ben filmin adını cadının aşkı olarak biliyordum burda cadıca sevmek dio.;Neutral
Ne iş anlamadım.;Neutral
film çok eğlenceli bence herkes izlemeli.;Positive
Bi ara TV.'de sık sık werilen we çok sempatik bi film olarak gördüüm izlenmesi gereken.;Positive
..ya da gerkmeyen film!;Negative
Bu arada $u an Vanessa Paradis çok sewgili Korsan Johnny Depp'in e$i rolündedir we 2 adet (!;Positive
!!) çocukları wardır!;Neutral
Mutluluklar dileriz.;Positive
eğ-lenceli hoş bi film;Positive
gill iyi iş çıkarmış.;Positive
.pazar akşamı arkadaşlarınızla patlamış mısır yiyerek evde izlemek için ideal bir film.;Positive
eğlenceli..;Positive
Eğlenceli bir film.;Positive
Ally Mcbeal'ın Billy'si burda baya iyi oynamış.;Positive
usta ve sevilen oyuncuların da olması cabası.;Positive
güsel vakit geçirilinecek bi film.;Positive
arabayı o hale getirdiklerinde moral bozukluğuna uğrayabilirsiniz.;Neutral
komik bir film Sabrinanın aşık olmuş versiyonu;Positive
Korkunç tüyler ürpertici vee iğrenç sahneleri olan harika bir yapım.;Positive
. Not:Bu filmi izleyipte hiçte korkunç değildi diyen arkadaşlar yalan söylerler adım gibi eminim.;Neutral
İzleyen herkesi etkileyecek bir film.;Positive
Kaçmamalı.;Positive
Konu güzel işlenmiş.;Positive
.Aslında seri olarak güzel bir yapım izlenebilir.;Positive
Güzel bir filmdi.;Positive
Bildiğim kadarıyla en son Wishmaster IV te kaldılar.;Neutral
Devamı gelir.;Neutral
Film gerçekten güzel.;Positive
Filmde şiddet unsurlarından hiçmi hiç kaçınılmamış.;Positive
Hatta abartılmış.;Negative
Ama yinede yılına göre iyi film.;Positive
Bence güzel bir filmdi.;Positive
.. Bu film çıktığında bu kadar etkileyici hangi film varmış?;Positive
:) İlk izlediğimde çok etkilenmiştim.;Positive
ben bu filmi çok beğenmiştim aldığı puanın üstünde bir film.;Positive
yılına göre güzel bir film.;Positive
hoşş bi film ama amatorce yapılmış chook hata var mesela filmin konusu bence o kadar da etkileyici değil ama yinede bizim bütün kokru filimlerimizden daha kaliteli:;Positive
Yani film mükemmel efektlere sahip değil ama izlettiriyor kendini en son 4.;Positive
ü sünü izledim o bile gayet iyiydi.;Positive
Bence eski bir film olsada bu konuyla çekilmiş bir olmaması insanı cezbediyor.;Positive
güzel filmdi sonuda mantıklı bitti ben çok beğendim ama çok ta kötü deyil yani;Neutral
neden bu kadar sert eleştiriler yapılmış bilmiyorum ama ben filmi çıktığı sene izlediğimde tamamiyle ürpermiştim çok korkutucuydu:;Neutral
)bazı yorum yazan arkadaşların da dediği gibi bence klasik korku filmlerinden bir tanesi.;Neutral
#AD?;Neutral
... - 'Hayırrrrrrr bu olamaz bu olamaz.;Neutral
.!!!' Ve cin ait olduğu yere döner.;Neutral
..Korkutucu bir paragrafla hikayesini açan Wishmaster zaman zaman boğduğu sahnelerle de adından söz ettirmişti hatırlayacaksınız.;Neutral
Fakat değeri devamlarının başarısızlığıyla bilindi.;Negative
.Eğer Tılsım'a geçer dersem o da iki ayrı zamanlarda yapılan ve olayların hazin bir şekilde tekrarlanmış olduğu sahnelerden üzre gelir.;Neutral
.Orta diyeyim en iyisi:;Neutral
çok kotuydu;Negative
"""çok güzel sıkmayan filmlerden izleyeli 5 sene olduysada filmin finalinde kadının 3. dileğini unutmadım""""""";Positive
berbat bi film.;Negative
zaman kaybındam başka bişi değil.;Negative
bence bu film artık bir klasik oldu.;Positive
ve bence çok iyi bir film.;Positive
korku olarak geçsede ben bunu tam olarak korku kategorisinde değerlendirmek istemiyorum.;Neutral
çünkü bence bu film macer-korku ve konu olarak çok kaliteli.;Positive
Film 1998 yılında çekildi ve vizyona girdi ben bu filmi sinemada izlemiştim aslına bakarsanız güzel bir konuya sahip ama görsel efekt yönünden sınıfta kalmış bir film makyajlar çok ama çok yapmacık fakat dediğim gibi senaryosu bir gerilim filmine göre hiç de başarısız sayılmaz saygılarımla .;Positive
filmi çok begendim kendini izleyiciye zorla seyrettirmiyor hikayesini çok güzel anlatıyor herkese özellikle cin karakteri filmin temel taşı bence;Positive
cin haricinde son derece başarısız bir film.;Negative
6-12 Yaş grubu filmlerden.;Negative
"""Bunu sevdiyseniz size bir tavsiyem de """"""""13 Hayalet"""""""" dir.""";Neutral
BANA GORE MUKEMMEL HELE O ILK SAHNEDEKI FANTASTIK HAVA O PERS KRALLIGI ANLATIMI MUKEMMEL;Positive
Star 2 haftada bir veriyor boş ver sen onları.;Neutral
.Sanırım bu kadar çok izlemenin verdiği baygınlıktan olacak kötü eleştiriler yapmışsınız.;Neutral
.ama wes craven'ın Nightmare On Elm Street'den sonraki en iyi filmidir.;Positive
bakalım bu akşam star da veriyolar.;Neutral
...önceden seyretmiştim ama tam bi korku filmi tadı alamamıştım.;Neutral
..bi de bu filme bu kadar devam filmi çekilmesi bence gereksizdi yer yer güzel olmasına rağmen vasatı geçebilecek bi film değildi yani;Neutral
şahsen bu filme zamanımı vermem için çok boş zamanımın olması lazım.;Neutral
.öle çok kötü diyemem ama neb biliyim.;Neutral
.saçmalamışlar.;Negative
bissuru devamı falanda cekıldı bu vasat fılmın yaklasmayın bence.;Neutral
Açılış sahnesi çok iyiydi gerçekten insanların istediklerini dogru tanımlamamaları nelere yol açıyor görüyorsunuz bu filmde.;Positive
ayrıca bu filmi izledikten sonra bi ara hep nasıl böyle bişey olsa dezavantajsız dilek dilerim diye baya kafa yordum.;Neutral
yer yer iyi olmasına rağmen bazı bölümlerde adamları korkutacaz diye mide bulandırıcı sahneler koymuşlar.;Negative
"""üstelik korkutmuyor sadece eğlendiriyor""""""";Neutral
bu filmin 5 puan aldığına inanamıyorum.;Positive
o kadar aptal film 7 yi geçerken bu filme haksızlık yapılmış kesinlikle iyi bir film.;Positive
gerçekten müthiş bir film.;Positive
diğer çekilen 2 bölümü de harika idi.;Positive
efektlerini çok beğendim.;Positive
yapma yaa..;Neutral
. bence rezalet bi filmdi.;Negative
filmi hiç beyenmedim.;Negative
.travoltaya aldanarak dvdsini aldıım.;Neutral
. ancak çok durgun ve sade geçen bi film 4/10;Negative
cok hos ve guzel bir film vede duygusal duygusal ve acikli filmleri hep severim 10/10;Positive
Hoş bir filmdi sonu biraz duygusaldı;Positive
Kesinlikle harika bir film!;Positive
İzlediğim en iyi filmlerdendi.;Positive
Savaş dönemi yaşanan tüm pislikleri göz önüne seriyor.;Neutral
Bunu özellikle tarafsız olması gereken bir gazeteci yönünden anlatması daha da çarpıcı.;Neutral
Bunu sevenler The Hunting Party yi ve Grbavica(the Land of My Dreams) i de seveceklerdir.;Neutral
Film ile ilgili yorum yazmak istemiyorum sadece bu iki alıntı ile filmin özetini yapmak istiyorum:;Neutral
""":""""""""Savaş Sarajevo'dur!""";Neutral
Onun parçası değilsen rüyadasındır!;Neutral
"""Ayni katliam müslümanlar yerine hristiyanlara yapilsaydi Batı bu soykırıma farklı yaklşırdı""""""""""""""";Neutral
Bu şahane yapımı bu akşam tekrar Digiturk'de izleme şansım oldu ama o korkunç vahşete bir kez daha bakmaya yüreğim dayanmadı sadece 20-25 dakikasını izledim hani şu ER (acil servis) dizisinde ki Dr.;Positive
Kovac'ın ölümüne kadar olan bölümü izledim.;Neutral
"""Daha önce Ayşe Kulin'in """"""""Sevdalinka"""""""" adlı romanını da okumuş ve Saraybosna'daki drama bu sayede şahit olmuştum ama olayın görsel yanı insanın yüreğini acıtıyor.""";Neutral
"""O öldürülen kundaktaki suçsuz günahsız bebeklerin yaşlıların kurşuna dizilen hayvanların ailesi hatta tüm akrabaları öldürülüp de dünyada bir başına kalan yetim çocukların dramı sürekli gözyaşlarımın sular seller gibi akmasına """"""""allahım bu nasıl bir vahşet"""""""" sözlerini ard arda tekrar etmeme neden oldu yine.""";Negative
İnsanlar keskin nişancılar yüzünden cenazelerini bile öldürüldükleri yerlerden alamıyor su için çeşme başında sırada beklerken yolda yürürken veya evinin içinde dolaşırken bir keskin nişancı tarafından öldürülmemek büyük başarı.;Negative
"""İnsanlar daha güvenli bir yerlere gitmek için savaş muhabirleri aracılığıyla seslerini dünyaya duyurmaya çalışırken gelen """"""""sözde devlet adamlarının"""""""" kocaman askeri kargo uçaklarıyla kimseyi kurtarmayıp bürokrasi engeline takılmaları insanı çileden çıkarıyor.""";Negative
Kosovalı kardeşlerimizin yaşadığı dramı son derece başarılı bir şekilde gözler önüne seren son derece iyi belgesel gibi bir yapım.;Positive
Schindlerin Listesini izleyip beğenen vatandaşımız bu film içinde aynı şeyleri hissedip bu tarz yapımlara sahip çıkmalı.;Neutral
"""Yarın birgün bizde yine terörle uğraşırken o Saraybosna da yaşananları bizde yaşamayalım diye Türk halkını belki """"""""toplumun azınlıkları arasında bölücülüğe yönelmesini engelleyebilecek"""""""" tarzda bir yapım bence.""";Neutral
İzlemeyen herkese şiddetle tavsiye ederim.;Positive
Çevremizde dünyamızda olup bitenlere bu kadar duyarsız kalmayalım hiç değilse bu tarz bağımsız yapımlar aracılığı ile savaş soykırım gibi önemli konularda sizlerde doğru fikir ve bilgi sahibi olun herkese iyi seyirler dilerim.;Positive
Yakın geçmişe tanıklık eden ve gerçekleri tüm çıplaklıgıyla beyaz perdeye yansıtan başarılı bir dram.;Positive
.. Eger aksiyon ya da eğlenceli bireşey arıyorsanız sayfayı lütfen değiştirin;Neutral
Eger tarihe tanıklık etmek istiyorsanız mutlaka izleyin;Negative
Tek bir eksikliği var o da konunun kimleri için çok agır olabilmesi sizi biraz sıkabilir!;Negative
televizyonda bir iki kez izlemiştim eski zamanlarda;Neutral
kötü bir film değil;Positive
bir pazar sabahı kalkarsınız kahvaltınızı edersiniz ve tvde zaplarken bunu görürsünüz oturun izleyin gençler pişman olmazsınız.;Positive
küçükken sürekli izlediğm bir filmdi.;Neutral
kanal dde sürekli verirlerdi.;Neutral
ama şimdi pek rastlamıyorum.;Neutral
ya ne denirki böyle bir filme?;Negative
"""arada kanal d'de veriolar sanırım kareteye meraklı kardeşiniz varsa ufak koyun tv'nin önüne içeri gidip başka bi işle uğraşın""""""";Negative
yok artık dedım ne dümenler dönuyo ya;Negative
Sosyal mesaj verme kaygısı ile çekilmiş anlatıldığı kadarda komik olmayan ama oyuncuların hatırına izleyebileceğiniz bir film.;Positive
ben bu fiLmi cok begendim.;Positive
.. oyuncuLar da son derece kaLiteLi.;Positive
Yapılmış en iyi sistem eleştirilerinden biri.;Positive
Bir olayın üstünün nasıl rahatlıkla örtülebileceğine ve medyanın gücüne dair bundan iyisini bulamazsınız.;Positive
Sadece kurgusu iyi.;Positive
Böyle kaliteli oyuncuların bu tür basit yapımlarda oynamasına bir anlam veremiyorum.;Negative
Biraz daha seçici olmamalılar.;Neutral
Yer yer sıkıcı olmasına rağmen yıne de Robert De Nıro ve Dustın Hoffman gibi isimleri bir araya getirmesinden zaten izlenilebilir bir yapım olduğu anlaşılıyor.;Negative
Senaryo çok ilginç ve yer yer sıkıcı olsa da sürükleyıcı.;Neutral
Komedıye gelince sadece Woody Harrelsonun sahneleri komik.;Positive
filmin türü komedi yazıodu fakat ben nedense hiç gülmedim.;Negative
sadece ben değil arkadaşlarında yorumları aynı oldu.;Neutral
sadece hoş diye bilirim daha fala bişey demek zor değişik ve farklı bir senaryo ve filim ama çok fazla bir beklemek biraz haytalcilik olabilir.;Neutral
ama genede izlenmesi gerek çünkü hoşbir konusu var ne olursa olsun.;Positive
Helal olsun adamlara.;Positive
Müthiş bir film.;Positive
Gercekten filmi izlerken o kadar sıkıldım ki anlatamam.;Negative
.. Çok bayık bir film olaylar ilerlemek bilmiyor.;Negative
.. Son derece sıkıcı.;Negative
. Böyle iki oyuncunun bir araya geldiği bir film böylesi sıkıcı olamaz ya.;Negative
şimdiye kadar izlediim yüzlerce film arasında izlediğim en keyifli filmlerden birisiydi.;Positive
. üstelik bu zamana kadar arşivime eklemediğim için de çok pişman oldum.;Positive
. oyuncular senaryo filmin akışı replikler müzik hepsi olağanüstüydü.;Positive
. dakikalar geçtikçe hayretler içinde kalarak gözümü ekrandan ayıramadım.;Positive
. filmi izlerken yaşananların içinde buluyosunuz kendinizi ve olaylara ayak uydurmak için beyninizde bir koşuşturmaca yaşıyor gibi hissediyorsunuz.;Positive
. kaçırmayın derim.;Positive
Hoffman var daha ne olsun yaaa değil mi ama.;Positive
.bu adamın filmlerde duruşu bile yeter filmin izlenmesi için.;Positive
Amerikan rüyasının nasıl işlediğine göz atan çok önemli bir örnek.;Positive
Mutlaka izleyin!;Positive
amerikan eleştirisiyle amerikan yandaşlığı yapan bir film.;Neutral
devlete karşı devlet olma hayali gibi.;Neutral
nasıl beğenilir anlamış değilim.;Neutral
yoksa ben mi ne unuttuğumu unuttum.;Neutral
Film çok hoş ve bence çok da önemli.;Positive
Tabi bu film amerikan filmi oldugu için adamlar kendilerini eleştirmiş.;Neutral
Ama bu taktiğin uygulandığı yer sadece amerika değil.;Neutral
Her ülkede var bu.;Neutral
İnsan beynini balık beyni ile özdeşleştirip suni gündem yaratarak olayları unutturma taktiği.;Neutral
Fena sonuçlar vermediğinden olacak ki her ülke zorda kaldıgında bunu dener:;Neutral
Filmin başındaki köpek-kuyruk muhabbeti de dahiyaneydi.;Positive
Sosyal hafıza medya seçimler kişisel menfaatler komplo teorileri gibi konulara merakları olanları tatmin edebilecek bir konusu var.;Neutral
Tabi ki dev oyuncu kadrosu da cabası.;Neutral
Tkıntı yaptıım ilk filmlerden biridir kendisi.;Neutral
..geçen ay yine buldum filmi arşivime katmış oldum.;Neutral
hala çok sevdiimi farkettim.;Positive
güzeldi ama filmin büyük bi ksımını unuttum;Positive
Senaryo ve kurgu harika olmuş.;Positive
Bir de filmde De Niro ve Hofmann var daha ne olsun.;Positive
güzel film.;Positive
...izleyin.;Positive
medyanın politikleşmesine dair literatüre girmiş bir film.;Positive
""". abd de özellikle kamuoyunun ilgisini skandallardan başka yöne çekmek için iktidarın uyguladığı """"""""spin doctoring"""""""" i çok ince ve hafif alaycı şekilde anlatırken yönetmen mizahi bi anlatımı seçmiş.""";Neutral
filmi beğendim.;Positive
..özellikle o ince senaryosu hoş olmuş.;Positive
izledigim en kötü dogal afet filmi;Negative
orada olmayan adam demişki:;Neutral
biraz fazlaca fantastik görünsede zevkle izlenebilecek bir film yani amerikanın ortasında bir volkan bunu düşünen senaristi kutlamak lazım.:));Positive
yorumunuza bayıldım doğrusu gerçekten çok hoş bir yorum olmuş size katılıyorum.;Positive
Klişelerle bürünmüş bir felake filmi.;Negative
Sadece zaman geçirmek ve de Tommy Lee Jones için izlenebilir.;Negative
Yine de izlenmese daha iyi olabilecek bir film.;Negative
Baştan sona tam bir felaket filmi tanımlaması.;Negative
Bir film ancak bu kadar belli eder ne olduğunu.;Negative
Açılıştan çekimlere müzikten espirilere karakterlerden karekterlerin aile yapılarına kadar her şey olması gerektiği gibi duruyor.;Positive
Gösterime girdiği tarihte belki her şey bu kadar ezbere oturmuş bir durumda değildi(belki de öyledi kimilerine göre) ancak şu an itibariyle filmdeki olayların gidişatı için Matrix'ten kahine başvurmaya gerek yok sanırım.;Neutral
bütün bir senaryo bilinen bir denklem üzerine kurulu yani.;Positive
bu durumda geriye pek olasılık kalmıyor.;Neutral
finali tahmin edin örneğin.;Neutral
tam tamam kurtulduk derken yeniden bir olay patlak verir ve o işten kurtulduktan sonra da malum son kareler herkes kısmen de olsa mutlu mesut bir şekilde hayatına devam eder.;Positive
bu hikaye de burda biter.;Neutral
çocuk masalları gibi hepsi de aynı taşlar üzerine kurulu.;Neutral
sonuç;Neutral
biraz fazlaca fantastik görünsede zevkle izlenebilecek bir film yani amerikanın ortasında bir volkan bunu düşünen senaristi kutlamak lazım.;Positive
los angeles'in tam ortasında bir volkan.;Neutral
Konu olarak akla ziyan bir film gibi görünsede görsel efektlerle oldukça etkileyici.;Neutral
sürükleyici bir konusu da var.;Positive
"""size de oturup patlamış mısırla beraber filmi izlemek düşer""""""";Positive
Tv karşısında patlamış mısınızı alıp izlemek için bu film son derece güzel bir seçim olur heralde güzel bir film.;Positive
filmin sadece efektleri güzel ondan başka hiçbir şey yok.;Neutral
bir iki efekt görmek için izlemeye değmeyecek film tommy lee jones da çok iyi diildi;Negative
çok basit bir film.;Negative
. zaten doğal afet ile ilgili filmler gittikçe saçma olmaya başladı.;Negative
..İzlemeye hiç gerek yok.;Negative
heyecan var ama efektlerinde pek iş yok.;Neutral
bunuda seyredin bide pıerce bronan ın dante yanardağını seyredin.;Neutral
farkı anlayın;Neutral
hepsini izlemedim çünkü sonunu filmin gidişini tahmin ediyosunuz.;Negative
tek fark tommy lee o da kaynamış arada işte.;Neutral
ARMAGEDDON-DERIN DARBE VE VOLCANO EMPERYALIZM HER ENGELI ASAR DIYO YANI.;Neutral
Çok sürükleyici ve bol actionlı bir film tvde cıktıgında hiç kaçırmazdım bulabilirseniz filmi kesinlikle izleyin derim.;Positive
Gayet güzel sonuna kadar sürükleyen bir aksiyon filmi.;Positive
Jones Snipes ve Robert rollerini çok iyi oynamışlar.;Positive
Bunun dışında temposuda hiç düşmüyor yorumların arasında kötü yorumlara rastlayınca şaşırdım doğrusu.;Positive
bence çok güzel ve sürükleyici bir filim yani neden beğenilmediğini anlamdım.;Positive
çok tempolu ve abartı olmayan bir filim.;Positive
Aslında o kadar abartılacak bi film değil ama yinede beğendim.;Positive
Robert Downey jr rolünü çok güzel oynamış.;Positive
vasat bir film olmuş.;Neutral
yani harison fordun kacağı nerde bu nerde.;Neutral
zaten ikisinide syreden hemen anlar.;Neutral
sınemada ızleme fırsatı bulamamıstım.;Neutral
dun tvde seyrettım.;Neutral
alısılmıs bır kacak fılmı senaryosu var dıger kacak fılmlerınden tek farkı bence aksıyonun ve heyecanın daha fazla yasanması!;Positive
izlenebılecek bır fılm.;Positive
berbat bı film;Negative
Oliver Stonenun bazılarınca pek sevilmeyen ama bana göre başyapıtlarından biri.;Positive
"""Filmin özellikle """"""""Şans"""""""" hakkındaki vurgusu muhteşem.""";Positive
Bana göre 10 puanı fazlasıyla hakkediyor.;Positive
Beklediğim kadar iyi bir film değil.;Negative
Filmin havası gidişatı biraz farklı.;Neutral
Bu farklılık bazı durumlarda iyi olmuş ama bana çoğunlukla kötü geldi.;Negative
Filmdeki en başarılı isim Bily Bob Thornton.;Positive
"""Film tam bir hayalkırıklığı çok kötü bir film 3 puan""""""";Negative
Billy Bob Thornton Nick Nolte ve Sean Penn gibi isimlerin kadroda bulunması yetmiyormuş gibi bide döktürdükleri film.;Neutral
Film beni sıktı evet ama sadece psikolojik olarak.;Negative
Kısacası başarılı bir kara film.;Positive
Oliver Stone un iyi işlerinden.;Positive
Müthiş bir film.;Positive
3 defa izledim.;Neutral
outofcomment adamım sen filmden anlamıyon bence.;Neutral
Biraz geç de olsa izledim.;Neutral
Fazlasıyla oturaklı bir film.;Positive
Hiçbir kargaşaya yer yok.;Positive
Sean Penn ve Nick Nolte iyi bir uyum.;Positive
Jennifer Lopez eh işte diyorum.;Negative
Ve halen bu hatunun sinemada ne işi var diyorum.;Negative
Sean Penn harikulade bir oyunculuk.;Positive
Senaryo ve kurgu çok iyi.;Positive
Benden helalinden 9.;Positive
Lopez olmasa 10 olacaktı.;Negative
kesinlikle izlemeniz gereken bir film.;Positive
sizi en başından içine alıyor.;Positive
bu film daha fazla puanı hakediyordu bence.;Positive
izlerken aklınızdan geçen tek fikir bu filmi kapatıp başka bi filme geçmek olacak!;Negative
! yorumlara veya oyuncu kadrosuna aldırmayın iğrenç ötesi bir film.;Negative
müthiş bir film olaylar beklenmedik bir şekilde gelişyor mekanlar mükemmel Pean ve Lopezin oyunculukları çok iyi final sahnesi harika.;Positive
..izleyin diyorum.;Positive
Stone üstattan bir şaheser daha.;Positive
Lopez ve Pennin çıkardıkları iş muhteşem bir bileşen oluşturmuş.;Positive
Sonuna kadar hem daralıp hem heyecanlanarak izleyeceğiniz bir film ilk izlediğimde çok beğenmiştim.;Positive
Oliver Stone başlı başına bir referans olmayı hak ediyor zaten.;Positive
bir çok filmi ve film ortamını tanımlamak için kullanılabilecek bir film.;Neutral
çölün ortasında bir kasaba sürekli çıkmaz sokak.;Neutral
çok fazla seyretmek adamın ruh sağlığını bile bozabilir.;Neutral
seyredilmemesi hata olacak filmlerden!;Positive
Son 20 dakikaya kadar hadi bitsin dediğiniz film final bölümünde müthiş bir hız gerilim ve şaşırtan sahneler ile dolu bir yapıma dönüşüyor.;Positive
Genel manada başından sonuna kadar kaliteli bir film izlenimi verdiğide gerçek.;Positive
.Harika olarak nitelendirilemesede 10/8 hakediyor bence.;Positive
tam bir oliver stone filmi.;Neutral
suç şiddet sex entrika hepsi var.;Neutral
güzel müzikler ve manzaralar eşliğinde çok güzel bir suç filmi mutlaka izleyin.;Positive
hadi beee aslında gzl ama konu fena degıldı ama su bı gercek fılm cok kotuydu;Negative
Güzel ve Şaşırtıcı bir film bence Bu adam harika bir oyuncu en güzel ve ya en kötü filmi bile izlenir sean penn benim faforim;Positive
bu filmin türkçe karşılığı u dönüşü olması gerekmiyor mu ?;Neutral
iyi bir film ama 10 numara değil bence;Positive
Baştan sona şaşırtmaca üzerine kurulu bu ilginç Oliver Stone filminde Bobby Cooper'ın kasabada gitgide ne kadar çaresiz bir duruma düştüğünü izliyoruz.;Positive
Film özellikle son 15 dakikasında adının hakkını veriyor.;Positive
10 numara bir fılm mutlaka izlenmeli bu arada jennifer lopez oyunculuktan şarkıcılıga gecmiştir o zaten oyuncu yani iyidir de;Positive
yorumları okudum hep jennifer lopez bile diye cümleller kurulmus jennifer lopez oyunculuktan şarkıcılıga gecmıstir yani oyunculugu şarkıcılıgından oncedır ve de çok iyi oynamış diyer oyuncuları soylemeye zaten gerek yok hepsi usta fılm sızı bırıncı dakkıdadan ıtıbaren ıcıne alıyor ve sonuna kadar buyuk bır merak ve heyecan icinde goturuyor mutlaka ızlenmesı gereken arşivlik bir film 2 saatin nasıl gectigini anlamayacaksınız;Positive
abartısız harika seneryo yönetmenlıkde harıka sean başlı basına bi adam cok ıyı oynuyo ızlenir;Positive
muhakkak izlenmesi gerekn bir filim.;Positive
.okadar hızlıki çoğu zaman yetişmekte zorlanıyorsunuz.;Positive
.jennifer bile iyi iş çıkarmış.;Positive
zeki sahneler role oturan oyuncu kadrosu bu filimi zamanında nasıl tutulmadı hayret ediyorum.;Positive
.filimin gerçek adı u dönüşü.;Neutral
bir adam gittiği kasabadan nasıl ayrılamaz:;Neutral
) işte konu bu;Neutral
Oliver Stone'un çektiği zamanlarda ilgi görmemiş hatta en kötüler arasında gösterilmiş -bildiğim kadarıyla ahududuna aday olmuştu ya da almışta olabilir- daha sonra kıymeti bilinmiş ancak günümüzde unutulmaya yüz tutmuş bir film;Positive
çok güzel bir kurgu inanılmaz bir film hele sonu harika;Positive
harıka bır fılm sınemada ızledıgım we way canına dedıgım bır fılımdı alın ızleyın alısıla gelmısın dısında bır fılm.;Positive
...sean pean dokturuor herzamankı gıbı.;Positive
tarantino severler bu film tam size göre.;Positive
...yeteri kadar değer verilmemiş filmler arasında yer almış.;Positive
..nadide bir film.;Positive
..hele o çöl ortamı yokmu tam bana göre.;Neutral
konu bakımından ilginç değişik bir film.;Neutral
gerçekten izlenmesi gerekir.;Positive
her anı sürprizlerle dolu konu ve mekan bakımından oldukça değişik ve aynı zamanda da sürükleyici bir film.;Positive
zamanın nasıl geçtiğini insan anlamıyor.;Positive
..filmdeki adamların hepsi insanı katil edecek türden.;Neutral
..sonuda kötüler cezasını bulur tarzında.;Neutral
..herkes filmde iyi iş çıkarmış.;Positive
ama özellikle lopez ve sean penn mükemmeldi.;Positive
ben böyle bir filmin neden hala meşhur olmadığını çözemedim.;Positive
arkadaşlar bu tür filmler her zaman bulunmaz bence ne yapıp edin ve bu filmi izleyin.;Positive
Filmdeki bütün karekterler ya kötü ya defolu.;Negative
.Sonu da ilahi adalet budur denilen türden.;Neutral
Gişede iş yapmadı ama bence sinema tarihininin en iyilerinden;Positive
film farklı tarzı ile hemen kendini belli ediyor gerçekten güzel bir film.;Positive
usta yönetmeni sean penn ve nick nolte de iyi oyunculuğuyla desteklemiş bu arada lopez'de oldukça iyi iş çıkarmış hiç sırıtmıyor filmde;Positive
Amerikada gişede ikiseksen yatan üstüne üstlük yılın en kötülerine verilen geleneksel ahududu ödülünün sahibi.;Positive
.. Ama gerek insanı sürekli şaşırtan olay örgüsü gereksede yarattığı atmosfer ve karakrterleriyle(sırf o oto tamircisi için bile görlmeye değer)sonderece ilginç bir film.;Positive
Benimde çok sevdiğim filmlerden biri.;Positive
kaçırmayın izleyin derim.;Positive
Harika bir film ya.;Positive
Tipik Oliver Stone filmi.;Neutral
Atmosferi görünce direk oliver stone filmi olduunu anlıyorsunuz.;Neutral
Kaçırılmaması gereken bir yapım;Positive
#AD?;Neutral
..-ama bu 56 mustang in radyatör hortumu !;Neutral
bill bob thornton ve sean penn arasında geçen çok enteresan bi diyaloğ.;Neutral
..-karısını öldürüp hayat sigortasından para almak isteyen bir pisliksin.;Neutral
.-sende onu para için öldürmeyi göze alan bir piçsin.;Neutral
..nick nolte ve sean penn arasındaki bir başka diyalog.;Neutral
.çok akıcı eglenceli en sevdiğim olıver stone filmi.;Positive
..başyapıt değil belki ancak ben sean penn için izlemiştim filmi ve kurgu oyunculuk görüntüler mükemmel her zaman izlemeye değer.;Positive
Tek kelimeyle Muhtesem bir kurgu.;Positive
.. Aradiginiz herseyi bu filmede bulanilirsiniz!;Positive
.. Komedi kara mizah drama psikolojik celiskiler insanin ic dünyasinin net bir sekilde anlatimi.;Neutral
Oliver stone'un en iyi filmlerinden biri.;Positive
Şiddeti anlatmada ve mekan olarak gözlerden uzak bir cöl kasabasını seçerek ustalıgını konusturmus.;Neutral
Bu calısmada ihanet ve cinayet konuları ön plana cıkartılmış.;Neutral
Baskı altında bir insanın neler yapabilecegi gözler önüne seriliyor.;Neutral
Oyunculardan çok yönetmenin ön plana çıktığı bir film hava günlük güneşlik ama Penn bi damla bişey içemedi en çok ona üzüldüm tamircinin ve kör adamın perfornmasları superdi.;Positive
bu çok ilginç ve bir o kadar da ürkütücü bir film Penn kadar Nick Nolte de şairane bir performans sergilemiş yan rollerde bir çok iyi isim var Joaquin Phonex Claire Danes Liv Tyler da minik bir sahnede var.;Positive
""".. Ama asıl sürprizi Lopez yapıyor ortalamanın üzerinde bir oyunculuk sergilemiş""""""";Positive
SÜPER EĞLENCELİ BİR FİLM.;Positive
kAÇIRMAYIN DERİM.;Positive
Penn her zaman ki gibi karizmasını konuşturmuş.;Neutral
Lopezi sevmem ama eyi oynamış.;Positive
Kahinin sözlerine dikkat edin.;Neutral
filmi çok beğendim ama şurası burası güzel diye anlatamayacağım çünkü başlı başına müthiş bi film çok seveceksiniz mutlaka izlenmeli.;Positive
öyle böyle degil süpersonik film sürpriz sonları sevenler kacırmasın diyecem gerci film baslı basına bi sürpriz.;Positive
film güzeldi fakat dün gece sonunu merak edip uyumamak için kendimi zor tuttum ama değdi diyemem;Positive
Bahtsız insan Sean Penn.;Neutral
Bir insan bu kadar mı şanssız olur bu filmde göreceksiniz.;Neutral
Filmin adı bahtsız bedevi filan olmalıydı:);Neutral
"""HİÇBİR SAHNESİNİ ÖNCEDEN TAHMİN EDEMEYECEĞİNİZ SERT ÇARPICI BANGIR BANGIR """"""""BEN BİR OLIVER STONE FİLMİYİM"""""""" DİYE BAĞIRAN MUHTEŞEM BİR MACERA FİLMİ!""";Positive
İNSANI BİLMEDİĞİ BİR YERE GİTMEKTEN KORKUTAN BİR FİLM.;Neutral
OLIVER STONE'UN BAŞYAPITI!;Positive
KESİNLİKLE KENDİSİNİN EN İYİ FİLMLERİNDEN BİR TANESİ.;Positive
'musmus' sonu nasıl bitiyo daha detaylı bilgi verseydin?;Neutral
bi de iyi seyirler demiş şaka gibi yaw :);Neutral
Usta bir yönetmen mükemmel oyuncular ve muhteşem bir film.;Positive
harika bi film oyunculuklar süper sadece sean penn değil özllikle thothona yeniden hayran oldum ama ben bu filmin türkçe adına çok takıldım bence bu ad film hakkında film başlamadan film konusu hakkında ciddi tahminler yapmamıza sebep oluyo;Neutral
oliver stone ve oynayan tüm oyuncuların en iyi filmleri bence.;Positive
Oliver Stone'dan beklenmedik türde bir yapım.;Neutral
..Ama tür ne olursa olsun tarzında değişiklik yok.;Neutral
Senaryo üzerinde iyi oynanmış oyuncu performansları üst düzeyde ve kamera kullanımı da her zamanki gibi sizi mekana çekecek kadar usta elinden çıkmış.;Positive
Bana biraz tarantino tarzını hatırlatsa da büyük keyif aldığım bir film oldu.;Positive
Bu kadar zaman nasıl izlememişim diye de hayıflandım !;Positive
"""!!Sean penn ve Nick Nolte döktürmüş bence :o))""""""";Positive
iyi bir film jennifer'yeni yeni sinemada boy gösterdiği bi film;Positive
Kaybedenler veya u dönüşü bence Oliver Stone un çoğu filminde anlatmak isfhytediği Amerikan toplumunun ahlakının çöküşünü gösteren üst düzey bir film.;Neutral
Bir millet düşünün ki Dünya da süper güç olmuş ama insanlarının birbirleriyle ilişkilerinde dibe vurmuş bir toplum.;Neutral
Ahlak anlayışının yerin dibine girmiş.;Neutral
Aslında film bir tezatlığıda gösteriyor.;Neutral
Adeta Amerikan misyonerliği yapan Holywood un aynı zamanda kendi toplumun çöküşünü beyaz perdeye yansıtıyor.;Neutral
Film bir kasabanın kaybeden değil tüm ABD nin aslında kaybedenler arasında olduğunu gösteriyor.;Neutral
"""Bu arada filmin adını Türkçeye """"""""Kaybedenler"""""""" diye çevirmişler.""";Neutral
"""Bu çeviri üzerine kadim dostum Arda'yı anmadan edemeyeceğim.:)))""""""";Neutral
Bir perişan oluşun öyküsü.;Neutral
Kadınlar ve para birleştiği zaman zaten perişan olmamak mümkün mü :);Neutral
Oliver Stone'un çok sevdiğim filmlerinden birisi.;Positive
Beğenenler için bişey diyemicam ama ben zor atmıştım kendimi sinemadan.;Neutral
nolte ve penn in kariyeri oyunculukları hakkında hiçbişey denemez.;Positive
belki de insanlara bu filmi sevdiren onların bu filmde rol almasıdır;Positive
Adeta bir kaosun içinde oluyorsunuz harika.;Positive
BÖYLE BİR KADRODAN NASIL BİR FİLM ÇIKAR SİZCE?;Neutral
?? SÜPER SÜPER SÜPER BİR FİLM.;Positive
..KLİP GİBİ BİR FİLM.;Neutral
..OLIVER STONE BU İŞİ İYİ BİLİYOR.;Positive
..GÖRSEL ŞÖLEN DENİLECEK ENDER FİLMLERDEN.;Neutral
..ARŞİVİNİZDE OLMASI GEREKEN FİLMLERDEN.;Positive
..SİNEMA MERAKLILARINA.;Positive
caresız kalan bırının neler yapabılecegı.;Neutral
.sınırları zorlamak ne demek gormek ıstıyosanız;Neutral
mükemmel;Positive
fon da arizona inanılmaz entrikalar sean penn lopez ha bir de tabi ki ring of fire.;Neutral
Bence tam bir tarz filmi olmuş.;Neutral
Buram buram Oliver Stone kokuyor.;Neutral
Kötü diyemem ama izleseniz iyi olur.;Positive
Ben bu filmi cidden seviyorum hos vakit gecirtiyo insana ayrica Ray Liotta da harika bir performans sergilemis ki bir digeri hostes kiz olan Lauren Holly.;Positive
ben ucak fılmlerını cok sevıyorum bana bu tur fılmlerı sevdıren fılmlerden bırı dıye bılırım;Positive
berbat bi film filmdeki tek iyi şey liotta nın muhteşem performansıydı hatta film bile denilemiyecek bi yapım;Negative
klasik bir facia filmi ancak vakit geçirmek için izlenebilir;Negative
ben bu uçakta ki terör filmleri seyretmekten bıktım yapımcılar milyon dolarlar verip bunun gibi filmler yapmaktan bıkmadılar.;Negative
berbatta olsa bu alanda en iyisi turbulence;Neutral
birkaç aksiyon sahnesi gerçekten insanı heyecanlandırıyor.;Positive
belirli bir ivmenin altına düşmeyen film kendini izletebiliyor.;Positive
evet allatki arkadaşın dediği doğru kırılmayan cam olarak bildiğimiz camlar mermiylee kırıldı ama film çok güzeldi.;Positive
yani bondun bu kez siyasi bir düşmanı var.;Neutral
şu fazla harika dövüş tekniklerinide saymazsak tamamdır hem teri hatcherda var!;Neutral
süper bond filmi daha izlerken aksiyonun sürekli devam ettiği bir film izledim ve iyi bir puanı hak ediyor;Positive
Dün tnt de izledim ve rahat bir şekilde en kötü bond filmi olduğunu söyleyebilirim.;Negative
Kötü karakter gerçekten çok kötü.;Negative
Ben bu kadar karizmadan uzak bir kötü bond karakteri görmedim.;Negative
Bond kızımız gayet çirkin ve yapmacık.;Negative
Filmde mantık hataları zaten bir torba dolusu.;Negative
Balyozla kırılmayan camlar mermiyle indi vay vay.;Neutral
.. İzlemenizi önermem;Neutral
Brosnan'lı en zayıf Bond filmi.;Negative
Jonathan Pryce'ın canlandırdığı Elliot Carver en zayıf ve en karikatürize edilmiş Bond kötülerinden biri.;Negative
Motosikletle kaçış sahnesini söyleyebilirim artı hanesine yazılanlara.;Neutral
Sonuç olarak yine de ''Hiçbir Bond filmi kötü olmaz''.;Positive
puanının niye düşük olduğunu doğrusu merak ediyorum bond filmleri içinde ilk 5 te yer alabilecek bir film izlemelisiniz;Positive
tartışmasız en iyi bond filmlerinden biri aksiyon dur durak bilmiyor pierce brosnan'a tebrikler hem çok iyi oynuyor hemde çok karizmatik.;Positive
araya sıkıştırılmış espriler de çok güzeldi.;Positive
Filmi başarılı bulsam da diğer 3 Brosnan filmi kadar başarılı değil bana göre.;Positive
bence filmi beyndim kesinlikle izlenebilir;Positive
Hiç tartışmasız şu ana kadar yapılmış en iyi bond filmi böyle heycanlı sürükleyici film az bulunur kesinlikle izleyin.;Positive
tv de izledim ve gülmekten yerlere yattım.;Positive
Kesinlikle komedi filmi bence.;Positive
ya adamlar teknoloji konusunda ilerlemekle bile kalmamışlar.;Neutral
bi de bond un yaralandığı hiç olmadı sanırım.;Neutral
adam çeliktenn!;Neutral
yok ya böle film kaçmaz:D:D;Positive
konusu digerlerine gore daha yaratıcı brosnanın bu rolde sov yaptıgı enfes bir film.;Positive
izlenmeli;Positive
aksiyon yonunden Brosnan'in oynadigi diger Bond filmlerine bir parca fark atiyor.;Neutral
İzlediğim en iyi Bond filmi;Positive
Bence en güzel film TİTANİK;Positive
Benim favorilerimde hep en başta yer almış bir filmdir.;Positive
bende her filmde ağlamam ama Titanic'te özellikle Jack'in öldüğü ve sulara gömüldüğü bölümde ağlamıştım.;Neutral
Kaç ere olursa olsun bıkmadan ve artık ezberlediğim halde sonunu merakla izlediğim bir film :)))))));Positive
süPer bir film her zaman izlesem de sıkılmam:;Positive
Titanic;Neutral
Kate Winslet ve Leonardo DiCaprio'nun yıldızını parlatan Titanic sinemalarda yer aldığı dönemde inanılmaz bir ilgi görmüş hiç sinemaya gitmediğini bildiğim insanları peşinden sinemaya sürüklemiş bir filmdir.;Positive
Nitekim bu durum filmin beğenilmesi kadar reklamının iyi yapıldığına da işarettir.;Positive
Tüm bunlara rağmen favorilerim arasına hiçbirzaman girememiştir.;Positive
geminin batıcağını bile bile izledik be :;Neutral
P harika bir yapıt;Positive
allegra ya katılıyorum bende bir film için ağlayacak bir insan değilim fakat titanic filminde dayanamayıp ağlamıştım;Neutral
hayatımda izlediğim en güzel filmdi.;Positive
gerçekten izledikten sonra insan bir süre etkisinden kurtulamıyor.;Positive
bu filmi ilk seyrettiğimde hayatımda ilk defa bir film yüzünden ağlamıştım :(;Positive
ne desem az gelir mükemmel ötesi bir film.;Positive
çook güzel bir film;Positive
Bu kadar ödül ve puanı hakeden bir filme nasıl yorum yapılır bilmem ki?;Positive
Ne hayatların ne umutların ne servetlerin oksanusun derinliklerine kayıp gittiği böylesi bir gemi kazası bile düşündükçe tüylerimizi diken diken etmeye yetiyor zaten.;Neutral
.Senaryoya bir aşk hikayesini işleyerek nefes kesen bir film yapabilmek izlenme rekoru kırmak ve ödüller alabilmek için ne kadar büyük bir zeka yetenek ve emek.;Positive
..Filmin konusu 1912 yılında ilk seferine çıkacak olan o dönemde dünyanın en büyük gemisi Titanic için batmaz denilmektedir.;Neutral
.Gemide zengin ve diğer sınıflardan da yolcular da var ve her yolcu sınıfına göre seyahat etmektedir.;Neutral
.Jack gemiye son anda binen resimler yapan yakışıklı hayat dolu ama fakir gençtir.;Neutral
Gemide üst tabakadan zengin Rose ile tanışırlar ve birbirlerine aşık olurlar.;Neutral
.Her zaman ki gibi sınıf ayrılığı olması ve imkansız aşk hoş karşılanmayacaktır.;Neutral
.Rose ile evlenmek isteyen zengin genç ve ailesi durumdan haberdar olunca bu aşka karşı çıkar bu ilişkiyi bitirmek için ellerinden geleni yaparlar.;Positive
.Bundan sonrası iki genç için sıkıntılı saatler başlar.;Neutral
.Leonardo Di Capio ve Kate Winsletin oyunculukları bir harikaydı.;Positive
.En iyi filmleriydi Titanic.;Positive
.Ondan sonraki filmlerinde bu kadar başarı sağlayamadılar zaten böyle bir filmde yapılabilirmi bilemiyorum.;Neutral
.1912 yılının havasını veren dekorlar kostumler eşyalar ve görüntüleride yansıtmak ayrı bir başarıydı.;Positive
..Benim 10/10 luk arşivimin nadide filmidir.;Positive
..iyi seyirler.;Positive
Yrorumlar bir film için çok kısaysa o film ya çok iyidir yada çok kötü.;Neutral
Titanik se tam bir başyapıt.;Positive
Atmosfer oyunculuklar efektler her şey mükemmel.;Positive
İzlemeyen varsa bence ölmeden mutlaka izlesin.;Positive
tüm zamanların en güzel filmi.;Positive
.. diğer filmlerin güzelliğini titaniğe göre yaparım.;Positive
başyapıttanda öte bir film.;Positive
aşık olmaya aşık oldurur bu film.;Positive
..izlemekten asla bıkmayacağım bir baş yapıt.;Positive
ölmeden önce yapılacaklar arasında bu filmi izlemek olmalı;Positive
james cameron gerçek bir usta gerek titanic olsun gerek terminatör olsun gerek avatar olsun hepsi birer tenoloji harikası gerçekten sinemada james cameron gibi ustalar ve senerastler oldukça sinema her zaman yükselir hiç bir zaman gerilemez sinemanın ustalara ihtiyacı var;Positive
aşk filmi mi felaket filmi mi belli değil ama finali iyi çekilmişti;Positive
bu film hakkında söyleyebileceğim fazla bir yorum yok.;Neutral
tek kelimeyle efsane.;Positive
başından sonuna kadar 3 saatlik enfes bir macera;Positive
Süper bir klasik bu filmin yanına kimse yaklaşamaz.;Positive
Uzun ama kesinlikle sıkmayan bir hikaye.;Positive
Ve bence içinde romantizmden çok aksiyon var.;Positive
Özellikle son bölümlerde.;Neutral
süper bi filmdi keşke öle filmler yine yapılsa çok beğendiğim ve severek islediğim filmdi yapımcısına yönetmenine oyuncularına başarılar dilerim :;Positive
Tek kelimelyle muhteşem bi filmm.;Positive
. Bence başka söze gerek yok.:);Positive
titanic ımdb de belki puan alamıyo ama nedense avatardan sonra en çok gişe yapan film ve 13 yıl önce bu kadar hasılat yaptı bunuda unutmamak lazım.;Positive
bazı arkadaşlar filmin senaryosunun basit olduğunu söylemiş önemli olan böyle bir senaryodan bile yönetmenin harika bir başyapıt yaratmiş olduğudur.;Positive
gişe başarısı ortada aldığı ödüller ortada daha ne olması gerek.;Positive
Bu film benim film zevkime göre 10/7 hak ediyor o kadarda abartılı yapıldıki belkide bekletilerim çoktu ondan beni sarmadı.;Positive
hayatımın filmi.;Positive
keşke tekrar sinemedada oynasa.;Positive
orda izlemek çok farklı;Neutral
ayrıca arkadaşın birisi demiş imdb top 250 de ilk 5 de nası olmaz diye.;Neutral
.arkadaş bırak 5 i 250 de yok.;Neutral
.ayrıca sen esaretin bedeli godfather iyi kötü çirkin schindlerin listesiyle mi kıyasladın bu filmi anlayamadım.;Neutral
. o listeye göre 7.3 almış sıradan bi film bu.;Neutral
bana göre daha iyisi var .((notebook));Neutral
sinema kültürü olan insanlar icin bu film kesinlikle basyapit olamaz tarihte okadar basyapit varken.;Neutral
imdb 250 listesinde bile bu film yok.;Neutral
her filmi abartmayi birakin en fazla 7/10;Neutral
daha iyisi izleyen varsa söylesin 10 üzerinden 10 vereceğim tek film;Positive
avatarın bu filmi gectıgıne ınanamıyorum ıkısınıde ızlemiş bırı olarak sonucun bu olmaması gerektıgını dusunuyorum.;Neutral
söylenecek söz yok.;Neutral
hele o müzikler o aşk muhteşem herşeyiyle mükemmel.;Positive
gerçekten böyle gerçekçi bir aşk olamaz keşke dicaprioyla winslet gerçekte birlikte olsalar filmde öyle oynamışlarki oynarken yaşamışlar böyle bir film yok ve olmaz.;Positive
bir kadının yüreği sırlarla dolu bir okyanustur=Rose Dawson.;Neutral
hayatım boyumca bir çok film izledim en heyecan verici film titanik izlerken hala ilk heyacın tadıyorum;Positive
Avatarın hasılat olarak bu filmi geçmesine inanamyorm.;Neutral
.Belki nedeni yeni nesilin sinemaya daha çok ilgi göstermesidr.;Neutral
. Ama kıyaslanamıcak kadar büyük fark var aralarında .;Neutral
. Titanic tamamiyle farklı.;Positive
. İzledğm en güzel film diyebilirim.;Positive
9.2 den çok çok daha fazlasını hakeden bi başyapıt .;Positive
izlediğiniz diğer filmlerin boş olduğunu gösteren film gelmiş geçmiş en iyi film rahatlıkla diyebilirim yüzlerce film izlememe rağmen üstelik izlediklermin çoğuda kült kategorisi olmasına rağmen.;Positive
Bir filmi James Cameron yönetir de vurucu olmaz mı.;Neutral
.. Ne söylense az.;Neutral
Böyle bir film bir daha gelmez.;Positive
Teşekkürler James Cameron sinema dağarcığımıza böyle müthiş bir eser kazandırdığın için.;Positive
seyrettiğim en gerçekçi film;Positive
Bu film anlatılabilir mi?;Neutral
inanılmaz abartılan avatardan milyon kat daha iyi bir film.;Positive
james cameron ın bu derece şöhret sahibi olmasına yaraması dışında bir insanda tüm duyguları uyandıran içine hiç çıkmayacak şekilde işleyen ölene kadar unutamaycağınız ve belkide seyrederken en katımızın bile ağlayabileceği sahnelerle dolu bir başyapıt.;Positive
bu filmi geçebilecek bir film bilmiyorum.;Positive
puanı 9.2 bile olmamalı 10 olmalı.;Positive
çünkü eksik hiçbir şey yok.;Positive
kusursuz.oyunculuklar görüntü senaryo her şey kusursuz.;Positive
avatarla aynı puanda olması hakaret olmuş biraz.;Positive
Adaletisiz dünyanın yarattığı sosyal farklılıkların küçük bir kapanda doğal seleksiyonu.;Neutral
bu filmi anlatmaya kelimeler yeter mi ?;Positive
james jameronun en iyi eseri avatardan da iyi bence;Positive
İzlediğim en iyi film diyebilirim.;Positive
Bir film aşkı bu kadar güzel anlatabilir.;Positive
Tek kelimeyle mükemmmel.;Positive
insanın içine işleyen ömrü boyunca unutamayacağı bir film.;Positive
... izlemeyen varsa hala muhakkak izlesin lütfen.;Positive
bu filmle en çok üzenlendiğim tek film olarak tarihe geçen tek yapım 10 üzerinden 10 tek kelimeyle tarihe adını yazdırmış dram ve aşk dolu filmdir;Positive
Tek kelimeyle muhteşem.;Positive
İmkansız bir aşk.;Positive
Ama imkansız her zaman imkansız mıdır?;Neutral
Deafalarca izledim ama çok güzel.;Positive
Gelde bu filme yorum yap şimdi.;Neutral
Bu film değilki bu başka bir şey.;Positive
Sadece basit 3 harften oluşan bir kelime (aşk) ancak bu kadar yüceltilebilir heralde.;Neutral
bir filmin üzerinden tam 13 sene geçmesine rağmen hala o filmle ilgili yorum yapılıyosa zaten söylenecek birşey yok lütfen mümkünse bu film hakkında yorum bile yapmayalım.;Positive
hele o son sahnede ağlamayan insan varsa insani duygularında eksiklik var demektir zaten.;Neutral
tek kelimeyle mükemmel bir film;Positive
"""Denize indirilirken """"""""Tanrı bile batıramaz"""""""" denmişti.""";Neutral
.. Bu filmin akademik değeriyle birlikte gerçek tarihinide iyi analiz etmek gerek.;Neutral
bu filmin imdb sıramasında ılk 5te olmaması bu sıralamanın ne kadar sacma oldugunu gosterıyor.;Positive
"""titanic e yapılmış büyük bir ayıp""""""";Neutral
sinema tarihinin en iyi filmlernden olduğu kuşku götürmz bi gerçek.;Positive
snaryosu biraz sığ olsada yinede teknik olarak kusursuzluğuyla çok iyi bir film.;Positive
bu filmi telvizyonda belkide 50 defa verdiler ve ben en azından bunun 40 ını izlemşimdir bütün ailecek.;Positive
arşivimdede yeri war.;Positive
we gelmiş geçmiş en iyi aşk filmlerinden bi tanesidir ve sonunda beni ağlatan 5 filmden biridir.;Positive
14 dalda akademiye aday olup 11 ini almıştır ama o 14 dalda aday olduğu katgoride n iyi senaryo dalında 2 sindede adaylığı yok yhani akademide bunun farkındaymış ama yinede her şyiyle iyi filmdir her zaman benm ilk 100 giriş yapacaktır.;Positive
ve bişeyden daha söz etmek istiorm bu film imdb 7.;Positive
3 puanda :S çok acımazısca yhani n azından 200-250 arasında olsaymış.;Positive
sil baştan gibi amelie gibi filmlr ilk 50 de ama bu sanat eseri ilk 250 de yoqq :;Neutral
s.yazık.;Negative
dddddjıı;Neutral
Şimdi gelde yazma.;Neutral
...1990 yılından itibaren kurgu dalında oscar ödülü almış bazı filmler aşağıda listelenmektedir.;Neutral
1992 Unforgiven (Affedilmeyen)1993 Schindlers List (Schindlerin Listesi)1994 Forrest Gump1996 The English Patient (İngiliz Hasta)1998 Saving Private Ryan (Er ryanı kurtarmak)2000 Traffic (Trafik)2002 Chicago2004 The Aviator (Göklerin Hakimi)2005 Crash (Çarpışma)2006 The Departed (Köstebek)Şimdi bu yukarıda saydığım filmlerden hangibirinin Memento (Akıl defteri)adlı filmden daha iyi bir kurgusu olduğunu söyleyebilirsiniz ?;Neutral
#AD?;Neutral
Mementoyu geçtim direkt olarak baktığınızda şu yukarıda sayılan filmlerden hangisinin çıkışında yahu kurguda süperdi diye bir cümle sarfedersiniz ?;Neutral
-Belki 1 belki 2 bazılarınız ise hiçbirisinin kurgusunun mükemmel olduğunu düşünmemektedir.;Neutral
Peki burdan anlaşılan şey nedir ?;Neutral
#AD?;Neutral
Birde not düşelim Mementoda aslında bu ödülü alamamıştır.;Neutral
Onun yerine kara şahin düştü en iyi kurgu dalında oscara laik görülmüştür izleyemediğim için net birşey söyleyemeyeceğim bu film hakkında.;Neutral
Titanic yorum sayfasında bu denli titanicden uzak bilgileri verdiğim için üzgünüm ama yapılan ilginç eleştiriler olduğu sürece ben her daim bu tarz bilgilendirme ve yorumlama yöntemi ile cevap vereceğimi söylemek isterim.;Neutral
gelmiş geçmiş en iyi film!;Positive
!!evt güzel bir aşk filmi ve küçükken ilk kez izlediğimde bana da öle geliyodu.;Positive
evet en iyi film bu bundan iyisi yapılamaz.;Positive
ama is değişti sinemaya ilgi duyup kült diye tabir edilen filmleri izledikten sonra aslında nasıl sıradan bir film olduğunu anlamış bulunhvyuyorum.;Neutral
çok basit bir hikaye sıradan bir kurgu.;Neutral
bizim eski yeşilçam filmlerinin modern hali ve bana artık o kadar etkileyici gelmiyor.;Neutral
gelmiş geçmiş en iyi diyenlere ise sadece gülüyorum.;Neutral
Dev bir yolcu gemisi.;Neutral
Birbirlerine aşık olan iki kişi.;Neutral
Bu yasak aşkı engellemek için elinden geleni ardına koymayan zengin bir ailenin oğlu.;Neutral
Ve büyük felaket.;Negative
Kulağıma çok tipik geliyor.;Neutral
Alacakaranlığı izlemedim henüz.;Neutral
Ama yorumları okudum şöyle bir durum var.;Neutral
Hem film hem de kitabı çok ilgi görmesine ve sevenleri çok olmasına rağmen birileri çıkıp film basitti kötüydü zayıftı vs. diyebiliyor.;Neutral
Ama aynı şeyi hiç kimse Titanik için yapmıyor.;Positive
Bu filme de benzer yorumların yapılmasını dilerdim ama görünen o ki iş Titaniğe gelince herkes her şeyi unutuyor sanki.;Neutral
Yine o artık duymaktan bıktığınız şeyi söyleyeceğim zevkler ve renkler tartışılmaz.;Neutral
Doğru. Titaniğin konusunu okuyunca dedim ya çok tipik geliyor bana.;Neutral
Yani hani bir uçak kaçırılır bir özel tim oluşturulur ve hava korsanlarını etkisiz hale getirmek için harekete geçilir.;Neutral
Ne kadar sıradan değil mi?;Neutral
İşte Titaniğin konusunu okuyunca da ben aynı şeyi düşünüyorum.;Neutral
Ama bu kadarla kalmıyor.;Neutral
Benim gözümde Terminator filmleri ile yönetmenlerin şahı olan James Cameron da bu filmde sıradan.;Positive
Televizyonda gösterilen herhangi bir pembe diziden bir farkı yok filmin yönetim ve görsellik olarak.;Neutral
Bir genç kız gelip Titanik filmini çok sevdiğini söylese anlarım derim hem Leonardo var belki aşıktır veya filmdeki aşk hikayesi ona hoş gelmiştir.;Neutral
Ama sinema tarihinin çoğu klasiğini izlemiş bir kimse gelip Titanik 10 numara dünyanın en iyi filmidir derse bu beni derbeder yapar yollara düşerim.;Negative
Ağlama konusuna gelince evet itiraf edeyim benim de gözlerim doldu finalde çok dokunaklıydı ama bir filmin sizi ağlatması demek o filmin çok iyi olduğu anlamına mı gelir bunu bir düşünmek gerek.;Neutral
Bu filmdeki aşk dillere destan bir aşktır diyenleri anlayamadığım için üzülüyorum keşke hak verebilseydim.;Neutral
Benim için şöyle rastgele açılmış bir Yeşilçam filmindeki aşk öyküsü bile buradakinden daha iyidir.;Negative
Bu filme hayatımın filmi diyen seyirciler o muhteşem filmleri seyretmedi mi acaba diyorum ama yok seyretmişler besbelli.;Neutral
Buna rağmen fikirleri değişmemiş.;Neutral
Bu da anlamadığım bir diğer mesele.;Neutral
Yani yine hatırlatıyorum zevkler ve renkler meselesini ama Leon u Cesur Yüreği Er Ryan ı Kurtarmak ı veya 12 Kızgın Adamı izleyen bir insan nasıl olur da bu filmlerin Titanikten daha zayıf olduğunu düşünür?;Neutral
En iyi kurgu ödülü.;Positive
Titaniğin kurgusunun ne kadar sıradan olduğunu görmek için Mementoyu hatırlayın.;Neutral
En iyi sinematografi (görsellik) Titaniğin görselliğinin ne kadar sıradan olduğunu görmek için Otomatik Portakalı hatırlayın.;Neutral
En iyi kostüm dizaynı.;Neutral
Ceket pantalon ve gece elbisesine oskar verildiğini ilk kez bu filmde gördük.;Neutral
En iyi sanat yönetimi ödülü.;Positive
Moulin Rouge ile mi karıştırdılar acaba?;Neutral
Geçen gün siteden acting7 ile bu filmi son kez yeniden tartıştık.;Neutral
Sonra bende gidip filmi kiralayıp yeniden izleyeyim dedim.;Neutral
Puanım daha da düştü.;Negative
Bu arada tartışmada bir filmin iyi olması için illa sıradışı olması gerekmez gibi bir sonuca vardık.;Neutral
Doğrudur.;Neutral
Demek ki etki meselesi.;Neutral
11 oskar ödülüne gelince akademi hiç mi yanlış karar veremez hatırlayın ki Er Ryan dururken gidip aşık Shakespeare e ödül veren bir jüri topluluğu bu.;Neutral
Yorumsuz bırakıyorum.;Neutral
Kısaca Titanik bana göre heyecanlı olmayan bir macera filmi çarpıcı olmayan bir aşk filmi hiçbir şekilde James Cameron filmine benzemeyen bir James Cameron filmi.;Negative
"""Puanım 5.""""""";Neutral
Finalinde ağladığım tek yabancı sinema.;Neutral
hikaye basit olmasına rağmen bnce halen en iyi aşk filmidir.;Positive
akademi ödülü ise abartılı.;Neutral
her film oscar alır.;Neutral
her filmler her yıl en iyi olarak seçilir.;Neutral
ama titanic yeri herzaman başkadır.;Positive
hangi film en güzel seçilmiş bile olsa titanic herzaman başkadır başka kalıcaktır.;Positive
11 oscar çok abartı filmin imdb puanı olan 7.;Neutral
3 de gereğinden fazla düşük.;Neutral
Film konu olarak hiç bir yenilik getirmiyor.;Negative
Klişe bir zengin kız fakir erkek aşkı.;Negative
Ya da zengin erkek fakir kız da olabilirdi.;Neutral
Fakat bu klişe konu bundan daha iyi de çekilemezdi heralde.;Neutral
Sinema tarihinin en iyi filmlerinden biri olup olmadığı tartışılır ki bence değil.;Neutral
The Godfather The Godfather part 2 Guguk Kuşu Esaretin Bedeli Fight Club Memento Prestij se7en American History x Cinema Paradiso 21 Gram gibi filmler ( bu liste daha da uzayabilir ) Titanicden çok daha üstündürler.;Negative
ya bu nasıl bir filimdir hayatımda izlediğim en muhteşem filim 10 üzerinde 100 veriyorum burdaki puanı biraz düşük kalmış;Positive
Leonardo DiCaprioyla ilgili her şeyi bulabileceğiniz bir site.;Neutral
Mutlaka uğrayın.;Positive
Titanic için söylenecek söz yok zaten :);Positive
çok iyi filmdi ama eskidi artık;Positive
Hayatımın filmi.;Positive
.. en az 10 kere izlenmiş tek film :)));Positive
ya 9.2 nedir ya neden 10/10 değil film.;Positive
.100den fazla izlediğime adım gibi eminim(abartmıyorum)nasıl bu film 9.;Positive
2 de kalır yaa.;Neutral
.replikleri müzikleri kıyafetleri oyuncuları görselleri dekorlar vs vs herşey iyle harika herşey iyle 1 numara.;Positive
bir titanic daha olsa da izlesek =);Positive
Doğru söze ne gerek ?;Positive
tam 137 kez izledim replikleri saniye saniye ezberimde bu filmi anlatacak kelime yok;Positive
İzlediğim en muhteşem filmdi.;Positive
Çok görkemli bir yapıt.;Positive
Listeme bir numaradan giriş yapan nadir filmlerden biri.;Positive
. James Camerondan da bu beklenirdi.;Positive
Kesinlikle izlenmeli.;Positive
Tüm zamanların en iyi filmi;Positive
tam bir yasanmıslık ask sevgi dram hüzün çaresizlik ne ararsan var.;Neutral
..her zaman favori film listemde unutulmaz klasiklerden;Positive
bu benim hayatımda izlemiş olduğum en iyi film.;Positive
10:10 değil 100 Ü hakeden bir film bir başyapıt.;Positive
şunu da söyleyeim arkadaşlar:;Neutral
the ghost and the darkness(hayaletler ve karanlık)bu filmi izlemeyen varsa mutlaka izlesin.;Neutral
1997 nin filmi olması lazım ama mutlaka izleyin.;Neutral
o da bi başyapıt niteliğinde bi film ve hayatta yaşanmış bi olay.;Neutral
michael dougles hayranlarının kaçırmaması gereken mükemmel bi film.;Neutral
titanic 2nin fragmanı tam bir fake fragman aldanmayın.;Neutral
iyidir abartılmaması lazım gelir;Positive
t_tanjunarkadaşım asıl sende akıl fikir yok titanik 2 nin fragmanı internette araştırırsan bulursun.;Neutral
sanırım 10 15 defa izledim :);Positive
daha iyisi yapılana dek(ki hic sanmıyorum) en iyi bu;Positive
küçükken izlemiş beğenmiştim titanici şimdi düşünüyorum da film bu kadar övülecek salya sümük ağlanacak göklere çıkarılacak başyapıt değil.;Neutral
izlenebilir mi ?;Negative
evet ama ne bir başyapıt ne de muhteşem bir film.;Neutral
Vasat yeşilçam havasında büyük bütçeli amerikan filmi.;Neutral
Ya sırf Titanic2nin çıkacağına inanan insanlar için yorum yapıorum:;Neutral
"""D Allah aşkına arkadaşlar hiç mi akıl fikir yok :D?""""""";Neutral
bence 90lar ın verdiği film örneklerinin bazıları yerinde.;Neutral
..Titanik iyi bir film kabul.;Positive
..ama bazı filmler var ki en az Titanik kadar iyi.;Neutral
.belki de daha iyi.;Neutral
..Godfather Er Ryanı kurtarmak örnek bile verilebilir.;Neutral
..film yorumuma gelecek olursak film aşk üzerine kurulu.;Neutral
..kurgu yerinde.;Neutral
..fakir genç-zengin kız aşkı ve kötü adam.;Neutral
..bu çok iyi bir şekilde anlatılmış.;Neutral
..oyunculuklara da lafım olamaz.;Positive
..ama sırf aşk üzerine kurulu dram üzerine kurulu.;Positive
..Geminin batışı değil iki gencin aşkı öne çıkarılmış bence.;Neutral
..Jack ve Rose konuşuluyor genelde.;Neutral
..Senaristler biraz daha özen gösterse daha iyi olurdu gibime geliyor.;Neutral
..neyse (8 / 10) veriyorum.;Neutral
..ve birşey daha.;Neutral
..yanlış anlaşılmasın demek istediğim.;Neutral
..film hakkındaki yorumum hakkında sert tepkiler gelebilir.;Neutral
..yerden yere vurulmak da istemem.;Neutral
..forumlarda bazı üyelerin sinemasever olarak değil de taraftar-holigan gibi davrandıklarını gördüm.;Neutral
..eleştirenlere demediklerini bırakmayanları gördüm.;Neutral
..herkesin yorumuna saygı duyarım.;Neutral
..bu yazdıklarım da benim görüşümdür.;Neutral
Bu filmde leonardo ya aşık olmuştum ) ahhhh ahhh;Neutral
ahmetsevinç titanik 2 diye bişey yok.;Neutral
.90lar görüşüne tamamen katılmıyorum.;Neutral
.Verdiğin film örnekleri titaniğe göre çok saçma allahtan oscar görevlileri senin kafandan değilde aldık 11 oscarı;Neutral
muhteşem bir film puanı 10 olmlydı ayrıca alllh aşkına hiç titnc 2 die bşy olablrmi yha 12 yıl gçmş aradan we ck saçma olrdu ztn;Neutral
arkadaslar titanik 2 cıkcak diye bişe yok fragman leonardo dicaprionun eski filmlerinden alısnmıs parca parca sahneler.;Neutral
fragmanın altyazısında hepsinisölüo bnları zaten filmlerin ismini bile sölüo.;Neutral
zaten öle bişe olmasıda sacmalık olur.;Neutral
fazla yoruma gerek olmayan muhteşem bir film 9/10;Positive
Titanik vurdulu kırdılı gürültülü patırtılı filmleri seven yani çoğunlukla erkeklerin belli ölçüde sevdiği duygusal filmleri aşk filmlerini seven yani bayan izleyicilerin ise sinema tarihinin en iyi on beş filminden biri hatta birincisi olarak gördüğü bir film gibi gözüksede kadın erkek dinlemeden çok sevilen bir film.;Positive
Film özellikle final sahnesinde kolay kolay ağlamayan birini bile ağlatır.;Neutral
Gemi battıktan sonraki bölümler yani (çiftin) hayatta kalma çabaları en dokunaklı sahneler.;Neutral
Fakat kimse kusurabakmasın ama birincisi 11 oskar çok ama çok fazla.;Positive
Fakir oğlan zengin kız aşkı ne yazık ki gerçekçi değil.;Neutral
Zengin kötü kalpli oğlanımızda var.;Neutral
Hollywoodun aşka bakış açısı işte.;Neutral
Ne aşklar var gerek bizim edebiyatımızda gerekse filmlerde onun için buradaki aşk öylesine bir aşk diye düşünüyorum.;Neutral
Çok daha orijinal olabilirdi bu film.;Neutral
Film iyice saçma sapan bi hale gircek gemi batmış artık titanicin daha nesini devam ettiriolar;Negative
evet titanik 2 cıkacak.;Neutral
.fragmanı bile var.;Neutral
.filmde jack tekrar hayata dönüyor gecmiste olanları öğreniyor vs vs vs iyice suyunu cıkardılar isin.;Negative
..rezil edecekler filmi;Negative
gerçekten çok muhteşem bir film.;Positive
.anlatılması tarif edilmesi imkansız.;Positive
.izlemekten asla bıkmadığım filmlerde birisi.;Positive
..Titanik 2 çıkacak deniliyor.;Neutral
..Acaba bir bilgisi olan?;Neutral
bu film gibi aşk filmi yapılmadı!;Positive
o yüzden bu kadr çok beğenildi.;Positive
.bnce halen en iyi aşk filmi titanik;Positive
sinemada önyargili olarak izledigim bir filmdi.;Neutral
yine de cok hosuma gitmisti.;Positive
ama aradan yillar gectikce film sanki daha hos gelmeye basladi bana.;Positive
defalarca izledim ve suna karar verdim.;Neutral
bu film bir kere izlenip kenara atilacak türden bir film degil.;Neutral
en az 10-15 kere izlemek gerek.;Neutral
gercekten cok iyi is cikarmislar.;Positive
bu filme 10un altında puan verenlere inanamıyorum :))))));Positive
Hayatımda izlediğim en etkileyi en güzel filmlerden bir tanesi.;Positive
Hayat boyu hiç bıkmadan izlenebilecek ve hep etkileyecek bir şaheser.;Positive
"""Özellikle filmin son bir saatini açıklayabilecek bir laf bulamıyorum ve """"""""işte sinema"""""""" diyorum.""";Positive
mükemmel bir film.;Positive
Bu filme diyecek bir şey bulamıyorum.;Positive
Anlatılacak bir şey deqil.;Positive
Mükemmel ve ötesi !;Positive
Film gusel ama sonu ne kadarda sacma sapan bıttı bole gusel bı fılme yakısmadı sonu hemde ıkısı aynı anda bınebılırdı o tahtaya!:(;Neutral
yınede fılm gusel ızleyın;Positive
çok güzeldi leonardo ve kate winslet çok iyi oynamışlar en çok beğendiğim filimler arasındadır puanım(10);Positive
defalarca izlediğim hiç bıkmıycam bir film zaman;Positive
bencede filme yorum yapmaya gerek yok;Positive
Bu Film İçin Denicek Birşey Yok Sanırım Gerçekten Çok Güzel Bir Film Film 17 defa izledim ve filmi izlerken hala sıkılmıyorum.;Positive
.. film harika 2 si gelicek dediler bekliyoruz hala :);Positive
ama 2 si bunun kadar güzel olucağını pek sanmıyorum Bu Filmi Çoğu kişi izlemişdir ama izlemiyenlere tavsiyem kesinlikle izlemeleridir.;Positive
izleyinnnnnnnnnnnnn;Positive
titanic 2 nin fragmanını izlediniz mi jacki buzdağından çıkarıyolar hala genç kalmış biçimde çok deişik bi olay olmuş:s;Neutral
titanik filmi gerçek yaşanmış bir film izledim gerçekten çok etkilendim mutlaka izlenmeli;Positive
bu filmi ilq 14 yasımnda izlemiştim o zaman izledigimde cok hoşuma gitmişti ama cocuqluq aklı unutuyordum filmleri ama su an 17 yasındayım izledigimde aqlayacak oluyorum gözlerim doluyor böle filmi herkes yapamas filmdeqi adıylada jack ve rosa da hayranım 2 side süper kişiliqli yeteneqli oyuncular tebriq ederim ellerine saqlıq bu filmi yayalım izlemeyen arqadaslarımıza ulaştırmaya calısalım cünqü bilinmesi qereken cok qüsel filmlerden birisi örneq alıcagım kişiliq war içinde tşqler.;Positive
bayıldım sinemada izleyemedim ama cd sini aldım;Neutral
hayatımın aşk filmi.;Positive
en son 3 yıl önce yazmışım bu konudaki yorumu mu heralde her 3 yılda bir de yazıcam galiba dediim gibi insana bu kadar yıldan sonra bile yorum yapma istegi veriosa bi film bu başka bişey heralde sadece kendim için demiorum her gün yazılan mesajlar başkalarınında aynı fikirde oldugunu gösteriyor yıl 2009 forever titanic.;Positive
Tüm zamanların en iyi romantik/dram filmi görüşlerini katılıyorum.;Positive
Müziğiyle atmosferiyle gerilimiyle romantizmiyle.;Neutral
.o bir efsane.;Positive
.Yıllarca unutlmayacak yapımlardan.;Positive
tüm zamanların en iyi romantik ve dram filmidir.;Positive
..müzikte süperrrrr;Positive
Yorumlar zevkler kişiden kişiye değişir tabi ama bu film bana göre sinema tarihinin en romantik ve en dramatik filmi.;Positive
Bundan sonra da böyle bi film izliyeceğimi zannetmiyorum.;Positive
arkadaşlar bu filme yorum yazmaya gerek yok ztn böle bir filmde yok olamazda bu derece aşk ı dram ı romantizmi bir araya getirmiş bir film daha olduğunu sanmıyorum böle filmler eskimez.;Positive
harika bir film hep izliyorum yine olsa yine izlerim;Positive
Hayatımın filmi.;Positive
çok güzel harika çok beğendim;Positive
Evet ben de ilk 2006 senesinde görmüştüm Titanic 2 nin fragmanını.;Neutral
İlk izlediğimde gerçek bir film fragmanı olmadığını da anlamıştım.;Neutral
Leonardonun bütün filmlerinden bazı bölümler kullanılarak yapılmış bir fragman.;Neutral
Kesinlikle aldanmayın.;Neutral
..Tüm Dicaprio sevenlerini siteme bekliyorum.;Neutral
hala şu titanic 2 olayını yutanlar var uyanın artık!;Neutral
arkadaşlar titanic 2 diye bi film çıkmicak o fragmanı dikkatli izlerseniz leonado di caprionun çevirdiği filmlerden alıntıla yapılark hazırlanmış bi fragman yani gerçek film değil hem olsa bile duyardık imdb felan.;Neutral
yani kanmayın hemen heyecanlanmayın hem çıksa bile saçmalık yani.;Neutral
bu film böyle çok daha iyi çıkarmaya gerek yok 2.sini.;Neutral
eğer bu bu filmin 2. gelirse almış olduğu 12 oscarın hiç bir anlamı kalmaz bence.;Neutral
ve saygısızlık olur.;Neutral
"""Dikkatli izlediğinizde Tıtanıc 2 kes yapıştır gibi duruyor :)))""""""";Neutral
Tıtanıc 2 nin fragmanını izlediğime inanamıyorum.;Neutral
. Şoktayım şu an .;Neutral
Sabırsızlıkla bekliyorum .;Neutral
Harika bir film .;Positive
arkadaşlarrr mutlu bir haber vereceğimm sizeeee!;Neutral
!!titanic hayranları titanic 2 geliyor eğer bana inanmıyorsanızzz youtubeye titanic 2 yazın fragmanı çıkacaaakkkk çoook mutluyum yhaaaaaa yazın sinemada olacak ewt Jack donmuş bir vaziyette hayata geri döneceeeeeek yine leonardo dicaprio oynayacak ama magyajla gençleştirecekler benden bu kadar detaylar için bana e-mail atabilirsiniz tabi biliyorsanız!!!!;Positive
Titanik 2 nin gelmesi zaten çok saçma olurdu rsmen bu kült filme hakaret sayılırdı en iyisi oldu gelmemesi.;Negative
titanik 2 malesef gelmiyor arkadaslar yapımcılarıyla görüştüm o fragram 97 li yıllarda çekilmiş 2.si yolda olduğunu göstermek için ama sonra dan senaryonun önünü bağlayamadıkları için çekememişler :);Neutral
tıtanıc 2bu yaz sınemalarda gosterımde olcak.;Neutral
fragmanı cıktı bıle.;Neutral
jack dawson donmus bır sekılde bulunacak ve hayata dondurulcek.;Neutral
bu kadar ipucu yeter:DDD ılk fılmi izlediğimde 14 yasımdaydım ve hala etkısınde oldugumu soyleyebılırım.;Neutral
kelimlerle anlatılmaz bu film;Positive
titanic 2 çıkıcakmış.;Neutral
Gerçekten harika bir film .;Positive
. Abartıldığı filan yok .;Neutral
. Film izliyorum diyen birisi varsa önce bu filmi izlemeli :);Positive
abartılıyor mu hah abartıldığının hakkını veren bi film çok güzel bi aşk filmi sahneleri ezberledim artık ama hala izleyebilirim.;Positive
i-n-a-n-ı-l-m-a-z bir filmbaşyapıt kötü diyen arkadaşlar lütfen film izlemeyi bıraksın11 oscar 14 aday daha neolsun;Positive
iyi bir film ama çok abartılıyor.;Positive
iLk izLedigimde cok begenmistim hatta gozyasi dokmustum arsiwLik bir caLisma.;Positive
filmi bu akşam bir kez daha izledim sanki ilk izlemişim gibi heyecanlıydım.;Positive
süper bir aşk hikayesi.;Positive
bu film 100 kez de izlesem hiç canım sıkılmadan izlerim.;Positive
sinema tarihinde şimdiye kadar izlediğim en süper film bu.;Positive
bence izlemeyen kimse kalmasın.;Positive
hala izliyorum kaçıncı izleyişim hiç sayamadm.;Positive
""".fazla söze gerek yok sanırım:)""""""";Positive
ilk izlediğimde sanırım 14 yaşındaydım.;Neutral
sonrasında biçok kez izledim.;Neutral
bıkmadan.;Positive
alkışı ve ödülü fazlasıyla hak ediyor.;Positive
özellikle o döneme damgasını vurdu.;Neutral
gerçek bir trajediyi beyazperdeye yaşıdı.;Neutral
ağladığım ender filmlerden.;Neutral
Filmin imdb puanının 7 olmasını çoğu kişi filmin sıradan olmasına bağladı.;Neutral
Peki size soruyorum madem sıradan bir film 1)Neden imdb dışındaki film sitelerinde 8-9 puan altında görmek mümkün değil?;Neutral
2)Neden kazandığı seneki oscar adayları şu anda titanicten daha fazla imdb puanı almış?;Neutral
Akademinin seçimlerini beğenmiyor olabilirsiniz ama akademi neden gidip adaylar arasındaki en düşük imdb puanlı filmi özellikle seçsin?;Neutral
Bu durumda bir gariplik yok mu?;Neutral
Örn: Son zamanlarda Hababam sınıfı top 250de neden bir kaç günden fazla kalamadı?;Neutral
Yabancılar tarafından 1 puan yağmuruna tutulduğunu anlamamamak mümkün değil.;Neutral
Puanındaki ani değişimi herkes görmüştür.;Neutral
Yani halk titanik i beğenmedi demek yerine neden beğenmeyenler toplaşıp puanını düşürdü diyemiyoruz?;Neutral
Belki de en önemlisi dünya genelinde en çok izlenen film değil mi?;Positive
İnsanlar 7 puan aldığını görüp mü izlediler yoksa film hepsinin ortak beğenisini topladığı için mi bu kadar hasılat yaptı?;Neutral
Devam ediyorum madem sıradan bir film 3)Neden vizyona girdikten bir sene sonra bile hâlâ titanik konuşuluyordu?;Neutral
Ayrıca filmin 11 oscarının çoğu teknik dalda olabilir ama acaba evinizin vitrininde 11 oscar olduğu için mi bu kadar rahat konuşuyorsunuz?;Positive
İnsanlar filmi 8-10 defa izlediler sonra beğenmediler de 1 puan verdiler öyle mi?;Negative
Titanik sıradan bir film değil.;Neutral
O imdb puanı 7 olan bir başyapıt.;Positive
james cameronun inanılmaz dehası Winslet ve Caprionun inanılmaz performansıyla birleşen mükemmel bir başyapıt.;Positive
tam 12 yıl sonra izledim tekrar tekrar.;Neutral
hiç bi filmde bu kadar çok ağlamıyorum ben tek kelimeyle muhteşem bir film.;Positive
her sahnesinde ayrı düşündürüp hüzünlendirip sevindiriyor insanı.;Positive
bir kaç gün yine etkisinden çıkamıcam gibi (:;Positive
kate winslet ve leonardo di caprionun aralarındaki yaş farkının çok fazla olmasına rağmen o kadar iyi oynuyorlarki izlerken size hissettirmiyorlar bile.;Neutral
tabiki 10 üzerinden 10luk bir film;Positive
Mukemmel COK ama COK guzel.;Positive
batışı ile gişede fırtınalar koparan efsane drama.;Positive
tek kelimeyle harikaydı ilk sinemada izledim ve etkisinden uzun zaman kurtulamadım aradan kaç yıl geçti her izlediğimde aynı etkiyi yapıyo mutlaka izleyin diyeceğim ama zaten izlemeyen yoktur:);Positive
tam anlamıyla bir baş yapıt.;Positive
.. muhteşem bir film.;Positive
9.2 ne ya böyle kusursuz bir filme çok az kalmış ben 10 verdim 9 verenler nerden kırdılar çok merak ediyorumm bu film 10 almıycaksa hangi film alır?;Positive
Güzel film.;Positive
Ama en iyisi değil bence.;Neutral
Bu filme en romantik film diyenler romantik film izlememişlerdir.;Neutral
Bu gemiyi Tanrı Bile Batıramaz!;Neutral
Beni ağlatmayı başaran tek film.;Neutral
..Senaryosu olay örgüsü ile kusursuz.;Positive
bu filmiçin ne desem azdır mükemmel bile bu filmiçin bi hiç ayrıca sölenene göre titanic gercekten battıgında Kate Winsletın oynadığı kız türkmüş yanı gercek tıtanıc battıgında ordakı erkek amerıcalı kızda turkmus;Positive
tam anlamıyla kusursuz.;Positive
"""... """"""""Rose tatlım""";Neutral
Bu arada bence bu film tüm zamanların en iyi filmi.;Positive
Bir daha böyle bir film gelir mi acaba?;Positive
Bu filme 9 2 puanı yakışmamış bu film tam 10 puanlık bir film.;Positive
Ben titanikten başka bir filme böyle ağladığımı hatırlamıyorum gene olsa gene seyrederim asla ve hiç bıkmam bu filmi izlemeyen varsa(ki olduğunu zannetmiyorum) mutkala izlesin.;Positive
Tam anlamıyla bir başyapıt.;Positive
Oyunculuktan tutunda görsel efektlere kadar herşey dört dörtlük.;Positive
Filmde Rosenin o aşk dolu bakışları bile o kadar anlamlıydı ki ona dahi ağladım bu filmi unutabileceğimi zannetmiyorum.;Positive
etkısı en az 100 yıl daha gıder en ıyısı yapılana kadar fılm budur;Positive
Filmin puanı sahte oylarla tekrar indirilmeye başlandı.;Neutral
ben sinemada uc kere izlemistim o zamanlar internetten film somurmek yoktu ve sanirim hersey daha anlamliydi.;Neutral
"""ben 10 uzerinde 10 verdim eminim zaten herkes izlemistir ama ilk defa sinemada izlemek ayri bir zevkti """"""";Positive
bir daha aynı başarıyı ve populariteyi yakalayack bir filmin geliceğini sanmıyorum.;Positive
. gerçekten başlı başına bir yapıt;Positive
İnsanlar Titanicin batışından çok Jack karakterinin ölümüne ağlamış.;Neutral
Yüzlerce insan öldü o gemide.;Neutral
Titanic adı sayesinde bir aşk hikayesi anlatıldı.;Neutral
bu filmi kısacık yorumla anlatmak çok zor.;Neutral
izleyip izleyebileceğin en iyi film.;Positive
leonardoya oscar vermeyenler bence çekemeyenlerdir.;Positive
söylenebilecek bir sey varmıı ızlemıyen kaldımı :D rose rosee:((((((((;Positive
Filmde gerçekte titanik kazasından sağ kurtulan kişiyi oynatmış olsalardı bence çok daha etkili olurdu.;Neutral
Ayrıca bu kadar basit bir konu neden bu kadar abartılmış bilmiyorum belki müziğinden olabilir.;Neutral
Filmin müziği güzel ancak yalnızca filmi göz önüne alacak olursak puanların şişirilmiş olduğunu görürüz.;Neutral
benim için hayatımda izlediğim filmlerin en iyisi 10/10;Positive
hayatımda en çok izlediğim film kendisi.;Positive
tekrar tekrar izlerim ve de bıkmam.;Positive
izlemeyen varsa eğer bir an önce izlemesini öneririm.;Positive
tüm zamanların en filmlerinden bir tanesi.;Positive
unutulmaz ve unutulmayacak bir başyapıt.;Positive
izlemeyen kalmışmıdır bilmem ama şiddetle tavsiye ederim.;Positive
tam 3 saat boyunca sizi koltuklarınıza çiviliyor.;Positive
kız arkadaşınızla birlikte gitmenizi tavsiye ederim.;Neutral
süper oluyo.:);Positive
film i ilk izlediğimde film sonunda izlediğime pişman oldum çünkü hayatım da bir daha bir film den böyle zevk almıyacağımı biliyorum keşke izlemeseydim de ileride izlemekten müthiş zevk alacağım bir film olsaydı :);Positive
şaka bi tarafa başın da baş yapıtıı derler yaa işte öyle bir şeyy izlemeyen varmı bilmiyorum da böyle bir film herhalde 100 yılda bir gelirrr 10/10;Positive
yıllar geçse dahi unutulmayan bir baş yapıt.;Positive
bu fılmı ızlemıyen yasamasın :D;Positive
yorumsuz bir sanat eseri duygulandıran bir aşk hikayesi.;Positive
Hayatında izledigim en güzel flim.;Positive
her izledigimde aynı duyguları hisediyorum.;Neutral
Arkadaşlar bu filmin puanı 9.3 mü?!! Diyecek sözüm yok.;Neutral
Olacak iş değil.;Neutral
Yani filmin hakkı 7 bilemedin 8.;Neutral
Tamam kötü film değildi ama 9.3 ...Şaka mı bu?;Neutral
Hep aynı kişiler mi puan veriyor anlamadım.;Neutral
Dünyanın hiç bir yerindeki en iyi filmler sıralamasında bu film ilk 500 de yok.;Negative
Lütfen arkadaşlar abartmayın bunu bu kadart.;Negative
Çok sevebilirsiniz ama 1 kişi 1 den fazla oy vermesin lütfen.;Neutral
harıka suana kadar ızledıgım en muhtesem fılm;Positive
öncelikle film iyiydi ama bu filmi tutupta tüm zamanların en iyi filmi diye yazan arkadaşlar hayatında film izlememişler galiba bence bana kalsa 10 üzerinden 7 daha ötesine geçemez yüzüklerin efendisinin yanında bunu filmden bile sayamazlar;Neutral
filmi her izleyişimde tekrar tekrar ağlayabiliyorum.;Neutral
..söze gerek yok.;Neutral
..harika bi yapım.;Positive
muhtesem ötesi bir filmdi yoruma kesinlikle gerek yok;Positive
İnsanı ağlatıp rahatlatan bir film.;Positive
Filmin etkisini inanılmaz derecede aşılamışlar izleyiciye.;Positive
film dünyada ki en güzel film.;Positive
zaten buna şüphe yok ki.;Neutral
kesinlikle filmin en orjinal cd sini alın bu filme neler verimez ki.;Neutral
Film hakkında yoruma gerek yok.;Neutral
Film harika ama ben oyuncular hakkında konuşacağım.;Positive
Bir kere Leonardo DiCaprio mükemmel oynamış.;Positive
Tam oscarlık.;Positive
Hatta Billy Zane bile (Kurtlar vadisi Kuzey Irakta da züppe Amerikalı rolündeydi) cool ve snopluğu iyi vermiş.;Positive
Tam bir zengin züppe rolünü oynamış.;Neutral
Hatta yardımcı kaptan müzisyenler hepsi oynamış.;Neutral
Sadece Kate Winslet rolün altında kalmış.;Neutral
Kate Winsletin yaşlılığını oynayan Gloria Stuartda rolünün hakkını vermemiş.;Positive
Acaba Kate Winslet yerine Drew Barrymore daha mı başarılı olurdu.;Neutral
İnşallah diyorum Allaha banada böyle aşık olabilecek bir kadın çıkarır karşıma.;Neutral
..Filmle ilgili yorum yapmama gerek yoktur heralde.;Neutral
tek kelimeyle 10numara izlemeyen warsa ki sanmıyorum ama warsada hayatında buyuk bı eksıklık war.;Positive
Titanik hayatım boyunca izlediğim en güzel film.;Positive
.. Kate Winslet ı seslendirmede Birtanem Candaner yapınca çok daha değerli oluyor benim için.;Positive
Kuytunun egemenliğinde zaman aşımına uğrayan liriksel bir dayatma.;Neutral
..Abartılı kortej eşliğiyle sırt sırta vermiş kronik bir ısınma turu.;Neutral
..Buram buram nümayiş kokan fazlalıklı bir alegorik kaş çatışı.;Neutral
ya konusu çocukça doğru ama böyle bir şeyi harika bir film yapmak cesaret işidir.;Positive
kaç kere izledim bilmiyorum bu filmi.;Neutral
ama her defasında aynı mutlulukla aynı heyecanla izliyorum.;Positive
bundan daha iyi bir felaket ve dram türünde film yapılacak mı acabaaa.;Positive
keşke yapılsa;Neutral
Hayatımda beni etkisi altına alan en iyi filmlerden biri;Positive
Sinemaya yeni bir boyut kazandıran filmlerden bir tanesi.;Positive
Dünya çapında elde ettiği hasılat nasıl bir film olduğunu anlatıyor zaten.;Positive
en etkileyici aşk masalı.;Positive
hiç bir film bu filmin yerini alamaz bence;Positive
Yapılmıs en guzel fılmlerden biri.;Positive
Fazla söze gerek yok sanırım.;Neutral
Adan Zye bir basyapıt.;Positive
Tesekkurler Cameron.;Positive
Tesekkurler Di Caprio.;Positive
Tesekkurljher Winslet.;Positive
.Emegi gecen herkese tesekkurler;Positive
fazla söze gerek yok 10/10 luk bi film;Positive
ismini duyduğumda bile filmi izlemiş gibi oluyorum.;Neutral
sahneleri bir bir canlanıyor gözümün önünde.;Neutral
.tanrım bir film ancak bu kadar etkileyici olabilir.;Positive
..listemde 1 numaradır yeri sarsılmaz .;Positive
bence tüm zamanların en iyi filmi olmayı hakediyor.;Positive
film öylesine gerçekçi yapilmış ki film bittikten sonra kendimi o zamandan alamadım.;Positive
teşekkürler jack teşekkürler rose teşekkürler james cameron;Positive
Bende çok beğenmiştim ve eski kız arkadaşımla tam 13 kez bu filme gittik.;Positive
her seferindede yanımızda yeni insanlar vardı.;Neutral
Bu tam 3 5 hafta gibi bir zaman sürdü.;Neutral
güzel ve özel bir film oldu benim için.;Positive
hani bazen kelimeler tükenir birşey yazamaz konuşamazsın ya tıtanıcin kalbimdeki yeri aynen öyle.;Positive
.iyi bir film sever için %90 bu film bir numaradır.;Positive
kimse bu filmi hiçbir şekilde dışlayamaz.;Positive
.gerek kadrosu yönetmeni v.s herşeyi ile oscara boğulan bu yapımı hiçbir filme değişemem.;Positive
.yıllarca bir numaram olacaksın.;Positive
.batsanda batmasanda.;Neutral
basit diyaloglar müziğin koltuk değneklerine tutunmuş sakat bir film.;Negative
hatta ergen kız filmi.;Neutral
leonardo di caprio olmasaydı ergen kız filmi bile olamazdı.;Negative
"""Süper bir film oyunculukları olsun konusu olsan herşeyi ile bir harika zaten unutulmaz klasikler arasında bir film""""""";Positive
süper bir film hiç bir film yerini yutamaz benim için;Positive
beni sinemanın büyülü atmosferine çeken duygu yüklü romantik bir film.;Positive
Bütün ihtişamıyla nesilden nesle geçecek bir baş yapıt.;Positive
izlerken bana ordaymış hissi veren nadir filmlerden.;Positive
tek kelimeyle mükemmel bir şaheser.;Positive
Kazandığı bütün ödülleri hakeden bir yapım.;Positive
Süresi uzun olsa da izlerken hiç öyle gelmiyor film hiç bitemsin istiyosunuz.;Positive
aylarca sinema salonlarından inmeyen kapalı kişe oynayan izleyenlerin bir daha izlemek istediği titanik kadar uzun 4 saatlik şahaser;Positive
titanik yüzyılın filmi bu kadar güzel bir filmi hayatımda görmedim.;Positive
bidaha bu kadar etkileyici bir hikaye daha geleceği sanmıyorum.;Positive
Tartışmasız bu güne kadar çekilmiş en iyi film.;Positive
bu kadar çocukca bir film hayatımda görmedim çok kro kültüre sahip;Positive
bence yüzyılın filmi ama top 10 da bile yok;Neutral
romantik filmden hoşlananların kesinlikle kaçırmaması gereken bir film.;Positive
zevkle izlenen çok güzel bir film:D;Positive
gerçekten bi filmi içinde hissetmek mi istiyosun al sana titanic yok böle bişey yaa 10 üzerinden 1000 veriyorum ben bu filme;Positive
Olağanüstü bir film ve hayatımda ağladığım ilk ve tek filmdir;Positive
Ayrıca bence en iyi müzikler de yine bu filme ait(Y);Positive
En iyi romantik ve felaket filmi.;Positive
.. Efektler oyunculuk.;Neutral
.. herşey muhteşem.;Positive
11 oscarı hak eden bir film;Positive
çok güzel çekmişler izlediğim en iyi filmlerdendi;Positive
Bu film için hiç bir yorum yetmez o kadar güzel gerçekçiki insan izlemeye doyamıyor.;Positive
bütün oyuncular o kadar rollerini güzel oynuyorki bu filmi izlemeyen varsa hemen izlesin derim(izlemeyen varmıdır ki?:);Positive
aslında TİTANİK diyince yoruma gerek yok filimin adı yetiyor titanik o kadar büyüleyici bir filmki insanları sanki o sürüklüyor yönetmenin ve oyuncuların ustalıkları filimi unutulmaz ve filim koleksiyoncuları için bir vaz geçilmez yapıyor bugün bile izlediğimde ilk izlediğimdeki duyguyu yaşıyorum bence filmin çekildiği sene tüm oscarları vermeleri gerekirmişti :D:D:D:D:D;Positive
gördügüm en güzel romantik ve dram filmi.;Positive
..unutulmaz bi eser.;Positive
..her saniyesinde agladım.;Neutral
...hele sonunda.;Neutral
bu film hayatımda izlediğim en güzel aşk filmi babam we oğlumdan sonra ağladığım ilk film süper film müzikleri ile sanki o filmde sizde oynuyormussunuz gibi oluyor senaryo kurgu ve işleniş bakımından harikaydı süperdi yani izleyin kaçırmayınnn:);Positive
bu film tüm zamanların en çok hasılat yapan filmidir.;Positive
ımdbde yazdığına göre 1 milyar 850 milyon dolar civarı bi hasılat yapmış.;Neutral
inanılmaz..;Positive
Titanik hayatımda yeri en özel olan filmdir.;Positive
.Kate Winslete bu filmde aşık olmuşumdur ayrıca resim yapabilme yeteneğimin olmasını çok istediğimden Jackin resmi beni çok etkilemiştir.;Positive
.Kurgusuyla senaryosuyla müziği ve oyunculuklarıyla benim gönlümde Dünyanın en iyi filmi unvanını kazanmıştır.;Positive
.My heart will go on.;Neutral
bu filmi ilk izlediğimde ağladım ve ağladığım tek film bu;Neutral
bu filmi 8-10 kere izledim.;Neutral
izlemekten hiç bıkmadığım bir film.;Positive
eğer beğenmeyen varsa hiçbirşeyen anlamıyor demektir;Positive
catherinelinton ark.;Neutral
dediğin gibi Filmi ilk çıktığı zamanlar yere göğe sığdıramayıp şimdi aşağılayan bir sürü insan gördüm.;Neutral
Yok 11 oscarı haketmedi yok saçma romantik vs.;Negative
bu yoruma katılıyorum.;Neutral
""".. TİTANİC gelmiş geçmiş en mükemmel film gerçek bir felaketten esinlenilmiş harika bir eser titanici izlemeye bıkmadım ve bıkmıycam james camerona ayrıca tşkler ediyorum""""""";Positive
mükemmel bir aşk filmi oyunculuklar mükemmel bravo;Positive
James Cameron bu filmle en beğendiğim yönetmenler arasına girdi.;Positive
Bilgisayar kullanılmış olmasına rağmen içerikle uyum sağlamış ve göze batmamış.;Positive
Hem eğlence hem aşk hem hüzün hem de hayat dersi barındırıyor film.;Positive
Tabiki en öne çıkan konusu aşk.;Neutral
Film heyecanlandırıyor mutlu ediyor nefessiz bırakıyor.;Positive
Özenilmiş ve detaylara önem verilmiş olduğu anlaşılıyor.;Positive
Herkes de rolunun hakkını fazlasıyla vermiş.;Positive
Filmi izleyince sanki gerçekten 1910 ları görüyorsun gibi oluyor.;Neutral
Müzikler çok yerinde kullanılmış ve filmin havasını çok iyi yansıtıyor kurgusu da çok yerinde ve göze batan saçma gelen hiçnirşey yok.;Positive
Oyuncular da oynadıkları karakterler için iyi seçilmiş.;Positive
Batış sahnesinde müzisyenlerin sonkez dönüp de çaldığı müzik harika.;Positive
Bu filmi güzelleştiren bence bunlar.;Positive
İzlediğim en Muhteşem Film.;Positive
çk güzel bir film ama nedense bu filmi sevemeğende çk.;Positive
.imdb de puanı 7.2 gibi hiçde bu filme yakışmayan bi puanı var.;Neutral
bu film hakkında yorum yapmak ne kadar dogru bılmıyorum.;Neutral
cunku hemen hemen herkes filmin ne kadar muhtesem bi şey oldugunu yazmıs ama bende tekrarlıyayım kesinlikle gelmiş gecmiş en iyi bi kaç filmden biridir ve olurda hala ızleme fırsatınız olmamıssa hc dusunmeden izleyin derim.;Positive
filmi her izlediğimde bambaşka ayrıntıların görüldüğü hem teknik hem de duygu yönüyle 10 numara dedirten bir yapım.;Positive
Yonetmenın ve oyuncuların tam anlamıyla bır saheser yarattıgı fılm tıtanık.;Positive
Tvde her rastladıgımda tekrar tekrar ızledıgım bır fılm.;Positive
Bence gelecek nesıllerınde sıkılmadan ve elestırmeden ızleyıp etkileneceklerı bır fılm.;Positive
Icınde kı ask macera kesınlıkle dorukta.;Positive
En etkılendıgım sahnelerden bırı muzısyenlerın gemı batarken bıle calmaya devam etmelerıdır.;Positive
Izlemeyen varsa kı sanmıyorum mutlaka ızlesın.;Positive
çok güzel bir film.;Positive
......... ateşli sahneler de war:]:]:];Positive
hayatımda izlediğim filmler titanicten öncesi ve sonrası diye ayrılır .;Positive
. kusursuz sayılcak filmlerden birtanesi.;Positive
.izlemeden ölemeyin derim ben çok şey kaçırmış olursunuz.;Positive
... titanic şahane bir yapım bir başyapıt.;Positive
mirac kandilimiz mübarek olsun hayırlara vesile olsun.;Positive
sinema tarihinin en iyi yapımlarından olan titanic defalarca izlediğim en kaliteli yapımlarından biri.;Positive
tabi bunun yanında james cameronun rolu cok buyuk.;Positive
James Cameron hem yönetmenlik yapımcılıkta en iyisi.;Positive
Filme gelince iki önemli nokta var biri filmin böyle bir felaketin gercekten yasandıgı ikinicisi ise gerçek aşkın en iyi anlatıldığı bir yapım.;Positive
en dikkat edici sahne kızın sevdiği erkek için her tehlikeyi göze alarak aşkını kurtarması.;Positive
james cameronun en iyi yapımlarından biri filmin en begendim tarafı gercek askın en iyi anlatıldığı film.;Positive
Bence tek kelime ile muhteşem bir film.;Positive
hayatımda izLediqim en qüzeL fiLm.;Positive
. bu puan bu fiLme qerçeqten çok az.;Neutral
.! mükemmeL bir yapıt;Positive
süper bir film ilk izledğim filmdi ozaman küçük oldgm için işi gırgıra vermiştim ama 2. izleyişimde gercek güzelliğini farkettiğim bi film süperrrr;Positive
filminn büyüsüü tartışılmaz bişeyyyy harikaaa.;Positive
muthis bir olay.;Positive
buyuk bir felaket.;Neutral
kotu bir film.;Negative
ask filmi yapmasaydınız da zevkle seyretseydik;Positive
ben bu filmi izlemeden önce demekki hiç film izlememişim.;Neutral
. veyada bir film 12 sene sonra bile kendine yoru yazdırıyosa puana gerek yok;Positive
izlediğim en iyi filmlerden biri;Positive
sinema dedinizmi yaşlı sinema blmeyen kişilere sorun titanik nedir herkes biliyor bence bu puan bu film için çok az gelmiş geçmiş en güzel filmdir bu titanik;Positive
Filmi ilk çıktığı zamanlar yere göğe sığdıramayıp şimdi aşağılayan bir sürü insan gördüm.;Neutral
Yok 11 oscarı haketmedi yok saçma romantik vs.;Negative
Film romantiktir duygusaldır evet.;Neutral
Fakat bu film o güne kadar sinemaya gitmemiş pek çok kişiyi sinema salonlarına çekmiş gidenleri ikinci sefer gitmeye zorlamıştır adeta.;Positive
Müzikleri yıllarca dinlenmiş televizyonda yayınlandığında reyting rekorları kırmış izlemeyenin taşlanacağı boyuta gelmiştir bu film.;Positive
Nitekim Titanik izlemeyen çok az kişi vardır etrafta.;Positive
Şimdi tutup da bu filme kötü berbat demek yersizdir.;Positive
Titanik size çok büyük sosyal mesajlar vermez evet ama bu yukarıda saydıklarımı gerçekleştirmediğini göstermez.;Neutral
Ülkemizdeki yeni yetme entel geçinen takım da bu ve buna benzer çok izlenmiş oscar almış vs. filmleri kötülemeyi sürdürür.;Positive
Popüler olan her şeyi kötüleme hasisesi yaniSadece yukarıda saydığım şeyleri gerçekleştiği için bile izlemeye değer olduğunu düşünüyorum.;Positive
"""Kıyafetler müzikler Di caprio etkenlerine değinmiyorum bile:)""""""";Positive
Hayatım da izlediğim en güzel flimlerden biri flim mi her izleyişimde sanki ilk defa izlemiş gibi duygulanıyorum.;Positive
Tekrar tekrar izlemek istiyorum.;Positive
flim gösterime girdiğinden beri 11 yıl oldu.;Neutral
Ama bize hayla bu flim hakkında yorum yapıyorsak.;Neutral
Bu bir baş yapıtdır.;Positive
Flim ile görüşüm tabiki 10/10.;Positive
filmdeki tek gercek geminin batmasıdır geri kalan ise kurgu.;Neutral
. bir diğer gerçek ise 11 oscar a layık olmaması ama yinede izlenmesi gereken güzel bir film;Positive
bana sinemayı ve filim izlemeyi sevdiren bir filim.;Positive
.İzlemeyenler arkadaşlara aşırı tavsiyemdir.;Positive
muhtesem bir film tam bir basyapıt.;Positive
ama aldığı puan cok az.;Neutral
babam ve oğlum dahi bundan cok daha yuksek almıs.;Neutral
garip...;Neutral
Titanic harika sanatsal bir film değil belki ama birçok kişiye sinemayı sevdirmiştir ve bu yüzden yeri çok ayrıdır.;Positive
şimdiye kadar bu kadar güzel bir romantik film seyretmedim tabiki filmde yaşananlar gerçek olunca canım acıdı filmi seyrederken;Positive
Hayatımda böylesine güzel bir film görmedim.;Positive
İlk izlediğimde o kadar duygulandım ki.;Positive
..Müziği oyuncuları konusu seyircide bıraktığı izlenim gerçekten çok hoştu.;Positive
Leonardo Di Caprioya bu performansında hayran kaldım.;Positive
Herkese tavsiye ederim.;Positive
böyle müthiş bir film.;Positive
.. böyle harika bir konu.;Positive
.. böyle iyi oyuncular.;Positive
.. bir klasik!;Neutral
her zaman aynı heycanla izlenebilir kim ne derse desin bence gelmiş geçmiş en iyi aşk filmi budur;Positive
Titanici izlemeyen yoktur sanırım.;Neutral
. Sahnelerini saniyesi saniyesine ezbere biliyorum artık ama bidaha izlemektende asla sıkılmayacağım gerçek bir başyapıt.;Positive
. Aldığı bütün oscarlarıda sonuna kadar hakeden bir film.;Positive
. 10 /10dan başka ne verebilirim ki.;Positive
Ekşin görsel efekt oyunculuk aşk felaket.;Neutral
Hepsi bir arada bu kadar başarılı hangi filmde varki.;Positive
Üstelik filmin sonu da belli.;Neutral
İşte gerçek bir başyapıt.;Positive
Birbirinden iki farklı insan hayatın tuhaf bir tesadüfüyle bir gemide buluşurlar.;Neutral
Batmaz denen ünlü gemi Titanic de.;Neutral
O anda ikiside bu büyülü geminin bir çok insana mezar olabileceğini asla bilemezlerdi.;Neutral
Sınıf farkına aldırmadan birbirine aşık olan iki genç ve hüzün verici bir son.;Neutral
James Cameron un yönetmiş olduğu ve 90 larda bizim için bir başyapıt olmuş olan ve şimdide yerini başka bir filmin zor tutacağı değerde çok güzel bir film.;Positive
İyi seyirler.;Positive
Titanic'e hayatımın filmi diyebilirim.;Positive
jack'tan geriye ne bir resim ne bir fotoğraf kalmış.;Neutral
jack'ın bir resmini görmek çok isterdik.;Neutral
nede olsa bir kahraman sayılır.;Neutral
..size birşey soracağım.;Neutral
sizce jack ile rose tanışmasaydı jack yaşayacakmıydı?;Neutral
ne denebilirki ya.;Neutral
süper bir film.;Positive
her yönüyle süper bir film.;Positive
trajedinin kralı;Positive
şansımmıdır nedir izlediğim ilk sinema filmi.;Neutral
bu filmi izlemekle başladı zaten bende bu heves.;Positive
film bi harika !;Positive
aaah ah bide o dillerden düşmeyen akıllardan silinmeyen şarkısı yok mu !;Positive
arada bizim evin balkonuna çıkıp kollarımı açıyorum karşıdan esen rüzgara karşı !;Neutral
benim kollarım leonardo nun ki gibi güzel hatunla dolu değil hatta çok sefer çanak anteni kucaklıyom ama olsun umut garibin ekmeği nede olsa.;Neutral
muhteşem bir film diyebilirim.;Positive
oyuncu kadrosuda iyi.;Positive
kaza ve batma sahneleri iyi planlanmış.;Positive
fazla bir abartı yok.;Neutral
ve son derece romantik bir film.;Positive
filmi izlerken dakikaların nsaıl geçtiğini fark etmiyeceksiniz.;Positive
bence izlenmeye değer bir başyapıt;Positive
hayatımın filmi diyebilirim filmi her izlediğimde duygulanıyorum.;Positive
james cameron çok nadir film çekmiş ama müthiş çekmiş;Positive
mükemmel bir film.;Positive
.kesinlikle cok etkileyici.;Neutral
..ablam sagolsun sayesinde 510321 kere izlemişimdir ama yinede bıkmamıştım.;Positive
..izlemeyen kaldıgını düşünmüyorum ama varsa kesinlikle izlesin.;Positive
Titanik diyince herkes şu konuda hemfikirdir:;Neutral
'' Aşk filmi''.;Neutral
Bu duygunun tam anlamıyla işlendiği bir efsane diyebilirim bu film için.;Positive
.. izlemeyeniniz var mı cidden?:);Positive
Bu filmi aslında her yeni yaşta izlemek gerekir.;Positive
Çünkü büyüdükçe filmden aldıklarımız da değişiyor.;Neutral
Bende dahil o kadar çok kişi biliyorum ki bu filmi defalarca seyreden.;Neutral
..Ama gercekten buna değer.;Positive
kesinlikle izlediğim en muhtesem film.;Positive
..ask tutku arkadaşlık ihanet para hırsı ve ölüm.;Neutral
..yıllar sonra bile unutulmayan bi aşk.;Positive
.belki 30 kez izledim ama yinede daha filmin ilk sahnesinde başlıyorum ağlamaya ve sanki ilk defa izliyomuşum gibi filmin sonuda onların birleşmelerini istiyorum.;Positive
..hatatımın filmi.;Neutral
Şimdi düşünüp durdum aslında bu yorumu çok mu geç yazıyorum diye fakat şuna inanıyorum ki bu yorumlar daha yıllarca devam eder.;Neutral
Çünkü bu film tarihin en iyi filmlerinden bir tanesi olmayı çoktan hak etmiş vaziyette.;Positive
Yıllar önce izlediğimde sadece müziğiyle bile beni kendisine bağlayan bu film şimdi farklı duygular gösteriyor haliyle bana ve her izlediğimde bu duyguları tekrar yaşıyorum yaşatıyorlar.;Positive
.Evet bu film gerçek bir başyapıt !;Positive
Çok güzel bir film.;Positive
Mutlaka izleyin demeyeceğim.;Negative
Çünkü zaten izlemeyen yoktur.;Positive
Aksiyon son derece.;Positive
..Sonu da çok acıklıydı.;Positive
4-5 sene önce izlediğimde fazla etkilenmemiştim sadece kıyafetler çok hoşuma gitmişti.;Positive
.filmdeki romantizmi anlamamıştım.;Neutral
şimdi tekrar izlediğmde gözlerim bazen dolmuyor desem yalan olur:);Neutral
çok güzel senaryo müzik kostüm+makyaj oyuncular.;Positive
..zaten en sevdiğim dönemler o dönemler.;Positive
.çok eğlenceli sahneler de var çok hüzünlü sahneler de.;Neutral
""".hala izlemeyen kaldıysa mutlaka hemen izlemesi gerektiğini düşünüyorum..!""""""";Positive
yaklasık 3 seneden beri filmi izlememistim .;Neutral
gecen gün internette sorun cıkıp internete giremeyince bir nostalji yapayım dedim.;Neutral
filmi sanki ilk defa izliyormusum gibi heyecenlandım müthis bir yapım harika muhtesem bir film.;Positive
tek kelimeyle süper bir filmdi.;Positive
.soluk soluğa izlediğim nadide filmlerden.;Positive
TiTaNic tarihteki en ii filmdir .;Positive
..bu filmi begenemyenleri anlayamıorum.;Positive
...eminim filmi tamamlamayanlardır .;Neutral
.filmin hepsini dikkatle seyreden izleyici filmin sonunda ne kadr büyük 1 film oldugunu anlar.;Positive
benim içinde gerçekten muhteşem bir film .;Positive
etkisinde kalıyor insan her izlediğinde.;Positive
annemle sınemasına gıtmıstık daha 2 ye gıdıyordum.;Neutral
.o zman askın ne oldugunu bılmeden bıle baya bır aglamıstım.;Neutral
ondan sonra her sene rutın olarak izledim ven benım için daha anlamlı oldu.;Neutral
.bır basyapıt gercekten.;Positive
mılyonlarca kez izlesende sıkılmıyosun.;Positive
o benim için bir modern clasik.;Positive
bir başyapıt;Positive
Fazla sevmediğim filmlerden biri.;Negative
Aynı sene gösterilen L.A. Confidential Titanicden çok daha iyi bir film.;Neutral
7 / 10 izlenir.;Neutral
yeri asla doldurulamaz bir film.;Positive
.sözcükler bile yetmiyor filmin güzelliği karşısında;Positive
Filmi izlediğim zamanki yaşımın da etkisiyle hayatımdaki en çok etkilendiğim ve günlerce hatta haftalarca etkisinden kurtulamadığım bir filmdi.;Neutral
.eve dönerken metroda bile ağlamıştım..:);Neutral
izlemeyenlere tavsiye ediyorum.;Positive
.bir benzeri yok.;Positive
Tek kelimeyle muhteşem.;Positive
Bir başyapıt.;Positive
Baş yapıt sayılacak filmler arasında;Positive
kusursuz fazla söze gerek yook.;Positive
bu filmde ağlamamak mümkün değil ya müthiş bi film ama insan sonunda üzülüyor ki buda buruk ancak güzel bir tat bırakıyor insanda :D;Positive
"""filmde en çok dikkatimi ceken kate winslet leanordo di caprio nun gözlerinin içine öyle bir bakıyorki sanki gerçekten aşık olmuşcasına ve gerçekten film sırasında huzunlenmemek elde değil muhteşem film 9/10""""""";Positive
karşımızda iyi bir film var james cameron iyi bir iş çıkarmış doğrusu ayrıcafilmde çok başarılı bir sanat yönetimi var kate winslet ve dicaprio döktürmüşler iyi bir film zaten bu yorum boşuna bu filmi izlemeyen kalmamıştır ki film vizyona girdiğinden sadece 1 yıl sonra 2 milyar dolara yaklaşan bir gişe hasılatı yapmış 11 dalda oscar almış ve yüzüklerin efendisinden sonra vcd ve dvd satışlarında en yüksek sıraları tutmuştur ama hala izlemeyen varsa öneririm;Positive
hayatımda gördüğüm en güzel filmlerden bir tanesi adeta o zamanı yasıyorsunuz özellikle kıyafetler ve oyuncuların inanılmaz performansı beni çok etkiledi.;Positive
Zamanında tüm dünyayı kasıp kavuran efsane film.;Positive
Herkes titaniği izlemek için sinema önünde uzun kuyruklar oluşturmuştu.;Positive
Ama şimdi bakıyorumda özellikle bu sitede bu filme karşı bir ön yargı var.;Neutral
E sormazlar mı adama madem 10 defa izlerken iyiydi de şimdi mi kötü oldu 11 oscarı babasının hayrına vermedi bu akademi.;Positive
İmdb de ilk 250 ye girememesi tamamen filmi 10 kere ayıla bayıla izleyipte sonradan burun kıvıran insanlarda suc.;Positive
1 milyar 850 milyon dolar hasılat başka söze gerek yok.;Positive
.. sözün bittiği yer;Neutral
hayatımda izlediğim ve beni etkileyen en muhteşem film.;Positive
izlemeyenler çok şey kaybeder.;Positive
şu filmi beğenmeyen de çıkarsa ben ne diyeyim artık!;Positive
oscar'a aday oldu bu film adaay!;Positive
süpersin titanic!;Positive
aslında bu filme cok fazla yorum gerekmiyo.;Positive
.kimin hayatında onemli bi yere oturmamışdırki tıtanıc;Positive
hala bu filmin üztüne film tanımadım!!!;Positive
Hayatımda en etkilendiğim filmlerden biriydi.;Positive
. Oyuncular kıyafetler görüntüler güzel olmayan bişi yoktu.;Positive
.. Ayrıca film o kadar etkiliyo ki müziğini dinlerken bile filmi yaşıyosunuz.;Positive
. Klasiklerden olucak ve yıllar sonrada aynı heyecanla izlenicek.;Positive
""". 10 üzerinden 11 :))))) """"""";Positive
film güzel ama 11 oscarli diğer bir film olan Ben Hur'un yanından bile geçemez.;Positive
izledikçe bıkılmayacak türden bi film herkesin arşivinde bulunmalı;Positive
izleyen hiç kimsenin şu bölümünü beğenmedim diyemeyeceği izlenim boyunca her saniyesinde ayrı bir keyif veren harika ötesi bir film yada başyapıt demek daha doğru olur.;Positive
2. serinin fragmanlarını gördüm ilki kadar heyecanlı gözükmüyor konudan biraz sapılmış sanırım ama yinede merakla bekliyorum.;Positive
"""hayatım boyunca izledıgım en güzel en harika en kusursuz ve en ihtişamlı bir yapım hayatım boyunca tek bir filimde agladım odaa TİTANİC filimi nerdeyse hergün izliyorum ama yinede doyamıyorum keske zamanım olsa hic durmadan izlesem """"""";Positive
kelimeler yetersiz kalır bu film için.;Positive
.. mükemmelin üstünde.;Positive
.. beni ağlatabilen sayılı filmlerden biri.;Positive
. süperrrrr!!!!;Positive
hayatımda ılk defa sınemaya bu fılme basladım bu fılm benım ılkım sınemada başyapıt dıyebılecıgim ve 10 numara verecegım fılm hemde hıc dusunmeden cok gusel ve harıka fılm cok onemlı bı yerı var benım hayatımda cok gusel;Positive
üstüste 3 gün boyunca izledigim ve halada izlemeye doyamadıgım tek film.;Positive
tabi artık hergün izlemiyorum:);Neutral
1997 yılında sinemada izlediğimde hissettiğimle aradan geçen 10 yıl sonunda belki 20 defa izlememin sonunda gene aynı şeyleri bana sıkılmadan hissettiriyorsa bu film bir başyapıttır.;Positive
Efet kesinlikle bir başyapıt.;Positive
Şu zamana denk izlediğim en güzel film.;Positive
Sinemanın zevkine varıyorsunuz izlerken.;Positive
Bir film bu kadar mı duygusal bu kadar mı güzel olur.;Positive
10tam puanı sonuna denk hakediyor.;Positive
titanic benim filmim kaç defa izlediğimi hatırlamıyorum bile izlemeyen varmıdır acaba?;Positive
Hayatımda izlediğim en iyi filmlerinden biri ve hatta basında geliyo.;Positive
hala heyecanla izlediğim unutulmaz bi film yerini herzaman koruycak bence onun kadar ses getiren bi film olmadı daha.;Positive
Bu güne kadar seyrettiğim en iyi film diyebilirim;Positive
Sinema tarihine adını altın harflerle yazdırmış nadir filmlerden biri.;Positive
Çok süper kaliteli bir yapım başarısı ortada zaten.;Positive
Oyuncularıyla Konusuyla Ödülleriyle Sitede aldığı puanla herşeyiy le ne kadar iyi bir film olduğunu belli ediyor.;Positive
Mutlaka izlenmesi gereken bir film diye düşünüyorum.;Positive
böyle bi film yok bi daha da zor olur heralde defalarca izleyip defalarca ağladım tek kelimeyle herşeyiyle 10 numara;Positive
hiç oscarına güvenmeyin.;Negative
abartılacak bir film değil ben ortada öyle büyük bir aşk da görmedim gerilim yok heyecan yok poseidon filmine aşk katın alın size 2 kat güzel bir film.;Negative
gerçek bir klasik elbette *10*;Positive
Yapıldığı tarihe göre çok iyi.;Positive
Konu çok iyi incelenmiş.;Positive
Bazı basit sahneler var ama izlenmesi gerek.;Positive
cok iyi hatırlıyorum 97 senesiydi eve bir kac film almıstım izliycektim üstelik (o zamanlar vcd bilgisayar parasıydı).;Neutral
neyse diğer filmleri izledim vcd yi kapatacaktım bir baktım bi de bu var dedim bi seye benzemiyo kapağı izlesemmi diye düsündüm neyse koydum.;Neutral
o an hayatımdaki en duygusal anlardan mı muhtesem bir film o zamandan beri en az 15 kere seyretmisimdir .;Positive
muhtesem;Positive
bence tarihin en iyi filmi çok süper bir yapım ses efektleri muhteşem bugüne kadar çok film izledim ama böylesini görmemiştim süpper;Positive
kesinlikle mükemmel bir film.;Positive
Ortalaması 9 ve üzeri olan kaç film var bilmem ama Titanik'i izledikten sonra verilen puanların Hiç bir şey Titanik'in ise herşey olduğunu anlayacaksınız.;Positive
Bu filmi izleyin demeyeceğim çünkü izlediğinizi biliyorum!;Positive
aslında dünyada böyle bir sevgiyi sadece onların yaşadığını düşünüyorum.;Positive
bu kadar büyük bir sevgi imkansız gibi geliyor bana.;Positive
Şu ana kadar yapılmış en iyi ve en güzel film yani tek kelimeyle mükemmel.;Positive
..(İlk kez Leonardo Di Caprio hayranı olmamı sağladı.;Positive
Leonardo Di Caprio'nun diğer filmleri de güzel ama TİTANİK keinlikle en iyisi)Ayrıca diğerlerine katılıyorum bence de 9 1 puan çok az ben 10/10 verdim.;Positive
sinmada izlediğim ilk film.;Neutral
heralde büyük bi şans.;Positive
mükemmel bir film tek kelimeyle.;Positive
Bu filmi beğenmeyenlerin kesinlikle duygudan mahrum kalmış insanlardır.;Positive
bu film beğenilmezmi yaw.;Positive
hayatım boyunca 500 çuvarında film izledim içlerinden en iyisi bu ve tarihin en büyük baş yapıtı ve benim en sevdiğim film filmi izlerken çok duygulandığım tek film ve en harika film film uzundu ama dahada uzun olmasını isterdim çünkü okadar güzel her saniyesi adamı duygulandırıyor ve leonardo dicaprio kate winslet harika bir oyuncu başarıları çok büyük okadar büyük ki anlatamam ve filmi felaket yönünde çok güzel yapılmış hiç bir kamera hatası yok çok süper bir film ortaya konmuş bu filmi yapan herkese çok büyük saygı duyuyorum çünkü benim izlediğim en iyi film 10 üzerinden 10 hatta 1000 üzerinden 1000 de diyebilirim tarihin en büyük ödülüne sahip tarihin en büyük hasılatına sahip bir film izlemeyen varsa kesinlikle izlesin herkese iyi seyirler;Positive
10 puanı sonuna kadar hakediyor bu filme 10puan altında verenler benim düsüncem filmi beğenmeyenler 9 verilmez 10puan kusursuz bir film;Positive
gerçek bir olayı anlatan bu film gerçektende çok güzel;Positive
canım sıkıldıkça izlediğim bi film 20 kere izlemişimdir.;Positive
.gerçekten çok harika artık replikleri ezberledim ama insan bıkmıyo :);Positive
Kate Winslet harika.;Positive
9 puan bu film için çok az.;Positive
Ben 10 üzerinden 10 verdim.;Positive
Bu film gelmiş geçmiş en iyi film bence;Positive
Gelmiş geçmiş en iyi film.;Positive
Tabii bunu kendi nezdimde söylüyorum.;Neutral
hiçbir şey soylemeye gerek yok bence herkes izlemeli.;Positive
mukemmel tek kelimeyle;Positive
en son 5 yıl önce izlediğimde ve hıçkıra hıçkıra ağlamıitım.;Neutral
1 ay önce tekrar izledim ve o duygusallığı üzerimden 1 hafta atamadı.;Neutral
dikkatt! duygusallar izlemesin!;Neutral
mükemmel bir başyapıt zaten oscarları süpürmesiyle bunu belli ediyor;Positive
Bu zamana kadar ben en çok etkileyen film.;Positive
Gerçekten 9.1 az bu film için.;Positive
"""10 puan vermeyi hakediyor ben öyle yaptım""""""";Positive
bence şahane ötesi bir film eski olduğuna bakmayın kesinlikle izleyin bu arada bu güne kadar ondan daha iyi bir film geldiğini sanmıyorum filmin puna bence 1010;Positive
bu muhtesem filme bence 9.1 cok az.;Positive
muhtesem bir romantik film.;Positive
2.sinin cekılmesi yanlıs.;Neutral
Filmi bu kadar seviyoruz ama puanı 9.1 yazık çok yazık doğrusu bence 9.5 den aşağı olmamalı Yüzüklerin Efendisi gibi hiçbir zaman gerçek olmayacak şeyleri işleyen filme 9.6 veriliyor yaşanmış gerçek bir olayı işleyen bu filme 9.1 yazık gerçekten de.;Positive
bu yaşlarda izlemiş olsam o kadar etkilenir miydim bilmiyorum ama 11 yaşlarımda izlemiş bulunduğum yıllarca ne zaman aklıma düşse beni ağlatmış tek film.;Positive
destansı bir aşk ve hayatta kalma hikayesi.;Neutral
"""Sinema tarihinin """"""""Karayip Korsanları""""""""ndan sonra kesinlikle en balon filmi.""";Positive
gelmis gecmis en iyi film;Positive
vizyona girmesinden 10 yıl sonra bile hala yorum yazılan bi film bu.;Positive
..kötü olması mümkün mü?;Positive
Öncelikle şunu söyliyim Titanik bir film değil bir gerçektir.;Neutral
Bu Gerçeği bize Beyazperde de izlettiren James Cameon ve ekibini kutluyorum.;Positive
İnsan Kendini Titanikte gibi hissediyor gerçekten.;Positive
Yalnız anlayamadığım bir şey var böyle muhteşem bir filmin puanı en az 9.5 falan olmalı.;Positive
bu puan bu filme hiç yakışmıyor.;Neutral
herkes Titanik'e hakettiği puanı vermeli bir an önce.;Neutral
inanılmaz..;Positive
boyle bir yapım ileriki zamanlarda karsımıza Keşke cıksa;Positive
süper ötesi bisey grcekten bi daha böle fiLm zor gelir ve batısıyLA iLgiLİ bi arastırma yapın inanamıyacaksınızz!;Positive
film muhteşemdiiii.;Positive
gerçekten sizi derinden etkileyecek bir şaheser;Positive
bence az puan almış en azından bu sitede bundan yukarı puan almayı haketmeyen filmler war.;Positive
.. filme glince hayatımda izlediim en ii film.;Positive
böyle film br daha gelmez inanılmaz bir film;Positive
Aldığı puan az kalıyor.;Positive
Her insanın yaşamı boyunca izleyebileceği en kaliteli 5 film arasında yerini alacak filmlerden biri.;Positive
"""şaheser""""""""so others may live""""""""""""""";Positive
ben bu filmi seyrettigimde çok etkilenmiştim.;Positive
on iki dalda oscar almış bi film için bence az oy almış.;Positive
amaizlemeyenlere kesinlikle tavsiye ediyorum.;Positive
tabi artık bu filmide izlemeyen varsa.;Positive
Unutulmaz bir film.;Positive
Hayatımın filmi.;Positive
11 dalda 11 oscar daha ne gerek söz söylemeye;Positive
Bu filmin puanı nasıl 9 olur anlamış değilim.;Positive
Bu filmin güzelliğini anlatmaya buraya yazacağım yazılar bile yetmez.;Positive
Hayatımda izlediğim en iyi filmdi.;Positive
Bir daha böyle güzel bir film izleyeceğimide zannetmiyorum.;Positive
Muhteşem ötesi bir film.;Positive
Belki 15 kere izlemişimdir yine de izlemeye devam edeceğim.;Positive
Beni bu kadar etkileyecek başka film olamaz.;Positive
O sahneler oyuncular müzik bu film ne böyle ya.;Positive
bana göre leonardo nun tek filmi başka yok.;Positive
..bu başyapıttan kazandığı karizmayla cok seyler yapabilirdi ama kullanamadı.;Neutral
gerek aşk gerekse görsel efektleriyle bir çok oscar ödüllerini kaldıran muhteşem bir film tüm zamanlarda soluksuz izlenebilirliğe sahip.;Positive
ya bana gore puanin 9 olmasi bile az.;Positive
ya bir filmde hic mi kusur olmaz ya.;Positive
ask macera dram hepsi oyle guzel butunlesmis ki film ne kadar uzun olsa da iznsan bitince uzuluyo.;Positive
23 kere izledim.;Positive
bir 23 kere daha izlerim.;Positive
ilk defa bir aşk öyküsünde agladıgımı hatırlıyorum bir başyapıt;Positive
izleyip izleyebileceğim en güzel film izlemeyen warsa (büyük ihtimal yoktur ) cok şey kaybeder;Positive
Aldığı ödülleri sonuna kadar hak eden artık aşk mı desem bir tarihi filmi mi desem ne dersem diyim mutlaka izlenmesi gereken bir film.;Positive
Ben bu film gibi bir film hayatım da görmedim her şey süper di çok duygusal dı günlerce filmin etkisinde kaldım yaşanmış bir olay olmasının da büyük etkisi va tabi çok güzel di en 6_7 defa izlemişimdir saysını bende unuttum.;Positive
çok güzel bir film;Positive
romantik heyecanlı.;Positive
Harika film film.;Positive
çok romantik.;Positive
bence aldığı oscarları haketmiş.;Positive
bu film gibisi dünya üzerinde mümkün değil yoktur.;Positive
bu filmin Türk yapımı olmasını o kadar çok isterdim ki.;Neutral
..senaryo süperr zaten yaşanmış bi olay kurgu harika efektler süperr ve ben kate winslet i bu filmde tanıdım ne dakar güzel bi oyuncu her anlamda çok doğal ne diyeyim fazla söze gerek yok zaten artık bu filmi izlemeyen yoktur.;Positive
bence çok güzel bir film;Positive
bence bu film çok abartırmıs ve baya oscar verilmis tamam kabul ediyorum film güzel etkileyici bir film ama 11 oscar da alıncak kadar bir film değil bence bundan daha az oscar alan filmler var ve o fimler daha da güzel olanlar hatta bunların arasında hiç oscar almayanda var kısaca 11 oscara laik bir film değil !;Negative
Kaliteli bir film kabul.;Positive
Ama fazla abartıldı bana göre.;Negative
Ayrıca bol keseden oscar verildi.;Neutral
güzel yha ama tek kelimeyle müthiş DEİL çünklü filmin ardından 15-20 tane saçma tarafını buldular hani ben romantizme bakarım diyosanız olr bakın başlı başına film ortayı zor geçer hatta komedi filmi bile olr titanicten bende etkilenmedim deil hakkını werelim filmin 10/9 cidden haklı olarak çekim hatası olmasaydı gerçekten etkilemişti bilmiyosanız yazarım buraya titanic çekim hataların ı;Neutral
gelmiş geçmiş en iyi film doğrusu sıkılan varsa gülerim tam10 kere izledim daha da izlerim izlemeyen izlesin;Positive
ya yine bir leo filmi film tek kelimeyle mütiş leonun bu filmle bırakın oscar alamaması oscara aday olamaması bile hayal kırıklıgı titaniğin cıktıgı yıl oscarcılar filmden we oyunculuktan anlamıyordu herhalde ama tek kewlimeyle mütiş her izleyisimde leocuma biraz daha asık oluyorum herkese tavsiye ediyorum;Positive
Ne söylenir ki ?;Neutral
Hala izlemeyen varsa ne yapsin ne etsin izlesin.;Positive
bu flime söze grek yok süperin ötesinde;Positive
bundan daha gusel bu turde bi film gormedim ben.;Positive
bu filmi izlemek yeni nasip oldu fakat süper bi film olmuş gelmiş geçmiş en iyi filmlerden birisi;Positive
Güzel film kabul.;Positive
Ama romantik filmleri pek sevmediğimden 10 puan vermem.;Negative
cok ıyı helal olsun romantik film;Positive
Bence filmlerin gelmiş geçmişi unutulmayan film!;Positive
Süper;Positive
Bana göre gelmiş geçmiş en mükemmel film.;Positive
İçerisinde ne arasanız bulabileceğiniz şahane bir yapım.;Positive
James Cameron'u gerçekten kutluyorum.;Positive
Tüm zamanların en görkemli en süper işini çıkardığı için.;Positive
süper baska sözüm yok sadece süper diyom;Positive
etkileyici bir başyapıt.;Positive
filmi izlemiyo yaşıyo insan sanki filmin içindesin çok güzel harika bir görsel tasarım ve aşk filmi;Positive
fazla söze gerek yok.;Neutral
. üzerinden ne kadar zaman geçse de eskimeyecek ve unutulmayacak film.;Positive
.şahsen hayatımda izlediğim en iyi film.;Positive
.müziği zaten efsane oldu.;Positive
..titanic i esaretin bedeli ve prestij takip ediyor.;Positive
kanımca..;Neutral
hayatımda izlediğim en iyi film.;Positive
Bence bu filmi izlemeyenler çok şey kaçırdı.;Positive
Bir daha böyle film gelir mi bilmem ama TİTANİK filmi hayatımda hep bir numara olacak.;Positive
... FİLME 10 değil 100000000000 veriyorum.;Positive
izlediğim en iyi film;Positive
gayet iyi çok basarılı.;Positive
inanın bu filmi eskiden(2 yıl önce)anlatsaydım yere göğe sığdıramazdım herşeyimdi benim bu film cd si vardı bende her gün izliyordum ama şimdi o kadar büyütemiyorum çünkü artık bir rocky hastası oldum;Positive
tıtanıc harıka bir fılm ilk izlediğimde aklımda kalmıştı çok etkilendim canım ne zaman sıkılsa oturup tıtanığı seyredıyorum muhtesem bır fılm dıyecek baska soz yok.;Positive
bu filme ben 4 sene boyunca aşıığıydım ama bir gün bi kanalda titanic bi kanalda rocky vardı rocky i izledim pişmanda olmadım titanicten soğudum ama rocky aşığı oldum srtık;Positive
Bu film için kötü diebilen var mı yaa !;Positive
İnsan bi durur düşünür bu kadar güzel bi film daha önce herhangi bi şekilde yapılmış mı bi bakarrr.;Positive
. benim favorim 10/10 ama verebilseydim 10/1000 de verirdim ve tabiiki favorim.;Positive
NOT: Bu film dünya çapında en çok izlenilen film ünvanını da elinde bulunduruyor + 11 tane Oscar Anlayan anladı.;Positive
Leonardo DiCaprio Hariç Diğer tüm oyuncular(Kurgu seneryo vs)herşey mükemmeldi.;Positive
Bence 10/10 numaralık bir film.;Positive
baştan sona gözümü kırpmadan seyrettiğim ve sonundada gözerimin dolduğu ender filmlerden birisi.;Positive
kısaca başyapıt;Positive
Bence filmde iki kişinin hızlı gelişen yasak aşkı değilde değişik yaşam kesitlerinin buluştuğu bir deniz faciası işlenseydi daha edebi bir yapıt olabilirdi.;Neutral
Hayatımda belki onbinlerce film izlemişimdir ama aradan geçen bunca zamana kadar hiç sıkılmadan seyrettiğim hala ilk günkü kadar zevk aldığım her sahneyi büyük bir heyecanla izlediğim ilk ve sanırım da son film olacak.;Positive
Tek kelimeyle mükemmel bir filmdi.;Positive
k@re@sdum@nbence kötü bir yapım leonardo dı caprıo büyümüşte küçülmüş sanki;Negative
film için herhangi bir övgü yazmaya gerek yok.;Neutral
sadece sinema izleyicisiyim diyen birinin izleMEdim demesinin ayıp!;Neutral
sayılacağı bir film demek istiyorum o kadar.;Positive
Aslında nerden başlayacağımı bilmiyorum.;Neutral
Bir film için 3 gün üst üste sinemaya gidilir mi?;Neutral
bilmem ama ben gittim.;Neutral
Ben hiç bir zaman hiç bir şeye en yüksek notu vermem.;Neutral
çünkü daha iyisi yapılabilir.;Neutral
TİTANİC e 9 puan verdim bu puanı çok az film e vermişimdir.;Neutral
kısacası TİTANİC bu güne kadar izlediğim en güzel film.;Positive
Belki daha güzeli de yapılır ama TİTANİC in yeri her zaman ayrı olacak.;Positive
Titanic'in hala kırılamayan rekorlarını bi kez daha hatırlatayım :;Positive
Tüm dünyada gelmiş geçmiş en fazla hasılat yaoan film :;Neutral
1 835 300 000$Türkiye'de en çok izlenen yabancı film :;Neutral
"""144 haftada toplam 2 823 610 kişi""""""";Neutral
gayet güzel bir film.;Positive
arkadaşlar biz bir anket yaptık dünyanın en güzel kadını kim diye ve kim olabilir tabi ki kate winslet;Positive
gerek muzikleriyle gerk oyunculuklarıyla süper olmus 10/10 haytmda gorduklermn arasında dram olark 1 numardadir;Positive
"""1 5 milyon dolar değil tabiki 1.5 milyar dolar olcak aşağıdaki yorumda.:)""""""";Neutral
Karayip Korsanları 3 Titanic'i geçecek diyolar.;Neutral
Hiç sanmıyorum.;Neutral
1 5 milyon dolar yapar ve ikinciliğe oturur bence.;Neutral
Var mı Titanic'i geçecek film yaw!:);Neutral
Yaptığı gişeyi sonuna kadar hak eden beyazperde.;Positive
com'un da dediği gibi tam bir zaman makinası.;Neutral
Bir film bu kadar mı gerçekçi olur!;Positive
Bu filmi bi izleyen pişman bi de izlemeyen.;Neutral
"""O kadar! :)""""""";Neutral
olağanüstü bir film.;Positive
bence bu filme bu puan çok az kalmış.;Neutral
Hayatımda izlediim en etkileyici filmlerden biri 10/10;Positive
bu filimi hiç unutmayacaım .;Positive
ilk geldiinde gitmiştim o zmnlar daha çocuktum hey gidi günler hey bee ne süper bi filmdi leonardo kate hepsi birer yetenek.;Positive
keşke ölmeseydi jack en sonunda onu hatırlayınca çok üzülüyorum ve kendimi geminin içinde hissediyorum;Neutral
izlediğim en dokunaklı aşk filmlerinden biriydi.;Positive
.bir aşk için kendi cdanını hiçe sayan bir aşığın ve sevdiğinin ölümüyle hayatı boyunca yatağında uyurken ölmeyi bekleyen bir kadının hikayesi.;Neutral
.batan bir gemiyle birlikte yok olan mutluluk.;Neutral
.tüm çarpıcılığıyla olağanüstü.;Positive
. yağmurlu bir günde sinema sinema dolaşıp köşede sandalye üstünde izlediğim bir film.;Neutral
gelmiş geçmiş en mükemmel film bence;Positive
97 yılının en iyi filmi.;Positive
dünyanın en güzel filmi hiç kuşkusuz ki titanik;Positive
ah!ne güzel bir filmdi Allah'ım;Positive
''--Isminizi alabilir miyim bayan?;Positive
-- Dawson Rose Dawson'' Batan Titanik'tan sag kalan yocularl New York'a ula$tlran Carpathia gemisinde bir kimlik gorevlisinin Kate Winslet'le bu diyalogunu dinlerken hepimiz bu e$siz sadakat ornegi kar$lslnda gururlanml$ hatta gozya$larlmlzl tutamaml$tlk.;Neutral
Harcanan butcesinden ziyade Titanik' i efsane yapan en onemli $ey seyircinin filme hak ettigi degeri geregince vermi$ olmaslydl.;Positive
Neticede tum zamanlarln dunya caplnda en fazla hasllat elde eden fimi oldu Titanik.;Positive
Tarifini yapmaya kelimeler yetmeyecek ama asll ba$arlnln kurguda ve hikayenin i$leyi$inde yani James Cameron' da oldugu malumunuz.;Positive
Ne kadar $ansllylz ki ebediyete kadar 7.sanat var oldugu muddetce hatlrlanacak bu efsaneye sinemada veya t.v.de tanlk olmu$uz bizler.;Positive
Bu nesil ya$landlglnda yeni neslin gencligi bir gun bir $ekilde bu kritige rastlarsa duygusal turun bu en degerli ba$yapltlnl kaclrmamall.;Positive
Yüzyılımızın başları?;Neutral
Ademoğlunun doğa üzerindeki egemenliğinin göstergesi insan elinden çıkmış en büyük ve en gösterişli yüzen araç olan Titanic yola koyuldu.;Positive
Batmaz sarsılmaz denilen bu büyük lüks yolcu gemisinde yolculuk yapmak 20. Yüzyılın muhteşem bir rüyasıydı.;Positive
Ancak bu büyük rüya sadece 4.5 gün serecek ve anısını bir sonraki yüzyıla bile taşıyacak büyüklükte bir kabusa dönüşecekti.;Negative
İşte bugün bile heyecan uyandıran bu acı ancak bir o kadar da sinematografik felaket hikayesini bu kez James Cameron'un yönetiminde ve sinema tarihinin gördüğü en büyük bütçeyle gerçekleştirilmiş son versiyonuyla izliyoruz.;Neutral
Geminin ilk ve son yolculuğuyla örtüşen kısa soluklu ama ölümsüz bir aşk öyküsüne yer veren Cameron Titanic kadar büyük bir aşk öyküsü merkez alarak bu bildik felaketi farklı bir tarzda anlatmak istemiş.;Neutral
Aşıklar ise son dönemde yükselen yetenekli genç oyuncular kuşağının öne çıkan isimlerinden Kate Winslet ve Leonardo Di Caprio.;Positive
1998'de 14 dalda Oscar adayı olan Titanic 11 dalda heykelcik kazandı.;Positive
Tarihteki en iyi film bana göre;Positive
ya ben açıkçası titaniği çok seviyorum bence çok güzel bir film ama biyerlerden duydum sayidende ikisi çıkçakmı filmin çok merak ediyorum lütfen böyle bir film varsa bana mesaj atın sevgilerle;Positive
Bunun üstüne niceleri yapıldı taklit edildi ama yanından geçemediler hayatımın ilk 10 filmi arasında.;Positive
ben bu filmmi çok seviyorum çok romantik bir film ve aşk dolu;Positive
bence hayatım da izlediğim en mukemmel film bu leanordo dicaprio gerçekten bu filmle kedini kanıtladı kate winslet ise gerçekten mükemmel bi oyuncu olduğu nu bir kez daha kanıtladı bu filmde kate winslet yerinebi başkası olsa bukadar güzel olmazdı bence çünkü bi insan bukadar gerçekçi mi oynar gerçekten süper bi film;Positive
gerçek bir baş yapıt titanic.;Positive
..aldığı 11 oscarın hakettiğinin altında bile olduğu söylenebilir.;Positive
..en ufak ayrıntısı bile kaçırılmadan çekilen özenli sahneleriyle ve sizi alıp titanic'in güvertesine götüren harika müzikleriyle başarısı tekrarlanamayacak bir ekol.;Positive
aşk filmi denince akla ilk gelen film unutulmaz ve müthiş bir eser.;Positive
eskimeyen efsane film;Positive
bir film 24-25 kez üst üste izleniyorsa bu filmde olağanüstü bir şeyler olması lazım.;Positive
film dünyanın en büyük havuzunda çekilmiş ancak okyanus sahneleri o kadar ustalıkla hazırlanmış ki size okyanusun yalnızlığını ve ürkütücü yönünü harika bir şekilde veriyor.;Positive
titanicin yerini hollywood'da başka bir yapıtın alması imkansız.;Positive
bu film süper tam arşivlik film belki 100 kere seyrettim;Positive
dünya sinema tarihinin en iyi yapıtlarından olan titanic gibi bir filmin bu puanı alması çok ilginç.;Positive
her izlememde ayrı bir tad aldığım artık klasik olmuş bir eser.;Positive
bu film insanoğlu varoldukça herzaman hatırlanacaktır.;Positive
bence son 15 yılın en iyi filmlerinden biri.;Positive
..sayısız kez seyrettim her defasındada duygu yoğunluğum son safhaya geldi.;Positive
..seyretmeyen kalmamıştır eminim ama bu film bir başyapıt bence yüzlerce kez seyredilse her defasında ayrı bir haz veriyor.;Positive
bir film bu kadar güzel olamaz yaa.;Positive
tbrikler;Positive
Aşk Filmi denildiğinde akla ilk gelen film;Positive
Bu kadar abartmaya gerek yok.;Negative
Gerçek sinemasever kendi favorisini bilir neyin iyi neyin kötü olduğunu bilir!;Neutral
Bu film ne iyi ne kötü bana sorarsanız.;Neutral
Bu filmde beni sıkan etkilemeyen boşluklar var.;Negative
. Anlamsız ancak bilerek yapılmış gibi yanlışlar var.;Negative
""".. Bu filme yıllar önce 7 vermişim şimdi düşünüyorum da ne çok puan vermişim.!""""""";Negative
ya walla millet bu film i ekranlara koymaktan bıktı ben izlemekten bıkmadım.;Positive
izle izle insan hiç sıklımıyor ne diyebirimki gerçekten hLL olsun;Positive
gözyaşlarıma hakim olmadıım nadir fılmlerden bi tanesi.;Positive
..inanılmaz bi aşk hikayesi :(;Positive
ayrıca''tum zamanlrın en kötu fılmı''gıbı bı kategorıde yer almayı hak ettiini hıc dusunmuorum!;Neutral
duygusal film denınce akla ilk bu gelıyor izleyın anlarsınız tum ödullerı topladı zaten bu yuzden favorı fılmım bu benim miillet;Positive
gelmiş geçmiş en iyi film en iyi yapıt hiç bir film titanic gibi olmazzzz!;Positive
grcktn muhtesm bi film ne kdr ısledıgımı htrlamıorum hr defasnda sıklmadn sonunu bılmıomus gby ıslıorum benı ck etkıledıı eer ızlemedysenz buyuk kayıp dıebılırım.;Positive
mükemmel.;Positive
sakın kaçırmayın.;Positive
bence gayett iyi ve etkileyeci bir filmmmdii.;Positive
bu film kadar güzel bir aşk romantik film yapılmadı.;Positive
sinemada 2 kere izledim.;Neutral
tvde her oynayışında sıkılmadan yine izliyorum sayısını hatırlamıyorum.;Positive
bence bir baş yapıt.;Positive
çok hüzünlü izle izle ağla.;Neutral
arkadaşlar bence bu film 10 değil 110 u hakettmiyormu bi daha böyle film gelmez;Positive
benim şimdiye kadar izlediğim en iyi aşk filmi diyebilirim;Positive
"""super bir film 20 kere izlemisimdir muthis""""""";Positive
Titanic beni sinemayla buluşturan filmdi.;Neutral
İzlediğimde 10 yaşındaydım.;Neutral
7 8 defa izlemişimdir.;Neutral
Her izlediğimde de beni şimdiki programlanmış hayatımdan o günlere geri götürüyor.;Neutral
Muhteşem bir film ve kesinlikle bir başyapıt.;Positive
bu filmi her seyrettiğimde daha da çok beğeniyorum oyuncuları müziği geminin batış sahnesi ve diğer bütün sahneler harikaydı ve çok gerçekçiydi oyuncular da rollere çok uymuşlar tek kelime ile muhteşemmmm.;Positive
super bir yapım :);Positive
Titanic dünyada gördüğüm en güzel aşk filmi.;Positive
Böylesini daha önce görmedim.;Positive
Yada çok etkilendiğim için.;Neutral
Çoğu aşığın yapamayacağı kadar fedakarlık dolu bir film.;Positive
Sadece aşk kokan bir film.;Positive
Öldüresiye bir güce sahip bir aşk ancak bu kadar güzel anlatılabilirdi.;Positive
Aşk bazen kaybetmeyide gerektiriyormuş.;Neutral
Hayatta kalabilmek için hayalde yetebiliyormuş.;Neutral
Jack'in Rose'a anlattığı hayalleriydi belki de Rose'u ayakta tutan.;Neutral
Aşk hayal fedakarlık hayatın içiinde ölüm hüznün içindeki gizli mutluluk karanlığın içindeki ışık TİTANİC.;Neutral
hayatımda yüzlerce film izledim ama hiç bir film beni bukadar etkilemedi tek kelimeyle muhteşem bi film ilk izlediğimde haftalarca etkisinden kurtulamamıştım.;Positive
tek kelimeyle muhteşem.;Positive
tek kelimeyle süper ne zaman izlesem ağlıyorum yaaaa.;Positive
bu filmmi izledikçe öyle bir aşk yaşayımda öliyim diyorum ya böle bi aşk olurmu ya kafayı yiyicem yaaaaaaaaaaa bende aşk istiyom ama öle aşk yaaaaaaaaaa;Positive
ya çok güzel bir aşk filmmi ben ağlaya ağlaya kafayı yedim zaten müziği yeter be insanı duygusallaştırmaya bunun üstüne tanımıyorum aşk filmmi müthiş ya of böle aşklar varmı be şu zamanda;Positive
mükemmel ötesi.;Positive
tek kelime muhteşem :);Positive
mükemmel bir film.;Positive
duygusu olan bir insanın gözleri dolması yada ağlamaması imkansız.;Neutral
Emeği geçen herkese çok çok teşekkür etmek lazım başta büyük usta james cameron a.;Positive
Bu filmle Titanik versiyon filmlerine nokta konmuştur.;Neutral
Birdaha bu olayla ilgili kimse film çekemez.;Neutral
Muhteşem gerçekten herşeyiyle müziğiyle kostümleriyle kamera ve efekt teknikleriyle sinema tarihine damga vurmuştur.;Positive
Dünyanın en güzel filmi bence 3 saat boyunca insanı kitliyor mükemmel bi film o anı aynen yaşatıyor.;Positive
Film budur bence ayda 1 kere izlenmeli ben 5 kere izledim 100 kere daha izlicem.;Positive
Aşk-Gerilim-Dram herşey var 10 puan böle film zor yaparlar artık.;Positive
Ne söylesem yetmez.;Positive
Az önce yine izledim.;Neutral
Boğazım yanmaktan kurudu bitti.;Neutral
Bu film izlemeyen yoktur ama izlemeyen mutlaka izlemeli.;Positive
her zaman bir numarasın titanik;Positive
tek kelime:;Neutral
B A Ş Y A P I T .;Positive
hanginiz dünyadaki en iyi filmleri konusurken bu filmi es geciyonuz ki.;Positive
şimdiye kadar kim bilir kaç kere izlemişimdir ama yine de görünce dayanamaz izlerim.;Positive
kesinlikle herkesin izlemesi gereken bi film.;Positive
hiç eskimeyen bi klasik bence;Positive
duygusal bir film olarak bence harika bir filmdi tek kelimeykle;Positive
James Cameron'un filmleri işte:;Neutral
Aşırı Mükemmel.;Positive
..Bu adamın yönettiği filmler kendi kulvarında bir numara.;Positive
Bu film de öyle.;Neutral
Filmin sonunda ağlamayanlar kendine başka bir dünya arasın derim :D.;Positive
Tek kelimeyle Muhteşemdi.;Positive
ne yapsam ne etsem bu filme karsı duydugum gercek hisleri anlatamam heralde.;Neutral
"""..her izlediğimde bana """"""""aşk kalmamış bu dünyada"""""""" ve """"""""böyle birşey yaşasaydım da sonunda ben de ölseydim"""""""" dedirten bir film.""";Neutral
..gerçektende bir başyapıt önüne geçen bir film olur mu onu bilemem ama benim düşüncem olmayacağı yönünde hani olursa da fena olmaz ama:);Positive
kim unutablir ki bu filmi yada kim beğenmez hem aşkı hem ölümü çok ii anlatan bi film her defasında ağlatan mükemmel bi film.;Positive
filmin başlarında pek bir ilgi duymuyorsunuz ama daha sonra film ilerledikçe winslet ve dicaprio nun oyunculuk becerileri sizi filmin içine sürüklüyor ayrıca film müzikleride çok güzel pahalı bir yapım olduğuda gözlerden kaçmasın;Positive
bence dünyadaki en güzel film 10 puan;Positive
herhalde izlemeyen kalmadı bu aşk filmini.;Neutral
o kadar güzel aşkı dillendirmiş ki film her seferinde ağlamaktan kendimi alamıyorum.;Positive
yok böyle aşklar ya kalmamış artık;Neutral
her izlendiğinde seyirci kitlesini ekrana bağlayan harikanın ötesinde bir yapıt senaryosu ve güçlü kadrosuyla çekilmiş bu film tüm zamanların en büyük yaşanmış aşk filmlerinden;Positive
dünyanın en iyi aşk filmi 10 puan;Positive
Çok güzel bir film Çok beğeniyoruz;Positive
dünyanın en güzel filmi titaniktir.;Positive
En kaliteli en mükemmel filimlerden biri.;Positive
Müthiş bi film.;Positive
yani izlediğim en güzel film diyebilirim.;Positive
şimdiye kadar 20 kere falan izlemişimdir her izlediğimde de aynı etkiyi bırakmışır bende.;Positive
kısacası ben bir titanik fanatiğiyim.;Positive
abartmayın lütfen caprio var diye!;Negative
hayatımda izlediğim en kaliteli film.;Positive
..aşığım bu filme (:;Positive
Hala izlerken gözlerim doluyor.;Neutral
Gerçekten bu film üstüne yapıt tanımıyorum kim ne derse desin sinema tarihinin en iyi filmidir;Positive
tüm zamanların en iyi degil ama en popüler filmi desek yalan olmaz bazı saçma yönleri var ama bu çok güzel bir film oldugunu degiştirmez tv verilsin yine izlerim bu filmi;Positive
çok güzelden daha güzel.;Positive
titanic tüm zamanların bir numarası aslında yoruma bile gerek yok;Positive
süpppeerrrrr bii filmmdi benceeeeee çok beğenerek ve bi saniye bile gözümü ayırmadan izledim herkese tavsiye ederim bu o kdr gsl bi film ki yapıldığı 10 sene olmasına rağmen hala dillerden düşşmüyorr;Positive
bence titanic süperin daha da ötesinde bir film harika bir senaryoo!;Positive
hayatımda izlediğim en iyi aşk filmi diyebiliriz filmi hiç kaçırmadan saniye saniye izledim ve çooook beendimm bu filmi geçebilecek bir film olamaz diye düşünüyorum en azından şu anlık;Positive
Guzel bi romantilk film.;Positive
Gercekten etkileyici bi yapit ama sadece bir kez izlenebilir.;Positive
işte gerçek aşk flimi yorum yazmaya gerek bile yok ama.;Positive
süper olağanüstü ne denilebilir ki.;Positive
fünyada gelmiş geçmiş en güzel filmm bilmiyorum bundan daha iyisii yapılabilir mi;Positive
"""işte aşk budur detirtecek bi film aşkı anlatımı süper olduğu gibi diğer bütün olayları ve duyguları anlatımıda mükemmeldi bence dicaprio nun oynadığı karakterede bayıldım defalarca izlenebilecek bir film""""""";Positive
film tek kelimeyle muhteşem ama güzel olduğu kadar saçma yanları da var .;Neutral
örneğin 3. sınıf yerindeki dicaprionun 1.sınıftaki insanların yanlarına rahatça girmesi anlamsız vb şeyler ama film kesinlikle görülmeye değer.;Positive
sinema tarihinin benim gözümde en iyi 2. filmi :);Positive
işte bir başyapıt daha.;Positive
zaten bi cesur yüreğe bide bu filme hastayım.;Positive
oyuncular ve çekim açıları kendine hayran bırakıyo.;Positive
bir aşk hikayesi bukadar güzel anlatılabilir.;Positive
filmde jack ten için ( ona bakabileceğim bir fotoğrafı dahi yok ) dediği sahnede kendimi tutamayıp ağlamıştım.;Neutral
kusursuz bir film 10;Positive
bu filmi kaç kere izlediimi hatırlamıorum ve hala izliorumm çok ma çok güzel bir film;Positive
etkisinden hiçbirşey kaybetmeyen ve uzun yıllar daha hafızalardan silinmeyecek tek film;Positive
işte class filmdiye buna derim ben şöyle filmleri anca 1-2 yılda bi izliyozzzzz ne yapaylım süper ötesi tebrikler.;Positive
every night in my dreamsı sea you ı feel you that is how ı know you go on.;Neutral
....hikayesiyle oyuncularıyla şarkısıyla ve geminin burnundaki öpüşme sahnesiyle mükemmel bir film.;Positive
..gelmiş geçmiş en başarılı ve en güzel film.;Positive
...bir numara.;Positive
..10 üzerinden 1000.;Neutral
Tek kelimeyle muhteşem bir film.;Positive
Titanic gibi bir filmin daha çekileceğine inanmıyorum.;Neutral
İllaki çekilir ama bu kadar etkilemez diye düşünüyorum.;Neutral
Keşke biz 1.sınıftayken girmeseydi vizyona.;Neutral
Sinemada izlemiyo çok istedim.;Neutral
Ama yirmiye yakın izledim sanırsam.;Neutral
Hatta bir isteğim var.;Neutral
Tekrar vizyona konsa çok iyi olur.;Positive
Ve bence herkes bunu ister.;Positive
Bence son derece vasat bir film olmus.;Neutral
"""..filmin ilk yarisinda """"""""zengin kiz-fakir erkek"""""""" sacmaligiyla tam tamina 1 5 saat kaybediyor seyirci.""";Negative
..Ondan sonra geminin batma sahnesi bence tam bi hayal kirikligi.;Negative
..Bu filme o kadar oscar nasil verilmis hayret dogrusu.;Negative
titanik hayatımda izlediğim en güzel aşk filmi gerçek aşk.;Positive
bir flim bukadar guzel olur demek az kalır ben bu flim i okadar begendım kı saniyesi saniyesine ezberledim bu flim askı temsıl ediyor ben bu flim i yapanlara cok tessekkur ederım;Positive
inanılmaz derecede güzel bir film;Positive
bu filmi 4 yaşımdan beri izliyorum o zamanlar ne olduğunu anlamayrak bakıyodum ama şimdi hayranlıkla izliyorum ve hiç bıkmıyorum haftada iki kez izliyorum en az oda artık ezberledim en sevdiğim film.;Positive
"""1 1 1 numara unutulmaz bir film aşkı en güzel şekilde anlatıyor bazıları buna katılmasa bile """"""";Positive
bu bir filmden çok öte benim için bir efsane;Positive
bence tıtanıc hayatımda izlediğim en ama en güzel flim defalarca izledim ve defalarca izlerim tıtanıcı ve leonardo dı caprio yu ççççççççççççoooooooooooooooooooooooook seviyorum onun bir numaralı hayranıyım;Positive
kaç kez izlediğimin sayısı yok diyebilirim tek söyleyeceğim çooookk güzel gerçekten.;Positive
izleyince bir hoş oldum.;Positive
geniş alana yayılan bir senaryonun tek bir yerde sevgide birleşmesi hele birde öyle bir durumda.;Positive
tek kelime güzel olmuş.;Positive
sonunda agladığım ilk ve tek film.;Neutral
..gerçek bir aşk.;Positive
..sınıf farkı kırılıo.;Neutral
dört dörtlük bir yapım sonunda insan çok duygulanıyor ne de olsa gerçek bir hikaye kate winslet harika oynuyor 10/10;Positive
2007 ye geldik hala daha kendine yorum yazdirabiliyorsa hemde hala izleyenler varda etkisi altina girip hemen ikinci yorumunu yazmaya calisiyorsa iste bu film gerçekten ölümsüzdür demektir.;Positive
bu filmin hayatimda cok önemli yerleri var.;Positive
"""her zaman benim """"""""first lady""""""""imsin titanic.""";Neutral
titanic hayatımda izlediğim en güzel film o kadar çok izledim ki sayısını bile bilmiyorum fakat yinede her izleyişimde ilk izlediğim zaman ki duyguları tekrar tekrar yaşıyorumherkese tavsiye ederim;Positive
Muhtesem bir film söyleyecek baska söz bulamiyorum;Positive
"""harika bir film 4 kez izledim """"""";Positive
bu film ve şarkısı çok güzel gerçekçi yapmışlar süper;Positive
böyle bi film kolay kolay gelmez bu ne kadar gerçekcilik 1997 yılının en iyi filmi tebrikler teşekkürler :);Positive
olaganüstü bi film herkesin arşivinde olması lazım izlediim en güzel ilk 3 film arasında;Positive
izlediğim en iyi film bence notu eksik hak ettiği not ise 10'dur.;Positive
bu filmi sinemada izlemiştim ve film rüyalarıma girmişti kendimi rüyamda o gemide gördüm.;Positive
artık yorumumu anlamısınızdır:D;Neutral
100 kere izlemem için önüme koysalar 100 de de bıkmadan izleyebileceğim nadir filmlerin en başında gelir!;Positive
aşka inanmak için daha iyi bir neden gösterin.;Neutral
bulamazsınız.;Neutral
Ben Bu Filmi Daha Yeni İzledim Keşke Daha Yeni İzlemeseymişim Bu Filmi Bu zamana Kadar Nası İzlememişim anlamıyorum tek kelimeyle harika bir film;Positive
en begendigim filmlerden bir tanesi.;Positive
tek kelimeyle harika benim için bir klasik bunları bir sinema tutkunu olarak söylüyorum;Positive
baş yapıt.;Positive
cok güzel bir film hele 97 filmiyse harika;Positive
tammmm 10 kez izledimm ve bir 10 kez daha izleyebilirm aynı heycanla:);Positive
bole bir basyapıt nasıl 8.9 puan alır anlamıyorum.;Positive
hayatımda izledigim en güzel 3 filmden birisi.;Positive
10 puanı bu filme vermiceksinde hangi filme verceksin?;Positive
kesinlikle muhteşem bu filmi beğenmeyen yoktur heralde.;Positive
hayatımda izledigim en mükemmel filmdir ve her izledigimde hiç izlememiş gibi heyecanlanırım muhteşem bi film;Positive
ben daha 13 yasındayımama genede titanik hastasıyım titanike tapıyorum leonardoya ve kate ye tapıyorum.;Positive
kim ne derse desin en güzel filmlerin başında geliyo.;Positive
harika ve muhteşem:);Positive
çok fazla söze gerek varmı bilmiorum.;Neutral
bence her sinema sever bu filmi mutlaka izlemeli:));Positive
ama bu televizyonlarda cıktığı zamanlarda hic kacırmam;Positive
izlediğim en güzel ve en romantik filmdi.;Positive
Herkes en az bir kere izlemeli(ki ben defalarca izledim)Leonardo ve Kate bu film için yaratılmışlar.;Positive
her izleyişimde ağlıyorum.;Neutral
unutulmaması gereken bir başyapıt.;Positive
Birde Leonardo DiCaprio'yu ve Kate Winslet'ı tebrik etmek gerek.;Positive
Her ikiside Titanic'de rollerinin gereğinden çok ii yapmışlar.;Positive
Şu anda ikiside Türkiye'de olsa imza almak için giderdim :);Positive
ben bu filmin üstüne başka film tanımıyorum belki 45 defa izledim ama hala izlerim doyamıyorum izlemeyeher sahnesinde sanki ilk defa izliyormuş gibi heyecanlanıyorum şuan 2inci yoldaymış sabırsızlıkla onu bekliyorum bence titanik hayatımın tek filmi olarak kalacak;Positive
DÜnya üzerinde hiçbir şey Titanic'in destansı hikayesi ve nefeskesici ihtişamı geçemez.;Positive
En iyi film dahil olmak üzere 11 Akademi Ödülü sahip olan bu aşk hikayesi dünyadaki tüm sinema severlerin kalbine girdi ve tüm zamanların en popüler sinema filmi oldu.;Positive
Uluslararası süperstar Leonardo DiCaprio ve Oscar adayı Kate Winslet ekranı sosyal sınıfların ayırdığı ama kaderlerinde birbirlerine'batması mümkün olmayan'R.M.S Titanic'de bulmak olan Jack ve Rose rolleriyle aydınlatıyorlar.;Positive
AMa kötü bir sona mahkum olan bu lüks gemi soğuk Kuzey ATlantik'te bir buzdağına çarpınca onların tutkulu aşkı heyecanlı bir yaşam savaşına dönüşüyor.;Neutral
Bu yüzden Titanic bana göre yeryüzünün gelmiş geçmiş en iyi filmidir asla unutulmayacak olandır ve daima kalbimizde barınacaktır sevenlerinin kalbinde.;Positive
Puanda biraz abartı havası var.;Negative
..Genede bulabilirsem bir izleyeceğim.;Neutral
ya bazı filmler yeni eklendiğinde böyle yüksek puanla başlıyor sonradan gerçek puanına düşer;Negative
valla bende anlamadım filmi daha hiç seyretmedim ama bu kadar puan alması şaşırtıcı araştırıcam;Negative
Bu filmi izlemeden bir de ımdb den baktım 1237 oydan 7.0 puan almış;Neutral
başka sitelerde 7 civarı oy almış bu film kimler bu filme 10 verdi merak ediyorum izleyen varsa yorum yapsın lütfen;Negative
9.6 puanlık bi filme kimse neden yorum yazmıyor anlamıyorum kim verdi bu filme bu puanları kardeşim ben filmi izlemedin ama meraklandım bakalım neyin nesiymiş film;Neutral
nedir bu film acaba ya nasıl bu kadar oy alır;Negative
Sadece müziği için bile izlenir.;Positive
Eğer siz de Stendhal sendromu yaşama gerginliğini duyuyorsanız ayrı bir zevk alacaksınız.;Positive
Film her Dario Argento filmi gibi mantık hataları içeriyor ama kime ne.;Negative
Rüya gibi başlayıp aynen öyle bitiyor.;Positive
Mekan ve renk kullanımı harika.;Positive
İzleyin beğendiniz mi rahatsız mı oldunuz anlamayacaksınız.;Neutral
Dario usta siyah eldiveniyle size dokunacak.;Neutral
kardeşim korku filmi seviyorum diye benim için eve aldığı gereksiz bir film ben çok sıkılarak izlemiştim.;Negative
Dario Argento'nun kendine has yönetmenliği bu filmde de ortaya çıkmış.;Neutral
Yakın çekimlere dikkat ederseniz Tarantino'nun Kill Bill'inde ki bazı sahnelerin bu filmden alıntı olduğunu görebilirsiniz.;Neutral
Özellikle kurşun sahnesi.;Neutral
..Zaten kendisi de Dario Argento'ya olan hayranlığını her fırsatta dile getiriyor.;Neutral
Filmi sinemada izlediğimde bütün olayların ilk yarıda çözülüp sonuçlandığını görmüş ikinci yarıda ise nasıl devam edeceğini merak eder olmuştum.;Neutral
Bence filmin en güzel taraflarından biri bu.;Positive
Konusu ve psikolojik yönleriyle izleyici etkisi altına alan sağlam bir film.;Positive
Argento'nun son dönem yaptığı filmler arasında en başarılısı diyebilirim.;Positive
Umarım böyle filmler çekmeye devam eder.;Positive
Dario Argento'suz bir sinema düşünemiyorum.;Positive
sürükleyici bir gerilim oldugu su götürmez bir gerçek.;Positive
aynı zamanda 96 yapımı olan bu filmden daha sonra etkilenildiği de görünüyor.;Neutral
özgün teknikler mevcut.;Neutral
argento'nun sanırım en iyi filmi budur.;Positive
bu filmi nerden bulacaz çok merak ediyom cd si varmı;Neutral
Filmin iyi bir gerilim olmasının yanı sıra alakasız gibi görünen yerlerde Argento' nun kullandığı animasyon tekniklerini çok beğendim.;Positive
İzlerken kesinlikle tedirgin olabileceğiniz bir film.;Neutral
film güzel yavaş yavaş artan tempo iyiydi daha iyi olabilirdi diyebiliriz ama idare eder güzel oyuncularla birlikte iyi gitti;Positive
2001 uzay macerası tadında bir filim yapmaya çalışmış başlangıcı kötü ama filim ilerledikçe gerilimi artan bir temposu olmasına rağmen yinede istenilen sürükleyiciliği ve merakı veremiyor müzikler yetersiz eğer bu tarzda gerici bir filim izlemek istiyorsanız solarisi izlemenizi tavsiye ederim;Positive
filmi beğenmedim değil aslında ama çok daha iileri var bu tarzda.;Neutral
özellikle the abyss filmi bu filme nazaran çok daha kaliteli ve kurgusu açısından sürükleyici;Negative
Çok saçma bir film!;Negative
bu kadrodan böyle kötü bir film çıkması çok şaşırtıcı.;Negative
Film boyunca sonunda ne olacak diye bekliyorsun sonu ise o kadar saçmaki izlemek için harcadığın zamana acıyorsun.;Negative
izLe we unut.;Negative
temposu ve gizemi yavaş yavaş artan film olan küre güzel bir bilimkurgu.;Positive
..oyuncular kaliteli.;Positive
..izlenir..;Neutral
.sıkılmadan izlenir.;Positive
iyi film.;Positive
özellikle tecrübeli oyuncuların olması filmi izlenir kılıyor.;Positive
Barry Levinson filmografisi içinde oldukça ilginç bir çalışma Sphere.;Positive
Başları sıkıcı olsa da ortalarından itibaren -oyunculukların da etkisiyle- akıcı ve ilgi çekici olmaya başlıyor.;Positive
En az bir kere izlenmeli.;Positive
Bilim kurgu olarak oldukça başarılı hatta bu türe bir de psikolojik gerilim de eklenince süper olmuş.;Positive
Tavsiye edilebilir.;Positive
Düşük puana aldanıp da (hani burdan puan bakınarak izleyenler için söylüyorum) filmi izlememzlik etmeyin.;Positive
İnanın son derece güzel bir yapım.;Positive
Kurgu senaryo hele de Dustin Hoffman Sharon Stone Samuel L. Jackson'un oyunculukları biir harika.;Positive
bence de başarılı bir bilimkurgu ki ben bilimkurgu çok fazla izlemem.;Positive
çekimler güzel.;Positive
Kurgusu ve Ana fikri ile (ana fikir filmin sonunda veriliyor) çok güzel bir eser ortaya koymuşlar.;Positive
Filmin geçtiği ortamın konu ile bütünleşmiş olarak gerilimi arttırması ve buna ek olarak çaresizlik duygusunun iyice körüklenmesi filme ayrı bir hava katmış.;Neutral
Mantık düzeyi de gayet iyi.;Positive
Tabii ki ben ana fikri hepsinden daha cok beğendim lakin baş rol oyuncularının da performanslarının filmi ateşlediğini söylemeden geçemiyeceğim.;Positive
Özellikle sakin kafa ile izlenmesi gereken bir filim.;Neutral
bu film tambir beyin fırtınası tavsiye ederim;Positive
jurassic Park'ın usta yazarı Michael Crichton'un romanından Küre.;Neutral
İyi bir film ama sonun bu kadar basit bitmesine bir anlam veremedim doğrusu.;Neutral
Aslında iyi oyunculuklarla örülü gizemli ve gerilim dolu bir hikayesi var filmin.;Positive
En korkunç kabuslarınızın korkularınızın gerçekleşmesiyle ilgi.;Neutral
Klostrofobik bir ortamda geçtiği için de gerilimin yer yer tırmandığı sahnelere şahit oluyoruz.;Neutral
Yine de izlenmeli diyorum ama yazarına ve yıldız oyuncularına kanıp fazla bir şey beklemeden.;Positive
Ha unutmadan Jules Verne'nin Deniz Altında 20 bin Fersah romanına da göndermeler yapılmış.;Neutral
Ya Konusu Değişik Bir Film Ekipte Güzel Ama Filmin Konusu Biraz Eksik Kalmış Ve De Sonunu Yapamamışlar Genede;Neutral
çok sıradışı bir film.;Neutral
filmde birkaç sahne beni çok etkilemişti.;Neutral
güzel bır fılm konu olarak farklı geldı tv deızledım guzl ya;Positive
bilim kurgu filmlerini izlerken sıkılmama rağmen hiç sıkılmadım film boyunca.;Positive
..cünkü klasik bir bilimkurgu olmaktan sıyrılmış.;Neutral
cok farklı bir konu.;Neutral
sharon stone'a değinmeden gecmek olmaz.;Neutral
oda çok başarılı bir performansla izleyici karşısına çıkmış.;Positive
bence bilim kurguculurın listelerine eklemesi gereken bir film.;Positive
michael crichton ın en iyi yapıtlarından.;Positive
bana kalırsa oyunculuklar yeterli seviyede.;Positive
kitaptaki gerilim izleyene yansıtılabilmiş.;Neutral
Bir bilimkurgu sever için yeterli bir film.;Positive
bana kalırsa film harikaydı.;Positive
özellikle deniz anası saldırısı kısmı beni etkilemişti.;Positive
samuel l jacksının okuduğu denizler altında 20000 fersah kısmıda ilgi çekici.;Positive
filmin sonu sadece beni hayal kırıklıgına uğrattı.;Neutral
diğer her kareyi gözüm kapalı izledim.;Neutral
çok güzel bir filmdi filmeki uzay gemisi çok iyiydi içerik olarakta harika bir bilim kurguydu.;Positive
temposu düşük ama güzel film;Positive
bilimkurgu filmlerine göre farkli bir senaryosu var kadro tabiki süper ama yine de bekeledigim tempoda ilerlemiyor film.;Positive
"""bu yüzden tatmin olamadim""""""";Negative
samuel l. jackson olmasaymış daha iyiymiş.;Positive
çok harika olabilirmiş ama maalesef olmamış .;Negative
.. yinede güzel bir film.;Positive
.. çok kere izlemişimdir.;Neutral
Seyircinin ilgisini hep üst seviyede tutmayı başarıyor ama yine de çok tatminkar değil.;Neutral
Benim için hayal kırıklıklarından biriydi.;Neutral
Boş zamanınız varsa.;Neutral
Konusu güzel ama çok da başarılı değil.;Neutral
"""En güzel sahnesi ise Ted'in uzay gemisine girerken """"""""barış için geldik"""""""" """""""" hep bunu söylemek istemişimdir"""""""" demesiydi""""""";Neutral
Walla film için ne demeliyim bilmiyorum!;Neutral
İzlerken sıkılmıyorsunuz ama salondan cıktıgımda '' off canım sıkılıyor bişeyler yapalımmı?;Negative
'2 dediğimi hatılıyorum!;Neutral
Ehh işte öle bi film 2 arada bi derede cinsinden.;Neutral
kitaptaki ortamı yansıtamamışlar.;Negative
vasatın bile altında kalmış.;Negative
mutlaka izleyin derim.;Positive
herkesin ortak fikri sanırım.;Neutral
.kurgu harika.;Positive
.oyuncular çok iyi ama bu filmde performansının tamamının sergileyememiş.;Positive
daha iyi olabilirlerdi.;Neutral
.dediğim gibi izleyin.;Positive
bence güzel bir filmdi.;Positive
oyuncular zaten harika.;Positive
gerçekten klostrofobik bir ortam yaratılmış.;Neutral
deniz altı bir de o yaratıklar fln :);Neutral
tv de yayınlanınca bu türüde seviyorsanız izlemelisiniz :));Positive
film bence daha amatör oyunculara verilseydi belki daha beğenilrid.;Neutral
..ama usta oyunculara gitmemiş.;Negative
ben begendim.;Positive
. kurgusu oyunculukları ve sıradısı sahneleriyle hoş bi filmdi.;Positive
Bence iyi bir yapıt olmuş.;Positive
İzlediğinizde kesinlikle sıkılmayacağınız bir eser.;Positive
Ben bu filme 10 üzerinden 8 puan verdim.;Neutral
Oldukça iyi başlayan ama kısır döngüde devam eden çok iyi olmasada keyifle izlenecek bir film.;Positive
val kilmerın tek işe yarar filmi.;Positive
oda eh işte öyle çokda iyi bir film değil;Negative
Vektörel bir tahkikatı azad eden esanslı telkiniyle müsterih bir rotasyonun izini süren biçimsel bir istihale.;Neutral
süper bi film val kilmer a yakışan bi performans tabi ki bir de elizabeth shue var bence herkes izlemeli;Positive
Gerçekten çok süper bi film.;Positive
Ben izlerken bu kadar çok eğlendiğim bi film daha hatırlamıyorum.;Positive
çok güzel bir film.;Positive
ama niyeyse val kilmer suanda hakettiği yerde değil maalesef.;Negative
bakın filmlerine çok aralıklı çekilmiş.;Neutral
en son dejavuda izledim.;Neutral
bayağı değişmiş.;Neutral
bu film bence hareketli filmlerden hoşlananlar için ideal bir film.;Positive
val kilmer çok iyi oynamış hoş vakit geçireceğinizden şüpheniz olmasın.;Positive
bence tam anlamıyla süper bir film senaryo gelişen sahneler çok iyi.;Positive
sıkılmadan izledim.;Positive
tavsiye ederim.;Positive
Val Kilmer gerçekten iyi bir oyunculuk sergilemiş;Positive
Val Kilmer döktürmüş valla.;Neutral
Çok harika bir yapım olmuş.;Positive
Senaryo da yenilir yutulur cinsten.;Neutral
film gerçektende aşırı ilgi çekici val kilmer in oyunculuk becerisini yabana atmamak lazım elisabeth shue ile adeta birbirlerini tamamlamışlar bence bu iki oyuncuda özellikle val kilmer hakettiği yerde değil;Positive
insanın film izleme beklentilerini karşılayan doyurucu bir film val kilmer'ın oyunculuğu da süper.;Positive
Bu adam daha iyi yerlere gelmeli;Positive
eğer bana hangi karakter olmak isterdiniz gibi bi soru sorulmuş olsa kesinlikle aziz derdim.;Neutral
izlenesi filmlerden bence.;Positive
inanılmaz keyif aldığım bir filmdi.;Positive
.uzun zaman oldu seyredeli;Neutral
Val Kilmer ve Elisabeth Shue bence bu filmde çok iyi bir ikili olmuşlardı.;Positive
Çok beyendiğim ve zevkle izlediğim bir filmdi.;Positive
Televizyondada 1-2 kez izledim ve sinemada aldığım tadı yine aldım.;Positive
Akışı sürükleyiciliği çok tatminkar bir film Aziz.;Positive
Ben özellikle Elisabeth Shue'ya bayıldım.;Positive
Aşık rolünü çok iyi oynuyor.;Positive
Gerçekten aşık olduğunda nasıl oluyordur kimbilir.;Neutral
Macera filmi olarak da gayet iyi.;Positive
val kilmer ın bence en iyi filmi.;Positive
... filmin adının aziz olması da çok isabetli.;Positive
...çok güzel bir aksiyon filmi.;Positive
... filmde gözüme çarpan bir dramatik sahne ise val kilmer ın çocukken kız arkadasının yüksek yerden düşüp ölmesiydi.;Neutral
.. filmi mutlaka izleyin.;Positive
Gerçekten de çok eğlenceli bir filmdi.;Positive
Ama filmde Val Kilmer yerine başka biri oynasaydı bu film bu kadar izlenirmiydi.;Neutral
Filmdeki çoğu sahneyi tahmin edebiliyorsunuz.;Neutral
Klasik ajan casus filmleri gibi ama onlardan daha iyi.;Positive
Yinede izlemeye değer;Positive
bence bu film bir klasiktir.;Neutral
7.9 alması beni gerçekten şaşırttı bu film bence pek çok James Bond filminden daha güzel.;Positive
Film val kilmerin karakterinin yüksek kabiliyetiyle etkiliyor ama pek çok ajan filminin yaptığı gibi çok aşırıya kaçıp yücelterek gerçekçilikten uzaklaştırmıyor.;Neutral
"""Filmin bir güzel yanı da adamın bu kadar """"""""cool"""""""" gözükmesi ve kabiliyetlerini sergilemesiyle kalmıyor diğer ajan filmlerinde olduğu gibi""";Positive
"""Böylesine sıradan bir filmin 8 1 alması ilginç""""""";Positive
val kilmer'ı bir çpk insanın sevme nedeni bu filmdir;Positive
hoş bi film ama azız isimlerini devamlı kullanması o kadar zeki bir insana yakışmadı bence;Neutral
gecen aksam trt de 6.defa her zaman ki gibi bıkmadan izledim!;Positive
Ehh fazla söze gerek yok bu bana göre iyi bir film oldugunu kanıtlıyor!;Positive
val kilmerin en iyi filmi bence mutlaka izlenmeli;Positive
oyuncularıyla konusuyla harika tekrar izlenebilecek bir film;Positive
cok guzel bi filmdi.;Positive
konusuda cok iyiydi.;Positive
val kilmerin oyunculugu harikaydi bence.;Positive
filmin bana kalırsa konusu süper bide oyunuculuklarda iyi olunca ortaya ilginç eğlenceli vede bi o kadar seyirlik bi film çıkmış.;Positive
mükemmel bir filmdi izlemeyenler mutlaka izlemeli;Positive
Filmin başından sonuna kadar heyecan hiç eksik olmuyor çok hareketli bir film .;Positive
..filmde yok yok herşey var aşk duygusallık dram komedi aksiyon macera.;Positive
..izlediğim en iyi filmlerden birisi.;Positive
oyncular harika konu müthiş filmin geçtiği mekanlar iyi .;Positive
..ayrıca bu filme özel bir kişi ile gttiğimden dolayı daha bir anlamlı.;Neutral
Val Kilmer'ın ön plana çıktığı The Doors ve Heat'den sonra yer aldığı en nitelikli yapım.;Positive
Sıkılmadan izlenen bir film.;Positive
vallaha şimdiye kadar izlediğim ve üzerinden 4-5 sens geçmesine rağmen unutamadığım tek film filmde aşk-para- iyilik- kötülük-heyecan-hareket ve bereket var herkesin izlemesini tavsiye ederim özellikle aşıklara hernekadar action filmi gibi gözüksede aslında bu film aşkın imkansızlıklarını sınıyor ve mutlaka herkesin arşivine girmesi gereken bir film benim arşivimin enbaşında çünkü benim için anlamı farklı!;Positive
Val çok iyi.;Positive
Aksiyonda döktürebileceğini ispatlıyor.;Positive
Ayrıca Sue ilede acayip yakışmış yani.;Positive
Film çok güzel ve keyif verici Val Kilmer'in oyunculuğu ise takdiri hak ediyor.;Positive
Çok iyi kaliteli filim.;Positive
kesinlikle başarılı;Positive
işte nickimin filmi.;Neutral
. bazı filmler vardır;Neutral
Val Kilmer çok iyi.;Positive
..Heat ve ilk görüşte aşkta da iyi performans sergiledi.;Positive
Keyifli usta işi bir macera.;Positive
Akıllarda uzun süre yer edecek bir film mi peki ?;Neutral
Pek sanmıyorum.;Negative
Filim güzel :);Positive
YILLAR ÖNCE ALMANYA'DA SONRA TÜRKİYE'DE TV İZLEDİĞİM VE JENERİKTE KOŞAN ADAMLA BAŞLADIĞI İÇİN KOŞAN ADAMIN FİLMİ ADINI TAKTIĞIM BU DİZİNİN SİNEMA VERSİYONU FENA DEĞİL HAREKETLİ FİLM SEVENLERE TAVSİYE EDERİM AMA EV SİNEMANIZ YOKSA SADECE SİNEMADA İZLEYİN.;Positive
yorumları okudum.;Neutral
konusu sıradan denilebilecek bir film.;Neutral
oyuncuların kaliteside ortada.;Positive
diğer yorumlayan arkadaşların bu filme muhteşem demeleri beni açıkçası çok şaşırtı.;Neutral
bu film muhteşem ise matrix yüzüklerin efendisi gibi filmler ne o zaman.;Neutral
vaktiniz ve paranız çoksa seyredin derim.;Negative
Film Güzel Hafif bi john woo havası var güzel çok güzel Sonunda aldığı rozeti anlamadım ben bu adam 5o milyon dolar unicef emi bağışlamış nooldu anlamadım bilen bi kardeş msj atsın;Neutral
dün yine izledim filmi vcd'de.;Neutral
..harika ya ama sinemada izlediğim zevki vermiyo.;Positive
.olsun yine de harika!;Positive
MÜKEMMEL BİR FİLM OLDUGUNU DUSUNUYORUM MUTLAKA IZLEYIN.;Positive
"""..(HATTA DUN GECE STAR'DA YAYINLAYACAKLARDI AMA YERINE SUT KARDESLER'I YAYINLADILAR!!!)""""""";Neutral
Maceramı istiyorsunuz işte size mükemmel bir film.;Positive
mükemmel bi film bence herkes izlemeli.;Positive
..hem macera hem de gerilim dolu.;Positive
.son sahneleri de çok ii di.;Positive
halle'nin olması filmi daha da ii yapmış bence.;Positive
Bu film kesinlikle izlenmesi gereken bir film.;Positive
FB arkadaşıma katılıyorum.;Positive
Hele o finaldeki sahne harikaaaaaaaaaa heyacandan öldüm;Positive
Güzel film MÜTHİŞ MÜTHİŞ MÜTHİŞ HALE HAYATIM BENİM HARİKASIN;Positive
gothika da böyle bişi değil miydi ya;Neutral
Filmin yönetmeni Ford capolla olunca izlemek gerekir;Positive
Bence Matt Dameon'un ilk filmlerinden birisi olmasına rağmen bence çok etkileyici bir performans sergilemiş.;Positive
Tabii bunda Copollo'nunda büyük bir payı vardır diye düşünüyorum.;Neutral
Çok iyi bir film.;Positive
Düşünmeden izliyebilirsiniz.;Positive
bu fılme bu kadar az yorym yazıldıgına ınanamadım.;Neutral
fılm gercekten cok guzeldı.;Positive
sonrasında ne olacagını merak ettıgınız bırcok sahne vardı.;Neutral
eskı olmasına ragmen bulup ızlemenızı tavsıye ederım;Positive
Güzel bir film ama olması gerekenden biraz uzun gibi bu biraz sıkabiliyor ama kesinlikle izlenilmesi gerekn filmlerden;Positive
güzel bi film olmuş biraz eski ama bula bilirseniz tavsiye ederim;Positive
coppola'nın ortalama bir filmi!;Neutral
oyuncu kadrosu çok iyi ve başarılı.;Positive
rourke'un oyunculuğu kısa ama filmde akılda kalan belki de en önemli şey!;Neutral
HER ROLDE AYRI BİR KARİZMA SERGİLİYOR MİCKEY ROURKE;Positive
francis ford cappola'nın kendisine ait prodüksyon şirketinin bu filmden sonra battığını duymuştum.;Negative
.O kadar da kötü değil aslında orta düzey bi yapımm;Neutral
genç bir avukatın yaşlı güçlerin kirli çamaşırlarını başarıyla ipe astığı bir çok filmden biri.;Neutral
bu hikayeler hiç bir yenilik getirmediği gibi sadece oyuncuların performansı ve mahkeme filmlerini sevenlerin ilgisi ile ayakta durabiliyior.;Neutral
işte yağmurcu da aynı iki eksene oldukça muhtaç.;Neutral
neyse ki ne aktörler (filmde kayda değer bir aktrist yok!) ne de mahkeme planları izleyicinin beklentisine asla ters düşmüyor.;Neutral
kurguda büyük sorunlar yok neticede coppola'nın yönetmenliği sözkonusu.;Neutral
fakat 90 dakikada anlatılabilecek bir öyküyü iki saatten fazla bir süreye yaymak uzatılmışlık hissi ile buluşturuyor sinemaseveri.;Negative
hele hele matt damon'ın aşk hikayesi o kadar eklektik duruyor ki zavallı bir sos olmaktan kurtulamıyor.;Neutral
kaLiteLi bir fiLm.;Positive
Film biraz uzun ama yinede Kevin Costner için izlenir.;Positive
iyi bir film keyifle izleyebilirsiniz ama öle çok aman aman bi film değil;Positive
sıkılmadan ızlıyecegınız guzel konusu ıyı ıslenmıs guzel fılm tavsıye ederım;Positive
cok güzel bır fılm gercekten oynculugu süper;Positive
Ben bu filmi 3 yıl kadar önce gece saat 2-3 gibi izlemiştim ve hiç sıkılmamıştım.;Neutral
Film çok güzeldi.;Positive
Yani güzel bi film.;Positive
Farklıda sayılır.;Neutral
İzleyin kesin beğeneceksiniz.;Positive
"""Su Dünyası ile hüsrana uğrayan Amerikalı ünlü oyuncu yönetmen ve yapımcı Kevin Costner yine zamanımızın biraz ötesine geçiyor ve son filmi """"""""Haberci The Postman"""""""" ile 2013 yılında yaşanan bir maceraya dalıyor.""";Neutral
Savaş sonrası yıkıntılarının insanlık için bambaşka koşullar yarattığı bir ortamdayız.;Neutral
Günlük yaşamın altüst olduğu tüm teknolojinin yok olduğu bir dünya bu.;Neutral
"""İlkel kabilelere bölünmüş toplumda gerçek bir """"""""iletişim kopukluğu"""""""" yaşanıyor ve insanlar acımasız savaşçılardan oluşan bir ordu tarafından tehdit ediliyor.""";Neutral
Kabileleri idaresi altına almaya başlayan bu orduya karşı insanların tek umudu ise taşıdığı haberlerle topluma umut vaad eden 'Haberci' yani Kevin Costner.;Neutral
Özellikle idealist gençler tarafından geçmişteki düzenin yeniden kurulması için büyük bir talep oluşuyor ve bu postacı insanlara baskıcı ve saldırgan orduya karşı direnme cesaretini veren bir güç oluyor.;Neutral
izlenmeye değer bir film.;Positive
""". izlerken hiç sıkılmadım""""""";Positive
süper filmlerden birisi;Positive
filmin bu kadar uzun olmasını saymazsak mükemmel bir filmdi.;Positive
bilim kurguya felaketin eklendigi filmleri seviyordum zaten bu yapımda bunun üzerine kuruldugundan soluk almadan izledim.;Positive
duygusal reaksiyonların ve heyacanın hiç azalmadıgı eşsiz bir film.;Positive
kesinlikle izleyin;Positive
Çok güzel bir filmdi.;Positive
Yerimden hiç kalkmadan soluksuz izledim.;Neutral
çok guzel bi film insanın gidip orda postaları kendisi dağıtası geliyo çok sewdim süper.;Positive
aslında konusu son derece ilginç ve düşüneülmesi gereken bir film ve son derece hoş bir film biraz uzun olması her ne kadar baysa da yine de izlenebilir.;Positive
çok çok çok güzel bir filmm uzun zamandır bu kadar güzel bir film izlememiştimm.;Positive
bir kevin costner film.;Neutral
.. film mükemmelde ve 6 1 çok üzerinde bir puan alması gerekirdi.;Positive
.... tekrar tekrar izleyecigim filmler den biri .;Neutral
.. hiç bir şeyin tükenmedigini bu filmde anlayabilriz;Neutral
tüm devrim duygularınız kabarıyor;Neutral
kevin costner kendisini aşmış;Neutral
çok keyifli bir film.;Positive
azcık uzun sadece o kadar.;Neutral
daha iyi olabilirmiş.;Neutral
biraz daha gayret;Neutral
film gayet güzel.;Positive
Konu insanlara bir mesaj niteliğinde.;Neutral
Ben beğendim ve beş üzerinden dört veriyorum.;Positive
İzkeyenin beğenmemesi çok zor.;Positive
Kesin izleyin.;Positive
Costner'ın farklı filmlerinden biri.;Neutral
.. eh işte.;Neutral
çok uzun ve kopmaları aolan bir film ama konusu gerçekten güzel!;Positive
mevcut hikaye daha kısa ve öz bir şekilde anlatılsa sanırım daha olumlu tepkiler alırdı.;Neutral
Kevin Costner ne diyebilirm bu adam için takdir ediyorum cunku o kadar kötü film yapmasına ragmen hala pes etmıyor!;Negative
Bu adamın 2 filmi var ( Kurtlarla Dansı izlemedim) 1.Robin hood 2. Perfect World!;Neutral
kaç yıl geçmiş olmasına rağmen bu filmin adını duyunca 3 saatimin nasıl da boşa gittiğini hatırlamadan edemiyorum.;Negative
. filmi iyi bulanlara bişi diyemicem.;Neutral
. kevin costner olmamış.;Negative
. onun bazı filmlerini de izledim ama bence bu kötülerinden biriydi.;Negative
Bence Costner yönetmenliği denememeli artık.;Negative
.. Kurtlarla Dans'ta her şey yolunda gitmiş olabilir.;Neutral
Ama bence etkileyici konulara sahip olan Waterworld ve Postman'in başarısızlığından sonra Kurtlarla Dans'ın bir istisna olduğu ortaya çıkıyor.;Neutral
Bu filmlerde yönetmenlik koltuğunda bir başkası olsa sonuç daha değişik olabilirdi diye düşünüyorum.;Neutral
İlgi çekici bir konu izleyin ve nasıl heba edildiğine tanık olun.;Negative
Bence güzel bir filmdi.;Positive
Yaklaşık 3 saatlik olmasına rağmen sıkılmadan zevkle seyrettim.;Positive
Tavsiye ederim;Positive
Ne oyuncular ne senaryo ne de yönetim iyi değil.;Negative
Filme zor tahammül ettiğimi söylemek zorundayım.;Negative
..Karma karışık bir yapıya sahip kötü bir film.;Negative
.. Ne derdini anlatabiliyo ne de başka bişey.;Negative
.. Birde herksein aniden evet evet barış istiyoruz demesi çok kömikti yani o geçiş anı hiç olmamıştı.;Neutral
kurtlarla dans'ı seyrettikten sonra kevin costner'ın her filmini izlemeye çalıştım.;Neutral
su dünyası da ilginç idi.;Positive
benim için gişe hasılatlarının hiçbir anlamı yok.;Negative
bunu özellikle belirtmekte fayda var.;Neutral
..bence önemli bir bilimkugu idi su dünyası.;Neutral
.the postman için de hep olumsuz şeyler söylendi.;Negative
ama ben filmin ele aldığı çok önemli bir konunun es geçilmesine üzüldüm.;Negative
tarih nedir?;Neutral
kahraman kimdir?;Neutral
bir yalan gerçeğin ta kendisine nasıl dönüşür?;Neutral
efsaneler nasıl oluşur?;Neutral
buna benzer soruları sormama neden oldu bu film.;Neutral
mektubun büyüsü ve umut kaynağına dönüşmesi.;Neutral
..son derece milliyetçi olduğu söylenebilir.;Neutral
ama bu konuyu başka türlü nasıl anlatabilirsiniz ki?;Neutral
ayrıca david brin'in romanını da okuma imkanım oldu (haberci-metis yayınları) filme göre ilginç farklılıklar var.;Positive
....postman'in amerikan toplumunun korkularına muhafazakar nitelikli bir cevap olduğu doğru.;Neutral
yine de bazı kavramlar üzerinde düşünmemizi sağlaması da dikkat çekici.;Neutral
bir nükleer savaş sonrasındaki dünyayı tasvir edişi insanların çaresizliğini resmetme biçimi kısacası konusu.;Neutral
yoksa görmek yerine sadece bakmayı ve adına oscar ödülleri denen heykel parçalarının biricik beğeni(!);Neutral
kıstası haline geldiği bir kültürel ortamda bu bilerek görmezden gelme tavrına şaşırmamak mı gerekiyor?;Neutral
önyargılarına tapmayan bir seyirci bu filmde çok ilginç ayrıntıları farkedebilir.;Neutral
Bu eser hakkında fazla söz etmeye gerek yok gibi geliyor bana.;Neutral
4 silahşörler in beyazperdeye geçişini oldukça başarılı buldum.;Positive
Hikayenin de akıcılığı göz önüne alarak ben bu yapıma 10 puan üzerinden 8 puan veriyorum.;Positive
gayet güzel bir film.;Positive
.aldığı puanı tam hakediyor.;Positive
Yaw bu filme bu puanı kimler verdi ise bir kere daha izlesin.;Neutral
... öle bir film işte sıkılarak izlenebilen.;Negative
.. 8 puanlık deil.;Negative
Leonardo DiCaprioyla ilgili her şeyi bulabileceğiniz bir site.;Neutral
Mutlaka uğrayın.;Neutral
Şunu da söylemeden geçmiyim.;Neutral
Leonardonun bütüm filmleri güzel izlenmeye değer;Positive
bence di caprio nun en güzel filmi;Positive
Bu filmi ben daha çocukken izlemiştim.;Neutral
Unutamadıqım filmlerden biridir (:;Positive
yillar önce sinemada izlmistim.;Neutral
cok ahim sahim bir film degil.;Neutral
ama kötü bir film de degil.;Neutral
Çok güzel bir film Leoda çok iyi oynamış yakışmış role kaçırılmayacak bir film bence aldığı puanın fazlasını hakediyo;Positive
Güzel gayet akıcı.;Positive
Süper bir film;Positive
etkileyici konuşmalar ve hafızalardan silinmeyecek kareler var oyunculuklar harika;Positive
Odyovizüel bir atışmanın gereğini yapan armonik sayıltısıyla izomorf bir grubun referansını alan nüktesel bir arbedeyi ima eden aktif komplimanlarıylada masalsı bir dilekçenin başlığını sunmuş frapan bir ihya.;Neutral
Çok iyi ve etkileyici bir film.;Positive
Oyunculuklar da harika.;Positive
kesinlikle cok güzel bir filmm.;Positive
..hiç sıkmadan kendini izletmeyi basarıyor.;Positive
..zaten oyncularda süper kesinlikle izlemeyen kaldıysa izlesin.;Positive
birimiz hepimiz hepimiz birimiz için felsefesini bir kez dah izlmek isteyenler için kaçırılmaz fırsat olmakla la beraber öyle cok da muheteşem bir film değil anlatıldığı gibi;Neutral
Leonardo DiCaprio'nun en iyi 2. filmi. kesinlikle süper.;Positive
kurgusu senaryosu herşeyi muhteşem.;Positive
Şimdiye kadar izlediğim en iyi 2 filmden biri.;Positive
Sinemada peşpeşe 2 seansına girdim.;Neutral
Kadro müthiş gabriel muhteşemdi.;Positive
di caprioda bu ustalardan baya oyunculuk öğrenmiş sırıtmamış 2 rolünde üstesinden çok iyi gelmiş.;Positive
Tek kelimeyle muhteşem bir başyapıt!;Positive
çok kaliteli ve hoş bir film izleyeli uzun süre olsa da ne kadar çok beğendiğimi hatırlıyorum.;Positive
..izlemenizi tavsiye ederim;Positive
tartanyan ne efsaneydı ama ne kadar heyecan la ızlemıstık ya cok sevdıgım fılmlerden ınanılmaz guzel;Positive
atos patos aramis ve dartanyan bu üç silahşörlerin hikayesi hep karizmatik gelmiştir bana yine karizmatik bir filmde biraraya gelmişler.;Neutral
. bence film çok güzeldi.;Positive
. ilk başlarda dartanyanın kralım da kralım demesine bir anlam veremiyordum.;Neutral
. bu kadar kötü bir krala bu kadar bağlılık fazla diyordum ama öz ve öz oğluymuş.;Negative
. onu öğrenince nedenini anladım.;Neutral
. Kraliyet koruyucularının en cesurları ve en iyileri olarak efsaneleşmiş kahramanlıkları ve tutkularıyla savaştıkları zamanın üzerinden yıllar geçmiş.;Neutral
Athos (John Malkovich) oğlu Raoul'u yetiştiriyor ve basit bir hayat sürdürüyor.;Neutral
Porthos (Gérard Depardieu) daha şişman ve yaşlı olsa da hala eski zamanlardaki büyük savaşları özlüyor.;Neutral
Aramis (Jeremy Irons) ise kaderini takip etmiş bir rahip olmuş.;Neutral
Sadece d'Artagnan (Gabriel Byrne) silahşörlerin başı olarak krala hizmet ediyor.;Positive
Yıl 1660 ve Fransa zor günler geçiriyor.;Negative
Silahşörlerin hizmet ettiği büyük kral xIII.;Positive
Louis ölmüş yerine kibirli ve acımasız varisi XIV.;Negative
Louis (Leonardo DiCaprio) geçmiş.;Neutral
Bu sırada Bastille'de neredeyse 10 yıldır yüzü maske ile saklanan bir kişi hapis yatıyor.;Neutral
Silahşörler bir milleti kurtarmak için yeniden birleşip şimdiye kadarki en tehlikeli görevlerini yüklenmek zorundalar :;Neutral
bu mahkumu kurtarıp gizli kimliğini ortaya çıkarmak.;Neutral
Biri hepsi hepsi biri için.;Neutral
14-15 yaşımda okumuş olmama rağmen hala aklımda kitabı gerçekten hoştu.;Positive
. ama bilindiği üzre hiç bi yapım kitabın yerini tutamıyor.;Neutral
bu filmi çok bğendiğimi hatırlıyorum.;Positive
açıkçası izleyeli çok oldu.;Neutral
geçen gün televizyonda karşılaştım.;Neutral
şöyle bir daha filmi izlmeiş ve bilgilerimi tazelemiş oldum.;Neutral
yanılmamışım.;Neutral
bu filmi beğenmiştim =);Positive
film tek kelime süper hele ilk izlerken tekrar izleyince bile bıkılmayan cinsten hele silahşörlerin koştuğu askerlerin bi türlü vuramadıkları gözlerini kapettıkları yer HARİKA;Positive
güzel bir filmdi uzun olan süresine(132 dakika) rağmen sizi sıkmıyor akıcı olay örgüsüne sahip tabiki çok iyi oyuncular mekanlar filmi izlenir kılan unsurlar.;Positive
ayrıca gerard yine çok komikti.;Neutral
bence aksiyon biraz daha fazla olmalıydı.;Neutral
gişede çok iyi sonuçlara imza atamadı fakat izlenmeye kesin değer bir film.;Positive
"""anti leo'yum sanırım ama ısrarla """"""""Whats eating gilbert"""""""" filmini johnny depp icin deil ama ozellikle johnny ci olmmama ramen leonardıo icin lutfen izleyin yaa""""""";Neutral
"""mekan oluşturuluşu kostümleri o dönemi yansıtması bakımından iktidar mücadelesinin insanı nasıl körleştirdiğinide gösteren leonardo di caprio'yu oyunculuk açısından pek beğenmesemde diğer oyunculuklarla iyi bir film""""""";Positive
Bayıldım bu filme .;Positive
Oyunculuk harika kurgu kostümler ve senaryo harika.;Positive
Di Caprio bu filmle Hollwood'a giriş yaptı diyebilirim küçükken okuduğum demir maske romanının aynı ne diyeyim çok güzel tavsiye ederim.;Positive
ilk versiyonu çok daha iyidi.;Positive
Richard chamberlain faktörü.;Neutral
çok güzel leonardo var yorum yok;Positive
yeterince guzel oyuculuk ve eglenceye sahiptp bence.;Positive
depardeu cok komikti.;Neutral
tabi usta oyuncu kadrosu ayrı avantaj bu fil için;Positive
Oldukça iyi bir film.;Positive
Oyunculuklar da iyi.;Positive
Uzun ama pek sıkılmıyorsunuz.;Neutral
film sırasında çok sıkıldım uykum geldii;Negative
gerçekten çok başarılı uzun olmasına rağmen oldukça akıcı bir film.;Positive
oyuncu kadrosununda bayağı kaliteli olduğu bu film gerçekten izlenmeye değer.;Positive
iyiydi izlenebilir güzeldi;Positive
herkesin izlemesi mutlaka gereken en güsel 10filmden birisi.;Positive
..tamamen bir başyapıt bana göre verilen puanıda haketmior şu an itibariyle 7.9....10 üzerinden 10luk bi film izlemeyen warsa mutlaka temin etsin ve izlesin.;Positive
tipik ikiz kardeş biri iyi diğeri kötü klişesini etkileyici tarzda ele almışlar.;Positive
ben çok beğendim.;Positive
aynı kral olma kavgaları kendi ülkemizde de az yaşanmadı değil.;Neutral
kardeş katli felan.;Neutral
çok güzeeell.;Positive
.dünya malı için kardeşin kardeşe neler edebileceğini çok iyi anlatmış.;Positive
.harika tarihi bir filmm;Positive
çok sağlam kadrolu bir film izlenmesi gereken bir yapım leo yine kendini aşmış tarihi bir dram sevenlerinin kaçırmaması gerekir;Positive
gerard d. en iyi performanslarından biri bu filmde hani derler ya o rolü ondan iyisi yapamazdı die.;Positive
""". kesinlikle izlenmesi gereken bir film""""""";Positive
Filmi izliyeli çok oldu ama hala aklımda muhteşem güzel bir film olmuş konu zengini etkileyici çok uzun sürmesine rağmen seyirciyi sıkmaması ve olayların birbirine çok güzel bağlandığı bir film olmuş saygılarımla;Positive
bu kadar güzel bir kadro ve böylesine güzel bir senaryoya kimse kötü bir film ile karşılaşacağını zannetmez.;Negative
zaten öylede.;Neutral
4 4lük bir film.;Positive
şahsen ben demir maskeli adamı leo için izlemiştim;Positive
böyle bir kadro yok.;Neutral
....çok iyi oyuncuları bir araya getirmiş bir film.;Positive
atmosfer iyi görüntüler güzel daha ne denir.;Positive
filmi ben çok begenmiştim atmosferi kendisi yaratıyor oyunculara söylenecek söz yok leonardo süper oynamış.;Positive
Filmin kadrosu süper.;Positive
bence cast cok iyi ve de rollerini iyi oynamislar.;Positive
gabriel bryne ise dartagnan rolunde super.;Positive
cok karizmatik.;Positive
leonardo gerçekten çok iyiydi.;Positive
film izlenmeye değer.;Positive
"""berbat bi yeniden çevrim mükemmel oyuncular var ama harcanmışlar hiç kendilerini senaryo yüzünden gösterememişler 2/10 7 7 yi kesinlikle haketmiyo""""""";Negative
kadro cok gusel ama leo fılmı bosmus sadce yakıkslı oldugu cıcın onu secmelrı hata olmus;Neutral
bu tarz filmlere bayılıyorum film çok zevkli;Positive
bu film gişede neden başarılı olmadı anlamıyorum acyip güzel film benim için ilk 5 te;Positive
şahsen benim favori filmim.;Positive
.izlemeyenlere şiddetle tavsiye ederim.;Positive
kitabına en yakışacak film bana göre.;Positive
.Çok etkilendim;Neutral
keyifle zaman geçirebileceginiz güzel bir film.;Positive
o dönemi çok güzel yansıtmış olan çok hoş bir film birimiz hepimiz hepimiz birimiz için;Positive
filmde sanki bisiler eksik bole aceleye getirilmis felan gbi geldi bana.;Negative
ama o donemi guzel yansitmis amcalarimiz;Positive
ben çok sevdim her ne kadar leonardo filme pek yakışmasada gerçekten çok güzel film.;Positive
Birimiz Hepimizi Hepimiz Birimiz için sözü size bişey çağırışturıyosa izleyin iyi film en fazla 2 izlemelik ömrü var ama-----İYİ SEYİRLER---;Positive
:) Gabriel Byrne ile Di Caprio'nun nesi başarılı?;Positive
Tabi ki performansı.;Neutral
fazla beklenti içinde değildim ama yine de beğenmedim filmi amerikan güzeli kadar vurucu ve çarpıcı olamayan bir film.;Negative
.bnce filmde anormal birşey de yok.;Neutral
vizyondayken izleyemediğime çok çok üzüldüğüm bir film:(;Negative
sinir bozucu bir film yada oyun gerçekten sinir edici.;Negative
kurgu iyi olsa bile işlenişin ve konunun basitliği filmi vasatlıktan kurtamamıs.;Neutral
.abartılan bir film.;Negative
Gerçekten iyi bir film ama ben eksik taraflarının olduğunu düşünmekteyim sonu çok iyi yedirilmiş olsa da filmin 40. ve 50. dakikalarını bunu beslemiyor.;Neutral
İspanyanın katılması da gereksizdi.;Neutral
bu film kesinlikle 8.6 yı hakedecek bir yapım değil.;Neutral
9 lardan buralara indi puanını düşürmek için oy vermeyelim!;Neutral
fınch sen bu işi biliyosun gerilim filmlerinin 1 numarasısın zeka sınırlarını zorlayan bir film öle sahneler varki 3 kere falan izleyince anca anlıyorsunuz;Neutral
hayatınızda yanlızca 1 kere izleyebileceğiniz filmlerden.;Neutral
.bu filmi bir daha izlemek istemezsiniz ama bittiğinde sizede böyle lanet bir oyun oynamadıkları için şükredersiniz.;Negative
fincher ne diyeyim sana artık ki ben.;Neutral
en büyük twistlerden;Neutral
film sadece sonuyla şaşırtıyor filmi sıkılarak izledim açıkçası boğdu beni.;Negative
bimiyorum çok iyi de değil kötü de değil 10/7 lik bence;Neutral
kusura bakılmasın ama ben filmin sonunu hiç mi hiç beğenmedim.;Negative
bu kadar müthiş giden bir filme nasıl böyle son koymuşlar hiç anlamadım.;Neutral
filmin her karesini pür dikkat izledim ama sonunda bu filme zaman harcadığıma pişman oldum.;Negative
finalini göz ardı eddersek güzel bir film ama yüzüm maalesef gülmüyor.;Neutral
filmin sonuna kadar hee şimdi anladım diyorum bakıyorum anlamamışım sonra tamam şimdi anladım diyorum yine anlamamışım film manyak etti beni izlerken ama muhteşem bir sonla filmi gerçekten anladım =);Neutral
filmi izledikten sonra keşke sinemada izlemiş olsaydım sinemada izleyenler ne kadar şanslı diye düşündüğüm bile oldu.;Positive
Ortada bir oyun var.;Neutral
İpucu ise hiç yok.;Neutral
Neyi kimle oynadığınızı bilmeden süresini ve sınırlarını anlayamadan ve en önemlisi ne zaman biteceğini tahmin edemeden sürüp giden bir oyun bu.;Neutral
Bir de bakacaksınız ki siz oyun filan oynamıyorsunuz oyunun ta kendisi olmuşsunuz!;Neutral
Yedi/Seven'dan sonra Hollywood tarafından yeniden baştacı edilen yönetmen David Fincher'ın üçüncü uzun metrajlı filmi Oyun herşeye sahip olan ama renksiz ve tatminsiz bir yaşam sürdüren çok zengin bir işadamını merkeze alarak anlatıyor öyküsünü.;Neutral
Michael Douglas'ın canlandırdığı bu işadamı kardeşi rolündeki Sean Penn tarafından bir doğum günü hediyesi alıyor ve olaylar başlıyor.;Neutral
Gerçek ile yanılsamanın içiçe geçtiği eğlenceli olması gereken bir oyunun tehlikeli boyutlara tırmandığı filminde Fincher her zamanki tarzıyla karanlık ve depresif bir atmosfer yaratarak gerilimi tırmandırmak hedefinde.;Neutral
the game filmini yıllar önce sinamada izlemiştim ve film hakkında aklımda kalan bir şey varsa oda malesef saçma bir film oldugudur.;Negative
A David fincher Movie.;Neutral
.. fazla söze gerek yok.;Neutral
Herşeyi olan bir insana ne verebilirsiniz?;Neutral
"""aslında bu film de bence """"""""fight club"""""""" gibi sistem eleştirisi yapıyor.""";Neutral
"""Kapitalist para ekonomisi içinde sıradanlaşan insan hayatlarına farklı bir renk getirmek için sınırların ne kadar zorlanabileceğini bunun insanların başına ne gibi sorunlar açabileceğini gösteriyor """"""""the game"""""""".""";Neutral
Bence bu filmin en büyük eksisi filmin mutlu sonla bitmesi.;Neutral
"""Keşke """"""""Se7en"""""""" gibi karanlık bir finalle bitseydi film.""";Neutral
Onun dışında filmin gizemli atmosferi ve şaşırtıcı olay örgüsü seyirciyi bir an olsun bırakmıyor.;Neutral
Ama bence Fincher'in en iyi işi hala Se7en.;Positive
hehe10/10 tabikide.;Positive
....ama filmdeki hatalar.;Negative
Yıl 1997 sinema salonundayım.;Neutral
ince ince işlenen kafalarda soru işaretleri bırakmadan son dakikasına kadar götüren bir filmde ruhi terapisini ve korkuyu yüzündeki her mimiğinde yaşayan micheal douglasla birlikte yaşadım.;Neutral
kimse ben olsam ordan kendimi aşağıya atmazdım demiyordu;Neutral
Olay örgüsü ve Micheal Douglas'ın oyunculuğu ile ön plana çıkan filmde Fincher etkisini de unutmamak lazım.;Positive
Final sahnelerindeki başarısı yorumuna tamamen katılıyorum.;Neutral
Her sinemaseverin izlemesi gereken türden.;Positive
yaa aslında bu filmi bölük pörçük izlemek gibi bi şanssılığa düştüm;Neutral
bir robotun her adımından bir adamın her sözüne kült bir film olduğunu kanıtlıyor.;Neutral
ne yazık ki 3. bölümden sonra izledim ama ondan daha güzeldi.;Neutral
bir de not:;Neutral
eğer star wars serisine başlıyıcaksanız hiçbir yorumu okumayın ve izlemeye bu filmden başlayın.;Neutral
bu kadar APTALCA bir bilimkurgu izlememiştim.;Negative
işin kötüsü herkes övmüş!;Negative
çok ilginç ya zaten bu sebeple amerikan film endüstrisi bu kadar para kazanıyo!;Neutral
ne yapsalar yiyen bi kitle var yazık yazık.;Negative
amerikan aile yapısını eleştiriyor gibi gözükse de avrupa hatta türk aile yapısınında o hale geldiği düşünülürse herkesin izleyip üzerine düşünmesi gereken bir filmdir.;Neutral
bir aile dramı daha nasıl anlatılabilir ki.;Neutral
sadece sevişerek birey olduğunu sananlara bir ders niteliğinde bir cevap niteliğinde bir ang lee filmi.;Neutral
Arkadaşlarrr.;Neutral
...çölde vaha gibisiniz.;Neutral
.:) hepinizin nicklerini kaydedip bundan sonra yazdıklarınızı daha yakından takip etmek istiyorum:);Neutral
mutlaka ki bazı filmlerde çarpışıcaz amma bu sayfayı tıklamadan önce bir kaç yorum daha yazıp başka yorumlar okumuştum ve valla moralim bozulmuştu:);Negative
.neyse neyse.;Neutral
. gelelim buz gibi bir kış gecesinde eve kapanınca tekrar dvd de seyrettiğim şu şahaneye.;Positive
. o kadar iyi geldiki.;Positive
. NE FİLMDİ AMA.;Neutral
. oscarlarda ve diger ödüllerde de es geçilmesi blhassa hoşuma gitti desem.;Positive
..? siz beni anlarsınız dimi?;Neutral
sevgiler;Positive
bıktık artık böyle filmlerden.;Negative
hala bizi aptal yerine koymaya çalışıyorlar.;Negative
her şey güllük gülistanlık;Positive
izledigim en kötü dogal afet filmi;Negative
Klişelerle bürünmüş bir felake filmi.;Negative
Sadece zaman geçirmek ve de Tommy Lee Jones için izlenebilir.;Neutral
Yine de izlenmese daha iyi olabilecek bir film.;Negative
Baştan sona tam bir felaket filmi tanımlaması.;Negative
Bir film ancak bu kadar belli eder ne olduğunu.;Neutral
Açılıştan çekimlere müzikten espirilere karakterlerden karekterlerin aile yapılarına kadar her şey olması gerektiği gibi duruyor.;Positive
ancak şu an itibariyle filmdeki olayların gidişatı için Matrix'ten kahine başvurmaya gerek yok sanırım.;Neutral
bütün bir senaryo bilinen bir denklem üzerine kurulu yani.;Neutral
bu durumda geriye pek olasılık kalmıyor.;Neutral
finali tahmin edin örneğin.;Neutral
tam tamam kurtulduk derken yeniden bir olay patlak verir ve o işten kurtulduktan sonra da malum son kareler herkes kısmen de olsa mutlu mesut bir şekilde hayatına devam eder.;Neutral
bu hikaye de burda biter.;Neutral
çocuk masalları gibi hepsi de aynı taşlar üzerine kurulu.;Neutral
sonuç türü seviyorsanız çocuk gibi aynı masalı tekrar dinlersiniz.;Neutral
Yani benim gibi.;Neutral
Yani bana da yer yer halen bu filmler eğlenceli gelebiliyor.;Positive
Tabi piyasada Volkan'dan daha iyi bolca felaket filmi bulunuyor.;Negative
eh işte idare eder filmlerden sayılabilir;Neutral
film o kadar da iyi değil;Negative
tamam lav sahneleri iyi ama hersey hızlı baslayıp hızlı bitiyor;Neutral
vasat sayılır klask american filmi tommy lee jone su da sevmem zaten bu rollerin adamı değil;Negative
Beğenmedim ama 'değişik' bir filmdi.;Negative
Bir sınıflamaya sokamayacağım.;Neutral
olmamış filmlerden ne zaman görsem kapatırım sevmedim filmi.;Negative
tv dizisi tadında.;Neutral
çok aptal replikleri ve kötü bir senaryosu var ama yine de sıkılmadan izledim ve tia carrere ye hayran kaldım herkül zeyna gibi dizileri seviyosanız hoşunuza gidebilir;Negative
izlemeye gerek bile yok.;Negative
Bence erotizm ve seneryo açısından çok kötü bir film.;Negative
Yani film sanki 18 yaş altı izleyici kitlesine hitap etmesi için çekilmiş bir erotik film;Neutral
Bu filmin VCD'si çıkmışmı haberiniz varmı;Neutral
bu film erotik niye siteye koydular anlamadım;Neutral
üzerinden çok geçti ama filme çok güldüğümü hatırlıyorum;Neutral
çok kötüydü çok.;Negative
Romantik komedinin en vasat örneklerinden biri;Neutral
oldukça kotü bir film.;Negative
bu nerden izleyebilirim link atabilecek varmı acaba;Neutral
Çok tuhaf bir film izlemezseniz birşey kaybetmezsiniz ağızdan anlatılan hikayelerden oluşan bir filmin güzel olması beklenmemeli zaten.;Negative
saçma ya saçmaaaaaaaaaaaaaaaaaaaaaa;Negative
bu saçma seri neden prim yapıyor bir anlam veremiyorum.;Negative
itici bir ana karakter yanına seksi bir bayan ve onların aptallıkları.;Negative
çok mu sert oldu?;Neutral
İlk filmin şöhretinden yararlanmaya çalışmış kötü bir devam filmi.;Negative
İlk filmin tadını tamamen kaçırmış olmasının yanı sıra Mickey Rourkenin bu devam filminde yer almasının doğru olduğunu da sanmıyorum.;Negative
film kötü mickey oldukça yaşlanmiş kilo almiş olmasına rağmen çekinmeden sergilemiş kendini.;Negative
ilk film daha iyi ve daha makuldü buna nazaran ilk film izlenebilir ama bu çok gereksiz.;Negative
Film vasattı bence.;Neutral
Bi sahnede kızın saçına döktüğü şampuan okadar azdıki köpürmek bilmedi:);Neutral
tek kelimeyle tam bir hayalkırıklığı.;Negative
mickey rouke u ben sin city angel heart gibi kaliteli filmlerle tanıyorum ama bu film karizmasını bayağı bir sarsmış.;Negative
başladığı gibi bitti.;Neutral
çok tekdüze bir film.;Neutral
serinin ilk filmini izlemedim ama bu filmden ve yapılan yorumlardan nasıl birşey olduğunu anladım.;Neutral
birincisinde bu filmden daha fazla erotik sahneler var sanırsam.;Neutral
bu filmde de kaybettiği sevgilisini yeniden görebilmek için parise gelen ama onun yerine başka bir kadına aşık olmaya başlayan john (mickey rouke) un hikayesini anlatıyor.;Neutral
film basit bir erotik film edasında.;Neutral
pek birşey yok tavsiye edemeyeceğim izlemesenizde olur yani.;Negative
karizmatik rourke için izledim ilk filmide izlememiştim gerçekten kötüden başka bir şey demeyeceğim bir sahnede rourke köpekten korkuyor ora harika ha bir de rourkenın saçları berbat;Negative
Ben filmi izlemedim izliicemide pek sanmıyorum bu arada filmin imdb notu 1.8;Neutral
ben rourke için izledim ama bence o bile filimi kurtaramamış sıradan ve basit bir filim;Negative
rourke'un para kazanmak için çektiği oldukça kötü bir film.;Negative
gerçekten kötü!;Negative
O nasıl bir filmdir öyle ya?;Negative
Bana keşke izlemesydim dedirten bir film oldu kendisi.;Negative
Aslında o konu (çocuk olayı yani) nerelere getirilebilir neler anlatılabilirdi ama yok olmamış.;Negative
bir filmin içinde kenneth branagh william hurt madeleine stowe ve blythe danner varsa ve genede o film bilinmiyorsa bu filmde bir sorun var demektir.;Negative
hayatımın filmi diyemem ya da izlediğim en kötü film olduğunu söyleyemem.;Negative
izlemek ya da izlememek hiçbir değişiklik yaratmadı.;Negative
sadece kenneth branagh için izlenebilir o adamdaki karizma gerçekten çoook az kişide var ve bence madeleine stowe ili sıkı bi elektrikleri olmuş :);Neutral
genede izlemeden önce bir kere daha düşünün derim :));Neutral
Sıradanlıktan kurtulamayan bir dram.;Negative
Bu kadar ünlü(ve iyi) oyuncunun bu filmde işi ne anlayamadım tam bir zaman öldüren;Negative
İlk filmin gene izlenebilir bir yapısı ve kurgusu vardı.;Neutral
Bu devam filmi ise hiçbirşey ifade etmiyor.;Negative
Sulu zırtlak belden aşağı espirilerle doldurulmuş komedilerden hoşlanıyorsanız ve Mike Myers'ı komik buluyorsanız ne ala.;Neutral
Yoksa bir hayli uzak durmanızı öneririm.;Negative
kötü bir komedi filmi bence.;Negative
seksi kadın oyuncu ile bu işler olmuyor.;Neutral
film berbattı.;Negative
Kahpe Bizans ile aynı anda gösterilmesi bir saçmalık.;Negative
Çünkü insanlar daha bir bond filmine gitmeden buna gidiyorlar sonrada gülmeyi bekliyolar tıpkı bir Cüneyt Arkın izlemeden Kahpe Bizansa gitmek gibi.;Neutral
aynen öyle espiri anlamakta bir araştırma ve yetenektir.;Neutral
Acaba Dr. Evil kim gerçekte ve niye dalga geçiliyor biliyorlarmı?;Neutral
tam bir saçmalık zati ortasında çıkacaktık !!;Negative
kesinlikle cok kötü george romero sevenleri hayal kırıklıgına ugratacak!;Negative
ne yaptığının kendi bile farkında olmayan bir film;Negative
İlk filme göre tam bir hayalkırıklığı.;Negative
Keşke çekilmeseydi.;Negative
Birinci film gayet iyiydi ama bu olmamış.;Negative
açıkçası ben filmi çok fazla beğenmedim.;Negative
fena değildi belki ama ilk filmle kıyaslayınca berbat.;Negative
izleyin ya da izlemeyin size kalmış bir şey.:S;Neutral
birincisinin yanında lafı bile yapılmaz çok kötü olmasada kötü diyebileceğimiz bir devam filmi daha iyisi olabilirdi vasatın üstü diyebiliriz boş vaktiniz varsa izleyin derim.;Negative
İlkinin yanın dahi yaklaşamayan gördüğüm en kötü devam filmlerinden biri.;Negative
bana çok sıkıcı geldi.;Negative
film tam bir fiyasko.;Negative
hiç tavsiye etmem :(;Negative
Büyük haayal kırıklığı benim için.;Negative
Hem ilk filmin yönetmeni nasıl böyle kötü bir film çekebiliyor anlamadım?;Negative
Keanu Reeves çok akıllıca bir karar alıp oynamamış.;Neutral
Zaten rol ona tam oturmuştu ve mükemmel eleştiriler almıştı.;Positive
başka bir şey daha demek istiyorum Johhny Depp Karayip Korsanların ikincisinde oynamayı kabul etmiş.;Neutral
İnşallah birkaç sene sonra biz hem film hemde aktör için kötü şeyler yazmayız.;Neutral
herhalde bunun kadar kotu yerlerde surunen bir aksiyon filmi de zor bulunur.;Negative
Ilk filmle beraber tadinda birakilmasi gerekilirdi.;Neutral
Ayrica Jan De Bont'un da dususunu hizlandiran filmdir 'Speed 2'.;Neutral
Yaw ne iş kardeşim dedirten bir film sadece.;Negative
Anlamsız ötesi bişi.;Negative
Filmde tek işi geminin hızını söylemek olan bir adam vardı yaw.;Neutral
Keşke daha mantıklı bir senaryo olsaydı.;Neutral
ohaa dedirtçek kadar ohaa bi film karşımızdakii.;Negative
jan de bont görüntü yönetmenliğinin nimetlerinden yararlanmış ama filmi adam edememiş.;Negative
çünkü senaryo namına bişi anlaşılmıyor fimden.;Negative
sandra nınwücudu için izlenir.;Neutral
ilkine hakaret eden her açıdan son derece başarısız bir yapım finalde saçmalamış izlerken uyumak ve gülmek arasında gidip geliyorsunuz.;Negative
gerçekten kötü.;Negative
mükemmel veya rezalet yorumlarını en çok okuyacağımız filmdir büyük ihtimal.;Neutral
ben ikisinin ortası diyorum;Neutral
Film iyi başlıyor ama sonradan ibre yavaş yavaş aşağıya doğru iniyor.;Neutral
Sadece Harrison Ford ve Brad Pitt'in olmasından bi şeyler beklemiş anlaşılan Alan J.Pakula.;Neutral
Ama onlarla da bi yere kadar oluyor.;Neutral
Ben Alan J.Pakula'nın son filmi olduğu için de ayrı bi üzüldüm.;Negative
Keşke daha iyi bir filmle ayrılsaydı aramızdan.;Negative
pek onemsenmeyecek derecede bir romantik komedi.;Negative
Basrol oyunculari ile bir sure oyalanmak isteyenler icin ideal bir secim olabilir.;Neutral
"""Gerçekten inanamıyorum nasıl bu kadar çok iyi yorum var konu güzel özellikle hissetmenin ne demek olduğunu merak edişi ve insanların """"""""hissin"""""""" nasıl birşey olduğunu anlatmada aslında ne kadar çaresiz olduğu insanı o an için etkileyebiliyor.""";Neutral
Ama okadar.;Neutral
Kesinlikle gidip çooooooooooook daha iyi ve duygu istiyorsanız duygusal filmler izleyebilirsiniz.;Neutral
Şahsen bu film beni sıkmaktan başka bişey yapmadı.;Negative
Kesinlikle izlemeyin.;Negative
Herkes bu Filmin neresini beğenmiş anlamış değilim.;Neutral
Saçma sapan bi senaryo kötü oyunculuk kötü yönetmenlin kısacası vasatın altında;Negative
İzlediğim en kötü savaş filmlerinden biri.;Negative
Spielberg ikinci dünya savaşında sadece amerikan askerleri mi öldü?;Neutral
Savaş filmi istiyorsanız Terrence Malick'in The Thin Red Line'ını izleyin bu film için zaman harcamayın.;Negative
Vasatı aşamayan bir film.;Negative
Filmin sizde bıraktığı hiç bir tat yok.;Negative
Zamanınızı boşa harcamayın derim.;Negative
arkadaşlar siz ne yaptınız ya.;Neutral
hayatımda bu kadar kötü bi film izlemedim ve herkez 10/10 felan vermiş gerçekten haraslanası bi film.;Negative
sürekli aglayan bi adam.;Neutral
taş döken bi gardiyan ve gerçekten 1/10 u bile haketmiyo.;Negative
Vay be bu kadarda kötü film yapılabiliyormus.;Negative
Zaten bu film bir işe yarasa'ydı bu kadar kötü puan almazdı :);Negative
bu ne ya çok gereksiz bir film.;Negative
zamanınıza yazık hemde çok yazıkk.;Negative
eğer izleyipte beğenmezseniz kaptan duygu demişti dersiniz artık.;Neutral
bu kadar kötü olamaz.;Negative
dina mayers starship troopers ta gayet iyidi.;Positive
bu filmde ise hem ona hemde harcanan zamana yazık etmişler.;Negative
sinema yeni açılmış ve ilk yarasaları oynatıyolar büyük bi heycanla gidip aynı büyüklükte bi hayal kırıklığıyla dönmüştüm hiç unutmam ayrıca hayatımda izlediğim ilk korku filmi olmasına rağmen;Negative
hitckok un kuşlar filminden alınmış çok şey var.;Neutral
Ama bu filmi yakalaması imkansız.;Neutral
yanından dilenci olarak bile geçemez.;Negative
Çok sıradan.;Negative
Çizgi film konuları bile daha orjinal.;Neutral
evet gercekten iyi baslıyor tek iyi tarafıda o;Positive
lütfen cık aklımdan unutamıyorum seni çünkü cok kötü;Negative
pek sürükleyici bir film değil.;Negative
ve konusuda herkes tarafından izlenirken tahmin edilen bir film kısacası vasat bir filmdi.;Neutral
filmin konusu nedense çok klasik geldi daha ilgi çekici yapabilirlerdi pek hoşuma gitmedi.;Negative
sanırım simdiye kadar izledigim en rezil filmdi.;Negative
senaryo görüntüler efeckt v.s tam bir fiyasko.;Negative
bence yılın en gereksiz filmi;Negative
kahrolsun emperyalizm.;Negative
yaşasın en sevmediim iki oyuncu birarada: angelina ve nicolas senaryo berbat oyunculuk berbate daha ne olsun;Negative
beş para etmez bir evrim teorisi filmi kesinlikle bilimsel bir yanı yok kimseye tavsiye etmiyorum.;Negative
konu yok espri yok saçmasapan bir film.;Negative
yalnızca oyuncular için izlenebilir vasat ve sıkıcı.;Negative
çok uzun olmasa da vaktinizi alıyor vakit kaybı.;Negative
Reeves'ten kötü adam olamayacağı gibi bu filmin de herşeyiyle çok kötü olduğu ve tel tel döküldüğü de ortada.;Negative
rahatsız edici derece itici oynayan bir oyuncu kadrosu var filmin.;Negative
Uzak durulması gereken devam filmlerinden biri.;Negative
Hele ki ilki sizin için çok özelse bunun yanına dahi yaklaşmayın.;Negative
Filmi hiç beğenmedim :(;Negative
Çizgi romanlarındaki ve çizgi filmlerindeki o espirilerden hiçbiri yoktu filmde.;Negative
Çok soğuk ve itici geldi bana.;Negative
Parker normalde düşmanıyla savaşırken çenesi hiç durmazdı.;Negative
Filmde ise mübarek ağzını bıçak açmıyo.;Neutral
Belki grafik olarak biraz güzel denebilir.;Positive
Birazda aksiyon vardı ama 1/10 :(;Neutral
crow 4 kadar olmasada buda berbat sayılabilecek bir serinin devamı;Negative
içi boş bi hollywood filmi woo nun en kötü filmi nerde face off nerde bu film ayrıca nicolas cage ede hiç yakışmayan bi film harbi savaşın bi stüdyoda geçtiği çok belli oyuncularda savaş psikolojisinden hiç eser yok sanki oyun oynarmış gibi çatışıyolardı woo böyle şeylere bulaşmamalı;Negative
kesinlikle rezalet bi film.;Negative
basindan sonuna kadar porno.;Neutral
o kadar ki hikayeyi geride birakmis.;Negative
zaten seks sahnelerini izlerken OHA YUH ARTIK dedim.;Neutral
o saskinlik ve ofkeyle filmin ne hikayesi kaldi ne de ne anlatmak istedigi.;Negative
insanlar bi filme erotizm ciplaklik ve seks katinca sanat yaptiklarini zannediyolar.;Neutral
sanattan anladigini sanan zavallilar da nerde ciplak vucut gorseler sanat diye bakiyolar.;Neutral
cok merakliysaniz gidin porno izleyin.;Neutral
onlarda da hikaye var ne de olsa.;Neutral
hem onlar da sanat filmi sayilir di mi?!?;Neutral
bence rezalet tek kelimeyle rezalet.;Negative
1/10 paun verdim. o da 0/10 olmadigi icin.;Neutral
Saçma upuzun diyolaglar kopuk sahneler aniden biten bir film ve işte tarantino;Negative
izlediğim en başarısız filmlerden biri;Negative
tek kelimeyle berbat bir film sadece uyuşturucu içtikten sonra öğrencilerle konuşması sahnesi azcık komikti.;Negative
niye bu kadar reklamı yapıldı anlamadım.;Neutral
"""Bu filmi izlemek yerine hollywoodun en kötü yönetmeni """""""" Edward D. Wood Jr. """""""" ı izlemek çok daha yerinde olacaktır.""";Negative
Ki Edward D. Wood Jr. kat ve kat daha iyidir.;Neutral
Film boyunca çay doldurmasından işemesine kadar karakterler görüntüye alınmıştır.;Neutral
Birinin her şeyi film yapamazsın demesi gerekiyor bu yönetmene.;Neutral
Ne gördüyse çekmiş nitekim.;Neutral
Kamera sarsıntıları vardı.;Neutral
Bir an kendimi bir öğrenci filmi izler gibi hissettim ki pek bir farkı yoktu.;Neutral
Biraz daha gelişmiş hali.;Neutral
Türk sineması hep böyle mi kalacak?;Neutral
"""Neden bizimde """""""" Guguk Kuşu """""""" gibi bir filmimiz olmayacak?""";Neutral
sorunlarını sordurur.;Neutral
Kara kara düşündürür.;Neutral
Diyaloglar sıkıcıdır.;Negative
İnandırıcı değildir.;Negative
Herhangi bir oyunculuk görünmüyor.;Negative
Örneğin savcı ben şu diyalogu okuyayım da gideyim gibi bir vaziyette o diyolagu hiseediyor musun?;Neutral
O cümleleri sarf edicek ruh halinde misin?;Neutral
Hayır. Belirli bir duruş edinim put gibi durur oyuncular Yazık;Negative
Kesinlikle zaman kaybı ya inananamıyorum burdaki yorumalara bakarak aldım bu filmi iyidir diye ay böyle bunaltıcı böyle sıkıcı ve bayıltıcı bi film olamaz izlediğim en berbat romantik komedi artık lütfen sözüm Fransızlara;Negative
Fransız Sinemasına SON.;Negative
Bu filmi ilk izlemeye başladığımda 10 dk'da bunu çıkarıp başka bir film koydum.;Neutral
Sonra bir kaç gün geçti ve yeniden denedim.;Neutral
Ama olmadı.;Neutral
Sonuna kadar dayandım.;Neutral
Film bittiğinde ohhh çektim sonunda bitti diye.;Neutral
O kadar çok güzel yorum yapılmıştı ki o yüzden izlemeyi istemiştim.;Positive
Şu anda bile kendime bu filmi aldığım için kızıyorum.;Negative
Double dvd'yi izleme gereği bile duymadım.;Neutral
Bir kaç sene sonra tekrar deneyeceğim.;Neutral
Hala merak ediyorum insanların bu filmde neler bulduğunu.;Neutral
Seyrettiğim en kötü filmler listesinde ilk sıraları zorlayan bir film.;Negative
Bazı arkadaşlar filmin toplum eleştirisi yaptığından ve psikolojik bir derinliği olduğundan söz etmişler.;Neutral
Belki doğru olabilir fakat işleniş öylesine kötü ki tahammül sınırlarını zorluyor.;Negative
Şiddetin meşrulaştırılması ve bunu sinema diliyle gerçekleştirmek bir çok kişiyi rahatsız etse de şayet bu başarılırsa yönetmenin dehası ve sinemanın ne kadar güçlü bir silah olabileceği fikri güçlendirilmiş olur.;Neutral
Bu mesaj kaygısı taşıyan izleyiciler için şiddeti yada toplumun normlarına aykırı gelen durumları özendirdiğinden ötürü bir tehdit olarak kabul edilebilir.;Neutral
Ama benim bu filmi eleştirirken böyle bir kaygımda yok.;Neutral
Zaten bence sanatın her dalı için eser mesajı ile değil niteliği bizde uyandırdığı etki ile değerlendirilmelidir.;Neutral
Film bunların dışında medyaya da saldırmıyor değil fakat bunu öylesine inandırıcılıktan uzak yapıyor ki seyrederken böylesine kötü bir film yaptığı için ben Oliver Stone adına utandım.;Negative
Garip ve tuhaf bir dürtü ile bu rezaleti görmemek için filmi kapatmak istedim.;Negative
Seyirciyi aptal yerine koyan (Mesajı gözümüze sokarak) ve eline yüzüne bulaştırdığı mesaj kaygısı ile medya eleştirisini de ayaklar altına alan komik çocukça sahte ve basit bir filmdi.;Negative
Son olarak Tarantino'nun kendi senaryosunu böylesine gerçeklikten koparıp komik bir film haline getiren Oliver Stone ile kanlı bıçaklı olduğunu ve bir daha hiçbir filmde ortak çalışmama kararı aldığını da küçük bir not olarak düşürmek isterim.;Neutral
Tarantino'dan ötürü gözü kapalı bu filme hayranlık duyanlar tekrar düşünsünler Puanı;Neutral
Berbaaaaaaaaaaat.;Negative
Berbaaaaaaaaaaaaaaat.;Negative
Hayatımda uyuduğum ilk flim!;Neutral
Peter Pan'ın Fox Kids'teki çizgi flimi bile daha güzel!;Negative
Bu flime hiç bir zevki olmadığı için 1/10 veriyorum.;Negative
rezalet ötesi bir film.;Negative
kadrosuna aldanıp izlememek lazım.;Negative
berbat bi yeniden çevrim mükemmel oyuncular var ama harcanmışlar hiç kendilerini senaryo yüzünden gösterememişler 2/10 7 7 yi kesinlikle haketmiyo;Negative
herhalde bunun kadar kotu yerlerde surunen bir aksiyon filmi de zor bulunur.;Negative
Ilk filmle beraber tadinda birakilmasi gerekilirdi.;Neutral
Ayrica Jan De Bont'un da dususunu hizlandiran filmdir 'Speed 2'.;Neutral
Yerlerde sürünen bir film.;Neutral
Jan De Bont'un filmografisi bu filmle düşüşe geçmişti zaten.;Negative
Tek olumlu tarafı ise mekan kullanımı;Positive
İşte American Pie budur;Neutral
arakadaşlar valla nedense 3. film çok berbat ve kötü yapılmış;Negative
buldum nerde bu 1. film deki gibi güldürücü komik sahneler.;Neutral
En iyi en güzel gençlik komedi filmlerindendir bence American Pie(3. film hariç)...1. film : 8/10 2. film : 7/10 3. film : 2/10;Positive
belirgin bir konusu yok aslında.;Negative
bir bakıyorsunuz film bitmiş.;Neutral
çok sıkıcı bir filmdi.;Negative
bir başkasının yerine geçiyor anlaşılmıyor oyunlar çeviriyor falan.;Neutral
Vasat bir filmin 'niye çekildi ki' dedirtecek kadar kötü bir devamı.;Negative
Filmde Carrie-Anne Moss dışında izlenebilecek HİÇBİR ŞEY yok.;Negative
Kesinlikle zaman kaybı ve asla izlemeyin.;Negative
Gerçekten de pek ala kendi toplumumuza da uyarlayabileceğimiz bir film.;Neutral
Faşizmin baskısı altındaki bir toplum İkiyüzlülükler Eşi Askerlik gibi kutsal bir görevi yapmasına rağmen tek suçu güzel olması olan bir kadın hakkında ithamlar ve tüm bunların yanında küçük bir çocuğun tertemiz sevgisi.;Neutral
Filmde kesinlikle erotik hiç birşey yok arkadaşlar yapmayın lütfen ben bile öyle ki Belluci ismini duyunca kesin erotik bişeyler vardır diyodum ve gerçekten erotizm namına hiçbişey yok.;Neutral
Film gerçekten bir çok duygusal filmden daha çok etkiledi beni dram ne de olsa.;Neutral
Bence izleyin tatlı bir film yer yer güleceksiniz;Positive
Hele Renato ile babasının diyaloğu yer yer hüzünleneceksiniz.;Negative
Kötü denebilir böyle bir film için gerçekten kötü.;Negative
Hiçbir özelliği yok filmin ne oyunculuk diye bir şey var ortada ne de kendine has bir konu.;Negative
Sarışın bir kızın gecenin bir yarısı tek başına ortada dolaşırken öldürülmesiyle başlıyor ve böyle devam ediyor film.;Neutral
Yazık diyorum bu film için harcadığım zamana yazık.;Negative
Boş bir pazar gününü dolduramıyor film kimseye tavsiye etmiyorum.;Negative
bence yönetmen ünlü oyuncularla erotik (hatta bazen pornoya varan) bi film yapayım diyerek bunu yapmış.;Neutral
onun dışında yok modern dünyada yabancılaşmaymış yok ilişkilerdeki mahremiyetin korunmasıymış falan hiç alakası yok.;Neutral
yaptığım en büyük film seçimi hatasıydı;Negative
oyuncular dısında film kocamannnn bir S1F1R sonunda ne oldu ne bitti bi şey anlamıosun;Negative
bu filme güzel dienler eminim daha önce güzel film izlememişler.;Negative
anlamadığım nokta yüzüklerin efendisi matrix godfather kadar iyi puan almıs.;Neutral
allah aşkına o filmlerle bir tutulacak bi film mi sadece oyuncular için bu kadar puan gereksiz.;Negative
sonuc olarak film sadece oyuncular olduğu için;Neutral
sakın aldanmayın filme iyi diyenlere bende konuyu okuduğumda filmin kötü olma ihtimali yok dedim;Negative
ama filmi film yapan konu değil işlenişidir ve bu filmde o kadar bozuk bir düzen vardıki herşey yapmacık arada sırada komik olmaya çalışıyorlar;Negative
abartıyla rol yapıyorlar saymakla bitmeyen deli saçması bir film amatörce bile demeye dilim varmıyor.;Negative
sırf adının çekiciliğine ve konusuna kanmayın benim gibi zamanınıza yazık.;Negative
Flim zaten sıkıcı!;Negative
Konusu hiç güzel değil!;Negative
Ancak fazla duygusallar olan için bir filim bu!;Neutral
Flimin asıl konusu savaşın gereksiz olduğu.;Neutral
Bu konuyla güzel flimler olabilir ama bu insanı sıkıyor.;Negative
Aslında puan bölümüne bunun için 1 vermem lazım ama hadi penelope ile nicolas cage oynuyo diye 2/10 verelim.;Negative
Gayet kötü bir film.;Negative
Yani o yılda star wars çekilmese tamam diyeceğim de efektler ve geçişler o kadar kötü ve amatörce ki filme odaklanamıyorsunuz bile her şey ikinci sınıf;Negative
imdb top 250yi izlemeye karar verip bunu gerçekleştirmeye çalışan biri olarak bu kararımı tekrar gözden geçirmeme sebep olan ve beni bu platformda yorum yapmaya zorlayan film.;Neutral
Dr. Strangelove filmi ile beni mest eden Kubrick 4 sene sonra çekmiş olduğu senaryonun sesini dahi içermeyen bu filmle beni hayal kırıklığına uğrattı.;Negative
Bir filme güzel diyebilmek için gerekli olan senaryo ve oyunculuk bu filmde bulunmadığı için oscar almış efektlerinin günümüz izleyicisini etkileme ihtimali sıfıra yakın olduğu için izleyiciye verdiği iddia edilen derin mesajları gereksiz bulduğum için filmi beğenmedim.;Negative
"""Filmin zamanın teknoljisiyle çok güzel çekilmiş olması ve """"""""en iyi efekt"""""""" oscarını alması günümüz seyircisinin umursamak zorunda olmadığı bir durumdur.""";Neutral
Zaman ilerledikçe film yeni nesil izleyiciler tarafından daha sıkıcı ve gereksiz bulunacaktır.;Negative
Kalıcı olmak için senaryo şart.;Neutral
Hele bi de en iyi senaryo ödülüne de aday göstermişler ya insana yuh dedirtiyor vallahi.;Neutral
Filmin başyapıt olduğunu iddia edenlerin de maalesef samimi olduğuna inanamıyorum.;Negative
Filmin sonunu anlamadığını söyleyen arkadaşlar da buna hiç takılmasın.;Neutral
Filmin başı ortası mı vardı ki sonunda ne olduğunu düşünelim.;Negative
Filmin anlaşılması için kitabının okunması gerektiği fikrine katılmak da mümkün değil;Negative
ben sinema seyircisiyim kardeşim niye kitabı okumak zorunda olayım.;Neutral
"""E film böyle olunca bi ara filmin sonlarına doğru gösterilen lüzumsuz uzay boşluklarından birinden kubrickin kafasını çıkarıp kahkahalarla gülüp """"""""nasıl da kakaladım ama filmi siz de izlediniz"""""""" demesini bekledim ama bunu bile yapmadı.""";Neutral
Ayrıca HALı alt etmeyi başaran Dave abimizin jüpitere ayak basmasından az önce ekrana gelen efektler de windows media playerda müzik dinlerken gözüken efektler gibiydi ki bunlar bana hep itici gelmiştir.;Neutral
Puanlamaya gelince 1 puanı midnight express lawrence of arabia gibi filmlere ayırdığım için 2 veriyorum.;Neutral
İtinayla izlemekten kaçınınız;Neutral
normal bi aldatma hikayesini filme uyarlamışlar ekstra hiç bir şey yok ama izleyin pişman olmazsınız ne iyi film ne de kötü iyae yakın bi film;Neutral
