Review;Score
düğümünde bir şartla altin istemem damat medcezirin tum sezonunu 2 kere izlerse ?_?;Negative
"KEŞKE EN BÜYÜK KAVGAMIZ ""BEN DAHA ÇOK SEVİYORUM"" OLSAYDI.";Negative
Ağzını burnunu kemirmek istersin ya öyle bi şey yani;Negative
Sanki boşa yaşıyormuş gibi hissediyorum.”;Negative
Yalnızlık, aynı havayı soluyupta bir türlü yan yana olamamak gibidir aldığın her nefeste onun kokusunu duymak istersin;Negative
Ufuk beni gorucu usulu evlendiriyo yardim edin;Negative
İyi o zaman...;Negative
Sadece up yaptik hayallerimizi satmadik ya......;Negative
Ya sen malsın berna;Negative
Ya bu kadar boş olduğunu bilseydim seni sever miydim gerizeka ??????????????????;Negative
Beni sevmeni beklemek kişisel bi intihar;Negative
10k kullanici takip etsem bile takipcim 20k olmaz aq;Negative
Ihale bizde kaldı ?? (@ Palmiye Restaurant & Cafe in Tuzla, Istanbul) https://t.co/xGDELWB9yb http://t.co/iGLPd0V48C;Negative
"""kokun vardı, geçmişi unutturan.""";Negative
Sensiz yarim kalir sözlerim ...;Negative
Millilerden kalack kontnjan ekatamasizbesyonun hakkdır oranimz dahiverilmedi ADALETyeriniBULMADI @Yusuf__Tekin @hmzaydg 7;Negative
Ulan benim gibi adam tiyatroya zorla getiriliyor aq;Negative
Maskeler indi kimin ne olduğunu anladık;Negative
@efendisizc 'nin kendin yasindaki kiza ablacim demesi kadar saçma.;Negative
Ulaaa bune firtina amk kafama odun dusuyodu...;Negative
Millilerden kalack kontnjan ekatamasizbesyonun hakkdır oranimz dahiverilmedi ADALETyeriniBULMADI @Yusuf__Tekin @hmzaydg 8;Negative
Ulan insan sevdiğini aglatır mı be ?;Negative
Aman o üzülmesin aman bu kırılmasın diye paramparça olduk.;Negative
Kim mutlu edebilir seni, sen hazır değilsen?;Negative
Görüpte görmemis gibi davranmak en kötüsü işte;Negative
Seni benden başka çevrimiçi yapan nedenlerin aminakoyim.;Negative
Millilerden kalack kontnjan ekatamasizbesyonun hakkdır oranimz dahiverilmedi ADALETyeriniBULMADI @Yusuf__Tekin @hmzaydg 9;Negative
Ne soğuk var ya?? (@ Beykoz Sahili in İstanbul, Türkiye) https://t.co/ZsIHvuOALD;Negative
Benim kendimi bulduğum yer dudakların. O yüzden nefesine bu derece muhtaçlığım.;Negative
Anca girebildim mk #HappyBirthdayHarryStyles;Negative
"http://t.co/gJsCE6RweH http://t.co/7dShenXLKd"" güzel başlık ! Peki kaçı AKP 'li ?";Negative
Zirvede olmayı hedeflemeyin orası inişin başlangıcıdır.;Negative
İnsanlaraGüvenmiyorumÇünkü hiçbiri bunu haketmiyor hatta haketmek için bile çabalamıyor.;Negative
Bugun gayeyle yaptimiz dedikoduyla cennetin c si haram bize:D;Negative
Sen bile bilemezsin gülüşün bende kaç bahar eder.;Negative
Kıyılarıma vuran sen misin?;Negative
"“Güven ""O bunu yapmaz"" demek değildir. Güven ""O bunu yaptıysa bir bildiği vardır"" diyebilmektir...";Negative
yine kettle a ikininbesyüz kere basıp tekrar tekrar kaynatıp hala çay içemeyişimle hesaplaşmaktayken yemek yemeye karar verdim;Negative
Ama yapamazsın , aldığın her nefes ciğerini acıtmaya başlar;Negative
Kraldan çok kralcı var (@ Dikmen in Ankara, Türkiye) https://t.co/nYklpPJsTj;Negative
Ruhumuzla bedenimizin arasına sıkışan eylemlerimiz var bizim.;Negative
"her gün bir gün daha kaybediyoruz.""";Negative
amını damını yurdunu sikiyim;Negative
Yine D&R da kendimi kaybettim;Negative
10 kızı birden idare eden ortalikta adamim diye gezme amk mali;Negative
Çinlilerin daha keşfetmedigini düşündüğüm en ala işkencedir bence tül ütülemek...;Negative
Gitmek kadar imkansız kalmak bana ızdırap;Negative
Solun spesifik yukselisi para baronlarinin para musluklarini kismasindandir.Yoksa kendileri dahi iktidar beklemiyorlardi..;Negative
Susmaktan başka bir şeyim yoksa, benim konuşmam küstahlık olmaz mı?;Negative
Çok aciyo be harbiden cok aciyo cok cok;Negative
Kimse istemedği bir şeye zorlanmaz;Negative
Kul ölümü unutur ,ama ölüm kulu unutmaz...;Negative
Sefaköyün köpegi bitmez zaten ...;Negative
Her gün bir gün daha kaybediyoruz.;Negative
Yıpratılmış kadınları sevmek lazımdı belki de, şımartılmışları değil.;Negative
Sevgilisi olanlar tweet atmasın hatta twitter'a girmesin burası yalnızlarin yeri.;Negative
Bidaha değişik tatlar denersem vurun beni.;Negative
Torbacilarin içine düştük amk (@ Esenyurt in İstanbul, Türkiye) https://t.co/Of6hYXYWfE;Negative
Boşverdim artık tüm gülüşümlerimi ?? http://t.co/hjC4dN6TPt;Negative
Kollarımı ve bacaklarımı hissetmiyorum yea .s;Negative
zira eboue engin gokhan gibi para alip bosta duran isimler hala takimda yonetim becerisi isi bos cikti. aysali elestirmek kolay sonuc nerde.;Negative
Hiç alışamadım gülmeye,;Negative
Hüzün vicdanıma daha uygun.;Negative
"Valla bende herkes yaşıyo diye yaşıyorum.""";Negative
Simayı vuracağım ????;Negative
Sadece sıkılan ben miyim ?;Negative
Evet.Sizden çirkin kişilerin de sevgilileri olabiliyor.Hani bazı insanlar içe bakıyor ya ondan.;Negative
Kötü söz söyleyeni rezil eder kime söylemişse onuda vezir eder vesselam;Negative
Iki adimlik yere gelemedin bi ömur bnmle nasil olcakkk >,<;Negative
Ah yalan dünya...;Negative
Gecen sene bugun Singapur'da kaybolmuştuk. Hayat cok garip.;Negative
Ne zamanki annemle konuşsak mevzu dönüp dolaşıp evliliğe geliyor ??;Negative
Ben aptal mal kelimesini çok kullanırım ama sebdigimden ama sana cidden aptalsın dersen artık sana yapcak bişey yok ??????;Negative
telefonumla sarj makinem bir birine çok sıkı bağlanmışlar kimse ayıramıyo;Negative
Sömestr pek kesmedi, bir an önce yaz tatili gelsin ? http://t.co/F4UzkX6RYt;Negative
Yanlıs tivik atıyorum neden;Negative
İnsanı yıkan inanmak değil ki , inanamamak ...;Negative
Ne demek internet paketim bitiyor?;Negative
Bir kadını az sevmekle çok sevmek arasında gidip geliyordum.Hiç sevmemeye karar verdim;Negative
Keşke tatilde Sakarya'ya gidecek olsaydım özledim çünkü ve sıkıldım burdan;Negative
"''Geçtim ben herşeyden, vazgeçtim. Bir gülüşün kaldı, bir de çekip gidişin hafızamda.""";Negative
Bana mal demiş çok üzüldüm oysa sülük gibi yapışan biri için marjinal bişi beklerdim kişiliğinin hakkını vermedin;Negative
Ben gidiyom bay vikingler ve gangsterler. Sizede bay normal yaratıklar. ??;Negative
Ne halt yediğin belli deil.;Negative
Onu bunu boşverde bizim sonumuz ne olucak böyle ?;Negative
Bırakın aşk acısını siz yanık acısı nedir bilir misiniz ??;Negative
Geçen sene bu zamanlar Şili'deydim. Şimdi Şile'deyim ?????? Hayat garip.;Negative
İçmediğim şeyin lafını niye yapıyon amk ??;Negative
Uyumsuzum ve kontrol edemiyorum.;Negative
Yine sana sövüyor, yina sana susuyorum;Negative
Ya beni bi okuyup üfleyin;Negative
uyumak istiyorum ????;Negative
Karar verdim bu zamana kadar boş insanlarla çok oyalanmisim.;Negative
Aman o üzülmesin aman bu kırılmasın diye paramparça olduk.;Negative
Kış günü düğün mü olur aq hiç işim yok bide düğüne gitcem ok ok.;Negative
Artik eve ışınlanmak istiyorum sabahtan beri dışardayimm;Negative
Kendimden sıkıldım artik.;Negative
Yorgunum ve mala bağladım -.-;Negative
allam benim moral niye hep sıfır;Negative
Kaç kez aynı yerden öldürür hayat ?;Negative
Kaç kez kaybeder bir insan ?;Negative
Bekliyor bekliyor bekliyor;Negative
Babanem beni denizim parka götürmeye gelmiş bende bok varmış gibi alanyaya geldim;Negative
Ne demiş nazım hikmet, yürekli bir kadının başı yüreksiz bir adamın omzuna ağır gelir.;Negative
beşiktaşk yazmayin aq yanlis okuyoruz sjsjsjsjj;Negative
Beni merak etmeyeni ben hic etmem;Negative
Demek beni ellemeyi özledin piremses???? @EcemOzgececii http://t.co/bXFlnyOr7A;Negative
Yine uyuzlugun mu üstünde¿;Negative
Ettiğimiz israfların günahlarını affeyle Ya Rabbi ! İsrafın dibine vuruyoruz çünkü ::;Negative
Aybikeyi bi özlemişim bi özlemişim nasıl özlemişim öyle ??;Negative
Yok abi elektrik siz olmuyor.;Negative
Onun gökyüzünde benim yerim yoktu;Negative
"Kadınlar yanlış erkeğe aşık olur, Erkekler ise doğru kadına yanlış yapar. Nettir.""";Negative
Bizi üzen bok yesin.;Negative
Allaaam yıllar sonra kalp ritmimi değiştiren bi insan evladi var bu normal mi!?!?!?;Negative
Bu ne biçim Antalya havası;Negative
Çok midem bulanıyor şimdi otobüse kusucam;Negative
Dun gördüm otobüste giderken seni pek dusunceliydin (ironili);Negative
Nevşehire döneceğimi öğrenince yavuz.. ???????? @Mhsnkrmzgl http://t.co/MCiZRWixHQ;Negative
Keşke tipiniz değil de, karakteriniz evrim geçirse.;Negative
Dışarda uçan insanlar var aq;Negative
misafirin çocuğu 6 yaşında, şımarık, erkek, mesleğimi yapmak isteyen bir piç. saturday night horror.;Negative
Herkes bi çare olmuş gardaş la;Negative
Trafik bitmez (@ Ali Fuat Basgil) https://t.co/0tiEd8dpYe;Negative
kimse beni üzemez ben sadece kafama takar üzülürüm;Negative
";) bu ve ?? çok farklı anasını satıyım";Negative
İstanbul'a veda zamanı... (@ Kale Seyahat in İstanbul, Türkiye) http://t.co/G71gtC4CnG;Negative
Ah bu kara sevda alacak misun canumi;Negative
aslan burcu ibne olur derler ama sen bilirsin tabi karşim;Negative
Ben sigara dumanın altında, yana yana en sonunda kül oldum.;Negative
"Sen kibritin hiç yanmayan ucunda birinin hayatından geçmiş oldun. """;Negative
Daha dur daha durrr!;Negative
Zaten tadı da kalmadı o eski susmaların;Negative
"Sonuc olarak twitter instagram whatsapp bile hep can sıkıntısından. Zaten bu alem de ""can sıkıntısı"" mahsulu degil mi ?";Negative
Bıktım??;Negative
Bence yarın ortadan kaybol evren seni fark etmez ya ??;Negative
Bu şehirde trafiğin olmadığı bir güne denk gelmek bu kadar mı zor ya ??;Negative
Benim sakarlığıma bi alkış alayım : kulak yolunu delmişim amk, bildiğin delik. Sakarlığımın amk...;Negative
Tv programlarının yüzde doksanının tamamiyle saçmalık olması...;Negative
Çok hastayım :(( (@ İstanbul Şafak Hastanesi) https://t.co/1QqjvaZhZI;Negative
Açım,açım ey medeni ülkeler !!! Bizim insan haklarımız nerede ? ( Suriyeli küçük bir kız çocuğu);Negative
Buna ne diyeceksiniz ?!!!!!;Negative
Nasıl seviyorum belli değil...;Negative
Aslında en kötü şeydir, değer verdiğiniz insanın değiştiğini görmek.;Negative
Beyin için uyku diye bir olay söz konusu değil!..;Negative
Mesaj atin valla sıkıldım .s;Negative
Bi alo de gelmezsem gençliğim solsun ?;Negative
"Çirkin bayan yoktur ""bakımsız"" bayan vardır";Negative
Ya ben günahtır falan diye din derslerinde uyumuyordum. Ne küfürü¿;Negative
Paran varsa adamsın denilen yerden kaçtım.;Negative
Çok sıradan bi tatil daha aq;Negative
Vakit demir alma vaktidir dostlar, iyi bakin kendinize. (@ AŞTİ in Ankara, Türkiye) https://t.co/5uU9AhCQzR;Negative
Kaç kez kaybeder bi insan?;Negative
İnstagram da bi çocuk bana fotograflarini çok hoş nerde oturuyorsun yazmis bende koltukta dedim diye bütün fotog. begenmekten vazgecti :(((;Negative
Çok sevdiğim biri var haram bana;Negative
Arada bana geliyorlar ve o siniri birinden çıkaramazsam 3 gün yatak döşek depresyona giriyorum! O yüzden bana sakin ol demeyin;Negative
Bu da sana yeter. http://t.co/m4fb8bYaaS;Negative
Hiç yalnız bırakmaz anılar çünkü en çook mesafeyi severlerr??;Negative
Suratima telefonu kapatamazsin bn siratina kapatirim ok by '-';Negative
Bi sandalye, bank koymak kimsenin aklına gelmemiş mi arkadaş! (@ Lüleburgaz Otogarı in Kırklareli, Türkiye) https://t.co/C758PevjdY;Negative
Basketbolda olmasa bu hayat yaşanmaz amk;Negative
Çok abarttı çoook;Negative
2.ye ölüm tehlikesi geçirdim bi dahakine güme gidicem??;Negative
SA yorgunluktan iflahım sikildi;Negative
Düştük yine çaresiz iddanın yollarına;Negative
Ucuz malin alicisi cok olurmus??;Negative
Tek eğlencem balkonda sigara içmek;Negative
Niye bana unf yapıyonuz amciklar;Negative
Insanların çirkin diye attıkları fotoğraflara bakıyorum da..çirkin olmasalar nasıl çıkacaklar merak ediyorum.;Negative
Ben okuduğum kitabı bir daha okumam ...;Negative
Prensip meselesi .;Negative
çok yediğim zamanlar sofradan bu sekil kalkıyorum http://t.co/WiY8MXYWNB;Negative
Özlediğin birini görememek en kötüsü;Negative
Gelmezsen gelme ulaan :d;Negative
Böyle günlerce uyumak istiyorum .;Negative
Başkası için değişme;Negative
"Geçtim ben herşeyden, vazgeçtim. Bir gülüşün kaldı, bir de çekip gidişin hafızamda.""";Negative
Vefasiz Eksik Yarım (Ferhat göçer );Negative
Gülerken hepiniz benle gülüyorsunuz,ama ağlayınca neden ben tek ağlıyorum?¿;Negative
Insan gerçekten hayret ediyor.??;Negative
İyi gün dostları sizi.;Negative
bu sevdadan fayda yok geçirmişiz zamanı;Negative
Saçmalama tabikide sigara içen kız iticidir.;Negative
Yanlış yaptıysam doğrusu hoşuma gitmemiştir ??;Negative
Bazen oyle anlar olur ki zaman orda dursun istersin...;Negative
Bu işlerin amına koyayım. ?? (@ Tiger's Home ??) https://t.co/MwV4e3qd4O;Negative
"Tayyip 10 bininci kez ""Yeni Anayasa"" için oy istedi.";Negative
Sen kimsin ya?;Negative
İlker seni sessize aldım unf atmadım FAV felanda yok ayrıca bil istedim;Negative
Kizlar espiri yapmasin mk hayat duruyoo.;Negative
Kendini vazgeçilmez zanneden insanlardan vazgeçmek gibisi yok ????;Negative
Koca şehrin kalabalığı benim yalnızlığımla yarışıyor.;Negative
Kalıyo böyle boğazında ne yutkunuyosun ne konusabiliyorsun hiyip bitiriyor bu senii ve sense öylece duruyorsun;Negative
Ne kadar iğrenç bi gün hepiniz ölebilir mi;Negative
Hep eksik diyorum ya o bile az;Negative
Ömrümüzü yedin Antalyaspor (@ Meydan Polis Merkez Amirliği w/ @mrv9807) https://t.co/u9RyvyzjcV;Negative
Hoşçakal Isparta, 2 hafta sonra görüşmek üzere.. (@ Isparta Burdur Karayolu) https://t.co/STIG5pTd50;Negative
Kulağına kulaklık Takan Kul Aklandığını Sanıyor. Duyduğu Sesin Akışına Göre yaşayıp Kendi Kararlarını Verdiğini Sanıyor..;Negative
Sevdigim beye sahipli oldugu belli olsun diye tasma takmak isteyecek kadar kıskancım!;Negative
Ben kıskanmam, çıldırırım.;Negative
Bu kadar değersiz önemsizz hissetmemeliydim bugün kendimi ?? (@ Karadeniz Home O) https://t.co/bgw5U5dihi;Negative
kafama taktım ulan para biriktirip alcam gerekirse;Negative
Nerden aklıma geldiyse dilime takıldı ?? http://t.co/UNt400CW7P;Negative
Gençliğimin hayrı mı kalır kendi gider adı kalır;Negative
Bana soguksun diyorlar. Hayır. Sadece herkesle muhatap olmuyorum o kadar.;Negative
Her yer, her şey, herkes hep sen;Negative
yaşasınşeref sizlik;Negative
Hayırlısı B| (@ Dr. Necmettin Şeyhoğlu Stadyumu) https://t.co/VVBjhfUZnK;Negative
Ciğerimiz soluyor bazen aynı şarkıyı dinlemekten.;Negative
Bugün anormal şeyler oluyor;Negative
Dünya mı zor bünyem mi zayıf?;Negative
Sizin için başkasına çamur atan insan, başkası için de size çamur atar. Karakter meselesi.;Negative
Sistemin aşısı tutsaydı ,ruhunu fatiha okumaya hazırdı imamlar.;Negative
Annemle fotograf çekilmek kadar zor bişey olamaz arkadaş;Negative
Çünkü şiir zengin fahişelerin kalçasına ritim değil varoş çocukların beynine kan pompalıyo.;Negative
Ya sevgiizin amk siz hiç lolda 10 oyun üst üste bozgun alıdınız mı ?;Negative
Yeni kişiler lazım diye diye herkesi eskittin aq kızı;Negative
Seviyorsan triplerime katlanmalısın ??;Negative
"Tersini söyleme boşuna;umrunda olan böyle davranmaz,davranamaz.";Negative
Istanbula gidince ilk isim Fâtih te deli gibi alışveriş yapmak olcak.s;Negative
evveliyatını sikiyim;Negative
"""Duâların yerini hayaller aldığından beri zarardayız.""";Negative
Eski iş yerine dönünce sanki 4 büyüklere transfer olup da tutunamayıp tekrar anadolu kulubüne dönen futbolcular gibi hissediyorum;Negative
olmadığın halde;Negative
İsmin hala kalbimi kırıyor;Negative
Ulan nasıl kader var bende tam abimi ikna ettim dışarı çıkalm diye dedem emre arabayi al gel hastaneye gidelim diyo bahtsiz bedeviyim resmen;Negative
Yolbulan sessiz kalma dinle terbiyesizliği;Negative
Galatasarayın en büyük düşmanları içimizdeki Galatasaraylılar!;Negative
Ünal Aysal>>>>;Negative
Şehirleri güzel yapan dostluklarmis.Bu yuzden dünyanın en kötü sehrisin;Negative
mertten dayak yedim ses qes;Negative
Ne içiyosanız bırakın;Negative
benim hücrelerim aç;Negative
Sakinlik lazım sakin kalabilmek lazım nasıl yapcaz?;Negative
özlem sıçtım senama;Negative
şu dünyaya kendimizi bu kadar kaptırmayaydık iyiydi.;Negative
Açıklayın lan Josue neden kadroda yok @BursasporSk;Negative
Beni öldürmeyen Allah seni de güldürmesin o zaman;Negative
Sağlık Bakanlığı @MuezzinogluDR Bursa DOSAB kömürlü santralin halk sağlığına etkisi ile ilgili olumsuz görüş versin> http://t.co/AGJ7bDldBb;Negative
Psikolojisi düzgün insanları sevmiyorum ya;Negative
Whatsapl grubundaki kavga bitsin diye saçmalayan rumeysa .d;Negative
canımın sıkıntısı nasıl geçer;Negative
Hiç düşünmeden konuşan insanlara, hiç düşünmeden yazıp kalbini kırmak istiyorum ama kişiliğim buna uygun değil sorun orda.;Negative
"Daha dün arsız bela dinleyen kız bugün rap dinliyor, komik ;d";Negative
Twitter kullanmayan birisiyle arkadaş olmak istemiyorum. Beni hiç anlamıyorlar.;Negative
Özlediğin birini görememek çok koyar.;Negative
Çocuk bana yazsana.;Negative
Yanımdan geçen bu gölgeler benim değil;Negative
Bartu ile yediğimiz kazıkkkk;Negative
Süriyeye gelmiş gibi oldum kardeş;Negative
Kolay kolay vazgecemem bulmuşken;Negative
Tatlim feysi kullanmiyosan kapatsana diyo.Yeak ya boşuna mı laykladim ben binlerce düğün fotosunu??ben evlenmeden kapanmaz o feys??;Negative
"Sünger Bob : Patrick o bir sıfır.""";Negative
Kırıldığın yerden kıracaksın;Negative
Sow oynayaydı iyiydi.;Negative
Benim olanı kıskanırım 'diyemedim yala;Negative
Resmen boşluktayım, nasıl bir sıkıntıdır bu laaaaannn;Negative
Ve nihayet eve girebildim ??;Negative
İncirler olana kadar kalsaydın bari ?;Negative
Herkes mi burda olur?? (@ Cikolata Shop in Antalya w/ @wwweycel) https://t.co/ISkbrU66ZK;Negative
Ofofofoofofofofof;Negative
Adalet sarayı yazıyor bir de. Bir güldüm bir güldüm.. (@ Çağlayan in İstanbul, Türkiye) https://t.co/Xtb3gUO7gI;Negative
Annecim hiç tuzla şeker aynı kaba konur mu ? Karanlıkta hangisi tuz hangisi şeker nerden biliyim ben :( gitti güzelim çorba :(;Negative
ciğerini bildiğim insanların yaptığı davranışları izlerken KARIŞMICAM UYARMICAM diye kendime bağırıyorum ama tabiki karışıcam;Negative
"''Ne çok hüzün var sahi.. Sabahtan başlıyoruz hüzünlenmeye, koca gün yetmiyor; Ertesi güne devrediyoruz bazı hüzünleri.''??????";Negative
Mubistip'in lakabi HAYİM olsun bence. Yine coktu tipini sevdigim..........;Negative
İyi Günde Kötü Günde biz beraberiz,uçak rötar yapar biz bekleriz ???????? cagdassince1903 dgknbaysal @… http://t.co/fz5tSWsMEV;Negative
Olum bu benim hesabimi engelleyen 2. Hesap ne istiyosunuz la benden;Negative
Ölünmüyor mutsuzluktan, canlı ispatıyım ??;Negative
3 yıldır tapu sicilini öğrenemiyor olmamız da Nomer kürsüsünü üzdü????;Negative
Vergimizden Maaş alip yine vergi verene hakaret edildiği bir dönemdeyiz.adamin maaşini veriyoruz hakaret işitiyoruz..;Negative
Lodos, fırtına tabi elektrikler gitti, eskilere döndük ?? Yeniler bilmez bunu ?? @ Can's Home http://t.co/wIoqhRVYcL;Negative
Nenemin anneme muhteşem önerisi: Arjini doktora gösterin çok uyuyor bu çocuk;Negative
Bütün gün evde yatıp yorulabilen biriyim.;Negative
Git gide yaklaşıyorum uzaklara.;Negative
Son gun elveda kirmizi beyaz (@ Kirmizi Beyaz in Fatih) https://t.co/zbapqU7OLf;Negative
Birileri çeksin şu uzunun ipini yeter lan. Ne demek seçim konuşması. Ne demek siatem değişikliği. Hitler böyle geldi haberiniz olsun;Negative
Niye bu kadar kafamda kuruyorum;Negative
oturdum hangi boyutta haklı olduğunu düşünüyorum http://t.co/8wgvOrbGwL;Negative
Sende otur bi düşün.;Negative
Tyreese ölemez ?? #TheWalkingDead;Negative
Bi şu semayaaaaa durrrr desinnn :)@smnr_adymn;Negative
Herşeyimken hiçbişeyim olmayı başaran insanlar çok beceriklisiniz tebrikler .??;Negative
Habersiz geldiysen izinsiz gidemezsin o kadar(nokta);Negative
Ve bir tatil daha yanar;Negative
Ulan en sevdigim kadin oyuncu dibime kadar geliyor ve goremiyorum..;Negative
dudağımı yiye yiye dudaksız kalcam diye korkuyorum;Negative
Ulan İstanbul OO @ Mimar Sinan Teras Cafe http://t.co/T0xWjG5QjK;Negative
Bu da sana yeter şimdi kudur istediğin kadar. http://t.co/5nCEOpH7ku;Negative
tren olayı çok duygusal aq ya (@ Ankara Garı - @tcddemiryollari in Ankara, Türkiye) https://t.co/IkCXMrfmKu;Negative
Hayatta hiç bir şeyi planlama.. Hayatin zaten senin için planlari vardir..;Negative
"Çişini 5 dakika tut sonra işe. Al sana mutluluk.""";Negative
gs tekerlekli sandalye takimi sampiyonluklara bizi alistirirken biz onlarin paralarini odeyemiyorsak birileri kendilerini sorgulamali.;Negative
Hayalleri tecavüze uğramış bir grup insanız biz;Negative
+ Bizi neden kimse sevmiyor ?;Negative
- Çünkü bizim yüregimiz onların aşkına büyük geliyor ..;Negative
Eskiler özlenir ama tekrar yaşanmaz.;Negative
Amk atik su icon resimleri kaldirin yada gotunuzu indirin;Negative
Yürümeyi öğreneli moralim bozuk ...;Negative
Ben istedim ki, sol tarafında bana ait ufakta olsa bişiler olsun.;Negative
vay be ne gündü, hiçbir şey olmadı yine;Negative
Herşeyin üstüne cap ya da bere takarım ben sana ne?;Negative
Dibinizdeki insanların veremediği huzuru bazen en uzağınızdakiler verir.;Negative
bir daha istanbulda tantuni yiyen adanalı olsun o nasıl bir şeydi öyle bunlar adamı tantuniden soğutur;Negative
Internet ve wireless hizmeti vermeyen mekanlar siz kapatın ya valla çok geri kaldınız :-);Negative
"""Bir ihtimalken bile ne kadar güzelsin!""";Negative
Bir adamın adı cıkacagına bence canı çıksın ?;Negative
Gelinimiz ameliyat oldu. Dualarinza ihtiyaç. Var.. (@ Acıbadem Atakent Hastanesi - @acibademsaglik) https://t.co/tIPTFiwRfb;Negative
Kırılmak başka bişey.... Başkasının parçaladığı, batar her yerine..Çıkartırken de kanar! Kimseye bişey olmaz. Senin canın yanar!;Negative
Bütün yük benim omuzlarımda;Negative
Welcome to cehennem ?? (@ Bağcılar Meydan in İstanbul, Türkiye) https://t.co/KPYVzB5mFb;Negative
Bahçede ateş yakmış serefsizler;Negative
Seviyodun ya hani, yine rol yapsana;Negative
Moda da oturup keyfini çıkaramayan biri olarak söylüyorum. Moda çok güzel????;Negative
Gidemessin deme buralar dar geliyor bana ????;Negative
Yoruldum Allah'ım..;Negative
Bir mucize ??;Negative
İçimizde neler var boyle bir müzikle çalkalanan;Negative
Artik yatakta haraket ederken bile yoruluyorum;Negative
Kendimi nat geo wildde etrafını 5 aslan sarmıs zürafa kadar bosvermis hissediyorum;Negative
Kaybetmekten korktuğum ne varsa kaybettim ben..;Negative
Bi edebiyat fakültesinde bi forum istanbulda bide fatihin dar sokaklarında kaybolmaktan bıktım aq.;Negative
Omuru yedin omrumu http://t.co/fKdRX9tS0M;Negative
Hadi bakalımmm (at @SherlockAnkara in Ankara) https://t.co/pIdUSWXfVB http://t.co/hZhGBISffw;Negative
EKMEK CALAN COCUGA 10 YIL;Negative
HAPİS CEZASI VERENLE,TECAVÜZCÜYÜ SERBEST BIRAKAN DA AYNI DEVLET!!;Negative
Yorgunluktan ölürkene :/ @ Binici Malikanesi http://t.co/8BtOEFl6gq;Negative
Borazanla bitmek bilmeyen fal sirasi ???? (@ Cafe Daisy in izmir, Alsancak w/ @berkayborazan) https://t.co/D40UEmBj45;Negative
Otostopta kaldim amk;Negative
Tatilin bitmesine #gerekvarmı;Negative
Bi ara kırmızı pantol giyip etrafta çilekli max gibi gezen beyler vardı ne oldu onlara ?;Negative
ibnişko erkekler genelde fenerbahçeli oluyor;Negative
Ben değil kader huzursuz.;Negative
Allahım ya;Negative
Sevdiğine sadık insan kalmamış.;Negative
Geldik yine ne sikim varsa aq. (@ Lokal Beer Cafe in Lüleburgaz, Türkiye w/ @cnbrk_ygt) https://t.co/Q6Pa4UXcsx;Negative
Anladım benden sogudun ama bilki çok güzel şeyler hayal etmiştim;Negative
Para verin bana diyim ya djdjdj;Negative
Gelecek adına hayaller kuran insanların ertesi gün çekip gitmeleri sizcede çok komik değil mi?;Negative
"""Efkarım'dandır semadaki bulutların grisi..""";Negative
Onlarca insan içinde yapayalnız kalmak..;Negative
Sanirim bu konvoy bilalin dogumgunu icindi hahahsjsjdjfj;Negative
Yanlızlık üzerine master yapmakta güzel ya...;Negative
Seni gidi Çakma izmirli ?? (@ Karşıyaka in İzmir, Türkiye) https://t.co/wNtZ5JicOz;Negative
Ne yagni prens bulunana kadar kurbagalar felc mi olsun mk;Negative
senkronizenizin amk rehberim sikildi;Negative
hayır artık yanacak ciğer kalmadı.;Negative
kendim nişanlanmış kadar yoruldum bu ne lan bi kere daha soğudum evlilikten;Negative
Egzosumuz patlamıştı aga moreller bozukkk ?? http://t.co/DUXXOTEUhu;Negative
Tayyip Reis susarak Konuşuyor. Bilmeyen ise Ağlar sızlar beddua eder. Imamın kayığı ile TÜRKİYE geleceklere ithaf ... http://t.co/iDFV4vv52s;Negative
Olaylar, olaylar ?? (@ Vural's Home in İzmir) https://t.co/1KmpJb3CGw;Negative
Hayallerle hayatlar eşleşmiyor.;Negative
"""Camı açıp depresyon stylaaaaa diye bağıracam valla o derece daraldım.""";Negative
Yok dediğinde hiç mi yok diyen mantığı biri bana açıklasın bu insanlara #gerekvarmı ?;Negative
Kilolu kızlar neden göbeğini deldirirkii;Negative
K?ybedecek birşeyim k?lm?dı.. K?z?nm?y? b?şlıyorum :)));Negative
Anlamıyorum 3-5 günde aşık olup, 3-5 gün açı çekip,3-5 gün sonra da nasıl başkasını seviyorsunuz?;Negative
#AD?;Negative
Delirdim hasretinle.;Negative
Favorim bu video.Bu adam muhalefetin genel başkanı ya bu ülkede.;Negative
Elinden tutup seni evimize götürmeye geldim. Hiç gelmezsin sanmıştım sana son bir defa sarılamam sanmıştım ama şimdi daha zor;Negative
Hayatımızı siktiniz teşekkür ediyoruz artık 5 adımda bir kahve deryasi, gönül kahvesi ,soulmeyyytt cofffeeee, sitarbaaakss.;Negative
"Amına koduklarım 3 haftadır kitabı yazmıyorum biriniz bile niye yazmıyorsun diye sormuyorsunuz. Şimdi herkes "" kitabı yaz"" diye meşın atsın!";Negative
Mavi gözlüler çok itici.;Negative
ne sevenler gördüm Ama hiç biri onun gibi sevmedi;Negative
Insanlara olan güveniniz bukadar bittiyse demekki...;Negative
Gelin olmak çok yorucu. Olmayın!;Negative
“Artık göğsümde bir yara değil, bir türkü, bir kavgasın.;Negative
Sene 2015 millet hala camiden ayakkabi caliniyo;Negative
bir dili olsa, sana sövecekleri çoktur yüreğimin.;Negative
aysalin tabiri ile bir eleman 4 ay para almazsa nasil verimli olabilir. ama duygun yarsuvat in cok umrunda oldugnu yaptiklarindn dusnmuyorum;Negative
Trafik ?? (@ TEM Mahmutbey Gişeler in İstanbul, Türkiye) https://t.co/Vhd3zlW1YJ http://t.co/FZtPg0JDnw;Negative
Insanin ruhu orospu olmasın demisler;Negative
Fatihle psikopata bağladık mk sjdjf;Negative
Hay aklıma tüküreyim ya bu soğukta kapıda kalırım işte böyle !!!!;Negative
Sabahları kalkıp Twitter'a İnstagram'a bakmak yerine heyecanla çizgi filmlere baktığım günleri özledim.;Negative
Aslında insan en çok sevdiğine kırılır;Negative
Dışarı çıkıcak kimse yok, süper geçiyo tatil :ddd @ Mustafa Kemal Mahallesi http://t.co/CvRqRZhrlR;Negative
Ağımızı burnumuzu açabilseydik Davraz güzeldi aslında? http://t.co/ZOzBnCQ7Ty;Negative
Bu fenev'in çöküşü Karabük'le başlayacak ,Trabzon ile devam edecek inşallah ?????? !;Negative
O kevaşeyle neden arkadaşsın cici çocuk;Negative
Bu lodosun en kötü yanı yaptığı baş ağrısı ?? bahar gelsin güneş açsın!! ??;Negative
Emmeli vakumlu ne serkan abi yaa fesatlasmayalim lutfeen :D @srkandic ¦ #kızevi;Negative
Ne bok olduklarını yüzlerine vurmadığımız için kendilerini kusursuz sanan götler var;Negative
Firtina ve yagmur. Cumartesi pert:));Negative
Önüm arkam sağım solum boş gereksiz insan.;Negative
Erkek dediğin öküz, kız dediğin manyak olacak bu böyle;Negative
Senin için dünyayı yakarım der,bir kibrit bile çakamaz.;Negative
ay bir sürü kitap buldum hangisinden başlasam karar veremiyom sjhdöğdjsn;Negative
Deniz sinirlendiii ????;Negative
Ellerimi tutmadin yar,yatamam geceleri;Negative
Yine iş yine iş amk (@ beyazev gayrimenkul) https://t.co/42awNqUN8O;Negative
Görüldüymüş. Sensin o görüldü. Görüldü çocuğu.;Negative
İyi insanlar üzülüyor, ben de üzülüyorum;Negative
Amk bebekten nefret ediyorum bide 8 9 saat bi arabada bebr ağlaması çekiyorum yemin ederim fer fena sikicem çocuğu;Negative
Zaten artık sen istesende ben barışmam.;Negative
Asfaltını yolunu sikeyim bi tane ışık yokkk;Negative
Bütler benide bitirdi ?? @ Eryaman Evleri http://t.co/TFQwUf0QRe;Negative
Saçmaladığımı söyliycektim suratıma kapadın.;Negative
Hani iftar vaktine yakın susar ya insan,yokluğun o denli yakıyor beni.Söyle ne. zaman okunur bu ezan, bir yudum su gibi özledim...;Negative
Bu günlerin yarınları da böyleyse, sıçtık;Negative
Senin yanında herşeyi unutuyodum ama sen artık yanımada uğramıyosun;Negative
Bunlar hep işsizlikten;Negative
Çok yaşamam sandım gittikten sonra.;Negative
Geri dönsen dönmesen nolur.;Negative
Canımı çok yakıyolar sıkıldım artık;Negative
Biri gelip beni öldürse eyvallah kardeşim dicem o ruh halindeyim;Negative
Tekmenin en güzeli götü sıkışınca gelene atılır şimdi siktir git.;Negative
Ahlakı buzdan olan güneşten korksun;Negative
Ne yapabilirim ki?;Negative
Seni izin verde ben yola getireyim o zaman ???? @asliselinn @ Eskici Pub http://t.co/0854FRTdlh;Negative
Not istemeye gelince aman hocam canim hocam sonra menfaatler çakışınca bi saygisizlik terbiyesizlik az adam olun yaa ayip bee !!;Negative
Namaz kilma orani %40 tan %19 a düşmüş.imam hatiplerde bile %13;Negative
"Bide kendinizi ""Ben sensiz de mutluyum"" gibi gösterme çabanız yok mu çok komik. Bilin istedim.";Negative
Kasımda aşk başkaysa neden sevgililer günü 14 şubatta he ¿¿;Negative
Ergenden seviye olarak bin kat düşük ikizim ....;Negative
ifşa etmek istemiyorum ama hepimiz bu gerizekalının ilsu olduğunun farkındayız???? http://t.co/ZNMYnFHQux;Negative
Ya Tmm piç küfretmicem.;Negative
Biz kaybetmeye ilk okulda silgiyle başladık ??;Negative
Göz yaslarimi kendim silmeye basladigimdan beri büyüdüm.;Negative
Değişik işte.. Bazılarının varlığı hep sıkıntı..;Negative
Her ye mustafa Ceceli oldu beee kardeşim.;Negative
Farkında mısınız hayatımıza renk katalım derken bir sürü gerizekalı insan katıyoruz.;Negative
Her gün bir gün daha kaybediyoruz.;Negative
senin gibi bir orospu cocugu kalitesiz kisiliksiz biri nasıl jagged dinler amınakoyim cıldırıcam.;Negative
tatilin yarısı bitti lan zaman ne çabuk geçiyor biri pauseye bassın;Negative
Şevvalle gezmeye ünyeye geldim kızın çalışası tuttu şansıma tüküreyim ??;Negative
"Basit kızlar hep ilgi, alaka görür; kaliteli kızlar yalnızdır.";Negative
sene 1929/ haziran 12/kafe lateral/yahya beğ konuşmuyor/beni sevmedi hissediyorum.;Negative
Kaybedecek Bir Şeyimiz Yok Belki, Ama Daha Kazanacak Çok Şeyimiz Var..! http://t.co/JHHR8OpXFT;Negative
İNSANLARA NEŞELİ GÖRÜNMEKTEN İMANIMIZ SİKİLDİ BE;Negative
Okul bitti yurt bitmedi:(((;Negative
14 şubatta yalnız kalmamakta bizim elimizdeydi;Negative
İcimde hergun olen umutlar varrrrr;Negative
3T, akp - cemaat - sermaye ortak operasyonudur. Farkı budur. Yani o başka bu başka diyenler esasında haklı idi! Bu başkaydı.;Negative
Keşke param olmak bilse..;Negative
Lan ölüyonuz mu;Negative
11 saattir açım bilmem anlatabiliyomuyum ruh halimi;Negative
Niye büyüdükçe küçülür hayallerim?;Negative
Bu guzel havada alabildigince yurumek varken evde ders calismak ne yaaa;Negative
hayvanları sevmezsin anlarım, ama onlara işkence yapmak senin vicdansızlığın;Negative
İstanbulda kalsaydık iyiydi bence ?? (@ Eskihisar - Topçular Feribotu in Gebze, Türkiye) https://t.co/xAIDW3nGaA;Negative
İyi ki üzdüler. Büyüdüm, iyi olanı gördüm.;Negative
Sigarami yakcak sevgili istiyorum fazla bisi istemiyorum aq;Negative
Yine hüsran yine feryat figân kalbim..;Negative
Beynimde kötü şeyler dönüyor ya du bakalım;Negative
Spor salonumda medcezir cekilirken spor yapilir miii?? spora nasil adapte ediim cagatayi izlerken hahahaha;Negative
Oturtacaksın karşına geçmişini güle güle küfredeceksin;Negative
Biz burada psikolojisi düzgün olan insanları sevmeyiz;Negative
Senin küçük bir elvedan böyle büyük bir aşkı bitirebilir mi ne sanıyorsun?;Negative
Hababam sinifi uyaniyorun son sahnesinde bile ağlayan biriyim beni uzmeyin dhsjsjjs;Negative
Arsız güçlü olunca, haklıyı suçlu çıkarır;Negative
Tatilde havalar boyle kotu olunca insana sıkıntı basıyo;Negative
Ne kadar zengin olursan ol, geçmişi asla satın alamazsın.;Negative
Evde koala muamelesi görüyorum;Negative
Paket paket siğara lazım.;Negative
Onunda yerini biri dolduracak;Negative
Galiba biraz sıkıldım ://;Negative
Kimseyi kınama !;Negative
Ben zamanında demiştim beni en çok o mutlu eder ondan başkası dünyaları da verse mutlu olmam diye;Negative
Sen Yapma bari Kocaelispor be sen karışma bari şike ye http://t.co/2mc1Ua34Fu;Negative
Bu ne be kardeşim dır dır dır dır dır;Negative
Slk sessize alsam bi insanı niye takip ediyim ayrıca knkamsın unf atmam;Negative
Ya babam olaydı kufrettigimde kızardı falan yok İşte yoksulluk aq.;Negative
Sizsiz İstanbul guzel degil ama neyseee ?? (@ Rock N Rolla - @rnristanbul in Istanbul) https://t.co/fV6Zqokss4;Negative
Yeniden başlangıc yapmak degil amacım cunku biliyorum her baslangiclarin bir sonu olur bana sonum olacak biri lazım.;Negative
İnsanların yaşadıkları farklı, dışarıya yansıttıkları farklı.;Negative
nolur sormasınlar bana seni anlatamam seni başkalarına sevgilim;Negative
İşte sonra soğumak denen şey oluyor insanda.;Negative
yikiliyo binalar hep üstüme;Negative
Dünyaya gelirken ayarlardan Easy yerine Hard mı seçtim, bu nasıl hayat be kardeşim;Negative
Ama yeter artik ???? (@ Arena Düğün Salonları in Bursa) https://t.co/ZiWSstwVuW;Negative
Evet çünkü sen malsin anlatabildimmi;Negative
Karabük o kadar mağlubiyetten sonra feneri yenerse 3. Dünya savaşını başlatırız;Negative
Yazık ?????? http://t.co/FwWumxEnPb;Negative
Bioya neden ısrarla snapchat kullanıcı adınızı yazıyosunuz dostlar üzüyosunuz;Negative
Annemde ki kafaya bak aq elektrikler giderse mum ısıgında yoga yapariz diyo vay aq :Dd;Negative
İzmir de tek başına kalmak ne kadar berbat bi duyguymuş geçsin artık şu saatler ??;Negative
Yoruldum.;Negative
Büyülü hesap sanki ne zaman baksam takip ediyor olarak çıkıyorum ??;Negative
6 gündür yemek yemediğimin farkına varınca suratımdaki ifadeyi caps olarak size atmayı cok isterdim;Negative
Arkadaşlar kıyamet kopabilir sevgilim 1. yılımızda bana çiçeklerimi aldııı @_FatihErcan http://t.co/GojRFUjeu8;Negative
Guzel gunler görürüm elbet;Negative
Ben hayatımda bu kadar yüzsüz bir kız görmedim;Negative
Geliyoruz ulan !!;Negative
Ve aynen sabah dediğim gibi oldu, operasyon ortağı sermaye medyası haberi görmedi, göremez.;Negative
Bir Avm'nin kalitesi mescidine verdiği değerle ölçülür. :D (iyi, ama Akasya'nınkini kimse geçemiyor. :P) https://t.co/hvmbptOQkO;Negative
"""İslam camiye kapananların değil; camiyi, ibadeti ihmal etmeyip dünyaya hakim olanların dinidir.."" @nurettinyildiz";Negative
Konustugum tek kisiyken simdi hicbiseyimsin;Negative
Biri beni benzin döküp yaksın.;Negative
Şuan mutsuzsak bunun sebebi kesinlikle siz değilsiniz, biz kendi kendimize sorun etcek şeyler buluyoruz sadece..;Negative
Istenmedigimiz kalpleri nasılda özlüyoruz ölürcesine;Negative
eller korkunç allahım.;Negative
"İyiler kaybeder, iyi taraf hep kaybeder; Çünkü iyiler adil dövüşür ...";Negative
Günah olmasa tapıcam şarkıya (@ 29 Ekim Bulvarı in Denizli) https://t.co/AhtgVo0Jgo http://t.co/zhuUEIx77I;Negative
İğrenç bir trafik;Negative
""" “Bunalıyoruz çocuk bunalıyoruz. Biçim veremediğimiz şeylerin biçimini alıyoruz.”";Negative
Yok canım ne yakışıklılığı sende ???;Negative
"Saniyeler sonra başımıza neler gelebileceğini bilmezken, Yıllar sonrasının hayalini kurduk..""";Negative
Müzik değil acılardır evrensel olan;Negative
Spor salonumda medcezir cekilirken spor yapilir miii?? spora nasil adapte oliim smdi cagatayi izlerken hahahaha;Negative
İcimdeki nefreti gerekli kisilere kusmak icin sabirsizlikla bekliyorumm.. ????;Negative
Hayat şaka gibi ama komik değil işte.;Negative
Biz kimseye ölmedik, kimsede bize bayılmasın.;Negative
"""@BilgihanSaricam: Vakit geçirdiğimiz insanların bakışlarında samimiyet olmalı. Kaşı gözü ayrı oynayan insandan kime hayır gelir ki?""";Negative
Hiç miii acimadin banaa?;Negative
Bi terslik var sanki?! http://t.co/nec4Dl6lfd;Negative
Fıkrasına gülünmeyen hoca gibiyim şuan.;Negative
Sigaranın da tiryakisiyim ama bitince, yere atıyorum. Bilmem anlatabildim mi?;Negative
70 milyonun yarısı anti depresanlı;Negative
Göz yaşların tersine akasıya kadar ananı sikicem çocuk sus;Negative
Yepyeni bir hayata başlamayı dilerdim seni hatırlarken zor gel hafızamı silelim...;Negative
Bu zayıflık başa bela bu lodosta nasıl dışarı cıkacam yahu neyse ki ceplerime taş koyduk????;Negative
Olmayacak duaya hatim indirdim hangimiz daha umutsuz tartışmayalım istersen;Negative
Dönüşte bu eşyalarla nasıl gelicem bilmiyorum ???? (@ Korupark Residence in Bursa) https://t.co/y3yjYo6tGm;Negative
Hamama giren terler,bilin istedim....! http://t.co/ehrowvdxfO;Negative
Siki sikine bekledik aq;Negative
Bu arada bir Kardak krizidir gidiyor. Olmayan kriz, her haberde var artık.;Negative
Senin gökyüzünde benım yerim yoktu.;Negative
orospulu bir kaç kadın oda sözde...;Negative
"""@Sabahattiin_ali: Odamda beni kitaplarım bekler. Bu yegane tesellidir.""";Negative
Sidik yarıştırmakta milli sporumuz !;Negative
Oreo yerine Borneo almışım kendimi çok kötü hissediyorum. Çakmacı sahtekar fakir gibi hissediyorum. Offf.;Negative
ice tea içmeyen insanlarla iletişim kurmuyorum;Negative
Agliycam en sonunda ya cok sıkıcı;Negative
Bu hafta sonu hiç bitmese, Pazartesi olmasa mesela? ??????;Negative
Tırnaklarımı siyah ojeli görmeye o kadar alışmışım ki silince bu el kimin diyorum;Negative
Bizim köyün bu elektrik sorunu nolucak aq;Negative
Keşkeler zaten hayatımı sikti;Negative
Bulmam gerek Ayse Arman!;Negative
Hadi bi cesaret sende;Negative
Sevgilisi olanlar umrumuzda değil;Negative
Ne demek okulların açılmasına 8 gün kaldı düzgün konuş.;Negative
Canım sıkılıyor;Negative
Özlenen sevgili http://t.co/53vDjYEJIq;Negative
Justabullshit ?? http://t.co/0RQy7jntSi;Negative
Sturridge, sterling ve coutinho 3ü ayrı yetenek ama bir takımda olmuyor sanki;Negative
"küçük harflerle büyük duygularımızı dile getirebiliyoruz dünya garip.""";Negative
Sanırım artık başkasına aşık olma vakti geldi ????;Negative
Vay be hababam sınıfından bitek ahmet mezuun oldu ????;Negative
Akp'nin başında kim var sorusuna Davutoğlu diyen var...;Negative
Ecem yine bize sac rengiyle uyum saglamayı tercih etti ?? @ The Boulevard Bridge Coffee & Bistro http://t.co/vA3gno8Rse;Negative
Hassiktr elektrikler gidip geliyo yandik :D;Negative
biz kırıldık,daha da kırılamayız valla yer kalmadı cünkü;Negative
Batsın bu dünya batsın bu istanbul trafigi @ İstanbul Florya http://t.co/RONwWywfcR;Negative
Ooo bugün bir sıkıldım fennnayddi;Negative
Kimin umrundayız ki.;Negative
Bu kadar insanın içinden bize niye kötüleri çatar anlamam;Negative
Ben yanlış mı görüyorum yoksa orda 1.30 dk gecikmemi yazıyor? ????;Negative
Bana soguksun diyorlar. Hayır. Sadece herkesle muhatap olmuyorum o kadar.;Negative
Bazen sadece şevkatle ilgilenirsin??;Negative
O koç istifa edecek @BJK_Basketbol;Negative
Umarım hakkettiğin yerdesindir. http://t.co/gAUzUem8Eb;Negative
Senin duygusuzlışunu sikeyim.;Negative
Sen onu düşünürsün o başkasını , Sen onunla hayal kurarsın o başkasıyla hayat bu işte.;Negative
Ya ask acisi neymis sen hic ben ne yapicaktim dedin mi oruspu??;Negative
Her Cem Adrian dinlediğimde aklıma gelmesen mesela??;Negative
Bizim en korunaksız olduğumuz alan, batının saldırı araçlarından bihaber olmamız yahut bunları önemsemememiz.;Negative
Dershane hocası yurt'ta kalabilmen için alkol kullanmıyo olman gerekiyo dedi. Vovovovov hocam haram ??????????;Negative
Enes manitasini babasiyla tanistirsin biz hala gün sayalim dönsün diye;Negative
Kemiklerim birbirine çarpıyor.iç organların bir bir ağrıyor.sabahtan beri battaniyenin altından çıkamiyorum. Bu nasıl bir grip ya ????????;Negative
çok çirkinseniz o videoyu niye attınız, atıcak kadar iyiyse neden çok çirkiniz yazdınız;Negative
Sıkıcı insanlara dikkat edin, yıkıcı da olurlar… ?;Negative
Biraz daha midem bulanırsa mide bulantısından can vericem????;Negative
This is Mesopotamia!! #mardin #tarih #mezopotamya #abbara #darsokak #dostkazığı #arkadanvurmak #ihanet… http://t.co/saRAnGjVCf;Negative
Sen orta yollu ailenin yuz kizartan tek cocugusun..;Negative
Niye hicbisey yolunda gitmiyo aq;Negative
Sana beni üzme hakkını kim verdi ya sen beni mutlu edecektin, lütfen kendine gelir misin;Negative
Söylerim nolmus ?! Adim NADİYE FUNDAGUL ve bunun suçlusu ben değilim :((( @ozlemozcelikkk;Negative
Akşam oldum mu çok sıkılıyorum;Negative
1 saat uyuyum dedim kaç kisi aramış normalde telefon çalmaz.....;Negative
O yaştaki çocukla evlenebilirmi?;Negative
Sen başkasına sapık dersin ama en büyük sapık sensin;Negative
Sizin insanlığınız sadece 2 bacak arasını düşünüyo!!!;Negative
Sevgim gerçek olmasaydı ağlayabilirmiydim?;Negative
Ihtiyarladik galiba dislerim kırılıyor;Negative
Bu niye engellediki simdi beni ?;Negative
Bu işi yapamayacaksanız kapatın bence. Forum'da eleman yokluğundan tek kişi hem kasa hem servis yapıyor. @urundulomer @PopeyesTR;Negative
Ne ara çok güldükte, bu kadar çok ağlıyoruz?;Negative
Acaba CHP ye oy toplayan paralel ablalar inadına mini etek giyecekmi ?;Negative
141M hattında 70 dakikadır tek otobüs geçmedi, hayır gelmeyecekse söyleyin jetime atlayıp gideceğim ben.@ibbBeyazmasa @ietttr;Negative
Gözümden bi anda nasıl düştün öyle .;Negative
Gönlün kalır aklın kalır anıların kalır gitmekle gitmis olmazsın işte;Negative
Ne kadar çelme takarsanız takın, kalkmaktan üşenmeyiz.;Negative
Ne çabuk unuttuk Gazze'de ölen çocukları öyle degilmi ? #GazaUnderAttack #Gaza;Negative
Kayboluyorsun adam! Her geçen gün, biraz daha yitiriyorum içimdeki umutları.;Negative
Haftalardir başimin etini yediler hala napicagimizin kararsizligı hahahah;Negative
Eğer bu sefer ayrılırsak daha kimse toplayamaz beni. Girerim en dibe çıkarabilen olmaz. Nefes alamıyorum ki ben o olmadan;Negative
Gene dediğim gibi syrıza çok can sıkarsa burada kapı gibi Türkiye var. Türkiye ve onun deli lideri!;Negative
Bi insan bu kadar yolluyu nasıl takip eder akıl almıyor ??;Negative
İnsanların sıkıntılarına katlanmayan imanı imandan saymayız.RIZA yolunda biraz cefa gördükdiye ALLAH'A nazmı edeceğiz http://t.co/Exm8f1Yx8w;Negative
Bu nasıl rüzgar be saçlarım uçtu;Negative
Erkek aklınızla kadın felsefesi yapmayı kesin artık;Negative
Bi hafta ara vermişti özlemiş galiba yine arıyor amk sapığı;Negative
Yav napim sıkıldım http://t.co/UCmbuMnvJy;Negative
Sıkıntı büyük (@ Şerbettar Köyü) https://t.co/JoEwssx8F0;Negative
Evet seni twitter la aldatıyorum;Negative
Hay ben bu Heykel trafiginin.....;Negative
Ne aşkı be derdimi dinleyecek dostum olsun yeter ??;Negative
Bir erkeğe 2. Kez sünnet ol de ama bıyığını kes deme;Negative
Yapılan her kahpeliğe bi mevzu borcumuz olsun. http://t.co/FxPjY6Szjc;Negative
Nasıl bi rüzgar bu ya, uçmayan kaldı mı ??;Negative
Bu aşk acınız ölünce geçecek merak etmeyin.;Negative
En yakınından insan bunları duyunca şaşırmıyo değil doğrusu;Negative
Babamı özledim ben. http://t.co/BY9O9ZE57u;Negative
Çanak E58 sinyali verdi verecek ulen bu ne kasırga be;Negative
Annem yine çocukluk anılarımı anlatıp beni rezil ediyo;Negative
Ya carsamba gunu 3 adami izlemedigime pisman oldum suan;Negative
Bizden önceki uçuş iptal.Bizim ki değil hafif bir korkma olmuyor değil yani ????;Negative
Dönus vakti geldi catti.... (@ Eskişehir Şehirlerarası Otobüs Terminali in Eskişehir) https://t.co/O1Rlm5Hw0q;Negative
En büyük kazığı ailesinden yiyenlerdenim;Negative
Gerizekalı slm yazmis sonra slmi almadin diyor . Be aptal selamun aleykum yazdinda biz mi almadik ?;Negative
ben malım galiba;Negative
Sıkınti çıkmasa olmazdı. Ama alıştım pes etmiyorum :);Negative
Dünyayı ayaklarının altına sersem yamuk serdin dersin gerizekalı..;Negative
Umut vermeseydin be insafsız umut.;Negative
Hdp seçime parti olarak girecekmiş bu da demektir ki barajın altında kalacak.;Negative
Bekleme yapma kasıyor.;Negative
Bir de ruhun gıdası müzik degil.!;Negative
Yalan haber.;Negative
Analizcilerimiz günlük gazete bilgileri ötesinde tahlil yapmaktan hayli uzak.;Negative
Gerketiği Gibi Çok Yanlızız;Negative
Ben yoksam sen bir hicsin.;Negative
KESK'in ziyaret ettiği Paksan Metal'de ateşin etrafında grev halayı çekiliyr #MetalGreviYasaklanamaz #MetaldeGrevVar http://t.co/PEwymXkr69;Negative
Keşke müfredatın istediğini değil de kendi istediğimizi anlatabilseydik daha yararlı olurdu eminim!!;Negative
Seninleyken olmak istediğim başka bir yer yok.;Negative
Watsapptaki gülen bok bile senden tatlı yinede sen bilirsin;Negative
Bak sen gittin kelimeler bile ağlamaya başladi;Negative
Işıkları kim kapattı lan sdsdasafgj;Negative
Sen olmayınca sen'izlikten ağrıyor her bir tarafım.;Negative
Sikindirik sikindirik şeylere üzülüyoruz aslında;Negative
karnımdaki kelebekler şimdi karınca larvaları.;Negative
Davutoğlu geldi havanin tadi tuzu kaçtı;Negative
Hay şansımaaa;Negative
Sana o mavi tiki bi sokarım avatar gibi dolaşırsın ortada??;Negative
Daraldım yemin ederim ya;Negative
Tanrım birazcık akıl ver şu kıza ya bu nasıl bişeydir ??????;Negative
Bu Durum Böyle Giderse Evlatlarımız İslam'ı Ecdadından değil Ecnebiden Öğrenecek??????;Negative
Ey İnsanoğlu Kendini Kafdağı Kadar Yüksekte Görsende , Kefene Sığacak Kadar Küçüksün Unutma Ne Kadar… http://t.co/Q2npwmRZBl;Negative
Sen kimsin ya sen kimsin ? #Rte;Negative
Hiçbir zaman garantisi olmayan bir mutluluk için, Hayatınızda kalıcı olan şeyleri yok etmeyin. Çünkü tek üzülen siz olursunuz. - Paul Auster;Negative
Ara sokakta drift aticak kadar ne yasadiniz;Negative
Karektersiz insanları itin götüne soktuktan sonra beni bi daha aramamaları çok iyi birşey.;Negative
Bazen hayata inat sadece mutlu gozukursun... http://t.co/4YiM7Pz5hI;Negative
Seni ozenll yapan birsey yok digerlerinden farkli degilsin.;Negative
Stalk stalk olalı bu kadar beceriksizini görmemiştir herhalde hay amkaqamkkk;Negative
9 ayı bitirmeye tek kelime yetti canım ? sen yoluna ben yoluma;Negative
Yılın 365 gün 6 saati yalnızız, 14 Şubat mı koyucak ? ????;Negative
Bomboş evde kendi başıma kaldim aq ??;Negative
Ekin yeter ağzımın suyu aktı, midem ağlıyo şuan;Negative
Tutmak istediğim o el, yumruk olup boğazıma oturdu;Negative
Yıl olmuş 2015 hala elektrik kesintisi yaşıyoruz ... He gelişiyoruz heee ??????;Negative
Deme yav biz ne kadar da salakmışız,sanki de sizi Türkce olimpiyatlarının finalinde gördüydüm. Acaib bir durum. http://t.co/7GMnRrHyWL;Negative
Su arabalari alin sunlarin elinden nolur jdndjfjfjfjg;Negative
.@burcuukc ney bu gece burda mı kalıyoruz (@ Ber & Se 's home) https://t.co/yPCHg5hR6y;Negative
Havalar soğudukça sığınacak yerler azalıyor. Arabanızı çalıştırmadan önce biraz gürültü yapın. http://t.co/k8e3NP3eWY;Negative
Bu oyun karakolda biter hahaha :));Negative
Bu fakiri millet gördü ne demek lan senin neden fakir zibidi;Negative
Münevverlerimizin pek çoğu, ya Sahabe-i Kiram’ı kötülemekte, ya sakalın boyuyla yahut da makam ve şöhret budalalığının peşinden koşmakta;Negative
Dünyayı kan gölüne çevirerek soyan güçlerin ipliği bu akşam da pazara çıkıyor. 22.00'de @tvahaber @ahaberdeyazboz;Negative
Bi siktirin gidin başımdan ya;Negative
Vay emre beeee;Negative
Bakkala gidiyorum susun herşeyi alcam kes be;Negative
İç sesimize günah yazılıyorsa sıçtık.;Negative
Kendini çok iyi tanımak çok da iyi bişey deil aslında;Negative
Özlediğin birini görememek çok zor mesela.;Negative
Bi bitmediniz be bi bitmediniz;Negative
Beni sevmeyin günah yazılıyo bilin istedim.;Negative
Rol yapıp ego şişirmektense, gerçekleri söyleyip açık sözlü olmayı tercih ediyorum.;Negative
Mutluyken beni istemeyenin zor zamanında yanında olmam.;Negative
Sevgiyi nefrete dönüştürenlere ödül vermek lazım, büyük başarı ??;Negative
Sizden sonra takıldığı insanları gördüğünüzde ona karşı bir acıma duygusu olmuyor mu içinizde?;Negative
Hangi gerizekalı facebookuma girmeye çalışıyorsa ????????;Negative
Aslında okullar yetistiriyor katilleri?¿;Negative
Allahım nasıl güzel uyudum. Ama o kadar gereksiz bir rüya gördüm ki anlatamam sjskskkdjsjdk;Negative
Su 3 gundur harcadigim paranin haddi hesabi yok aq;Negative
Bütün aksilikler sanki beni buluyo..;Negative
Ağzını hayra aç dangalak rüştü;Negative
Varlıgına alışmışken gidişin acıttı;Negative
şuan ki moralle hepinizin moralini bozabilirim susun;Negative
Heeehhh bi başbakan eksikti bide onun yüzünden takıl trafikte allahım ya ????;Negative
Yalandan kim ölmüş diyorlar.;Negative
Gönül ölür,dostluk ölür,güven ölür,insanlık ölür..;Negative
O tabak nasıl sokağın ortasında düştüde kırıldı ya nazar var üstümde nazarr??;Negative
Kal sen beceriksizsin yemek yapamazsin ??????;Negative
"Haklı olmanın sevincini üzülerek yaşıyorum.""";Negative
Sen o koca gobegini bu işten uzak tut tatlım :D;Negative
Ulan telefonu şarjdan çıkaramıyoruz fırt bitiyor şarjı;Negative
Az önce faceden profil fotomu beğenir misin diye mesaj geldi siz bitmediniz mi aq;Negative
Resmen adaletsiz dünya, sokakta yaşayan kimse kalmasa vallahi dünyada adalet var diyeceğim.;Negative
Bence benimde bir yerlerde saklanan bi güzelliğim var aq bu kadar cirkinligin baska bi aciklamasi olamaz;Negative
Hastalıktan ölüyom genee ????;Negative
Telefonum az önce yılın düşüşünü yaşadı;Negative
Gercekten benim bu kardeslerimin hepai sorunlu yaa;Negative
Çünkü insanlara güvenmiyorum. #İnsanlaraGüvenmiyorumÇünkü;Negative
Ya varya bu cocukta bir gram beyin yook.;Negative
Her cıktığınız erkek için aşk dolu sözler yazmayin oraya buraya yeter be;Negative
Bu ne dünya kardeşim veren verene.;Negative
öküz kıvanç iki tabak yedi cmxmxm;Negative
Gider gitmez atacam bu oluklu kadifeleri ya. İçlikle gezerim daha iyi aq;Negative
Türkiye'nin spordan sorumlu devlet başkanının (0011) plakalı arabasını TT Arena'nın yanından geçerken gördüm ne işler pisiriyorlar acaba?;Negative
Hep verilen sözlere inandığımız için kaybediyoruz. Tam da iyi niyetimizden vurulup yaralanıyoruz.;Negative
Erkekler söyledikleri şeylerin kızların aklında ne kadar uzun süre kaldığını bilmiyolar;Negative
Siz ok dedikten sonra yay diyen bir arkadaşınız varsa paralel evrene hoşgeldiniz.;Negative
Bir an olsun sezgilerimde haklı olmadığımı düşünmem bile bir hataydı.;Negative
Arkadaşa votka parası topluyoz pamuk eller nereye giderse artik;Negative
bi faişeyi sahiplenemezsin.;Negative
Kendimi şanslı hissettikten sonra 2 dakika herşeyin tepetaklak olmasından bıktım. Valla bıktım, gençliğim soldu. Ya tam olsun ya hiç olmasın;Negative
Böyle mutsuz olunca her şey herkes ölsün istiyorum..;Negative
Dövseydin bari hayvan gibi bağırıyo geri zekalı ya;Negative
Çok sıkıcı ?? @ Çengelköy Kahverengi Cafe http://t.co/NJyiMfuNFZ;Negative
Tipsizlikten olcem ak;Negative
Anladım ki ben hep boş hayaller kurmuşum;Negative
Keşke gerçek hayatta birine laf soktuğum zaman arka fonda thug life müzikleri çalsa;Negative
Kendinizi kandırmalarınız harika nerden aldınız?;Negative
Ya bazen kafama bi şarkı takılıyo üstüne beş yüz tane şarkı dinlesem de geçmiyo çok uyuz bir durum;Negative
Izmir kadar huzurlu bir şehir yok;Negative
Ya allah sizin belanızı versin bu ne;Negative
Memlekette pkk lı yerine polis tutuklayip duruyolar.sırf polisler cemaat yanlısı diye kimse ses çıkarmıyo o yüzden bizden bi bok olmaz;Negative
Pardon sen 20 yıl sonra ayakkabının arkasına basıp terlik yapacak gibisin cevabım hayır;Negative
"Alıştım artık"" cümlesi çok umutsuz değil mi lan?";Negative
Günah LAAAAAAAAAANNNNNNNN;Negative
Bütün ömrünü orospuların gözlerinde aşkı aramakla tüket;Negative
Ben her zaman doğruları söylerim. Yalan söylerken bile.;Negative
Sadece biri yüzünden bir şarkıdan bir şehirden ve bir isimden nefret edebiliyorsunuz.;Negative
kızım sen bidaha benim gözetmen olduğum sınıfa düşme bu sefer seni sınavdan atarım!!!!!;Negative
Ya sen bana yavşadın nasıl sevgili yaparsın;Negative
Evde at yarışı izlemekten psikolojim bozuldu geceleri uyurken at sesleri duyuyorum sanki;Negative
iyi olanı sikiyolar siktigimin dunyasinda;Negative
Ben ki 'özsever'in psikolojideki karşıliğının ne olduğunu unutacak kadar psikolojimin elden gittiğini düşündükçe.. s.s.s.s.s;Negative
İnsanlık hangi yüzyılda kaldıysa ben oraya dönmek istiyorum.;Negative
Güçlü bir insan olmak için daha çok selpak bitirmen lazım ...;Negative
Özlüyosun ama sarılamıyosun, çok saçma;Negative
46 kromozomdan 45 i dert aq;Negative
""" Samimiyet gördüğüm kadar samimiyim. Sahtesi ikimize de zarar. /Murat Tavlı/""";Negative
Bu nasıl bir koltuk sevdası! Bu nasıl bir başkanlık aşkı ! Anlamak mümkün değil !;Negative
abim snapteki resimlerimi sslemiş tivitıra attıklarımı bilgisayara yükleyip ayrı bi dosya açmış tehtid olarak kullancakmış psikopat mk;Negative
İlk konuşmaya başladığımız gün hissettiklerimi hala hatırlıyorum.;Negative
"Gerçek sevgiyi hatırlamak içimi acıtıyordu; acımasın diye kapattım beynimin hatırlayan yanlarını. İlerde kimse bana nasıl unuttun demesin.";Negative
Umut tükenmiş gibi görünse de ikinvi şans her zaman vardır. Ya yoksa?;Negative
Bütün güzel kızlar ölsün;Negative
Başkaların beklentilerini yerine getiremediğim için özür dilerim ama kendi fikirlerim daha önemli.;Negative
bazen duyguların seni yer bitirir ama sen susarsın;Negative
ERDOĞAN eski TÜSİAD Başkanı'na;Negative
Sert tepki! http://t.co/nMf354A0Np;Negative
Kendime zor tahammül ederken sana hiç edemem canısı;Negative
ben mi aşık olucam komik;Negative
Allah büyük sabır (@ Serttas Home) https://t.co/CZSgzORoGc;Negative
Bugun neden bana huzur veren hicbi sey yok acaba;Negative
Sabah iyiydim şimdi nerden çıktı bu hastalık ?;Negative
En sevmediğim insan tipi melankoli insan tipi günün her saati mi üzgün olur bileklerine dikine jilet atsada kurtulsak;Negative
Başım ağrıdığı için uyuyorum ,çok uyudugum için yine baş ağrısıyla uyanıyorum ??;Negative
Aa sen benim sevgime inanmıyordun değil mi pardoon??;Negative
Hani böyle çok özlemişsindir ama mesaj atamıyorsundur ya.Daha fazla konuşamıycam.;Negative
Ben yazi ozledim getirin bi dall;Negative
Öyle bişşey olamaz hoccaa;Negative
6 diyip 5 aldım moraller bozuuk;Negative
Biz dönüyoruz bi bok yok burda. (@ Ayder Yaylası - @ayderdogaresort in Rize, Türkiye w/ @cengiz_ustabas) https://t.co/Ma6jI4E5my;Negative
Yalnız daha gece başlamadı o kadar emin olmayın :) http://t.co/fMlInNNNih;Negative
“@serayzcan: bana niye kimse güzel bir şeyler yazmıyo yaa”güzellik sen daha fazlasını hakediyorsun yazılara gerek yok;Negative
Gücüm yok gerçekten ??;Negative
Uçuş iptali olmasın ama (@ Şanlıurfa Gap Havalimanı (GNY) in Şanlıurfa, Türkiye) https://t.co/ZQcCaJDgGH;Negative
Hayvanları petshoptan almayın onlar mal değil onlar bi arkadaş ve bi dosttur;Negative
Popüler yerlere gitmeyi çok mühim görenle edebiyat dergisi okuyan bir olur mu hiç ?;Negative
Geçmiş geleceğin habercisi gibi;Negative
Kimsenin kalesi değil deyip akpnin kalesidir demen kac puan özürlü davutoglu?;Negative
Söyleyeceklerim bu kadar, kısa ve derin.;Negative
Allah büyük.;Negative
15tatil çoook güzel gidiyor ama okuların açılmasınada az kalıyor.:'(;Negative
Resmen Teksas ya silahlar susmuyo (@ Tozkoparan in İstanbul, Türkiye) https://t.co/eKCRY6PCUH;Negative
Ulan kulaklığım bozuldu, ekranımı kırdım şarj aletim bozuldu hayır telefon bana atarmı yapıyon ne yapıyon sen;Negative
Doğaçlama takıl. Planlar asla işe yaramaz.;Negative
Seni kim israf ediyor ben her zerrene muhtaçken;Negative
Yanılabiliyoruz.. Bazen ama kimi nereye koyduğumu unutmam asla?????? http://t.co/nDkX5oD7lj;Negative
Şansını fazla zorluyosun??;Negative
Manga Mavi Sakal'ın efsanesi olan İki Yol'u rezil etmiş. Öyle kalsaydı keske...;Negative
Höff hayatın AMK...;Negative
Ya nasıl sevdiğimi anlatacak kelime bulamıyorum;Negative
Erkek voleybol maçına yıllardır gidiyoruz 1 galibiyet aldık sanırım sadece.;Negative
Olum kendime gelemiyom hep bi uyku hali;Negative
Rehberim silindi ya .s numaralarınízı mesaj ativerin bana;Negative
Allah hepinize akıl fikir versin. Amin.;Negative
Karakter sorunu olan insanlar ölsün;Negative
Son gün Istanbul..;Negative
Saç değişir mutluluk başlar..ayda bir kuaför şart??;Negative
Bana masal anlatma ?? (at @Cinemaximum in İstanbul, Türkiye) https://t.co/4gsOGoyIza;Negative
Hayatımda benim kadar saf ve mal birini görmedim gördüysemde aynadaki yansımamdır;Negative
Hamama giren terler ?? (@ Çemberlitaş turkish bath) https://t.co/o3qO49FUvC;Negative
"""Yorgun kalbim,Yorgun hayellerim""";Negative
geçti artık o işler, bunları gitmeden önce düşünecektin;Negative
Babam da az önce senin okulun bitesi yok galiba dedi bişey bilmese söylemezdi işte geleceği görebilen kendinden emin baba stili.;Negative
En guvendigim insanlar kahpe ciktiii;Negative
One shot Two shot kadar güzel değilsin;Negative
NabZa GöRe ŞerBet..!;Negative
İşiNe GeLirSeeee.^;Negative
Benzzeemaaaa naaaaptin sen oyleee;Negative
Boşuna ötmeyin hırsızlar İZMİR'İ rüyanızda görürsünüz;Negative
Falımda çıkan yıldızın içindeki kalbi öyle bi yere bağladıki Merve.. Şu an ben şok??;Negative
Vazgeçmek hiç bu kadar zor olmamıştı;Negative
Mutluluk bu olsa gerek !;Negative
Iibf desrliklerinde çekilen egitim fakultesi çilesi.bitmiyor aa dostlar.;Negative
İnsanlara ilk olarak ogretilmesi gerekn sey saygidir.Ne olursa olsn kim olursa olsun ayrt etmeksizin kisiligin en onmlinsafhalrndandr saygi!;Negative
Ohh gıybet! asdfgh (@ Sanat Evim Cafe in İstanbul, Avcılar w/ @hazalaluc) https://t.co/ydxuZ3y682;Negative
Gençliğime yazık;Negative
Aydına gitcektim ben yaa hasta olup yatmak niye şimdi ????;Negative
İzmir kimin kalesidir pardon;Negative
Allahım! Ibadetleri, özellikle de namazı gönülsüz kılmaktan, namaza üşenerek kalkan münafıklar gibi olmaktan Sana sığınırız.;Negative
Onu giyme, bunu giyme sonra ne biçim giyiniyosun. He kötü giyiniyorum he;Negative
Ben bilmem eşim bilirde avantajı karşıya bırakmak kadar salakça bir hareket daha yok. Püh be!;Negative
ADALETyeriniBULMADI @Yusuf__Tekin @hmzaydg 1;Negative
Seviye önemli arkadaşlar önemli;Negative
Yalnızlığa alışmış bir insanın sevmesi zordur .;Negative
Bana bu kadar yeter cidden;Negative
allah bile gusul aliyormus amk bee vay bee odkdmdmdmddmdmmsmsmsmsbahahaha http://t.co/aK1JAghECg;Negative
Beni sevmeyenler cok iticisiniz.Siz sevmeyin aminakoyim ben kendimi severim djdndn;Negative
Bir aşkım diyişi var ama bundan sizene?;Negative
ağlama nisa gözyaşına yazık knk;Negative
14 Şubat kutlamak günah o yüzden kutlamıyoruz saçmalama yalnız falan değilim mal mısın düzgün konuş.;Negative
Rabia nın bana meydan okumasına ne demeli peki...;Negative
Ben de televizyon izlemiyorum. Tanrım yoksa radikalleşiyor muyum?;Negative
Bir akıl sahibi ki günahlardan korkmaz ve kaçmaz, onun dinde istikamet sahibi olabilmesi mümkün değildir.;Negative
Kafam karisik ???;Negative
Deme yav biz ne kadar da salakmışız,sanki sizi deTürkce olimpiyatlarının finalinde gördüydüm. Acaib bir durum. http://t.co/C8gfOQYmcy;Negative
Bu hava ne aq;Negative
Bok vardı çünkü.;Negative
Hava çok bozukk (@ İğneada in Kırklareli, Türkiye) https://t.co/fg5WWACxds;Negative
Pes etmek tarzım değil ama sen savaşmaya değmezsin.';Negative
"Adam ""İzmir Ak Partinin kalesidir."" demiş. Gavatoğlunun kafalar tey tey.";Negative
Lan bu metro neden bu kadar kalabalık.;Negative
Aaaaa davutçuğum da çıkıp ızmir akp nin kalesidir falan diyor la ne içiyorsunuz olum siz;Negative
Ben yaralarimi sardim oyle geldim sana. Sen yaranin nerde oldugunu bile bilmiyosun;Negative
"Cem Adrian dinlemeyen gerçek aşkı bilemez, net..""";Negative
İçimdeki her şey, boğazıma takılan bi dugume dönüşüyor bazen. Tuhaf.;Negative
"""Olmadı, olana kadar dua ederiz..""";Negative
Çünkü sen o pislik hayatı yaşamaya mecbursun.;Negative
Amina kodugumun otobüsünde salgın mi var biner binmez dört kişi kusar mi amina koyayim ya;Negative
Sokacak lafım yok değil, koyacak yeriniz kalmamış;Negative
Ne sen Okadar ucuz insan ol nede ben Okadar sıradan biri.;Negative
Sana hiç yalan söylemedim. Hiç değişmedim. Eğer memnun değilsen, sana yetmiyorsam siktirip gidersin.;Negative
Bilir misiniz sabah 9dan beri derse girmek ne demek;Negative
Bu ne rüzgar üstüme apartman devrilcek gibi ??;Negative
Umudumu kirdilar azizim. Kendimden bile vazgectim.;Negative
Beni engelledi ve hala kaldırmadı çokk koyuyor cidden çokk;Negative
Yaşanacak onca şey varken gitmek de senin salaklığın.;Negative
Yunus abi sen insan gibi yanıma gelmeyi bilmiyo musunn ??;Negative
Ne demek artik silivride ablamda kalicam ¿;Negative
Hapsurmaktan oksurmekten ıcım dısıma cıkıyor aq.;Negative
Ne güzel pişman oluyorsunuz ve bu ne güzel hiçbir işe yaramıyor;Negative
Hamama giren terler ?? (@ Çemberlitaş turkish bath w/ @turgutkoyun) https://t.co/pvczkPMde8;Negative
Tamam orospu parayla kendini satan falan filan ama sen kapalısın ve davranışların yüzünden orospusun. Seni sevmiyorum byü;Negative
İstemeye istemeye de olsa bi gün bende İstanbul a yerlesecem gibi görünüyor :) https://t.co/mpBas826aB;Negative
hey dostum senin tek sorunun o kocaman kafanın içinde bir beynin bile olmaması nokta;Negative
Keşke gerçek aşkın GALATASARAY olduğunun farkına varsaniz;Negative
Din Kulturu dersleri 5 olanlar nasil dolandirici olabiliyor. ??.;Negative
Abi evde tek olmak eğlenceli olduğu kadarda sıkıcı;Negative
Seni görünce sesim bile titriyor, sence yüreğim ne halde?;Negative
"""İnsan olmak "" cok mu zor ?";Negative
Köpeğin duası kabul olsaydı, gökten kemik yağardı be yuyu.;Negative
Bazı insanlar bazen insanlar...;Negative
Hayat ne garip, yaşarken elinden tutan yokken, ölünce omuzlarda taşırlar.;Negative
Dun gecenin ustune kendimi olum uykusuna adadim ve sadece 3 saat mi surdu!!!??? Kufur gibi.;Negative
Bu ne biçim tatil ??;Negative
Zalimlerin çarkı cahillerin çalışmayan kafalarıyla döner...Enerji Bakanıda itiraf etti zaten :);Negative
matematik hocamın gelmiyceğini öğrendiğimden beri beynim bana oyun mu oynuyo diye düşünmeden edemiyom.;Negative
Ilk okul mu lan burasi git 100 ünü ilk okulda al.;Negative
Torbacilarin mekani polis basmis onlarda mahallede davul zurna getirmisler o karisiklikta yine satiyolar asdfda;Negative
Şu mevlüt bitsede yemek yesek yav dksmsm??;Negative
Ağzını bozma küçük kız sonra yürüyüşün değişir bozarlar;Negative
Emelimle dedikodu ?????? (@ Carrefour in Bursa, Türkiye) https://t.co/T2Yxw3rKtm;Negative
Neee demek artik silivride okuycam;Negative
İzmirinn nerdeysee her sokagindaa poliss vat bunee yaaa iyiiiikiii bunlarr devamlii izmirdee yasamior trafikk hep felcc;Negative
Volkan mac oncesi yine tribunlerle kufurlesti .sonra gelip bana bu gavati savnyrsnz neden her deplasmanda baskasna dglde buna yapiliyor!;Negative
Sendikaların grev kararını hükümetlerin belirlemeye çalıştığı ülkeye Türkiye,sisteme ise vahşi kapitalizm denir...;Negative
Vala bende herkes yaşıyo diye yaşıyorum;Negative
Ben yokken sen bi hiçsin;Negative
lütfen sokak hayvanlarına kötü davranmayın, eziyet etmeyin! :(;Negative
Yanlış insanlara güvendik.;Negative
100 kilo olmuş insan 30 kiloluk göbeğinle neden kış günü göbeğini devirip kapalı havuzun kenarında yatarsın, yüz lan!;Negative
"IŞİD kafasından istiyorum. ""No music,No book, Always heaven""";Negative
Değişik.;Negative
Bursasporun takim otobusu yenibosnaya girerse boyle olur amk;Negative
Sonra ben aklına geliyim salakça gülümse.;Negative
Bu kadar laf sokmama gerek yoktu ama napim ona karşı sürekli göt etme isteği geliyo abi engel olamıyorum kendime fjdndndnnd;Negative
Ah annem babam niye zorla evlendiriyorsunuz beni :((;Negative
Çünkü şuan yaşamıyor gibiyim. Başka alemlere bir uğradı beynim. Artık eminim.Eskiden seven sonradan sevmez olduysa buna sadece hüzünlenilir.;Negative
Hepinizden tiksiniyorum. http://t.co/4vCJvEw9NV;Negative
Her 10 dakikada bir aramasa ahmet iyi çocuk aslında;Negative
Siz beni sevseniz nolur sevmeseniz nolur be amınakoduklarım.;Negative
Cevap vermiyoruz diye fame diyolar allaamm;Negative
Hazır mısınız orospu çocuğu ankaraguclulerin masum 1 - 2 Beşiktaş taraftarindan alınmış atkisiyla fotoğraf cektirmesine?;Negative
Çok rüzgarlı hava yaa gece yoğun geçeceğe benziyor yine :(;Negative
Benim, kumarda ki şansım aşkta olsaydı şuan dört yılımızı doldurmuştuk :) :);Negative
Bizi üzen bok yesin.;Negative
Umutlar kaybedilir hayaller yıkılır.belkide mutluluk bir beklentinin olmamasıdır.;Negative
Poof sıkıntıdan ölcem;Negative
bu kadar hoyrat olunmaz ki;Negative
Madem sigara zararli o zaman ne sikime ortaya cikariyosunuz.Kafamda deli sorularr ¿?;Negative
Sevmediğim bütün kızlar orospu;Negative
Vay amk İzmir AKP nin kalesi olacakmış.;Negative
Bu Davutoğlu ne dediğini şaşırdı iyice.;Negative
14:30 da inmiş bir uçak! İstanbul trafik çilesi,hala yollarda eve ulaşamıyaxağım sanırım:((;Negative
Seninle oturup kahve içeceğime zehir içerim gereksiz :));Negative
Kabul edelim, büyümek hiç iyi bir fikir değildi.;Negative
Ya sen kim köpeksin Davutoğlu. İZMIR hickimsenin kalesi degilmis. Izmir CUMHURIYETIN kalesi olum aklini alirlar burda.;Negative
izmir de bugun bunlari alkislayan ve destekleyen yavsaklarda defolsun gitsin bence, aramizda vatan haini istemiyoruz http://t.co/1wvOV856J2;Negative
Bize sabahlar olmamalı ?????? (at @CookShopTr in İstanbul, Türkiye) https://t.co/WsQOVRDWwq http://t.co/nVofDR5g5G;Negative
Tek bi şey için aglanmaz birikmistir o;Negative
Parası neyse verelim de youtubenin mobil uygulaması arka plandada çalışsın yeter;Negative
Bundan 1 hafta sonra yarın,off okul başlıyo,yinemi okul mk ne çabuk bitti tatil bla bla;Negative
Olum takip ediyonuzda niye favlamiyonuz la totoslar.;Negative
Ağa babanız da şaşırtamadı. Kendisi iyi bilir.;Negative
Geçmiş başına bela olur ya bazen anlamsızca ??;Negative
Ey meclistekiler ve saraydakiler iktidar ve m.muhalefet AYASOFYAYİ NE ZAMAN GÜNDEME ALACAKSINIZ !?!;Negative
Tatildeyiz dersler nasil diyolar ya yapmayin su guzelim tatilde :(;Negative
Cumartesi günümü mahvettin canım misafir??;Negative
sana gitme demeyeceğim, ama gitme;Negative
Ulan az kalsın düşünüyodu yaa bak üzüldüm şimdi.;Negative
Çalış çalış nereye kadar acep ? Sıkıldık ya la ?????? http://t.co/MSR2km8iL2;Negative
İmamin cemaatin onune gectigi yer helal olmalidir.;Negative
Hirsizlik parasiyla Allah evi(cami,mescit) yapilmaz.;Negative
Bu dünya dayanma dünyasıdır ,darılma Dünyası değildir diyeceksiniz.. http://t.co/twEIEuC8FN;Negative
Susarken bu kadar yorulabilir miydi bi insan?;Negative
14 subat mi. Bsy yapiyoduk ama napyoduk unuttuk.;Negative
Yaşattığınızı yaşayın. Yanınızda olmasın dost bildikleriniz. Bir nasılsına muhtaç kalın.;Negative
Aşk Yeniden - Karışmayın Bana Benim Hayatım Benim Kararım;Negative
Vay be ne gündü, hiçbir şey olmadı yine;Negative
Rahatımı erdogan bile bozamaz :) http://t.co/AsezHMLtYF;Negative
demek nazar ve büyü var;Negative
Ne zormuş seni sevmek sol yanım paramparça;Negative
işiniz gücünüz artistlik;Negative
Düğünlere gittikçe evlilikten soğuyorum.;Negative
Pazartesi dedigim olmassa hocaya gitcem. Bir insanin dediginin hep tersi olur mu ?Hem gulunecek hemde aglanacak durum Bu olsa gerek.:(;Negative
Ölmen dileğiyle siktir git ??;Negative
Siqaram bitti umutlarım da bitti....;Negative
Sürünüyorumdan taraftar marşı yapar gibi hiç ettin sevgimi ajhsahhsnaahbaha. Kamyon alıp arkasına yazdırcam.;Negative
İyi olanın canını yakıyorlar bu bok dünyada.;Negative
Heralde göremezsin cunku eskisi gibi sevmiyorsun.;Negative
Ya ben yolda gördüğüm yalnız yaşlı teyze icin bile saatlerce ağlayabilecek bi insanım nolur beni kırmayın yaaaa :(;Negative
Ne de komik kıskançlıklar bunlar;Negative
Baktım çözülecek gibi değildi bir düğümde ben attım.;Negative
bilmem ki kuşlar bu hengamenin neresine uçar ?;Negative
"""Okşayan elin kıymetini bilmeyenler, tekmeleyen ayağı öperler.""";Negative
Ben uzağı göremiyorum,gözümün önünden ayrılma;Negative
Siz gülmekten ağlayan mutlu insanlarsınız, biz ağlamanın ortasında kahkaha atan deliler;Negative
Ay nerden açtim haberleri ne güzel görmemiştim bunlarin deli deli söylediklerini biri İzmir de öbürü işamdamlarina konuşmuş;Negative
Çalış çalış nereye kadar.. (@ Halkapınar Metro İstasyonu in İzmir, Türkiye) https://t.co/ApGCGWNSPa;Negative
Yeminlen bunaldım;Negative
Zamanla geçer diyosun sonra bir bakıyosun adım atmaya gücün kalmamış;Negative
Bilgisayar muhendisi Atasehir'de intihar etmis sonumuz bole mi olucakti :(;Negative
Değişti, çünkü çok değer verdin.”;Negative
'Napıyon' ve 'Napıyorsun' arasında dünyalar kadar samimiyet farkı var.;Negative
Cumhurbaşkanı anayasaya uymuyor Oluyor. Metal işçileri bakanlar kurulu keyfi kararına uymasada olur.;Negative
Ben matematikten 40 net yapmak için ölesiye ders çalışıp üstünede seni seviyorsam dur bi düşün. Niye ben diye bi düşün.;Negative
Tez çalışması biterse ben kaçarım ama bazen ayrılıklar zor oluyor ?? (@ Niğde Şehirlerarası Otobüs Terminali) https://t.co/gjfaiMLqMZ;Negative
Hande yener napiyosun diye sarki yaparsa sasirmam;Negative
İki yüzlülük adın olmuş olum dikkat et ????;Negative
Herşey kötüye gitmek zorunda mı?;Negative
Kadının özgürleşmesi bedenini sergileyebilme özgünlüğü ile eş tutulmamalı.;Negative
Benim tarzım düşünebilmek...;Negative
Sende türban taktın diye namuslu.;Negative
O küpe taktı diye top olmadı,;Negative
"Sende tesbih salladın diye adam.""";Negative
asosyal değilim evi seviyorum salak mısın düzgün konuş;Negative
Her şeyi kontrol edemezsin. Bazen boşvermelisin.;Negative
Kendinize alıştırıp gidiyosunuz ayıp.;Negative
Guvenmiyorum iyi niyetimiz bile kotu aq;Negative
Ailecek sana sinir oluyoruz canım..;Negative
Yalnız hissetmiyorum öyle hissettiriyorlar.;Negative
Ciddiligimi bozmasana http://t.co/obNDXdYlm2;Negative
Yola çıktıklarınızı yolda bulduklarınıza degismeyin. Yoksa yolunuzu kaybedersiniz.;Negative
Herkes birbirinin salakca fotoğrafını saklayarak onlarin arkasinda pusuya yatmis amk . Dostluga bak be;Negative
Temizlik şart oldu.;Negative
"Ruh halim; Canım sıkılıyor ama hiçbir şey yapmak istemiyorum.";Negative
Bi de dost rolleriniz yok mu abv;Negative
Okşayan elleri ısırır, tekmeleyen ayakları öpersin sen nankör!!!;Negative
Gerçek ask kayboldugunda hayatin anlamida kaybolurmus...;Negative
Alkollüyken söylediklerini ayıkken tokat niyetine suratına çarpmak diye bir seçenek de var tabi ??;Negative
İmamlarin osurmamasi gerekir.!!!;Negative
Aksi halde sonuc belli!!!;Negative
Arkadaş diye nitelendirdiğimiz kişiler konuşmak istediği kişi mesaj attığı zaman seni takmazlar ama yalnız kalsınlar ota boka gülerler ??;Negative
Gül'ün dikeni...;Negative
Sizin için yabtım aptallar http://t.co/0GOPtN3kvl;Negative
Mutsuz :((((;Negative
Beklemekten bıktım;Negative
Patlıcanın reçel olduğu şu dünyada senden bir bok olmayacak ona üzülüyorum.;Negative
Elinde akoj var koz girmiyon malmısın amk;Negative
Cıvık bir ilişki yaşayacağıma kaliteli bir yalnızlık yaşarım daha iyi.;Negative
“Birine alışırsın ve diğerleri artık fazlalık gelir.”;Negative
Eve geldim ve gördüğüm tablo kedim 5.kattan atlamış kafayı yicem amk;Negative
Bir 'siyasetçi' neden ağlar;Negative
Uğur Dündar' ın ne olduğunu görmüş ve anlamış olduk. Tohumu nerden geliyor acaba.;Negative
Zor gunler bekler bizi artık...;Negative
Neden hep aynı anda ? Bu tesadüf mü şimdi yani ?;Negative
bugün gök yüzünde değil gözümde bulut var;Negative
Seni ben ellere çevrimiçi olasın diye mi sevdim ?;Negative
şu an ulkenin yönetiminde söz sahibi olan başta Başbakan ve cumhurbaşkanı olmak uzere tüm bakanlar, beni ve düşüncelerimi temsil etmiyorlar;Negative
"Kızlara ""konu bul"" denmez beyler.";Negative
Yanlışlıkla favladıktan sonra yaşadığım stres yüzünden 10 yaş yaşlandım ??;Negative
"""Ey Türk milleti, üstte gök çökmedikçe altta yer delinmedikçe töreni kim bozabilir.""";Negative
ADALETyeriniBULMADI @Yusuf__Tekin @hmzaydg 5;Negative
Daha gorecek gunumuz var vay balim vay balim;Negative
Hâla unutamamış olmam çok garip;Negative
güvenmiyorum, iyi niyetiniz bile kötü;Negative
Önceden seni saçmasapan sevmişler ben sevdiğim ağır geldi sana;Negative
Bir çok #GERİLLA' nın yeleğinin sol iç cebinde #SerokAPO ' un çekildiği son resmi vardır. http://t.co/ybzG1jKi0J;Negative
İnsanları sinirlendirmeyi neden bu kadar çok seviyorum acaba zjszisixhsh;Negative
Kimseye acimicaksin bu devirde.;Negative
Buna bi guzel gulunur;Negative
Senin babanın düşman ların ı sikiyim. Değişik değişik duygularamı dalıyon lan..;Negative
Yine, yeniden. ?? (@ Ordu in Ordu) https://t.co/s0RdHM3JoI;Negative
Keşke mutlu olsam sjsdb;Negative
Anladık sevgilin var ve buluştunuz ama 20 tane fotoğraf atmanıza gerek yoktu canım;Negative
Allah kimseye devlet bahçeli yüzsüzlüğü vermesin;Negative
"""@HergunYeniBilg: Mutluluk kişisel bir meseledir koşul ve standart meselesi değil http://t.co/eGnZAEASus""";Negative
Bahtsızlıklarımızı da mutluluklarımızı da abartırız.Aslında ne söylediğimiz kadar bahtsızızdır ne de söylediğimiz kadar mutlu.;Negative
Bence artık sen de herkes gibisin.;Negative
Boşu boşuna havalara girmeye #gerekvarmı ?;Negative
Şimdi soru şu sana;Negative
Simdi farkettimki 2 aydir ders stresiyle uğraşıyorum son bi haftam kaldı. Tatile hasret kaldm resmenn;Negative
Oyunda bile fakirim , fakirlik ruhuma işlemiş;Negative
"""İzmir, HİÇ KİMSENİN KALESİ DEĞİLDİR! Ak Parti'nin kalesidir!"" Diyen Davutoğlu'nun kafasından istiyorum????????";Negative
Paralel durumlar... (@ Yakaköy in İzmir, Türkiye w/ @gozdebeykoylu) https://t.co/wZqpWbP1up;Negative
Hastayken sınav çekilmiyormuş gerçekten:(;Negative
Yakınlarda ki uzaklık..;Negative
Ya lütfen bi espiri bi gün yapılsın dilediğinizce 1 gün içinde yazın ama 1 espiriyi her gün görmekten sıkılıyorum yaşama sevincim kalmıyo??;Negative
Annem basın sağolsun diye arkadaşını aradı telefona ölen kişi çıktı ??????;Negative
ne bedduam var ne de ahım, kalmayı kimseye insafım.Affedemem ben bunları geç...;Negative
Sık sıkı sıkıcı sıkıl sıkılmak işte böyle şeyler çocuklar.;Negative
Bu akşam garip bir gökyüzü. http://t.co/1AU3ybrv24;Negative
Patlıcanın reçel olduğu şu dünyada senden bir bok olmayacak ona üzülüyorum.;Negative
Yalnızlığıma laf etmeyin. O benim tek arkadaşım;Negative
Hep verilen sözlere inandığımız için kaybediyoruz. Tam da iyi niyetimizden vurulup yaralanıyoruz.;Negative
Bodrum'da hayat zor şu an;Negative
Yetmedi mi :( http://t.co/wUezVqf02Q;Negative
Okullar acilsin artik bence;Negative
Asıl zor olan olmayacak şeyin hayalini kurmak değil, olmayacak insanları o hayale sığdırmaya çalışmak.;Negative
Çekemiyosan beni çatla geber geber????;Negative
Ben uyudum bu bebe uyumadı bi uyusada ohh çeksem be moruk ohhhg desem sevinsem biraz heycanlansam huzur bulsam olmazmı çok mu şey istiyorum;Negative
Hayat mutsuz olmak için çok kısa;Negative
"Affedince yorulur insan, yalnız kaldığında bir de.Ama insanı en çok yoran şey hayal kurmaktır; olmayacağını bildiği halde";Negative
Hiç bi koşul birini yarı yolda bırakacak kadar orospu çocuğu olmamalıdır.;Negative
Acim ama yemek istemiyorum. Ruh halime acidim yeminle;Negative
İzlediğim güzel filmden sonra kendi hayatıma dönmek çok boktan;Negative
hep kiriliyoruz ama yinede hep bi mallik pesindeyiz;Negative
Bir mekana oturdugunda arabanin anahtari masaya koyulmaz beyler gorgusuzlugunuzu belli etmeyin;Negative
Aq twitterin çalınması ne kötü bişemiş djdndj :D;Negative
Benim feministligim çirkin erkeklere, sen canını sıkma tatlı çocuk.;Negative
Bugun daha cumartesi!!! #girlsoutnight;Negative
Hayat şaka gibi ama komik değil işte.;Negative
Alışverişe doyamayan ben !!;Negative
Unutmak değilde yokluğuna alışmak gerek bazen !!!;Negative
Satıcı çocuklar için lütfen zabıtayı meşgul etmekte çekinmeyin yapacagınızın en iyisi bu ?? (@ Kızılay) https://t.co/hZVAS8S76T;Negative
Papatyalar kadar saf ve temizdik hepimiz zaten he he ????;Negative
Ben Ankara kadar soğuk, sen Ankara'dan daha da soğuk...;Negative
Bu günlerin yarınları da böyleyse, yarrağı yedik.;Negative
Beni defalarca üzen birini, defalarca sevdim.;Negative
Mal mal oturanlar.;Negative
Dur polis kelimesini anlamıyorum adam zaten polis olduğunu bildiği için kaçıyor amk;Negative
Bu takımı mahvettiniz Allah belanızı versin..!;Negative
Şimdide bizde dışarı çıkma sırası;Negative
Şimdi hep beraber ağlıyoruz aglamayani doverim;Negative
Az önceki olan kazayı iyiki görmemisim ya içim parçalandı Allah yardım etsin acil şifalar;Negative
Boş insanların boş muhabbetlerini dinlemek????;Negative
E gidiyon madem canımı hepten söküp alaydın;Negative
Egon patlamış heralde tatlım hava kaçırıyosun ??;Negative
Zaten neye çok hevesli olursan o olmuyo sonunda.;Negative
"""Sana gülmek çok yakışıyor"" dedi ve "" AĞLATTI """;Negative
Mesai dewam ediyor (@ Matbaacilar Sokagi) https://t.co/tFf84DqqUu http://t.co/VBC8ZQLP5d;Negative
Amk bunun sonu iyi değil hortum filan geldi galiba;Negative
Bad boy mavisi saçın var çirkinim diyorsun, sus istersen?;Negative
Ertu allah cezanı vermesin kimin kanından olduğun belli ahshahs;Negative
Ah ulan doktor espri yapma sen şimdi alkolü bıraksammışta üç yıl kanımdaki yetermişte sus mkoduğum.;Negative
tıp ne kadar ilerlerse ilerlesin sendeki bu geri zekalılığa çözüm bulunamaz canım ya;Negative
Dayak istiyor bak;Negative
Sinirim bozuldukca kek yapiyorum bu ne aq;Negative
Laf ile değil, yürek ile sevmek göt ister;Negative
Azrail gel beni ayit olduyum gere götür bana göre deyil bu hayat gel beni götür ne olur :((((((;Negative
Şairler sevdiğine kavuşamayınca şiir olurmuş meğerse.;Negative
Piç hakemmm.piçcç;Negative
"""Benimsin"" kadar samimi bir kelime daha yok.";Negative
Bazen iyiki sağlık okuyorum diyorum;Negative
Beni güldürmek için bin takla atan bir erkek zaten var. http://t.co/Ndb20Akx3X;Negative
Olmayacak bir hayale kaptırdım kendimi , bulamam yolumu sen olmayınca;Negative
Erdoğan'ın Egemen Bağış Sevgisi Dillere Destan!.. http://t.co/rbXG7kcKAy http://t.co/AwX2fo0mi4;Negative
Lan bu nasıl tatli? Olmamış bu bidaha istiyorum bitirmeyin;Negative
Yaşasın tam bağımsız ayyaşlar,düz yolda gidemeyenler. http://t.co/ChD7UlM3Q5;Negative
Ve biz ölmediysek eğer, anlamsız bu ayrılık.;Negative
Çok güzel bir ülkemiz var ama #BizimÜlkenin kıymetini bilen yok!;Negative
Banyo olmasaymış bitirmişiz yaa;Negative
Ne biçim insanlarsınız ya;Negative
Biz ağzımızda iğne varken bile konuşuyoruz bize sus diyemessiniz.;Negative
Şeytan diyoki git dal şu mal karı ya allahın cahili ya;Negative
Meltemin dediği gibi çirkinlikten ölecem http://t.co/Oy1OqzFPT3;Negative
"Bir Babanin oğluna tek öğüdü ""oğlum dünya bir gün bir gecelik bir saatlik değil yalanla yükseleceğine doğruyla alçalki takdir edilebilesin"".";Negative
Ah bu şarkıların gözü kör olsun;Negative
Ya ulan ben senin tivitlerini daha atmadan favlıyodum sen favlamaya üşeniyosun defol hayatımdan defol;Negative
"Kırmaya korktuğun kişi , Seni iki dakika da paramparça eder..""";Negative
Çok zor bir başkasıyla olduğunu bilmek ..;Negative
O kadar ozellik varken neden gerizekali olmayi sectin ?;Negative
Artık bambaşka bi insan olucam kimseye zerre değer yok!!!!!;Negative
Ergen işi bulduğum snapchati yüklemiş bulunuyorum kendimden utanıyorum;Negative
Güvenmiyorum, iyi niyetiniz bile kötü.;Negative
Ne vurdu be rm golüne ayaklanmaktan nefret ediyorum:(;Negative
Bana masal anlatma (@ Prestige Cinema in Ankara) https://t.co/D66aT1jbeF;Negative
Yaa ben de insanım be :DDDD (@ Karşıyaka Çarşı in Karşıyaka, İzmir, Türkiye w/ @bymurat10) https://t.co/SbALDIO5F0;Negative
"An gelir; sinirlenirsin, kıskanırsın, canın yanar yumruğunu sıkarsın ama sesin çıkmaz.";Negative
Sevgılıler gununde bana hedıye alan erkek degıl nıkah gununde soz verecek adam lazım.;Negative
Tüm ameleleri ticarete doldurmuşlar lan :D:d:D;Negative
Hayat iğrenç bir şekilde sıkıcı. Bu ne biçim hayat yaa :-( (@ British Town English Language Schools) https://t.co/iq62bHxcnj;Negative
Hic bi anne evladinin sayesinde kufur yemeyi haketmez.;Negative
Kaybeden ben olmam, kaybeden benden olur.;Negative
O nasıl TAG amk;Negative
"An gelir; sinirlenirsin, kıskanırsın, canın yanar yumruğunu sıkarsın ama sesin çıkmaz.";Negative
Bekarlık sultanlıkmış! Saptan sultanmı olur lan. :);Negative
Suskunluk kimseyi yanıltmasın, çünkü susan konuşursa kimse kaldıramaz.;Negative
Ben bu havalarda şalım uçmasın diye kaç tane iğne taktığımı hatırlamıyorum kız ne bone takmış ne iğne insan gerçekten hayret ediyor...;Negative
Hadi bıraktım adım hiçbi zaman doğru yazılmıyodaa doğru yazdığınız zaman soyadımda doğru olsaydı keşkemm :p http://t.co/PM8G20Pk37;Negative
"of ya rüyaymış"" üzüntüsü.";Negative
Davutoğlunun İzmirdeki Konuşmasını Dinledim Konuşma Tarzı Facia insanın Beynini Kemiriyo Hal Ve Hareketleri Tribün Lideri Gibi...;Negative
"Ama yine de sorsalar gelsin mi diye; yanacağımı bile bile, gelsin derdim!";Negative
Sevgimi helal etmiyorum daha nolsun dedi kadın;Negative
canını istese canını verecegin insanlarin böyle konuşması ne diycegini bilmiyor ki insan;Negative
Hangimizin kafası karışık değilki;Negative
Halil Sezai bizim akraba mi acaba aq hep alkolik tavırlar falan;Negative
"An gelir; sinirlenirsin, kıskanırsın, canın yanar yumruğunu sıkarsın ama sesin çıkmaz.""";Negative
Çanakkaledeki fırtına beklentisi yüzünden belki gelemeyebilirim Lüleburgaza :/;Negative
Bildiğin koca bir boşluk oldu;Negative
Deliler mükemmeldir siz siz olun insan olmayın.;Negative
Ereğliye bi üst gecit yapmıslar trafik İstanbul trafigine dönmüss;Negative
Hepiniz o.ç (@ Beşiktaş in İstanbul, Türkiye) https://t.co/irOf1DujVT;Negative
Rüzgarınla yamulttun Bursaa;Negative
Bana masal anlatma???? (@ G-City Sinemaları - @giresun_uni in Giresun, Türkiye) https://t.co/55Q0wHkiib;Negative
Önüm arkam sağım solum boş gereksiz insan.;Negative
eskiye döndüm sen bana göre değilsin;Negative
Yaz gelse mutluluk gelse bana göre değil bu mevsimler;Negative
Hayatimın %75'i trafikte geçiyor;Negative
Şu boktan hayatta 'iyiyim' demekten sıkıldım ..;Negative
Ben soğuk biri değilim, sadece seninle konuşacak bir şeyim yok;Negative
"Erosa sormuşlar; ""Neden eskisi gibi aşk oku atmıyorsun"" Eros cevap vermiş: ""Oranız ayrı, buranız ayrı oynuyor denk getiremiyorum""";Negative
Maltepe dunya goz'un önünden taksiye bile binmem;Negative
Kızın evi starbucks'a yakın benim evim bime psikolojik olarak fakirleştim :)));Negative
Bazen çok özlersin elinden bi şey gelmez yaa Bûrkemm hocayı öyle özledim :(;Negative
Futbol bi ölüm kalım meselesi degildir ondan cok daha önemlidir... http://t.co/cctyP228Nd;Negative
Askere taş atan Orospu Çocuğudur net.;Negative
Sen karakterini bozma. Bırak bozanlar kaybetsin.;Negative
Adını duyduğum an aklım gidiyor.;Negative
Sana gücüm yok.;Negative
Çok güzel kızlar var içleri berbat olan;Negative
Ya ümitlerde tükenirse;Negative
çok sıkıldım çok bunaldım;Negative
O halde birbirimize bakalım ve dürüst olalım,;Negative
Bazı hakikatler ağır geldi bize.;Negative
Yalnızlık Allaha mahsustur;Negative
Her dediğime Tamam der asla güvenmez :D Çok severim kendisini;Negative
Allahin unuttugu yerdeyim aq (@ Ufuktepe in Ankara, Türkiye) https://t.co/2UjClK3S6B;Negative
Küçükken koltukta uyuyup yatakta uyanmak gibi özel güçlerimiz vardı.;Negative
Bi gece disari cikip ertesi gun pert oluyosaniz, belki de yaslaniyosunuzdur.;Negative
Geberdiniz mi lan ?;Negative
Ütümü helal etmem ??;Negative
Yine hüsran...;Negative
Çok çalışmam lazım çoook (@ Aydemirler Gıda İhtiyaç Maddeleri in canakkale) https://t.co/gxidC3HSdZ http://t.co/K1kdJbJDCx;Negative
Günde iki kere Bakırköy'e gitmek hiç akıl kârı değil aslında.;Negative
Hep bizim burda kaza oluyor anasıno satim bir trafik ısıkları yapmadınz gotler;Negative
Elektrik gitmese iyi şehir aslında;Negative
yeter eve tıkılıp kaldımmm;Negative
Ama kardeşinde seninle gelicek dedi: OFSAYT;Negative
"İki yüzlüler ve yalancılarr çok komiksiniizzz.. İyiki yoksunuz :) iyiki varsınız dediklerimiz bize yeterrrr ;)))";Negative
maymun belgeseli izlenir????;Negative
Hayat size guzelse bize mükemmel. Yanlışınız olmasin Antalyaliyiz biz??????;Negative
kankasının sevgilisine yavşamak hobimi zevk mi alıyonuz;Negative
Eyeliner bilmeyen sürmesin savaşa giden asker gibi görünüyorsunuz.;Negative
Oldugu kadar olmadığı kader????;Negative
Leyla leyla olali boyle mecnun gormedi dicem ama gercekten simdilerde mecnun m ...si bile yok :-));Negative
100 tane foto çekindik ama eve gelince hiçbirini beğenmedik mutlumusunuz...;Negative
Gün geliyor insan kendi elleriyle yarattığı adamın egosunun altında eziliyormuş;Negative
Kupon yapmış galatasaraya alt oynamış, naapsın umut fakirin ekmeği ??;Negative
Kadınlar yanlış erkeğe aşık olur, Erkekler ise doğru kadına yanlış yapar.;Negative
Kahrolsun kahrolmamis kahrolmasi gereken kahrolasi seyler!;Negative
Siktigim trafik yüzünden maci izleyemicem aq;Negative
Ne gerizekalı bi kızsın;Negative
Ya neden biona butch yaziyosun neden nedeeeen jsjdjfdjfofkjskdifk;Negative
O kadar saat trafikte beklemeye aliskin degilim ben sıkılıyoruum;Negative
Acapella 600 e yaklaştı şarkı 200 anca oldu amk bu ne;Negative
İnsanlar gidiyor, insanlar değişiyor durun diyemiyorum;Negative
hayatimda 2 kez yedigim tekmeydi dostumdan;Negative
su meydan okuma olaylarından gına geldi artik;Negative
Rol yapsana yine z????;Negative
Ortada ruh hastası olmamak için hiçbir sebep göremiyorum;Negative
""" Benim duyguIarım oyuncak değiI, sen fazIa çocuksun."" ????????";Negative
İstediğini söyleyen istemediğini duyar !!! http://t.co/2bMFF6RUoj;Negative
"Artık bende kalanlar can veremez sönmüş ölmüş bir aşka; İzmir rüzgarına karışıp çarpsın o zat-ı âli'nin duvarlarına. Çarpsın çarpsın,kırsın.";Negative
Al götür beni bugün niye geri dönerken benide cahırmadın he azrail bari sen yap iztediyimi :((;Negative
Ama herkes bu kadar iyiyse ben niye bu kadar eksik hissediyorum;Negative
Buralar bensiz kalmisti… http://t.co/CtnsKr00lP;Negative
Öksürmekten ciğerim soldu;Negative
Tagi gorunce harry benim dogum gunum yarin cahiller aksnbdjddnj #HappyBirthdayHarryStyles;Negative
Hiç böyle ağlamamıştım;Negative
Ulan burası tıvıttır favla DM atıcam nedir ?;Negative
"15 tatil ne kadar da eğlenceli geçmiyor. Çılgınlar gibi evde oturuyoruz.""";Negative
"""Beni kıskanmıyor,kısıtlamıyor çünkü biz modern bir çiftiz.""diyen kezocum o sevmediğinden kıskanmıyor,kısıtlamıyor modernlikle alakalı değil";Negative
Kimsiiin kimsin seeen ey bu trafiğin başındakiiii ?? ??;Negative
Sevemez kimse seni.;Negative
Yalnız kalmak değil de yalnız hissetmek çok kötü;Negative
anlattıklarım karşımdakinin anlayabildiği kadar;Negative
Az daha kızın götünü kaldırsaydın Aq bu ne böyle;Negative
Zaten, dünya tadımlık bir yer değil mi ?;Negative
"Sünger Bob : Patrick o bir sıfır.""";Negative
Hiç kimseye, hiçbir şey ispatlamak zorunda değilim nasıl olsaa;Negative
Sevdiklerinizi incitmeyin. Çünkü onları bir gün incitmek için bile bulamayabilirsiniz.;Negative
Adalet bu mu;Negative
BAŞBAKAN DUYARMİ;Negative
Siz nasil babanne , dedesiniz amk siz olmamısınız yapamamıslar .;Negative
Bundan sonra herkes ederi kadar.;Negative
Bi kiz sevgilisiyle babasini nasil ayni kefeye koyabilir aq;Negative
Eğer ikinci kez saygısızlıkla karşılaşmak istemiyorsan,,;Negative
Sıkıldıkk artık dışarı çıkalımmm :));Negative
"Ne demek iyiyim? Kaç gündür konuşmuyoruz nasıl iyi olabilirsin ?""";Negative
UYARI: Iki nesil sonra biz yok olacagız.;Negative
Koç burçları kolay sinirlenir ancak kin tutmazlar. Sabırsızdır ve alışkanlıklarından kolayca vazgeçmezler.;Negative
Hadi bakalım yıkabiliyomusunuz apartmanı ????????;Negative
Ne kadar gereksiz bir gun bende 0 hareket ya;Negative
Sevgilisi entel seviyo diye çocugu topa döndürmüs yazik bee????;Negative
Bi hayat standartı var,bir de bunun kıymetini bilemeyen salaklarr;Negative
Yalnız hissetmiyorum, yalnız hissettiriyorlar.;Negative
"Trafikte minibüs arkadan Çarptı kaçtı; trafik polisi, karakola, karakol hukuk mahkemesine yönlendirdi. Doğrusu ne? Ne yapayım ?";Negative
Sevgisizlik mutsuz kılıyor, sevgimizle mutlu değiliz.;Negative
Slm yazcaniza selam yazsaydiniz bukadar yalniz olmazdik belki jxjcm;Negative
Kendimi ikinci el maza gibi hise diyorum ??????;Negative
Yarı yoldan dönmek işin bahanesi;Negative
Dur beynimi çıkarıyım da eşit şartlarda konuşalım.;Negative
Aşkımız bitecek böyle giderse bende hiç günah yok kabahat sende diye diye bitti işte ...;Negative
Hak verilmez alınır! Hadi bakalım İBFF'liler sesinizi yetkililer umarım duyar.En azından bugünkü progmımdan duyurdum. Salı'da yazacam.;Negative
Birader yaşın 20 olmuş hala netten karı kız düşürme peşindesin;Negative
insanın canını en çok da belirsizlikler acıtır. ya hep ya hiç,ya var ya yok,ya iyi ya kötü olsun ama net bir şey olsun. arada kalmak sıkıntı;Negative
Ne yaşattıysan aynısını yaşaman dileğiyle...;Negative
Sende otur bi düsün;Negative
Babam televizyonda prezervatif reklamı çıkınca bana bakıyor sonra gidip bi sigara yakıyor aq;Negative
Sen beni göre göre değil,bile bile öldürüyorsun!;Negative
Sen bana haramsin;Negative
100 liralık futbolcusun, 10 paralık top oynamadın Bale !!!;Negative
Kimse sizden daha değerli değil.boşverin ..;Negative
Yeni bir indirim çıkmış %50+%20 nasıl kazık bir fiyatsa bu ind oranıyla bile pahalı kufur küfür...;Negative
Ne kadan sıkıcı bir gun;Negative
"""Aklı öldürürsen,ahlak ölür.Akıl ve ahlak öldüğünde millet bölünür.Kadı'yı satın aldığın gün adalet ölür.Adaleti öldürdüğün gün devlet ölür""";Negative
Sıkılmaktan ölüp gidicem;Negative
Biz bize düş'tük..;Negative
Herkes kendi evinin önündeki cahili süpürse, dünya tertemiz biyer olur..;Negative
Allah var gam yok;Negative
Asla yanıltmaz dediklerimiz tarafından yanlış yola saptırldk, lanet olsun. ..;Negative
"""Kalbimin kırıldığından haberin bile yok.""";Negative
Sene olmuş M.S. 2015 ben hala bulamadım;Negative
"Erosa sormuşlar; ""Neden eskisi gibi aşk oku atmıyorsun"" Eros cevap vermiş: ""Oranız ayrı, buranız ayrı oynuyor denk getiremiyorum";Negative
Bundan sonra umursarsam Asude değilim.;Negative
Dışarda neler oluyor hersey havada uçuşuyor pencereler resmen sallanıyor. Olaylar olaylar ??;Negative
Bir kızın namusuna laf eden erkegin ya annesi yada babasi yoktur..;Negative
Kasımpaşa kümeye;Negative
Nerde kaldın be sevgilim?;Negative
Güzel günler ve ben, hep seni bekledik.;Negative
Son zamanlarda yalnız kalmaya öyle çok ihtiyaç duyuyorum ki ben mi değiştim, çevremdeki insanlar mı, bilemedim.. ??;Negative
Bu nasıl bı soguktur;Negative
"""@13burctahmin: İKİZLER Önemli olan şeyleri önemsemeyen İnsan İkizler tarafından önemsenmemeye başlayınca anlar ama geç kalır""";Negative
Bazen oturup whatsapp durumlarını inceliyorum sonra tekrar ne kadar mal olduğunu anlıyorum;Negative
Her seyin güzel gitmesini beklemeyin gençler. Gitmediğini ogrenmeyin. Bilin;Negative
Balici baliciyi rt ledi kdkdk;Negative
Valla bende herkes yaşıyor diye yaşıyorum yoksa bi amacım yok;Negative
Güveniyorum bokta çıkabilir;Negative
Uzaktayken o ihtimal bile yok.;Negative
Burdan gitmek istemiyorum.;Negative
Kimi severse sevsin, umrumda değil. (ALLAM NOLUR KİMSEYİ SEVMESİN NOLUR HEP AKLININ Bİ KÖŞESİNDE BEN OLUYUM NOLUR);Negative
Ordaki hacmi görmek lazım;Negative
Sus artik;Negative
Biosunda tarih yazan yakışıklı beyler görüyorum üzücü~;Negative
Göt yanaklarımın ucu yanıyo ne kadar acı çekiyorum farkında mısınız :');Negative
Adam Ahmet'de güvenmeyince ...;Negative
Hangimiz sevmedik çılgınlar gibi;Negative
Sadakat 3 kişilik aşkın neresinde durur?;Negative
Beklemek sadece üzer;Negative
""" Borç almaktan sakının! Çünkü o, gecenin kaygısı, gündüzün ise zilletidir.""";Negative
Liverpool atıyor manu yiyor bu sefer oğlum manu sakın bitane daha yeme;Negative
Hüsran her dayim feryat figan kalbim;Negative
..çünkü böyle bir haksızlık;Negative
Murat Yetkin Türk okullarını öyle bir anlattı ki donup kaldılar;Negative
Fena fail verdim ?????? http://t.co/0lM1WnHcAv;Negative
Sevdiklerimi benden aldığından beri hayatı sevmiyorum.;Negative
“@CanStorm34: Sana ihtiyacım var ve ne yazık ki sen bunun farkında değilsin.”;Negative
Neyaparsam olmuyor,olmuyor eskisi gibi,;Negative
Güldürmüyor ağlatmıyor;Negative
Sahte kalabalıkların olacağına kaliteli bir yalnızlığın olsun...???????????? @ Ataköy 9-10. Kısım http://t.co/3XAYs86brR;Negative
Ya siz hayırdır bu soğukta?;Negative
Düşünce anlarmis insan dostunu düsmanini..;Negative
Merhaba sahte insanlar;Negative
Biliyoruzki Köpekler tanımadıklarına havlar.;Negative
Bu adamı da kendimize benzettik ?? http://t.co/K03HjSjGLa;Negative
Şu grip denen illet bitirdi beni.. @ Cevizli Saraylar Caddesi http://t.co/HQf39NYmfS;Negative
Saatlerce onu bekledin çünkü malsın;Negative
Güvenemiyorum bokta çıkabilir;Negative
Geçmişin şabloncu mirası bilimsel aklın geleceği boğduğu gibi devrimci nitelikleri hiçe sayıyor!;Negative
"Sanki bana huzurlu gelen ne varsa onda birikmiş""";Negative
Yüzsüzlük bazı insanlar için yaşam şekli olmuş..;Negative
Elektrikler gitmesin artık ??;Negative
Bu havada abanta mı çıkılır...;Negative
Seninleyken olmak istediğim başka bir yer yok.;Negative
Elveda, orosbu çocuğu;Negative
Kırgınlıklar sessizdir.;Negative
Tıklım tıklım küserken çıtın bile çıkmaz.;Negative
Beni yak kendini yak herşeyi yak;Negative
Leventte tıkılı kaldık yine mk;Negative
Rezil oldum aq ahahahagsh;Negative
"Güleceksin; hem düzeni hem de üzeni bozmak için"".";Negative
Vay be ne gündü, hiçbir şey olmadı yine;Negative
Dikkatli bak bakayım gülüyor muyum ?? (@ Değirmendere in Kocaeli, Türkiye) https://t.co/Iihym0Y7Dk http://t.co/VQ9tMdSsxo;Negative
Ay çok uyuz kadın ya;Negative
Alnımdaki sivilce yüzünden kına gecesine gidemedim lanet girsin fuck the sivilce ????;Negative
Üfürükten teyyare (@ İzmir Adnan Menderes Airport (ADB) - @tavairports in Gaziemir, Türkiye) https://t.co/fwgFD6Aj7k;Negative
Yaşamaya hevesim yok,Yarinimdan umudum yok .Boynu bükük derdim cok. Gozun aydın! !! http://t.co/FZFf2w2L6Z;Negative
Romantik erkeklerin neresini seviyosunuz aq one ole sirnasik.Odun erkek her zaman ondedir dirimdirim dudjj;Negative
Ya bu çocuk nasıl uyuyor bu kadar acaba ??;Negative
Bu geCe mesai... (at @RadyoBeyaz 94.2 in Ankara) https://t.co/Ql0v0IFVKp;Negative
Güvenimi kaybettikten sonra istersen götünü yırt.;Negative
Sarayda hapşırma yoksa önce çok yaşa derler sonra gebertirler;Negative
İnşallah ölürsün ak.;Negative
Dalga konumuz oldun haberin yok ??;Negative
Son 4 maç kazanamayan bir Karabükspor.;Negative
Sevmeyelimde taşa mı dönelim? ???? #Fenerinmacivar http://t.co/1FmVFIC3Jv;Negative
Nişanda biz nereye düştük ulan pozu?????? @ Sinpas GYO Istanbul Sarayları http://t.co/WzoTf0dM7C;Negative
"""Sen sadece gözlerini kapatıp hayal ediyorsun ve bir sürtük gelip bunları gözünün önünde yaşıyor.""";Negative
O değil de cidden yalnızlığa sağlam demir attım ??;Negative
Bu sıcakta nasıl uyuyabilirim ??????;Negative
Kimi severse sevsin, umrumda değil. (ALLAM NOLUR KİMSEYİ SEVMESİN NOLUR HEP AKLININ Bİ KÖŞESİNDE BEN OLUYUM NOLUR);Negative
arkamızdan demediğini bırakmayan insanlara, yaralarımızı saracak diye umut bağladık.;Negative
Yarına kim sağ kim selamet;Negative
Josuenin oynamamasindan cok samilin oynama olasılığı korkutuyo beni;Negative
Sayilari unutuyorum öleceğim! #HitTheLightsTo100Million;Negative
Eğer öyleyse bencede sevme yani. cok klişe;Negative
çok kırıldım suaaan;Negative
Kalbim fazlaca kırıldı bu saatten sonra da toparlanır mı bilmiyorum.;Negative
Bana yasattiklarindan sonra nasil guvenebilirim ki sana?;Negative
Taksi dolmus kuyrugunun otobüs kuyrugundan farki yok ???? (@ Üsküdar - @uskudarbld in İstanbul, Türkiye) https://t.co/X2LjY3KxfR;Negative
Bütün sularım hayallere düştü;Negative
Biz demiştik demek istemiyoruz :p;Negative
"Bazen tam olarak şöyle oluyor; beni, zihnimi, benligimi kuşatıyor şüpheler. Ve ben o fırtınanın içinde kayboluyorum.";Negative
Patlıcanın reçel olduğu şu dünyada senden bir bok olmayacak ona üzülüyorum.;Negative
Asıl marifet buluttaydı ama herkes yağmura şiir yazdı;Negative
Yikmaya gücünüz yikildigimizi görmeye omrunuz yetmez @ForzaFORA;Negative
Ütopya İnciyi dövsem doymam çingene gibi kız be susmuyor vır vır vır çene olarak doğmuş resmen. İzlerken başım ağrıyor. İnsanlığa zarar!;Negative
Bir insan yapma dediğiniz şeyi üstüne basa basa nasıl yapabilirki;Negative
Bizi üzen bok yesin.;Negative
Hadi eyvallah ?? (@ Sakarya Şehirlerarası Otobüs Terminali in Sakarya, Türkiye) https://t.co/EbJcZYIyKT;Negative
Tatil azaldıkça belee belee sıkıntı geliyor;Negative
Hevesimi kıranların kalbini kırmaya başladıktan sonra daha mutluyum ??;Negative
"Ne demiş Athena; Beklentiler sadece üzer.";Negative
soL haber portali haberi duzeltti ama ozur filan yok... Bu da bir gelisme en azindan iftiranin kotu bisey oldugunda hem fikirler...;Negative
Kahrolsun yan yana olmadığımız heryer!;Negative
Elektrik gitti hayirli olsunn nasil yemek yicez laaa :Dd;Negative
Kiz milleti bu degil mi;Negative
Yüküm ağır sırtım ondan kambur;Negative
"""Böyle küçük rüzgarlar karşısında savrulacaksak, gelecek adına birşey vaad edemeyiz""";Negative
Problem iletisim bozuklugu.;Negative
Sen anladın;Negative
Kim namazı terk ederse, Allah kendisine gazap etmiş olduğu halde ona kavuşur.;Negative
Doğruları ögrendikçe hayattan soğursun;Negative
Şöyle canım sevgilim hayat bize oyun oynuyor olabilir mi ?;Negative
Korkuyorum 19.30 da TRT TÜRK ekranlarında aidiyet duygusunun yer değiştirme sorununu tartışıyor...;Negative
Başından belli ataşehiri kaybetmek icin bir numaraya yazarsın böyle şimdide istifa eder mv olacam diye milletin emeği böyle boşa cıkar ahhhh;Negative
Deliye her gün bayram:) http://t.co/cOGYj0MYhB;Negative
Gökyüzü şahit..;Negative
İşin kötüsü neydi biliyor musunuz? Tüm yaptıklarının haklı olduğunu düşünüp ona teşekkür etmek. O kadar haklı mıydı her şeyde gerçekten?;Negative
Oyun oynama sirasi artik bende ??????;Negative
Sana insan diyenin alnını karışlarım.;Negative
Nilay aşkın gozu kor anladim da o berkeyle sen..... bildigin 7 numara gozluk lazim sana aq;Negative
Gitsin bu adam;Negative
Beni 3 dakika içinde takip edene 35000 takipci yollucam.nasi yollucam bilmiyorum ama siz takip edinde bakıcaz bi hâl çaresine.;Negative
Yakın olmak istediğimiz insanların uzakta olması çok zor.;Negative
Nasilda guzel sıkıldim;Negative
Bana masal anlatma ? (@ Tepe Nautilus Sinemalari) https://t.co/KzvbvUsFOu;Negative
Geçmişin şabloncu mirası bilimsel aklın geleceğini boğduğu gibi devrimci nitelikleri de hiçe sayıyor!;Negative
Zor gibi gelmedi oyundu bize tabi demlenmedi ruhumuzun feri büyümeyecektik itiraf et hadi...;Negative
Ağzından cikan cumleler ve beyninden cikan dusunceler butun evreni dolasip tekrar sana geri donuyor .;Negative
"Kimse sizden daha değerli değil. Boşverin..""";Negative
Evet hepiniz namuslusunuz sadece sevgilinizle yattınız.;Negative
İstanbulu özlüceğim aklıma bile gelmezdi.;Negative
vıcık vıcık aşkınız midemi bulandırıyor;Negative
#AD?;Negative
#AD?;Negative
Hiç böyle yaptıklarınızı sorgulayıp da düşünüyor musunuz ben ne ara böyle bir insan haline geldim diye. Bence düşünün.;Negative
Sende otur bi düşün .... http://t.co/8BiwGqVDBQ;Negative
Şu yaşta ağlamaktan yaşlandım;Negative
Okuduğum en acıklı dostluk hikayesi diyebilirim . Karakterin düştüğü ve yapmak zorunda kaldığı infaza… http://t.co/CLsB7jBqoi;Negative
Beklentiler sadece üzer;Negative
Adanadan haber yokmu ey @kozatv01 @ZeydanKaralar01 @HuseyinSOZLU;Negative
Senin için dünyayı yakarım der, bir kibrit bile çakamaz;Negative
Poseidon pek öfkeli bugün.. @ Erenkoy Sahil http://t.co/2bVclVcJfS;Negative
3 adam adlı programa baktım bizimkiler vardı diye.Allah sabır versin katılana kameramana rejiye.Denyoluk 3 boyut oldu taştı ekrandan.;Negative
Ben birine yazdigim ilk mesaji gönderemiyorsam samimiyetsizligin dibine vurmusumdur abi doğal değilim bi kere cjdmxncmm;Negative
Yine yalnizlik;Negative
Güzel şeylere ihtiyacımız var.;Negative
Yanlış giden bir şeyler var!;Negative
Neden yaşamadan, ölüyoruz!;Negative
Sana kaşar demiyorum ama bi kilidin olsa eminim 12345 olurdu;Negative
Kaybedenlerin inandigi bir din kursam acik arayla tanrı olabilirdim.;Negative
"Dünyanın en saçma cümlesidir ""düşünmemeye çalış"" lan kafamı mı koparıyım napıyım?";Negative
"Gölgene bak, beni anlamak istiyorsan; O kadar yakın, ama sana asla dokunamayan.";Negative
Benzema fena çakmış;Negative
Kafa göz dalmak istiyorum adama ya.;Negative
Israrla 'gecmiste yasamiyorum' diye kendini paralayan birini gorurseniz gecmiste yasadigina emin olabilirsiniz.;Negative
Kaç kere demeli bi insana biraz açık ol an la şıl mı yoooo ??;Negative
3 saattir trafikteyiz 3.;Negative
Com değer verince götleri kalkıo.;Negative
Şizofren mi hmm pki;Negative
Ne gülüsler bitti;Negative
Allah var diyorsun da neden yok gibi yasıyorsun ?;Negative
Ah be hala ya :(;Negative
Ahmak olmasaydı insan tüm zaferler dostça kazanılırdı.;Negative
O beni unutmuştu, ben ise on'suz gülmeyi.;Negative
Acaba benide özleyen var mıdır varsa olmasın aq benden nefret edin;Negative
Derdimi anlatacak kadar küfür biliyorum.;Negative
Sus artık orospu cocuğu;Negative
"""@jj_aygun: Kuran’dan, hakkında tartışarak değil, içindekilerle amel ederek faydalanın!";Negative
Umutsuzluk olmasın ama lfc maçından korkmaya başladım :(;Negative
Çok sevdiğim insanlardan vazgeçmek zorunda bırakmayın beni;Negative
Sağ gözünün sol gözüne faydası yokken sen kimden medet umuyorsun.;Negative
Daha ne denir ki !!!;Negative
"Umudunun bitmesi nedir bilir misin sen? Artık tükendiğini hissetmek?""L";Negative
Bazılarının karakteri benim demir paramdan daha bozuk..;Negative
Ben aslında hep burdayım ama atıcak bi tweet bulamıyorum o ayrı bi mesele.;Negative
Serefsizim alpay kadar serefsizini görmedim;Negative
Erhan tirsti ahahabsndndkai;Negative
Bi gülüşü var sizi ilgilendirmez;Negative
Siz gülmekten ağlayan mutlu insanlarsınız, biz ağlamanın ortasında kahkaha atan deliler;Negative
Hele konu Bursasporsa, bende kımseye taviz yok??;Negative
#AD?;Negative
Hava çok güzel ama gezicek kimse yok :(;Negative
Kiz dunden beri hic whatsappa girmedi acaba biseymi oldu :Dd;Negative
Ikizi olan kıza bitanesin diyen çocuğun dramı var üstümde;Negative
Olmayacak duaya amin.;Negative
Bana para vermeyen zengin sevgiliyi ne yapayım ben mk;Negative
Bir gun ışıklar bana da yanacak nasıl olsa;Negative
Bu böyle yürümez bilesin;Negative
Neyse ağlatanlar utansın;Negative
Canımın istediği herşeyi yaparım ve bu kimseyi ilgilendirmez.;Negative
Allahım çok sinirliyim umarım sinirim geçince yaptığı şeyi unutup konuşmaya devam etmem hep böyle yapıyorum çünkü;Negative
Gidecek diye hep korkardım korktuğum başıma geldi;Negative
Benim sarj bitti;Negative
"Ailemin karayüzüyüm herkez melek olcak diye bir kaide yok ;)";Negative
Bi öpücük alayim lütfen;Negative
"""@uguronal: Ey Cumhuriyet Müsveddesi!";Negative
Yönetimi değiştirmen itibarını yükseltmez.;Negative
"Gel adını""Mutlak Monarşi""olarak değiştirelim..? http://t";Negative
dumansiz biranin yazmis allan cezasi;Negative
baktım karsımda iki tane yakısıklı oturuyor bende kalktım onlara sırtımı döndüm oturuyorum malum namahreme bakılmaz :)));Negative
Nasıl güzel sevmiştim, bana da yazıklar olsun.;Negative
"Sensin ""hello"" göt .";Negative
Tuhaf hisediyorum kendimi yaşiyorumda yaşamiyormuşum gibi geliyor;Negative
Arıyorum bulamıyorum;Negative
"Babam kolayı birakmis ağlicamn neden baba nedennn ;(((((";Negative
Napim baba karnım acıktı;Negative
Hayata bu kadar negative bakınca en sıradan bir lafı olumsuz algılamak olağandır..;Negative
Ne kadar seversem Seveyim beni kirdin mi bir daha zor affedilirsin.;Negative
Son günü meleğimin gidiyor :( (@ Home) https://t.co/XpzDgiPlya http://t.co/LvzmABxBi9;Negative
Ömrüm yigidimi beklemekle geçiyor;Negative
Adımı bidaha ağzına alırsan bidaha o parmaklarınla benim adımı yazarsan Allah senin belani versin :);Negative
Yaranamazsin onlara;Negative
Üsengeclik basa bela ????;Negative
yaptigi en sikik seylere madalya bekleyen insanlar yuzunden kanser oldum;Negative
Bu ders çalışma işi beni bitirdi;Negative
Sevildiğini bilmeden ölesiye sevmeyeceksin sonra sevende sen olursun ölende . -Mustafa -Cevad -Ali (@ Çakırlar) https://t.co/nXqfjK3rVZ;Negative
Facebook sifresini biliyorum diye facebook kullanmiyo daha da sinir ediyo kellesini ucurmak istiyorum ????;Negative
Bizim buralarda hayaller hep yarım kalır, gelmek ister misin?;Negative
Ben çok eğlenceli bi kızım beni neden üzüyosunuz;Negative
Olabilir baba kilo alabilirim ama dayanamıyorum;Negative
Bitmeyen yol yapmışlar;Negative
Göz ağlamaz kalp Ağlar gözakan yaşı dışarı çıkarır;Negative
Ben buyum oda o annem derki insanlık sende kalsın.;Negative
Birak o gelsin pesinden kosa kosa;Negative
En garibi de 'bununla imkanı yok arkadaş olamayız'dediklerim şuan en yakınlarım??;Negative
ya bimden koyu renktir diye aldığım dudak kremi çingene pembesi çıktı ya sokayım kalitene;Negative
mesaj attığın zaman kac gün cevap vermediysen o kadar cevap vermiycem bende.;Negative
Nasil oluyorda sana kizginken bile seninle konusmak istiyorum. Malım galiba ben;Negative
Dön gel özledim seni diyemeyecek kadar samimi degil miydik? Öyleysek neden söylemedik? Değilsek nasıl bu kadar sevdik ?;Negative
Attığı tweetleri görsen sanarsin kendisi irina. C . Ronaldo onu terk etmiş amk bebesi az sus lan;Negative
İlla ters mi konuşim onu mu istiyorsun;Negative
of neden watsaptaki suratlarda tek kaşını kaldıran surat yok;Negative
Evli ve oyuncu gibi olalım istiyorum çok şey mi istiyorum lan şu hayattan?;Negative
Otobüs de yolcular olarak can cekisiyoruz;Negative
SudeJustin bi tane tweet atin lan olmezsiniz;Negative
Tencere kapak misaliyiz bu hayatta, sen başla ben tamamlarım ardına bakma ??????;Negative
Ne yapmalı ?;Negative
Babam köylü ruhlu değilse bende neyim aq ya;Negative
Sabah uyansak ki Pkkli 3,5 kişi yakalanmış haberi..MAZİDE KALDI..;Negative
Bakın beyler bizde ne olmaz R olmaz. Bizde geri vites yok beylerrr -can;Negative
Mısır darbesine destek wer, Esed'i sahiplen, Yemen'i ve Iraq'ı kaosa sürükle sonra Kral Abdullah'a söv. Kral ve Hamaney fark nerde....;Negative
Karabukteki herks bonzai kullanıo galiba her taraf tuhf insanlarla dolu pist pistci amca mı desn durup dururkn elini open teyze mi desn ohoo;Negative
Yere öylece yığılır maskot .;Negative
Ani patlama istikrarı yener..;Negative
Şimdi hangi dilde şarkıysan, o dilde sağırım..;Negative
Ne demek okulların açılmasına 8 gün kaldı ?? ??;Negative
Kalbin bir kütüphane ve malesef ben en tozlu raftayım.;Negative
Ses kaydı yapın,ilerde işinize yarayabilir :) (@ Ner) https://t.co/6IgD9gZrNc;Negative
affedilmesi ne olursa olsun mümkün olmayan hatalar ??;Negative
"""Sana yanlış öğretmişler çocuk!";Negative
Zaman ilaç değildir.;Negative
Zaman soğuktur, soğutur.;Negative
niye takmadınız;Negative
Evin ordaki şu çöpler bile sıkıldı artık http://t.co/KrjKuphtu3;Negative
Söyleyeceklerimi içime atmasaydım inan canın çok yanardı.;Negative
Seni ne kadar sevdiğimin farkında değilsin.;Negative
Arkadaşın teki bana 96lı dediğinden beri ben ben değilim.;Negative
Neden hep endişe içinde yaşıyoruz.;Negative
Yok bundan sonra sana mesaj atmak falan.. ????;Negative
Kafayı yiyicem biri de cevap versin yaa;Negative
Bir haftalığına falan ölsem yeri valla;Negative
Eş dost ahbab cavuş ilişkileri devam ettiği sürede bu siyaset riyakırlığı devam ettiği sürecte bu ülkede hic bir zaman taşlar yerine oturmaz;Negative
Yan masadaki kız ceneni sikiyim (@ Çiğköfteci Ömer Usta in Antalya Serik) https://t.co/03PHrE6PRO;Negative
Bazen o kadar saçma konuşuyorum ki ne dediğimi ben bile anlamıyorum.;Negative
Yarim bu gunahlarin kalmaz yanina Mevlam adami yakar;Negative
Hocam sen sessizliğin sesini duyuyorsun bizi nasıl duymuyorsun aq;Negative
Şuan yanımda olsan sana neler söylerdim;Negative
Güvenmiyorum, iyi niyetiniz bile kötü.;Negative
Ne malsın aq;Negative
Sıradanlıktan sıyrılabilen herkes biraz marjinal'dir. Önemli olan tabulara ne kadar karşı durabildiğin, ses çıkarabildiğindir;Negative
Aşırı mutsuzum.;Negative
Saçım her ay komple boyanmaktan ötürü yanmis.;Negative
Suratına bok atsan yapışmaz ama işte kalp yani;Negative
Osman dayı zorlama izin ver artık;Negative
Hoşuna mı gidiyo? Zoruna mı gidiyo? ??;Negative
Ulan bok mu var bu parfümü üstünüze bu kadar sıkıyosunuz ya nefes alınmıyo otobüste.;Negative
Bit bit bit bit..... http://t.co/aZ0YGgnwi0;Negative
çok fena baskı var üstümde arkdşlr;Negative
Çok bişey istemiyodum sadece sevsen yeterdi...;Negative
kızlar lütfen kol kıllarınızı bırakmayın ağda acıtıyor olabilir ama kıllı kol çok daha acı;Negative
""" Derken ömrü tükettik bir hiç uğruna ... "" http://t.co/qBL6TOH2N1";Negative
Katılığımın sebebi gelmeyişin. Boşverişin.;Negative
Hayalinizdeki insanla hiç tanışamayacaksınız bay;Negative
Bir yalan eksik bir yalan fazla nasil olsa döner dünya;Negative
Kanka o kız güzel değil ona güzelim diyemezsin;Negative
Orospu cocugu İstanbul Emniyet;Negative
Kız deyip geçmeyin üç harflidir kıskanınca çarpar??;Negative
Ömründe bana bir kere kazık attın, ondada bırakıp gittin.;Negative
Ya ben annemin bana 'gökçe bu nasıl oda toplamak' diye bağırmasını bile özledim kesin sesinizi;Negative
Sense otur bi düşün :));Negative
Fake hesap acip profilinize TSAL yazip herkesi takip etmekten yorulmadiniz mi? Benim sahsen cigerim soldu. Lutfen durun :(;Negative
kim yaptı bunu ya asfghjldfhjkl http://t.co/e5gaf8lfZq;Negative
Senin neyine arayip sormak de mi;Negative
"Siz o ellerin neler çektiğini nerden bileceksiniz ""@ousmazing: EQÇ:WQEEWQÇ:WQEWÇQ:qweç:qeçeçqweçWeÇEQWÇWqeç:WQE:ÇWQE http://t.co/dEOTz9xzah""";Negative
Özledim. Söyleyeceklerim bu kadar, kısa ve derin.;Negative
Tadım tuzum yok bu gece;Negative
Kuzenimle karşılikli favlasiyoruz başkasina ihtiyacimiz yok;Negative
Cehalet mi desem, yalakalık mı desem? Değil. Yahu işçiler greve çıkmış bunlar darbe var diyor;Negative
"#AKtorpildeYeniSkandal http://t.co/85VJ6nasq7""";Negative
Öyledir bu işler. Menfaati bitenin muhabbeti de biter.;Negative
Yalan söyleyen iki yüzlü olanlardan nefret ettiğim kadar hiçbirşeyden nefer etmiyorum ya olduğun gibi görün ya göründüğün gibi ol;Negative
ay yine mutsuzluk bıktım ayol;Negative
En acısı ceug davetleri alıp gidememek arkadaşlar. Moraller bozuk;Negative
Vatsaba girmek için bi sebep var mı ki?;Negative
Onun ruhuda güzel değil;Negative
Yüzüme karşı söylemeye cesaret edemediğiniz şeyleri şuraya yazmayın rica ediyorum. Teşekkürler.;Negative
Allah biliyor ya kırıldığım kadar hiç kimseyi kırmadım;Negative
Serefsizler ya bir gol atamadilar!!!;Negative
"""IŞİD'i biz kurduk"" diyen CIA ortadoğu masası şefinden şok açıklamalar bu akşam 22.00'de @tvahaber'de @ahaberdeyazboz";Negative
evlenmek hic makbul degil;Negative
2 gram beynin var onu da erkeklerin ilgisini çekmek için lol oynamayı öğrenirken harcamışsın geçmiş olsun bacım;Negative
Bu fırtına hayli halamet. Haydi bakalım sonumuz ne olacak;Negative
Yalnızlığın tam ortasındayım artık;Negative
Yalnızlık kadar!;Negative
Lanet olası agız yarası;Negative
ananın amına kadar yolun var orrospu cocugu;Negative
İnsanlar Sinir hastası olmam için dört taraftan çalışıyor Ya Sabır Ya Sabır!;Negative
Bu kadar da olmaz dediğim herşey o kadar da oldu;Negative
Ulan bu bel ağrısı ne kötü bişeyy;Negative
Dalıp da önümdeki arabaya çarpmasam iyi araba kullanıyorum aslında ??;Negative
"Sevdiğim insanlar değişiyor, bütün mesele bu.""";Negative
Ne demek iyiyim? Kaç gündür konuşmuyoruz nasıl iyi olabilirsin ?;Negative
Gönlüm düşmüş bir sevdanın peşine. Aklı yok, fikri yok. Deli misali... @Fenerbahce http://t.co/dI5YIxZ6A6;Negative
Şimdi ne diyim soranlara çekip gittimi, hiç sevmedimi ?;Negative
sana o mavi tiki bi sokarım avatar gibi dolaşırsın düzgün konuş istersen;Negative
Hayat sokakta hoca.;Negative
Sikinti yapma zorlama kendin olamiyorsan;Negative
Bu gecede odamdaki ışığı kapatıp yatağa geçip tavana bakarak sana yeniden sövücem;Negative
Gülüyorum falan ama çok sorunum var.;Negative
Güzel günler de bizi görecek mi??;Negative
Bi sikimin olacağı yok zaten;Negative
Kılıçdaroğlu sosyalist ama bukelemum roman dernekleri ile toplantı yaptı,çünkü şimdi bazı dernekler Ankara ya gidince yine ak partilyz dyckl;Negative
Ne biçim soğuk lan bu şehir.;Negative
Bu fırtına hayli halamet değil. Hadi hayırlısı bakalım...;Negative
Ben adam yerine koyuyorum o yerini begenmiyor, alıskın degil demek ki;Negative
"""Bunu yapanı bulup doğduğu güne pişman etmezsem, anasından emdiği sütü burnundan getirmezsem..""";Negative
Arkadaşlarımı boşladığımın farkındayım gönüllerini almam şart ??;Negative
Fazlaa konusma zorlama;Negative
Herkes bilmeden konuşuyor ya nasıl sinir oluyorum;Negative
hala daha başım dönüyo sinirden aglicam ya;Negative
Meriç Müldür yalama hastalığına yakalanmış. Beter olsun.;Negative
Hayatları sadece dedikodu üzerine kurulu olan insanlardan uzak durmalı, çok zararlılar ??;Negative
Özgecimlle cok guzel gunun ardindan lanet sehire döndük ?????? (@ İstanbul in İstanbul, Türkiye w/ @kopuzozge53) https://t.co/bXbfHZPJQi;Negative
Özümüze dönelim böyle olucak gibi değil;Negative
Passolig için baro kartını kabul etmeyen sistemi kınıyorum.;Negative
Bir çoğumuz müzikle kafayı bozmuş insanlarız.;Negative
Çok yanlış insanlara kardeş diyoruz.;Negative
Bilmem ki kuşlar bu hengamenin neresine uçar ?;Negative
"katlanamam dediğin şeylere katlanıyorsun; büyüyorsun";Negative
Dert etmiyorum seni , siktir ettim zaten .;Negative
Sevdiğim insanlar değişiyor, bütün mesele bu.;Negative
Alınacak hesaplar yakılacak canlar var :);Negative
Zamanı gelince mezarından bile kaldırılacak insanın, bulunduğu makamı sahiplenmesi anlaşılır bir şey değildir;Negative
Kodugum gelme demene gerek yok benim sevgilim sana gelmez zaten dert yapma yani;Negative
Ya bi insan bu kadar yüzsüz olabilir mi sorusuna cevap olarak dogmuşsun be;Negative
Güzel mizah ??????;Negative
yazık sende sesimi nerden duyursam diye debelenip duruyon da çokta şeeeeyapma yani nbiliyim;Negative
Ulan sende erkeğim diye geziyorsun ya tüküreyim erkekliğine ????;Negative
Siktir etmek kadar huzur verici birşey yok.;Negative
Gurur Kimseyi Mutlu Etmez;Negative
Guzelligin fayda etmez bende kalamiyorsan;Negative
Boş işlerle uğraşmak görevimiz http://t.co/6vyyo7CpT8;Negative
Aşırı mutsuzum.;Negative
Ne günlerdi beee;Negative
Neyin gururu tatlım o önceden insanlar çiviyle duvara yazı yazarmış sen şimdi dokunmatik ekranda iki mesaj yazmayamı üşeniyosun.Yazık;Negative
Evden nüfus cüzdanını almadan çıkan kendimi de kınıyorum.;Negative
Bir an önce evlenip yemekleri kocama yaptırıp beğenmeyincede dövmek istiyorum çokmu yani;Negative
Yazık bu teşkilatların emeğine bunlar nasılsa maraba ne zeman istersek gelir calışır mantığına su taşıyanlarada yazıklar olsun yazıklar;Negative
Benim en yakın arkadaşım olmadı hiç, hepsinin yokluğu eşit derecede umrumda olmaz ??;Negative
biri bana bunu yapsa üstüne kusar kasıklarına tekme atar ağzına fln işerim heralde bu ne be http://t.co/3JTMpPcEUe;Negative
Sigaralar tek tip karapaket adı altında fahiş fiyattan satılacakmış. Tütün ve arap satışı yasaklanacakmış arkadaşlar toplanın gidiyoruz ??;Negative
Bu rüzgar ne lan böyle felç oldum resmen;Negative
Bu trafik yüzünden hem katil olcam hem macı izleyemicem ??;Negative
Sana ihtiyacım var ve ne yazık ki sen bunun farkında değilsin.;Negative
"""@ogzatbs: Sustuğumdan bir şey anlamıyorsan, çok da zorlamaya gerek yok.""";Negative
Yil olmuş 2015 ve 5 saattir elektrik yok ....;Negative
Koduğumun hayatinda herkesmi kalleş olur;Negative
Kedi yemiş yemiş sıçmamış aq.;Negative
Şeytan diyo hadi bi cesaret.;Negative
Mallık yapman için sana para mı veriyolar anlamıyorum ki;Negative
Uyanır uyanmaz yataktan çıkabilen insandan her türlü şerefsizliği beklerim;Negative
Tabiki de açım soru mu bu ?;Negative
Sanki başka derdim yokmuş gibi bide sen çıktın.;Negative
Tolunay Kafkası görünce sizinde suratını ekşimiyor mu ?;Negative
Yanlızsam yanlızım sizene ?;Negative
Taze fasulyenin kilosu 15 lira olmuş aq aç mı kalalım napalim;Negative
gurur kimseyi mutlu etmez.;Negative
Açtuğınız her yara'dan hesap soracak , YARADAN !;Negative
Tipi olmayan göbeğini açar olmuş;Negative
İnsan bir yerden sonra bir yere varamıyor...;Negative
adam diyoki ben ahmet kayanın kendisini değil şarkılarını seviyorum sanki biz adamın sakalını emmek istiyoruz amk;Negative
Kartlar seni diğerleriyle karmadan sen değerlerine göre yaşa.;Negative
Beklediğim tatil bu değildi;Negative
Sen siirden anlamayan adam beni nasil anlayasin.;Negative
Kendimden utaniyorum @pelinah29150152;Negative
Hepsini gömecem birazdan http://t.co/UgrAmKokme;Negative
Yanlışlıkla bişeyler yaptım ama hayırlısı??;Negative
Fakırlığın gözü kör olsun ?? (@ Narlıdere in İzmir, Türkiye) https://t.co/CM5L3Ud2hp http://t.co/A5O2rsqQfX;Negative
Bir gençliği sen uyursan herkes ölür diyip gaza getiren mete horozoglunun askerliğini bedelli yapması büyük bir ironi;Negative
Sözün açtığı yaraya hiç bir ilac iyi gelmez..! http://t.co/O7qcWsN1xU;Negative
Değer mi bilmiyorsun, değsin istiyorsun. Değmesi için herşeyi yapıyorsun ama yine değmiyor. Güler misin, ağlar mısın?;Negative
iyisiniz ama yeterli değilsiniz;Negative
Ama olmaz bu kötü gidişe bi son vermem gerekir;Negative
Biz üzülmeye alışkınız zaten;Negative
Beni takip ettikten 1 dakika sonra başka kızları takip etmişsin sen yarın beni aldatırsın seninle evlenemem ??;Negative
Allah evine ateşler salsın malum önümüz kış ısınırsın.;Negative
Bizi üzen bok yesin.??;Negative
Allah toplama takıma böyle ego vermesin ya. Dünkü boklar!????;Negative
Aşık olmamak içten değil nasıl şaşkınım anlatamam sjsjnsn;Negative
MHP den Uyarı;Negative
Kendini akıllı sanan insanlara üzülüyorum.düşünsene gerizekalısın haberin yok..;Negative
Kadına el kaldıranın kaldıramadığı başka birşey vardır..!!;Negative
Ahmet kandemir hemen acilen dus bu takımın yakasından istifa;Negative
Cumhurbaskanimiz ahankajahajajahbab neyse bir sey demicem;Negative
Açıklama yapma gereği duymayacak kadar kendime güvendiğim bi konuda senin haklı olduğunu düşünmen umurumda olur mu sence?;Negative
Unutamam yaptıklarını.;Negative
İnşallah çok özenle giyindiğin bir gün üzerine kuş sıçar ??;Negative
"Cumhurbaşkanımız Sayın Recep Tayyip Erdoğan:""Hala paralel yapının Mossad'la beraber hareket ettiğini görmeyenlere yazıklar olsun""";Negative
Dediler ki sabrın sonu selamet;Negative
Ama benim gördüğüm şey sadece felaket;Negative
?? bunun niye ağzı yok len;Negative
"""@cansudoganayy: Hem suclu hem guclu beynine sictigimin herifi""";Negative
10 türkçe netine hukuk veriyolarmis #Hukukİçin75binTabanSıralama;Negative
Akıllı olsa bizle ne isi var amk hayatımın özeti;Negative
Birleşik Metal İş Sendikası'nın kararı işçileri hayal kırıklığına uğrattı - http://t.co/ue5igGqTE7 http://t.co/559CeBDIhb;Negative
Bizi üzen bok yesin.;Negative
Çok yazık;Negative
Whatsapp grupları da olmasa çevrimiçi olacağımız yok anasını satıyım.;Negative
Kız benden başkasuna sevdalanursan eğer o beyaz gelunliği giydiğun anda geber ??;Negative
Tum yasalar bu kadar keyfi kullanılırken sendikalardaki bu yasalara uyma titizliği neden!;Negative
Görürsem parçalarım o çok kıyamadığın sevgilini :ad;Negative
Erkek söz verir , adam ise verdiği sözü tutar...;Negative
Sadece dertlesecek birisi olsun gerisinin koydum gotune;Negative
İnsanların yaptıklarını sözlerinizle kimseye kanıtlıyamıyosanız,ses kaydı yapın arkadaş,bak bakalım kendi sesini inkar edebiliyomu :)) ahaha;Negative
MHPdenUyarı ElektriğeÇarpılma;Negative
Kime okul açılsın artık diyosam kes sesini diyor. Neden??;Negative
Birileri yolda kalır , birileri yol alır;Negative
Baktım çözülecek gibi değil, bir düğüm de ben attım.;Negative
Arkadas bu insanlar ne ilginc gonulde yasananla uygulanan hareketler hic olmuyo soliyim ?;Negative
Ciddi ciddi biri olsun istiyorum artik;Negative
Üstüste ölüm haberi alınca, vefasız, bencil insanlardan iyice soğuyorsun..Ötede bayılsınlar!! Ölürsem de kabrime duyan gelmesin, istemem.;Negative
Off-road mağdurları @ Ayder Yaylası-Kaçkarlar http://t.co/rRESiJRopK;Negative
Küsersen küs banane (17:15);Negative
Şimdi bana ne desen yalan olur. Deme. Deme ki beni soyletme.;Negative
Öyle bir çirkin ki Allah çirkin şansı bile vermemiş hem çirkin hem şanssızjdjd;Negative
Bu nasıl bir yapmacık gülüştür ya;Negative
İlla benim evimin önünde yapın trafik kazası çok lazım. (@ Kılınç Malikanesi) https://t.co/0Wzw5sLS11;Negative
Hayatlar diyorum çok boktan;Negative
Vedalaşmak hiç bana göre değil.;Negative
"Keşke bizde patlıcan gibi tuzlu suya yatırılınca acılarımızdan kurtulabilsek. Olmaz mıydı sanki ;)";Negative
Geç yazma değil senin ki bildiğin sırra kadem basmak.;Negative
Galiba bütün bu olanlara dayanamam ama hazırım seni yanlış tanıdım sanırım;Negative
Canim verdigim degeri geri alabilirmiyim?? Sana buyuk gelmis o;Negative
Kerimemre yine cirkeflik yapiyooor oynamiyorum ben ya !!!!;Negative
Zor adamları,basit kadınlar yıkar..;Negative
Yohhh artıkın ???????????????? http://t.co/AmX2subs3v;Negative
Cumartesi saat 7 olmuş ben hala çalışıyorum. Garibanlığın gözü kör olsun.. http://t.co/J5pAA0gkYY;Negative
Bu yorgunluğun üzerine dayımlarda ne işimiz var acaba. Nie kimse beni düşünmüyo ?? (@ Ağa mahallesi) https://t.co/LHqokqNrxn;Negative
Zaten hep yapmaz dediklerimiz yapmadimi..;Negative
Cesur düşman seni kahraman eder,;Negative
Korkak dost ise canından...;Negative
Futbolun katili Türk hakemleri..;Negative
Çok geç kaldın bana;Negative
Özgürlüğüm kısıtlanmasaydı tatilimin her saatini iyi değerlendiriyodum.....;Negative
Garibim uzuluom ama kiza;Negative
Hep sonradan gelir aklım başıma;Negative
Bazı şeyler hep zıt gider zaten kusursuz hayat mı var?;Negative
Yolun sonuna geldikten sonra yanlıs yolda yürüdügünü fark etmek;Negative
Allahım tarraynda fena virüs var inşallah bana bulaşmaz amin;Negative
"""@ilhancihaner: AKP, SANSÜR DUVARINA BİR TUĞLA DAHA KOYUYOR";Negative
"AKP özellikle Gezi Direnişi’nden sonra interneti baş e. http://t.co/XBKbiL888o""";Negative
Kalmadı kimseye insafım , affedemem ben bunları geç .;Negative
"Oğlu komada iken tayin edilen hakim Karanfil: Bana ve oğluma değil sahte hukukçulara acıyın http://t.co/HiSNuhGB58 http://t.co/3CN5QuZ1Nz""";Negative
Giderek üzdün bizi zaman.....;Negative
Ben seni görsem o gözlerini kör ederim sen kaç gün görmesen kör olursun bilmem ama.;Negative
Sebepsiz yere moralimi çok güzel bozarım;Negative
senin içinde ki çocuğu sikeyim ya;Negative
'Napıyon' ve 'Napıyorsun' arasında dünyalar kadar samimiyet farkı var.;Negative
Bak duyduklarım yine aklıma geldi yine sinirlendim ??;Negative
ya ben 8 yaşındayken isyan ettiğim tek şey sevdiğim çizgifilmlerin fox kids'ten kaldırılmasıydı, bu salak napıyor? http://t.co/FeoZVDIVhD;Negative
Bütün gün ayakta uyuyup eve gelince uyuyamamak nasil bir hastaliktir;Negative
italyadan tekkif almış yapamam demiş bak bak;Negative
Bulun bi koca evlenin gidin lan ciğerim soludu islami aşk tivitleri okumaktan;Negative
Biri beni burdan kurtarsın???? (@ British Culture Buca in İzmir) https://t.co/mlIJHRJeh8;Negative
Yeniden sevmekten değilde benzerine yenilmekten korkuyorum.;Negative
Sevdiğim insanlar değişiyor, bütün mesele bu.”;Negative
Şu şehire gelince aklıma ne ülkenin yoldan çıktığı geliyor ne memleket sorunları nede atamalar güzel bi süreç.;Negative
Ne bedduam var ne de ahım;Negative
Allam ne iğrenç bi gün;Negative
Alma mazlumun ahını indirir tahtından şahını vesselam;Negative
Yine meydan ve yine beklemedeyim. ??;Negative
Ne hissettiğimi anlamayacak kadar hissizleştim.;Negative
Umut Eker resmen David Beckhamin Turkiye subesi boyle bisi olamaz.;Negative
Ikimizde gelsek kıldan köprüye ben dürüstsem başım açıkken de geçerim. Başörtüsünün arkasına pek saklanmamak gerekir ...;Negative
Kızım az çocukluktan çık sen;Negative
beni ifsa eden eski sevgilimin tivitine popi olmak icin mention attim ne kadar sikimde olabilir ki bu hayat;Negative
Zaten camlicanin en dibine gitmek uzereyken, polisin iettyi durdurmasi sahane. Immh.;Negative
Kesin bilgi kadıköy bitmiş yayalım lütfen.;Negative
Bana masal anlatma (@ Hollywood Sineması Gaziemir in İzmir) https://t.co/IlipmUSJWN;Negative
"""Pardon çıkalı eşekler çoğaldı."" dicem, eşeklere hakaret olcak! ??";Negative
Aras bok demeyi öğrenmiş kim öğretti diyolar abla diyo, çok pis zan altındayım allaam ya;Negative
vay aminakoyim boyle saçma hissetmedim;Negative
Göztepemiz 1. lige çıkmak konusunda eline geçen tarihi fırsatı kaçırdı..!! Ayni puanda 2. Ve 3.lüğü paylaştığı İNEGÖLü yenip farkı açamadı.!;Negative
Bedeli Ne Olursa Olsun İnsan İstemediği Birine Karşı Gelmeli.. #AşkSana Benzer# (@ Metroport CıneVıp) https://t.co/R0CGB6Bp6w;Negative
Aşkım orda kızlar var özürlü taklidi yap.;Negative
Akisina birakmak gerek bazen nereye nasil neden demeden;Negative
Senin her fotografın cirkin bunun icin ayrı bir caba sarfetmene gerek yoktu ttlm??;Negative
Sen git fahişe hayatı sür sonra da pirenses gibi evlenmeyi düşün.Yeminlen tebrik ediyom??;Negative
Hasan amca lütfen Erayın arabasını elinden alır mısın? Bıktım ??;Negative
Onca şeyden sonra onu tekrar görüyorsun ve herşey başa sarıyor ..;Negative
Demekki neymiş herkese güvenmiyecekmişiz;Negative
Yaradan seni sarışın yaratarak zaten o potansiyeli yüklemiş sen niye üstüne bir de aptal olup hipotezleri doğruluyon yan dairedeki bacım ??;Negative
Dayan ruhum bu acıya dayan çaresizim;Negative
Saçımdan azıcık kestirince depresyona giriyorum belkide bana kısa saç kestirenlerin cesaretinden lazım;Negative
keske kanser olsam;Negative
sana olan sevgim beni sigaraya başlatıcak;Negative
Satılanlar satanları asla unutmaz!;Negative
Bence seni senden daha çok sevdiğim için bana katlanamıyosun;Negative
Dedik ya biz o gemileri çoktan yaktık. Belki içinde kendimizde yandık ama yaktık;Negative
Bir bakışlan yaktın beni;Negative
sevgililer gününün allah cezasını versin yaşasın tam bağımsız yalnızlar;Negative
Sene 1911 gercek MUSTAFA KEMAL ATATÜRK bugunler icin masonlar yardimiyla Trablus savasi sirasinda yossi kohen (mason) oldu...;Negative
Pahalı parfümleri bir kenera bırakın insan güven kokmalı .;Negative
14 şubatta dişçi randevusu mu olur ya, hayat benimle dalga geçiyor bide üstüne götüyle gülüyor.;Negative
Sen kimsin ??;Negative
Ne küfür edeceğimi bulamadim;Negative
Yakışıklı rütbeli erkekleri çirkin şişman kızlar aldı gitti. Tabi bize kalmadı artık. Bişey demiyorum da Allah ım sen görüyon. Sabır.;Negative
buram buram yavşaklık,yalan kokuyosun haberin yok;Negative
Hayatımda galiba hic bu kadar skilmamistimmm. Aman tanrım didim yeterrr ?????? (@ Madenler in İstanbul, Türkiye) https://t.co/ygdNkGV9fq;Negative
Bak ben senden başka hiçbir insanın yüzüne baktığımda içimde kelebeklerin uçuştuğunu hissetmiyorum tamam mı.Ben seni seviyorum ya seviyorum.;Negative
İnsanlar sevilmek için yaratıldılar.Eşyalar ise kullanlmak icin Dünyadaki kaosun nedeni eşyaların sevilmeleri ve insanlarn kullanılmalarıdır;Negative
Mk minibusu isine gelmiyo ya yavaş git tabiii......;Negative
özlemek çok kötü biriymiş;Negative
Ya arkadaş , ben faşizmi burjuvazinin en kanlı diktatörlüğü bilirdim...megerse hırsızlar icin demokrasiymis..#MetalGreviYasaklanamaz;Negative
İnsanlar boş konuşuyor bende müzik dinlemeyi sectim;Negative
Düşündüm de düşünmemek gerekmiş.;Negative
Dusunupte uyguladigim o dahice planlarim gerceklestikce kendimden korkar oldum;Negative
"Suriye'de iç savaştan dolayı ülkemize katılan Arap kardeşlerimiz gibi keşke Ukraynalı ""kardeşlerimiz"" de Türkiye'ye gelse ??";Negative
"Ve… Birgün herkes ?nl?r, sevdiğinin kıymetini… Am? gidince, Am? bitince, Am? ölünce… Kıs?c?; İş işten geçince.";Negative
Açtığınız her yara'dan hesap soracak YARADAN !;Negative
Amk herkes bi atarlı saldırcam birine ???? (@ Altıparmak Caddesi in Bursa, Türkiye) https://t.co/CHWNjL5f9K;Negative
Ben bilmem eşim bilirde tuttuğum takım kazanamayınca deli oluyorum ????;Negative
Hatun doğrularıyla kabullenilmeyi değil, saçmalıklarıyla sevilmeyi ister.;Negative
Buseye laf soktuğum an evde çalışıyosun bunları dimi diye sorması bambaşka...;Negative
Herşeyin bi zamanı var Aminler boşa değil.;Negative
Ne dişmiş ya yüzüm gözüm şişti :((((;Negative
Uzuldum yemin ediyorum;Negative
Ahh yine mii kedeer ama artık yeteerr;Negative
Abi o kız takip edeni takip ediyo. bidaha düşün derim.;Negative
Demokratik kurumların gelişiminde önemli kilometre taşları bulunmaktadır. Temsiliyet demokrasinin olmazsa olmaz kuralıdır..;Negative
Of yanlışlıkla favlayıp duruyom aq;Negative
Yalnızlık başa bela (@ Yunusemre in Mustafakemalpaşa, Bursa) https://t.co/o2nXzcG3oa;Negative
Daha fazla düşemezdi ya gözümden;Negative
Bana masal anlatma:) (@ Cinetech in İstanbul, Türkiye) https://t.co/Gv2w38hUf9;Negative
halil sezai ile sıla film yapsın ülke sarhoş olur;Negative
Bir cumartesi ancak bu kadar bom bok geçebilirdi;Negative
Madem takibi bırakıcaksın neden takip edinyon aq sen ??;Negative
Grev ertelenmesi nedir ya? Daha neler göreceğiz bakalım;Negative
Paranin satin alamayacagi tek duygu merhamettir.;Negative
Birde erkek diye kaydetmiş amk ya çıldırcam;Negative
yucce rabbim sen onun beynine flyeni format at http://t.co/yFpeUIDrQk;Negative
İnşallah görmüyodur;Negative
Lanet olası pislik bugünde mi ciger yok ???? http://t.co/avLqH3x9xs;Negative
Ben bir saatlik yolda 45 kilo çocuğu kucagimda taşıdım,bana yikilmaktan bahsetmeyin ??;Negative
İnsanların kusurları senin dalga meselen olmuş güzellik ??;Negative
taşınmalıyız dedim ciddi ciddi taşınıyoruz yok artık;Negative
Bu agri insani oldurur;Negative
Bu maç çok kritik çookk (@ Atakanlar Çay Salonu | Berat'ın Yeri w/ @kaanjobs) https://t.co/wzZtrLwdbv;Negative
Samimiyet çok büyük anahtardir ve her kapiyi açar ancak samimiyetten yoksunlar kapilarini kapatirlar ve yoldan çevirirler;Negative
Düğünün ertesi günü altınları alıp kaçasım var.;Negative
Hazin bi öykü olur ta kendisi (at @PizzaHouse_tr in Osmaniye) https://t.co/c0n5zhGxDM;Negative
Neler neler: );Negative
Seni bulmak zor bu zamanlar...;Negative
Bize misafir geliyor ben hizmet ediyorum, biz misafirliğe gidiyoruz yine ben hizmet ediyorum. Kızların üzerine bu kadar da gelinmemeli ya.;Negative
Hiç sevmediğim bi şarkı ağzıma takıldı ulan ne boktan bişeydir o;Negative
Benden bu kadar daha fazlası yok..;Negative
Bu ne trafik ya;Negative
Elektrik Faturalarında vatandaşa kesilen ceza. MHPdenUyarı ElektriğeÇarpılma http://t.co/blRMAW3qnY;Negative
Tam iyileşcem bir daha hasta oluyom galiba fena beddua aldım;Negative
Ataşehir ak partide belediye meclis listelerini yapanlar bu vebali nasıl ödeyecekler bilmem ama allah hesabını sorar millette sorar şaşarsın;Negative
bazı durumlarda susmak kabahate ortak olmaktır.;Negative
sendikam var içinde üyem yok!;Negative
işçim var sendikası yok .anlamak zor;Negative
Edep, her türlü davanın üzerindedir, Ve insan ancak, dili kadar edeplidir.!;Negative
Yüzüne tükürsem diyecek Şükür ??;Negative
Benim kendini beğenmiş ler le isim olmaz;Negative
Yarim bu günahların kalmaz yanına;Negative
Laaa bu yakup size nee ettiii gardaş ?;Negative
Allah var arkadaşlar Aziz Allah diyin;Negative
Allah belanızı versin dileklerimi iletirsiniz artık;Negative
Asker yerine Amsterdam'a falan gitsem daha ucuza mal olurdu ya la;Negative
olum nasılsa ayrılcaksınız kasmayın bu kadar;Negative
Herkesin hayatına kimse karışamaz:d;Negative
evet evet soğan kıralım balık falan kızartalım ki misafirler gitsin;Negative
Bu mide ağrısını napcaazzz ????;Negative
Nasil hemen aninda DERDEST edip götürüyolar! Metaliş grevini erteleyen karari protesto eden gençleri;Negative
Her Şey Eksik;Negative
Teyzemin evini rehin aldım aq 5 gündür burdayım??;Negative
Çekip giden birini,çekip alamam;Negative
ya grev ertelenebilir bir sey mi abv şakalar ülkesi;Negative
Bi insan şerefsizse değiştiremezsiniz uğraşmayın.;Negative
Istanbul'un çözülemicek tek sorunu #Trafik @ Marmara Forum Alışveriş Merkezi http://t.co/nH5KMBswXd;Negative
Peki biz bu durumda ne yapabiliriz ? @ilknurkabaa;Negative
en nefret ettiğim şey tek sigaramın istenmesi;Negative
Gerçekler her zaman acı olmak zorunda gibi;Negative
“@Rakicilardrnegi: İki bira içip seni özleyeceğime 70'lik rakı içer sana söverim” @fulyaau;Negative
Ne demek hakem Cüneyt Çakır ??????;Negative
Senle bir görüşelim;Negative
Sende var birşey;Negative
Allah'a bırak;Negative
Moussa Sow yedek Diego gibi bir kazma sahaya çıkıyorsa bilin ki Fenerbahçe'nin teknik direktörü YOK!;Negative
Hep zararsınız aq;Negative
Şu trafikte birini vurmazsam şanslıyım..;Negative
Benim kendini beğenmiş ler le işim olmaz;Negative
Varsa bir sorun baştan oyalama söyle;Negative
Keşke DÜNYAYI sadece anneler ve öğretmenler yönetse ne kadar iyi olur Değilmi;Negative
Kimseye ihtiyacim yok kimsede bana bayilmasin arkadas cevremde olsun istemem sadece allah beni kardeslerimden ayirmasin yeter.(efs);Negative
sığar mı iki kişi kalbe,diye şarkı yapmışlar.kalbine 3-5 kişi sığdıran adamlar bile var.adam dediysem lafın gelişi ??;Negative
Karabükün amına koymaya geldik (@ Dr. Necmettin Şeyhoğlu Stadı in Karabük, Türkiye w/ @ilkanuslu) https://t.co/DyywESUYyP;Negative
Benim yanımda başkasına fal baktırmak çok ayıp (at @MeleklerKahvesi in Istanbul, Türkiye) https://t.co/JYPY25Lv2w;Negative
Evladiyla imtihan etsin.;Negative
Zelil ve rezil etsin, inin inin inlesin;Negative
Cok yanlış insanlara güvendik sebastıyan;Negative
zeka seviyen geri zekalı bi insan için bile düşük cnm ~;Negative
Bazen bir hikayeyi bitirmek yeni bir hikayeye başlamaktan daha zordur;Negative
Elektriğe doğalgaza gelen zamları açıklayın, bosverin başkanlık sistemini falan! #hukumetIstifa;Negative
Alip basimi gidicem ama hem param yok hemde kayip ilanı asarlar en iyrenc fotomu koyarlar die gidemiyorum müge anliyada cikabilirler yani;Negative
Gitar çalan herkesin sesi güzel olacak diye bir şey yok kafa sikip durmayın;Negative
Sabahlara kadar bıkmadan konuşacağım bir insan tanesi yok mudur?;Negative
Küfür etmeden sakinleşmenin bir yolu olmalı.;Negative
Hatayı kendimde ararken sende buluyorum;Negative
Siktiri git yusuf simsek;Negative
İyi oldukça kötü gördük ??;Negative
Benden sonra kurban sectiklerinle de olmadi degil mi?Daha cok beklersin beni..ruyanda gorursun :))????;Negative
Ulan zaten mahalle kapkaranlık, zor yürüyom sen kedisin bu ruzgarda ortalikta ne isin var da beni korkutuyon;Negative
Bu kadar kongre uyesiyiz, amator branslar icin butce yok diye agliyoruz. Ileride villareal gibi 50.000 kisiye takiliriz.;Negative
Sobanın verdiği mutluluğu bile veremezsin lan sen;Negative
10 yıllık SerdarOrtaç Şarkısını 4 yaşında ki çocuk ezbere biliyorsa Popun kralını tartışmaya gerek yok;Negative
Önüm arkam sağım solum boş gereksiz insan.;Negative
Kıbrıs köy yansın o zaman ??;Negative
sen kolyesin aq nasıl 70 lira olursun kendini bil aq;Negative
Kırıldığını belli etmeyen insanları üzmeyin.;Negative
Beni görünce düşman görmüş gibi olman saçma;Negative
"Sana bakıp bakıp ""tiksinç""diye kelime uydurdum.";Negative
Şu herkezin bana geçen nazına başlıcam artık yetti gayrii a aaa;Negative
Annenide sevmezdim;Negative
Sen benim en kıymetlimsin ?;Negative
Şiddetli lodosun üstüne bi de elektrikler gidince korku filmi sahnelerini aratmaz oldu bizim mahalle...;Negative
"Anladım ki .. Ciddi ciddi benim şansım yok ;(( ??????";Negative
Hayal kırıklıklarıyla dolu benim kalbim bir kaç çizik fazla olsa farketmez;Negative
Bir sinirde silinicekse herşey keşke hiç başlamasaymış;Negative
Ah sizi lanet olasi sigarasi olan varmiiiiiiii yok mi;Negative
Sonuna kadar geldim askin kavusamadim ben sana;Negative
Dersaneyi 3 te yapıyonda sınav neden sabahın 9'unda acaba;Negative
İçine atmak diye bişey varken anlatmaya ne gerek vardı ?;Negative
"""""Bir kadının kaderi; sevdiği adamın ihanetiyle, sevmediği adamın sadakatı arasında çizilir.."" - Leo Tolstoy""";Negative
Bu servanı takıma kim getirdi amk;Negative
Amanin amanin;Negative
Bu havada nişan mi olur ? Bu havada nişana mı gidilir ? Bu havada halay cekilmez . Çünkü mendil uçar.;Negative
Hayir ingilizce odevi cikti olsa nr olurdu? Ödev olmasa ne olurdu?;Negative
"sensiz olmaz demem asla ben kisilere bagli kalmam ki ;)))))))";Negative
Adınızı neden röntgenciniz ayşeniz fatmanız falan yapıyosunuz ne ara bizim oldunuz salak mısınız;Negative
Servan sana sovmuyom ama en kisa zamanda futbol hayatin bitsin s.git su takimdan;Negative
Güvendiğimiz dağlara kar yağdı..;Negative
Behzat hoca 'bak buraya ' dedikce neden gülüyorum ki. Iyice delirdim. #BehzatRasuli;Negative
Kimsenin namusu bana kalmış değil biraderim.;Negative
Hiç bitmemesi gereken günlerdi ama ????;Negative
"Rakı ile hava atılmaz; dert atılılır, dostluk katılır??";Negative
Seviyorsan uğraşacaksın, konuşacaksın çünkü gurur kimseyi mutlu etmez. (@ dm home's) https://t.co/bsSySzPsCb;Negative
Bi mucize falan gerçekleşmezse bu sene de tek başımayım 14 Şubatta;Negative
Üzülünce naparsın naparsın :);Negative
Olum siz siz olun olcuyu kacirmayin bak verirken agziniza siciliyo net;Negative
Allah aşkına bu cirkin kızlar bu erkekleri bir yerden satın mi alıyor hayır öyleyse bizde gidip alalım :D yani nasıl oluyor bu iş :(;Negative
Gencler hayatlarinda ortalama kac saat otobüs bekleyerek geciriyor?;Negative
Adam bacağına mizah yapmış daha ne olsun :);Negative
İkinci şansa gerek yok, insanlar değişmez.;Negative
Bu kadar ego neden???;Negative
Valla ben kimsenin mutluluğuyla mutlu olamıyorum çünkü o mutluluğun götlerinde patlayacağını biliyorum;Negative
Yazıklar olsun;Negative
"""@meltem7t: Ahmet Davutoğlu: İstiyoruz ki İzmir’i Akdeniz’in merkez şehri yapalım.";Negative
Doğuştan cahil bunlar.;Negative
Allahım ölüyorum galiba;Negative
Sabrıma ağır gelen insanlar var.;Negative
Yaşamak nadir rastladığım bir şey;Negative
Ciddiye alinmiyorsak pekte yapacak bisey kalmamıştır;Negative
naptı okuyup üfledimi amk. @dRUmviator;Negative
Hayatın kendi hesabı varmış, boşuna hesaplar yaptık .;Negative
Siz gerilimi kalabalik otobuse arka kapidan binip akbilinin gelmesini bekleyen bana sorun;Negative
Ben de bilmiyorum ki ??;Negative
Popiler dediğiniz çocuklarlarla biz dalga geçiyoz:d;Negative
30 saniyede bir ruh halim değiştiği için yaşamakta zorluk çekiyorum ??;Negative
"""Bitti,bitmez dediğimiz masallar""";Negative
Afyon'a bu trafik fazla.;Negative
İşin kötü tarafı araba hararet yaptı kaldık burda!! ???? (@ Gülpınar Dinlenme Tesisleri in Adapazarı, Türkiye) https://t.co/LrJPhEj8R6;Negative
Bana ulasamamak nasil bir duygu ?? Kaybettin bu davayi ????;Negative
Ya servan ebeni sikeyim senin bu ne amk adam ayağında top tutamıyo daha;Negative
Hala utanmadan,sıkılmadan beni sevdigini yazıyorsun.harbi karaktersizsin...;Negative
Şefkat görmeden şefkat göstermek zordur. Sevilmeden sevmenin zor olması gibi.;Negative
Benden uzak oynayın ??????;Negative
Asiri ruzgar var ya (@ Murat Market) https://t.co/JP3Wths1NY;Negative
Bugünde 100 lira pic oldu;Negative
Ah bu yanlış anlamalar yok mu ??;Negative
Senin göndermeli tweetlerin olmayan sikimde bile değil ??;Negative
Abi ne biliyim içim acıyı ya;Negative
Aslında eski devirde yaşasak daha iyiydi ama doğduk bikere ??;Negative
bu lodosta uçak kalkmaz diyerek neden moralimi siktin;Negative
Bulent arinc da aglamaya doyamadi;Negative
Yalnızım dostlarım mutsuzum mutsuz (@ Home ?? in Mersin) https://t.co/tt2FeYgP7x;Negative
Konuşacak bir allahın kulu olmayinca insan hiç birşeyden keyif almıyor.;Negative
Belki yağmura da gerek kalmazdı, insanlar bu kadar kirli olmasaydı.;Negative
"Hayatımın özeti ""sıkılıyorum""";Negative
Allah kadini sev diye yaratmiş,üz diye değil öküzz..;Negative
Karışıkkk çok karışıkkk!!!!!;Negative
Sizden vazgeçersem haram olsun ?? @ozgemiraontas with ..;Negative
Zaten hep böyle değil mi her şey,zamanla zamanla unutulup gidiyor,sıradanlaşıyor,basitleşiyor...;Negative
Ay sen çok komiksiiin;Negative
Senle benle ilgilenmez Perasilvanya ile meşgul o, Ağrı umunrda değil.! [@memleket04];Negative
Size bir belâ ve musibet geldiği zaman sakın oh demeyin. Çünkü bu şeytanın ismidir.;Negative
Kendime yanarım bundan sonra ??;Negative
Satılcak bir böbreğim bile yok;Negative
Her gözyaşı damlasında kaybeder insan sevdiğini..;Negative
Hadi Fenerbahçe'm senden başkası yalan!!;Negative
Aşkı siktir et bana kumarda kazanmak lazım;Negative
Yeterince sabırlı olmakta yetmiyor bazen;Negative
Yanlışlıkla fotoyu sildik amk;Negative
Şimdi hangi cenneti cehennem yapıyorsun nalet;Negative
Böyle salakça bir gol yenirmi amına koyım ya.;Negative
Kadın milletinde ne çene var, 5 saattir aralıksız konuşulur mu hiç? Ben yoruldum dinlemekten... ??;Negative
Quaresmaaaaaa. Sekti savunmadan direkten döndüüü. Kim koydu o direği oraya? Direkten döndü.;Negative
Liverpool deli gibi form tuttu , hakkımızda hayırlısı;Negative
Para yok aşk yok mutluluk yok;Negative
Yine bir hayal kırıklığı.;Negative
Gelmiş burda bana hayat sana güzel diyo, ya ben sana geçmişimi anlatsam oturur ağlarsın be??;Negative
Geyikli tayt giymedim diye mi böyle oldu acaba amk;Negative
Sevgililer günü tabi haram canım ne gerek var öyle şeylere;Negative
Ben en çok martıya aşık olmuş balık için üzülüyorum.;Negative
Nefes almak gerek, boğazın düğüm düğümken.... (@ Destan Cafe in İstanbul, Türkiye w/ @gqezer) https://t.co/r9QQayp5ws;Negative
idolüm böyleyken benden normal olamımı beklemeyin sdggdsdg #TurkishBeliebersLoveYouJustin http://t.co/OntKsUuyUp;Negative
Ulan dogru soyluyoz inanmiyo;Negative
Benim hayatta istediğim hiç bişey olmadı;Negative
Bi seni çok istedim seninde için benle dolmadı.;Negative
Egoiste Dünya'yı ver Mars'ıda ister.;Negative
cenaze dolayısıyla kapalıyız...;Negative
Burak özçivit sen film yazma boşver sadece oynasan yeter;Negative
Kiraz Belediye Başkanı Saliha Şengül de artık AK kadrolarla hizmet verecek. http://t.co/Le5E7D3HB6;Negative
Bırak kopacaksa kopsun kıyamet sen rabbim için Kıyam et;Negative
Niye takım elbiseyle pezevenk gibi oluyorum aq ya;Negative
Ne yaparsan yap FENERBAHÇE'nin büyümesini asla ve asla ENGELLEYEMEYECEKSİN! Bizim için AZİZ olan sadece AZİZ YILDIRIM'dır! @AydncanErkan;Negative
Arkadaş bu nasıl rüzgar böyle korkuyom valla;Negative
Seni bir kez gülümseten hiçbir şey için pişman olma.;Negative
Kaldıralım Kupaları Allah aşkına Fenerbahçe düşmanları dönsün şaşkına! #SaldırFener #fenerinmacivar;Negative
Kaybetmekten korktuğum ne varsa kaybettim ben.;Negative
Beni sevmeyeni bende sevmiyorum ?;Negative
"""Hayatı müsvette yaşamayın; temize çekmeye vaktiniz olmayabilir.""";Negative
Senle benle ilgilenmez Perasilvanya ile meşgul o, Ağrı umrunda değil.! [@memleket04];Negative
Akşam olmasıın!!! ‹‹;Negative
Ulan niye bugun gitti elektrik o kadar korku filmi izledim tirsiyorum;Negative
Dur beynimi çıkarıyım da eşit şartlarda konuşalım.;Negative
Gençliğimi biletix ve gişe kuyruklarında heba ettim :/;Negative
havanın bu kadar soğuk olması da biraz ibnelik galiba.;Negative
Buradan birinin doğum günü 28 şubat arkadaşlar lütfen unutmayın yoksa susmucak djfnkfm;Negative
Nedemek kadınlar cinsel obje olurmu öyle şey;Negative
Senin yüzünden zamanla yaşlandığımı hissettim sevmediğin bi adamı koluna takman nispet mi;Negative
Eskisi gibi olamayacaksak hiç konuşmayalım daha iyi;Negative
Yuhhhhhhhh http://t.co/L2A83NJrxX;Negative
Derdimi anlatacak kadar küfür biliyorum..;Negative
"Gümüşhane'de elit olmaktan bahsetmek; ironi gibi ironi.";Negative
Samimiyet moda olunca cehalet meşrulaştı..;Negative
Insanlari dusunmek suc olmus banane bu saatten sonra ne yapan yapsin umurumda degil??????;Negative
Ya benim şampuanım bile gözümden bir damla yaş gelmesin diye göz yakmayan formülü bulmuş sen kim köpeksin beni ağlatıyosun;Negative
Ortak gunahlarimiz var birlikte yanicaz??;Negative
Bilmem kırdığım,bozduğum kaçıncı telefon..;Negative
Hiç olmadı,ne ayıp şey.. http://t.co/dFh7aB1CZ9;Negative
Kin yuttum, kan kusturacağım;Negative
Adam gibi sevince de bi sikim olmuyor.;Negative
Aaa volkana karabukte kufur etmisler. Milli mactaki pozisyonun aynisi terkeder mi acaba stadi? Yok be gotu yemez dimi? Onun nazi orda gecmez;Negative
"""@sozmuhendisi: ''Yaptığım onca iyiliğin tek yanlışta unutulduğunu gördüğümden beri, kötü biriyim.''""";Negative
Yalnızlık paylaşılmaz, paylaşılırsa yalnızlık olmaz...;Negative
Ne çok acı var ???? http://t.co/1ltb58N7mW;Negative
Bunlar beni öldürcek?? @ngumustass @bar_dincer http://t.co/VnPrmKPHY2;Negative
Bu hayatın aslı yok, herşey fotokopi. Ben biraz silik çıkmışım o kadar.;Negative
Korku filmine gerek yok sadece akşam haberlerini izle üç gün uyuma...;Negative
Trabzonsporlu bir aile neden fenerbahçe maçı izler;Negative
Hadi Antalyaspor görüm seni haddini bildir kskye.;Negative
Karaktersiz olmak senin suçun değil;Negative
Karaktersizliğini insanlara yansıtıp rahatsızlık vermek senin suçun;Negative
Sarışın aptal ederse esmer iptal eder. Kumral yok eder.;Negative
Basbakan İzmir kimsenin kalesi değil milletimizin kalesidir Akp nin kalesidir demiş. Ahahhahah hadi gülelim biz buna .;Negative
Sonraki 30 yılı da görebilirsen çocuklardan kop emekli oltorun torba falan bak.. Derken bitti işte. Hayat anlayışınız bu kadar basit.;Negative
"mutsuzken 'bana koyar mı;)' tripleriniz çok gülünç.arkadaşım bu acı sana saatte yüzseksen kilometre hızla çarpmış işte.";Negative
Sen nasil insansin otur kütüphanede ders calis bekle, ne gidiyon nereye gidiyon;Negative
Ak Parti Avcılar Gençlik Kolları 4. Olağan Kongresi hayırlara vesile olsun. Satılmış... https://t.co/4vjGK9suhn http://t.co/IvcMxGqQdq;Negative
Gazze'ye güneş doğacak kış bitecek yaz olacak Gazzele o zalimlere mezar olacak........;Negative
Bence seviyomuş gibi yapan insanlar ölsün.;Negative
Yaptıklarından utanacaksin söz veriyorum;Negative
Futbolcularımızın kansız cüneyt çakıra karşi çok dikkatli olmasi lazim umarim kontrolu kaybetmezler;Negative
Sena onlara kalmaya gidelim diye suan her yolu deniyo mal sjshbajg;Negative
Sanki ben senin nerenin horozu olduğunu bilmiyom;Negative
Laf sokmaya çalışıp bi sikim yapamayan insanları da sevmiyorum.;Negative
Kimseyi kendinizden çok sevmeyin lütfen.;Negative
Yüzümü kara çıkarmaz diyordum;Negative
Tip degil karakter önemli gerizekali misin;Negative
Benim kurduğum hayalleri başkasıyla yaşıyacak kadar düştün sen;Negative
Ateş ediliyo memur amcalar oturmuş çay içiyo;Negative
Çünkü ne yaparsan yap yaranamazsın!;Negative
Mide bulandirici tavirlar??;Negative
Diyolar ki kadınlar erkeklerdan daha istekli sanki mutluluğu ayağımıza getirdinizde biz teptik;Negative
"""@LafTReni: Ölümün olduğu bu dünyada, hiçbir şey çok da ciddi değildir aslında.";Negative
Belki mutluluk fazla geldi.;Negative
Onca umudumu piç etmişliğin var.;Negative
Bütün günüm trafikte geçti ya (@ Avcılar in Avcilar, İstanbul, Türkiye w/ @obirtalha) https://t.co/OqEfN5w1FP;Negative
Bunu anladılar hiç sıkıntı etmeyin.. http://t.co/xDcPmSyvJX;Negative
Dayım vefat etmiş;Negative
Senin Allah belanı versin ben daha ne diyim ki;Negative
Gider ayak bütün mahalleyle kavga ettiğime göre bu şehir de işim bitti;Negative
Bu #UglySelfieChallenge de kimse meydan okumadı die sevinirken ceylan bana meydan okumus alllahın belası;Negative
"Erdoğan'ın Egemen Bağış Sevgisi Dillere Destan!.. http://t.co/A43baKQEG5""";Negative
Türkiyede 3 ayda 40 milyar sms atılmış . Nereye gidiyo lan bu kadar sms ?;Negative
İnsanlarda kuyulara benzerler, iclerinde boğulabilirsiniz..;Negative
paten kayanlari sevmiyorum abisi;Negative
zaman her şeyin ilacı değil zehiri??;Negative
Tabiki bütün sinirlerimi bozdun ??????;Negative
Senin karakterin birinin arkasından konuşacak kadarmış:));Negative
Gönül gözüyle baktığımdan gerceği göremiyordum ??;Negative
Peki ben hastayken halamın en sevdiğim dondurmayı almasına ne demeli ??????;Negative
O nasıl bir soğuk lan öyle... ??????;Negative
Nerdesin ki hic tahminin yok bugun icin öylesine yoksun @merttyazicioglu ???;Negative
İçimdeki çocuk çığlıklar atıyor aslında;Negative
Hayatta 3 şeyi unutmayın.. http://t.co/klwSMQcPM3;Negative
Yakında ben de böyle olacağım yemi ederim.Yapin la şu atamaları yapinnnnnn http://t.co/JbLHIb5kbT;Negative
Şimdi böylesine küçük düşürdü tutku neden bizi;Negative
Yıllardır bu Servan gibi adamlar yüzünden kahroluyoz zaten;Negative
Mala gelmesin canıma gelsin artık, çok şey mi istiyorum ????;Negative
Antin kuntin işler de hep bizi bulur zaten.;Negative
Tüm duygularım senle bitti;Negative
Sustuğumdan bir şey anlamıyorsan, çok da zorlamaya gerek yok.;Negative
Ya siz kendi kendinize benim tweetlerimi üstünüze alınıp olay yaratmaya çalışırken o kız niye alınmıyo;Negative
"Karşılığında bir servet ödetmeyi biliyor ama o ""dev"" firmalar ...";Negative
Bilmeden bitirdim herseyi. Istemeden.;Negative
Hayat bu kadar zor olmak zorunda mısın?;Negative
İnsanın gülesi gelmiyor birdaha;Negative
Ayrılığa küfreder gibi,gülümse hayata..;Negative
Sema kadar değerlimisinde havalanıyon;Negative
Şaka yapmıyorum ders çalıştım.;Negative
Yeter yaa saygı gösterdikçe yerin dibine sokuluyorsun.hep aynı değişmeyecek hem de hiç.;Negative
Volkan Demirel yine küfür yemiş hakediyor demekki ?;Negative
Cocukluk arkadasim olmus.. bana acidan bahsetmeyin aw;Negative
Sonraki 30 yılı da görebilirsen çocuklardan kop emekli ol torun bak.. Derken bitti işte. Hayat anlayışınız bu kadar basit.;Negative
Ne demek muhalefet baskanlik sistemini istemiyor o zaman dogru bisey koca cumhurbaskaninin kurdugu cumleye bak rezaletsin amk;Negative
Aklının dizginleri başkasının elinde olanın kişiliği ayaklar altında olur.;Negative
Ecem:Ne sadece 1 haftanın 1 fazlası yani;Negative
Birinin de beni sevmesi için daha ne yapmalıyım?;Negative
Karakterin ayaklar altında kalmış kaldır istersen ?;Negative
Utanmasa rüzgar evi alıp götürecek aq;Negative
Sorularımın cevabı nedir bunca dönen dümen mi?..;Negative
"""Bana kendimden başka kimsenin iyi gelmeyeceğini düşündüğüm sürece; beklenti sıfır, kafa rahat, Allah bir, uyumak süper.??""";Negative
Napalım çirkiniz diye ölelim mi?;Negative
oho bugun halı saha maçına gitmek için mercedes ile gelmediler neysee bmw ile gelmişler bu hafta böyle idare edeyim amk;Negative
Onlarca sözden birini tutsaydın bari;Negative
Geber inş;Negative
Allah'ım sana geliyom ?? http://t.co/WWyGuYQxeX;Negative
Bugün ölmediysem daha da ölmem lglfkfla;Negative
Geçmiş acı verir gelecek komada;Negative
Bazen doğru olanı yapmanın kendisidir erdem. Her şeyi isteyerek yaptıktan sonra insan iradesinin önemi kalır mi ki ?;Negative
Senden sonra sevilmenin nasil bi duygu oldugunu unuttum. Ah be vicdansiz.;Negative
Neden olmuyor ki;Negative
Acı kahve bok gibi;Negative
Eşek sudan gelinceye kadar dövmek kadar saçma bi şey olamaz. Belki eşek suyu sevmiyor. Saçmalama hakkımı kullanabilirim.;Negative
göründüğünüz gibi olmayın olduğunuz gibi görünün;Negative
Tatlı olucam diye konuşurken fare gibi fiyk fiyk sesleri çıkartan kızlar..sizi zehirlerim.;Negative
Ben bu yolda tekrar yürümem artık buralardan geçemeem;Negative
Servani oynatip ne yarah yiyon;Negative
Kıza dikkat et kendine diyorum, eyvallah diyo.. Üstünü arasan tesbih filan da çıkar aq.;Negative
Seni sevmedigim yalan!!!;Negative
Okullar açılsa da tatil yapsak dershane daha fena;Negative
Aman neyse herkes yolunu dümdüz çizdi????????;Negative
Bendeki yürek senin korkundan bile büyükkkk??;Negative
Gormeden bile ozluyordum be;Negative
Nerden biliceksin ki sevildigini;Negative
Herkes hayatına devam ederken, birileri maç izleyip birileri gelinlik hayalleri kurarken ben neden çıkaramıyorum başımı yorganın altından ?;Negative
Boş boş oturuyordum, televizyon izliyim dedim. Sanırım boş boş oturmak daha dolu bir işti;Negative
Kanser et bizi #Fenerbahçe;Negative
Neden içindeki mutsuzluğa veda edemez insan?;Negative
Hadi simdi düs üstüne bosta nasıl olsa;Negative
Ilaçlarım biter bitmez alkole sarılacağım..;Negative
Suratsiz insanlar dan nefret ediyorum;Negative
Tilkinin döndüğü kürkçü dükkanı oldum,;Negative
Lanet olsun bende bilmiyorum;Negative
Belki biraz un kurabiyesi mutlu edebilirdi..;Negative
Alışkanlık var işte, yeni birine yer yok,;Negative
Tinerciler bile bir başka sokak çocuklarına daha çok güvenirdi sizin ki kalleşlik ?? (@ Ulus in Ankara, Türkiye) https://t.co/heaHPz1IfH;Negative
İzmirde bile Canı sıkılan kızım ben üzmeyin beni;Negative
Bir selfie uğruna ya Rab ne telefonlar düşüyor.;Negative
Bitermi bu iş be (@ Gaziemir Sevgi Yolu in İzmir) https://t.co/KOUIFIvRZ2;Negative
İste şimdi kezbanı kızdırdınız!;Negative
Sonumuz geldi beyler dağılın:);Negative
Söverim gelmişine geçmişine;Negative
Kanka o kız ateist allaha inanmıyo sana nasıl inansın amk;Negative
Çimen gözlümde biliyor benim ne sevdiği hiç az değil.;Negative
O kızın soyadı yakında çevrimiçi olacak yine de sen bilirsin kardeşim;Negative
Misir konusunda abdullahin tavri acikti .bunaramen turkiye gitti yagcilik yapti olusunede.;Negative
Dısarida kopan Fırtına mı Kıyamet mi ben bilemedim. Sen söyle Izmir.;Negative
Ne biçim bir yalnızlık içindeyim mk;Negative
Onat yalıya gitti, annemle babam fasıla. Ben tabikide evdeki sevilmeyen çocuk;Negative
Öyle birden bire olmuyor yaralanmak.İnsan yaralanmaya çocukken başlıyor.;Negative
Sarisin aptal ederse ,esmer iptal eder, kumral ise yok eder;Negative
Oksijeni bilmem ama Sakarya'nın havası şart bilader.. #özledimmmmm;Negative
ahh ulan ahh http://t.co/7icUX7RP3F;Negative
Daha dünki südük bana her konuda bilmişlik taslıyor işte bende buna ayar oluyorum.;Negative
Dön bir bak geçmişe: Neyi kaybettiğin neyi tercih ettiğinle öyle bağlı ki birbirine! Bugün de aynı durum söz konusu. Seçimlerine dikkat et!;Negative
Karabük maçını 10 dakika seyredeceğim şike yoksa ki çok zayıf ihtimal devam edeceğim varsa ki büyük ihtimal Güllerin Savaşı daha iyi;Negative
İki gün üstüste komik bişey olmayınca paniğe kapılıyorum.;Negative
Ya ölmüşsem? :/;Negative
Der ki unutmalı zamana bırakmalı..;Negative
Hayat o kadar acı ki be göz makyajını tonikle silmişim onun bile acısını hissetmedim...;Negative
Hakem cuneyt cakir Allah yardimcimiz olsun;Negative
Bir haftadır odamdan çıkmıyorum bana asosyallikten bahsetmeyin :(:(:((((;Negative
Lütfen tatilde gezememekten şikayet etmeyin.Günde 8 derse giriyoruz bize tatil falan yok.Yatın.Uyuyun.Film izleyin.Mümkünse benim yerime de;Negative
Biz burda psikoljisi düzgün insanları sevmeyiz.;Negative
Fırında 3 saat var 3 ü de farklı gösteriyor. Sanki pil değiştirmek yerine saat alınıyor.;Negative
sinirden ağlamak istiyorum;Negative
Madem bu kadar ödev vercektiniz tatil yapmasaydınız;Negative
Ahahahah şeklinde gülen insanlar hiç samimi gelmiyor ??;Negative
Çok kalabalık (@ Limonata in Istanbul) https://t.co/6ydruCCKhl;Negative
Siz siz olun antibiyotik yazan doktoru vurun ??;Negative
Tabikide künefe yemiyoz fakirler;Negative
Canım dediğim canımı aldı;Negative
Siz varya siz benim gibi minik masum bir kızı üzdüğünüz için geberin?????;Negative
Ne kadar icersen ic sadece basin doner, gidenler degil ??;Negative
Bisey diycem malmısınız;Negative
Yeovil kadar orospu cocugi bir takim yok takimin isminde bile hayir yok Ye o vil amk;Negative
Ölümde zor değil aslında arkamızda kalan olmasa;Negative
Beraber güldüğün insan bir gün seni tek başına ağlatır.;Negative
Geçtim ben herşeyden, vazgeçtim. Bir gülüşün kaldı Bende bir de çekip gidişin hafızamda.;Negative
Çok sinirliyimmmm ????;Negative
Lakin lafa gelince sanki sadece oydu seven kişi ama bi elveda bile demeden tuttu hemen siki;Negative
Naber ben iyi de sen sevdigime degmeyecek gibi;Negative
Birde insanı satanı affetmeyeceksin;Negative
Taklitlerden sıkılırsın;Negative
"""''Yaptığım onca iyiliğin tek yanlışta unutulduğunu gördüğümden beri, kötü biriyim.'Arkadaşa göz yummakta bi yere kadar...'""";Negative
Beni mahveden sen, helal olsun..;Negative
Evde wifi varken bile 3g açık geziyorum fakirler ölsün hücresel veriden selamlar;Negative
İçim dışım serum oldu birazcık huzur istiyorum artık (@ SEZER Group) https://t.co/Y3CfndciRS;Negative
Değerli piç;Negative
Eve dönmeye niyetimiz yok ???? @ Bayrampasa Forum İstanbul Awm http://t.co/uLX3TQGo7m;Negative
herkes olma..;Negative
Bir kek cirpayim can sikintim gecsin diye girdigim mutfaktan kurabiye browni ve borek yapip ciktim durumun vahametiyle ilgili konusamicam;Negative
Kanka herşeye banane diyorsun zor değil kxjxjkskxkslsks;Negative
Açaydım kollarımı gelme diyeydim;Negative
Son görülmesini kapatan insana güven olmaz;Negative
Varsa sekliniz besiktasa bekleriz hepnizi sira sira dizeriz… http://t.co/Fn6cjkizac;Negative
Bi zemzem icip sakinleşmeye ne dersin ?;Negative
Neyseler birikmiş içimizde;Negative
Ben bu Bolu'nun yabancısıyım, yüzüme gülene güvenmemeliyim...;Negative
Volkan efendiye Karabük'te de küfredilmiş fakat kendisi milli takımdaki gibi sahayı terketmemiş. Neden? Çünkü kendisi orospu çocuğu...;Negative
Bomboş kalbimin odaları bomboş halsiz hissiz nasıl bu kadar loş ?;Negative
"Hüseyin Yıldırımın yaptığı açıklamada;takımımız iyi ama çok çalışıp daha çok istememiz gerekiyor.Topları unutmayın.Malzeme kalmasın dedi.";Negative
Senin için ölürüm aslında senin yüzünden ölmem asla;Negative
Aslında seninle mutlu bir beraberliğimiz olabilirdi zalım kız;Negative
Hayvanseveriz diyip insan malina zarar veriyosunuz bu nasil zihniyet.;Negative
"""@LafTReni: Bir kadına, zamanında, iş işten geçmeden iyi davranmayı bilmek lazım.";Negative
Ben mutsuz olıyım sen mutlu ol hıı yok öyle bi dünya geber ????;Negative
Prensip olarak kimseyi umursamıyorum;Negative
Annenin hasta olduğunu görmek kadar kötü birşey yok ..;Negative
Bizim de yasalarımız var.;Negative
Savaşçılarımız meydanlarda yazıyorlar yasaları.;Negative
Ne mal akrabalarım var amk;Negative
siz kimsiniz amina kodumun ben kimseyi tanimiyom;Negative
Yuzumuze gülüyor arkamizdan konusuyolar ama kardesiz saçmalamayin;Negative
Güvenmiyorum, iyi niyetiniz bile kötü.;Negative
Semtin muhalif parkları (@ Mor Park in Karşıyaka, İzmir w/ @ragnar1912) https://t.co/wxRScmvOUj http://t.co/TARzhXxyIK;Negative
Benim 26 mayıstan beri kimseye tahammülüm de yok eyvallahım da. İsterseniz defolup gidebilirsiniz. ??;Negative
Tolunay kaçamamış anlaşılan Fener'e yenilmezse başına büyük bela alır.;Negative
73 olan netimi bu sinavda nasil 47 yaptim hayyret ediyorum gerçekten of of moral siffir siffir siffir;Negative
Güzel olan herşey bitiyor,çok alıştım dediğimiz insanları bi çırpıda kaybedebiliyoruz. Kimseye kendinizi kaptırmayın, aşırı bağlanmayın.;Negative
Biz bile ayrildiysak durum gercekten vahim djdjdjd;Negative
Seviyorsan uğraşacaksın, konuşacaksın gurur kimseyi mutlu etmez.;Negative
Bazen yuzune bile bakmaya tenezzul etmeyecegim insanlari nasil sevmisim diye kendime sormuyor degilim;Negative
Ama unutmayın erkekler hiçbir kadın melek değil;Negative
Çok unutulmuş hissediyorum;Negative
Ooo heves mi çok güzel kalır kursağımda;Negative
Kızlar bütün hakkımızı bu orospu lanet karı almış http://t.co/RF1F8VVaHE;Negative
düşünmek için çok fırsatım olunca sinir oldum;Negative
Bana kızlarla ilgili şaka yapma diyorum.;Negative
Ben telefonu şarja takınca bile seninle konuşuyorum sen bana telefonu şarja takıyorum 21.00 da mesaj atarım diyosun ya offfff;Negative
Seviyorum deme inanmam artık..;Negative
Bazı insanlar var. Hem deniz'i, hemde Selin'i seviyorlar. Kusura bakmasın kimse ama, ben onların sevgisine pek de inanmıyorum.??;Negative
Seviyosan konuşacaksın,gurur kimseyi mutlu etmez.;Negative
Güvenmiyorum, iyi niyetiniz bile kötü.;Negative
İki biralık adamlarla rakı sofrası kurulmaz.;Negative
İnanmadığın şeyi başaramazsın.;Negative
Basim dondu ne bu kalabalik :/ (at @MarkAntalyaAvm in Antalya, Türkiye) https://t.co/8CnjLVknZF;Negative
Bana Sakarya yok bana ingilicçe kursu var. Nifrit idiyirim. ?? (@ Bornova Amerikan Kültür Dil Okulları) https://t.co/6NNvB43O46;Negative
Uygarlık döneminde kadınlar adeta tanrilastirildi kutsallastirildi , yükseklere konuldu. Şimdi ise yerderde harcaniyor. Pes artık;Negative
Altı üstü bi film açıcaksın onuda yapamıyosun amk interneti;Negative
Bu ne gicik gizli numara sjsjsk;Negative
Valla küfredicem şimdi şimdi çıldırıcammm;Negative
Gün gelir, emek emek ördüğün güven kalelerini, birer birer devirirler.;Negative
Sevgili saç derim neden kepeklendim hayır yani derdin ne;Negative
Duygun Yarsuvat kim ya böyle Galatasaray başkanımı olur ya.. Yaptığı açıklamalarla gereksiz bir başkan.. mayıs gelsede basıp gitse..;Negative
Bu yol hic çekilmez simdi (@ Tarsus Adana Tren Hattı) https://t.co/BoHnMNzo8n;Negative
Ehliyeti almadımya her arabayı aldığımda arkamda polis arabası biter;Negative
Hayata bakisim guzel ama hayatimdakiler cok acimasiz http://t.co/OB63R8kEet;Negative
"Bir şehir,bir yagmur,bir yalniz adam bir de adamın derdi onun islanmisligi ne yagmurdan ne yalnizliktan; utaniyor adamligindan";Negative
"""gitmiş olman hala burada olmadığın anlamına gelmez""";Negative
Televizyondaki reklamlar İçimdeki Ses filminin fragmanından ibaret. YETER. Biraz daha izlersem galasına gidip kırmızı halıya kusacağım.;Negative
Ota boka ağlamaktan nefret ediyorum;Negative
Ne biçim bi hayvanseverliktir bu arkadaş ya hayvanları korumak için eylem yaparken kendiniz hayvanlaşmayın! !!!;Negative
"""Neden insanlık hep bende kalıyor, gidecek kimsesi yok mu? """;Negative
Ne zormus anlasilamamak....;Negative
Helak oldum;Negative
Sokakta rahat yürümek yok.;Negative
Tehlikenin menzili artıyor. :);Negative
Instagramda fotolarıma bakıp niye bütün fotoğraflarda sen varsın diye soran İbo'ya yok mu bi alkış?;Negative
"Açıklamalarla vaktini harcama; insanlar sadece duymak istediklerini duyar.";Negative
Bu işler bana göre değil değil değil ??;Negative
Sana o mavi tiki bi sokarım avatar gibi dolaşırsın ortada ??;Negative
Öncesi sonrası bitti bu son durak;Negative
Bakalim burda ne dencek e bu nedi ya milleti kandiriysiniz (@ Memorial Ankara Hastanesi - @memorialsaglik) https://t.co/b6Oav6CnCB;Negative
Başımdan aşşagi kaynar sular döküldu ya o nasil bir şakadır;Negative
"""@EnesFV: : #AlparslanKuytulHocaefendiCanlıYayın Bir Sözünüzün Bazı Gazetelerce Çarpıtılmasını Nasıl Değerlendiriyorsunuz? http://t.";Negative
Daha dün çiçekli bahçelerin yollarında koşuyordun ne ara benimle boy ölçüşür hale geldin. (182);Negative
kazulet gibi dimdik duruyorsun da o karakter hiç olmamış napıcaz şimdi??;Negative
Ask fm de açtım hof hala canım sıkılıyo;Negative
Güvenmiyorum, iyi niyetiniz bile kötü.;Negative
Neysen o olacaksın.;Negative
"Amcanın lodosa tepkisi ;";Negative
Bi baktım bizim gadın uçuyo , tuttum ayaklarından indirdim yere ??;Negative
Oç İspwich gene tek golden yattım ulan bıktım şu tek golden yatmaktan !;Negative
Arayan kişinin NEDEN aradığını gösterene kadar hiç bir telefon gözümde akıllı değil ??;Negative
Yemin ediyorum @DeniizzAts anne sütünün zekada etkisiz olduğunun kanıtı yaa. Adam süt kardeşim ama yok işte. Demek ki mevzu süt değil.;Negative
Sevdim. Bu kadar acıyacağını, acıtacağını bilemedim;Negative
amk birinin sürekli ne zaman buşuşcaz hadi yarın buluşalım demesinden nefret ederim ve şu an öyle mesajlar alıyorum;Negative
Hayata devam ederken iyiydim halbuki. Kendi kendime geçmişi hatırlattım çünkü özlediğimi zannettim. Zannettim çünkü olmayan şeyler özlenmez.;Negative
Bu ne trafik beee;Negative
hani ben votkaydım sen vişne ne ara çerez oldun da sattın beni efese;Negative
Ama pop dinlemek bildiğin eziyet;Negative
mutluluk haram bea;Negative
Sanırım sıkıntıdan patliyicam pfff ??;Negative
Saplantılıyım ben benden bi bok olmaz;Negative
Len şu apartmanın merdivenlerinden sakince inin, her biri çıkışında deprem oluyor sanıyorum. Ayı yogiler sizi ??;Negative
Saçlarımı nihayet boyatıyorum ??????;Negative
""" Yok canım aramızda bi kalbin lafı mı olur. Al paramparça et. Çekinme.""";Negative
Ne demek okulların açılmasına 8 gün kaldı düzgün konuş.;Negative
Gittiğim düğünün nişanın haddi hesabı yok bi kendi düğünüme gidemedim ???? (@ Myhouse Hotel (Samsun) in Samsun) https://t.co/TZ1LyV32Lx;Negative
Ben mutsuz olayım, sen mutlu ol yok öyle bir dünya geber ??;Negative
Dâimi #orospuçocukları bunlara diyoruz .Leş kargalarından bir farkı olmayan acizler ??. http://t.co/LjLdwUnIP3;Negative
hiç kimse kusura bakmasın da ben keyfi için defalarca yalan söyleyen adamın sevgisine de inanmam.;Negative
Neden yarım bırakıp gider ki insan uyuz oldum bak şimdi ??????;Negative
Benim derdim bana yetmiyor.. amk.. gelin daha üstüme gömün dama en dibe...;Negative
Her şeyi bir anda bu kadar düzene sokunca resmen rahatsız hissettim kendimi ??;Negative
Asıl pranga sensin RTE. Biz senden kurtulmaliyiz.;Negative
Face cektım naptımda bu kadar kızıyorsun be dıclem;Negative
Zorunlu mesai. ?? onemozcan suçlu sensin ?? @ Ajans Melon http://t.co/RSuDPxjDMg;Negative
Gel diyemiyorum ama bekliyorum;Negative
Sarılmana O Kadar İhtiyacim Var Ki.;Negative
O bizi çekeneyenler varya yiyip bitiriyor beni yaa??;Negative
Çirkin olupta yalnız olan insan yok amk ya bu nasıl bir terbiyesizlik bu ne boktan hayat bu ne biçim yaşam tarzı ya.;Negative
Bir günümüzde kazasız geçsin be (@ Çiğli Egekent Devlet Hastanesi in Çiğli) https://t.co/l3znAnyDM3;Negative
Ben grip olmaktan sıkıldım, bu grip beni bulmaktan sıkılmadı.#grip olma mevsimi bitsin artık.;Negative
Ay ben cidden tescilli salagim shsjnsms;Negative
Bu şehirden de insanlarından da uzaklasıp gitmek istiyorum artık .;Negative
hayattan soğumak hobilerim arasındadır.;Negative
Yuh artık o kadarını da yapmaz demeyin yapıyorlar;Negative
Uyuştum sanırsam ne aclık ne agrı hissediyorum;Negative
Keske hep boyle olsalar :(;Negative
Where is the adalet ? (@ Balcı Home) https://t.co/KW8es7vQBI;Negative
Canım acıyor ulan. Öyle çok acıyor ki, yok çaresi.;Negative
Sıkıldım buralardan.;Negative
Bu dünyaya aitmiş gibi hissetmiyorum;Negative
Şu adama iyice sinir olmaya başladım ????;Negative
Çok salak insan var;Negative
Bir yanlışım, götürdü tüm doğrularımı.;Negative
Bazı şeylerin başlamadan bitmek zorunda olması ne kötü.;Negative
Bagirarak konusan insanlardan nefret ediyorum ya nefret;Negative
Sturridge'in dönmesinden son derece rahatsızım;Negative
Hayatı zorlaştıran siz insanlar ve egolarınız;Negative
Silahlı saldırıda bacağımdan vurulsam yanımdaki bir başka kişi de kafasından vurulsa ben ölürüm O yaşar. Böyle de şans var bende . ????;Negative
Senden nefret bile etmiyorum adam, çünkü oda bir his !!!;Negative
Ben neden böyle bir tip oldum... http://t.co/LhnlHyIFjB;Negative
Hayatimda aldıgım en agir lafti sanirim hayatimda ilk defa annemden nefret ettim.;Negative
Aklımda deli sorular var?;Negative
Dünyanın en saçma cümlesidir ''düşünmemeye çalış'' kafamı mı koparayım napayım.;Negative
"""@yukselkkorkmaz: @dbdevletbahceli eyt yi deprem degil devlet gomdu topraga eyt yi karanlikta birakan hukumete eyt den oy yok #EYT""";Negative
*neyseler birikmiş içimizde;Negative
Nefret ettiğim şeyleri yapınca anında soğuma gibi bi kapasitem var huyum sağolsun.;Negative
Anne hani sinemaya gidecektik evde oturmaktan çok sıkıldım ama ben :(;Negative
Her şey üst üste geldi, sen gelmedin.;Negative
lanet olası ankaraya tekrardan geri dönmek;Negative
pezevenkler yaaa!!!ağlıyo biri bi de.;Negative
Elektrkler de gitti süper ya .s;Negative
Şu oturma muhabbetlerine hiç gelemiyorum hiç;Negative
O beni söyler hic bana gülmez aq;Negative
Sevmediğim halde dilime dolanan şarkı gibisin. Bok varmış gibi birde ezberimdesin.;Negative
Geldi cattı askerlik son 3 gün;Negative
iki saatir sıkıntıdan klozette oturuyorm;Negative
Yeter ama artik. (@ Cağda et) https://t.co/X0XAH6KEsO;Negative
Simdi hersey kelebek ömrü gibi.;Negative
Çok moralim bozuk bozuk gençler;Negative
Şarjım yok ya .s;Negative
Tayyip çocuklara kırk haramiler kitabı dagitiyomus ne kadarda yakışır...;Negative
Tüm halklardan rica ediyorum akp,nin yüzünü görün tayip cb mı Başbakan mı bakanmı hakimmi savcımı rektör mü ne yeter yeter.;Negative
Can sıkıntısı (@ Emin Efendi Evleri) https://t.co/y5jRhDgxRc;Negative
Bunların tikate çekilmesi gerekiyor ! http://t.co/C0M5fIrYY2;Negative
İsteyen siktir olur gider, yalvaracak değilim;Negative
Onu giyme bunu giyme sonra ne bicim giyiniyorsun yohhhh a.q @^;Negative
Elindekinin kıymetini bilmeyene herşey mustehak.;Negative
ne kadar mesafe koysamda olmuyo be moruk;Negative
Eskiden samimi olduğun insanların sana düşmanınmış gibi davranması çok kötü.;Negative
Efkarım az değil;Negative
Canınız cehenneme düşüncesiz varlıklar;Negative
Bazı erkekler fazla özgüvenli??;Negative
Ümit besenin başka şarkısı yokmu amk hepmi aynı kardeşim;Negative
Gizli numaradan arama amacınız ne amıbakoyim.;Negative
Fazla tatlısın ve bu benim canımı sıkıyor??;Negative
Gercekten artik ne yaptigimi neden yaptigimi bilmiyorum...;Negative
Başkanlık sistemine muhalefet karşı çıkıyorsa kesin dogrudur. Beyin=ERROR 404 NOT FOUND;Negative
O bizi çekemeyenler varya yiyip bitiriyor beni yaa???? @uykucuubagyan;Negative
Ne yapacagımı hiç bilemiyorum;Negative
Mutsuzluk hobim oldu amk;Negative
Güvenmiyorum, iyi niyetiniz bile kötü.;Negative
Cumhurbaskani kendine fakir diyor ben buna sadece gülerim: )));Negative
Neyi aşırı seviyorsak sıkıntı orada Başlıyor...;Negative
Bir şeyi çok isteme, olmuyor...;Negative
En yakinim dedigim insanin sikinde degilim hayat cidden cok guzel;Negative
160 lira su faturasi mi olur ya? Bundan sonra teyemmumle abdest alicam :/;Negative
Ya bakın bir kalbim var ve kırılıyor ona göre davranır misiniz ??;Negative
Ya bu bölümü izleyememek resmen icler acısı ama meteye benim yerimede sövün tamam mı :(;Negative
Bu turkcell ve ttnet e sövdüğüm kadar hiç bi şeye sövmedim;Negative
Dibe vurduğumda kime sığınacağım?;Negative
Ölümün olduğu bu dünyada hiçbir şey ciddi değil aslında.;Negative
Wc yi sifrelemek nedir karşıyaka burgerking e gitmeyin gençler zaten hiç sevemedim su semti;Negative
Eğer olsun dindim ayaklarima kara sular indi;Negative
Tam karekterin oturcakken sandalyeyimi çektiler ne bu karektersizlik?;Negative
Bülent Arınç İzmir de Yine Ağlamış . Ağlamadığı Gün Bilin ki Ahirete İntikal Ettiği Gündür ??;Negative
Yarın deneme var yaaa offf ????;Negative
Canımız eskisi kadar yanmıyor kül mü olduk?;Negative
Elektirik bakımı bahanesi ile her zaman elektirik kesintisi, her zaman mı bakım insaf.!! Akçakale, harran bıktı.!!! @yurday63 @kapakliomer;Negative
Gelmedi ,gelmeyi istemedi .... http://t.co/gLmOB4gQD3;Negative
Canım acıyor ulan. Öyle çok acıyor ki, yok çaresi.;Negative
Kimin için iyi bir şeyler yapsam, eninde sonunda beni yaptığıma pişman etmeyi başarıyorlar.;Negative
Zaten neye çok hevesli olursan o olmuyo sonunda.;Negative
Hiç sevmemiş en çokta o koyuyo...;Negative
Özlediğin birini görememek çok zor mesela.;Negative
Bazı şeyleri burnumdan getirmesen olmaz zaten !;Negative
Benimle konuştun. Benimle gülümsedin. Şimdi bunları bu kadar çabuk unutabiliyor olmandan nefret ediyorum.;Negative
Ardından çaresizde bakıp canın sağolsun diyebilmekse mesele,meselenin de amk senin de.;Negative
Lan tayyip g.t herif sen Allah tan belamısın olum bize. Ne bela bişey çıktın bi gitmedin şu güzelim ülkenin başından. ağzımı bozdum sayende;Negative
Bendeki sıkıntı kimsede yoktur buna emin olun;Negative
Hani birlikte kurduğumuz ve kuracağımız hayalllere noldu? Başrolü hep başkalarına verdin. Reva mı bu ?;Negative
Soyle bi tweetlerime baktim da kafam cok karisik ne hissediyorum ruh halim nasil anlamadim bi sure tweet atmiyim heralde;Negative
Hayır yani kıskanılcak bir şeyim de yok neyimi kıskanıyorsun da böyle bir çekememezlik yapıyorsun anlamıyorum gerçekten;Negative
Şu tatiller çoğunlukla büyük bir kısmı evde olarak geçmese iyi olur aslında;Negative
Ah be servan öyle hata yapılır mı :(;Negative
Sevgilinizi alın bu lodosta gezin inş kafanıza çatı düşer.;Negative
Bu dünya soğuk. Rüzgar genelde ters yöne eser. Limon ağaçları kurur. Bahaneler hep hazır. Güzel günler çabuk geçer.;Negative
Dertler Derya Olmuş...;Negative
Sosyal yardım dar gelirliden çalıp, fakire dağıtmak değildir, HARAMDIR. Zenginden zekat alıp fakire dağıtmaktır sosyal yardımlaşma.!;Negative
Ya 2 gündür hastanelerde sürünüyorum ??;Negative
Aksam oldu hüzünlendim ben yinee :(;Negative
Stada 5dakika mesafedeyim ama maça gidemiyorum aq;Negative
Nasil guzel sevmistim, banada yaziklar olsun;Negative
Yine husran her daim ??;Negative
Bu neyin trafiği şimdi (@ E-5 Kartal Köprüsü in İstanbul, Türkiye) https://t.co/upF9LJr3KE;Negative
Susar mısın gerizekalı niyetimi bozuyorum şu an????;Negative
İnsanların, yediği/içtiği zıkkımım fotoğrafını paylaşmasının sebebini hala çözemedim.;Negative
Bu saatte dersaneden çıkan gencin dramı..;Negative
Bi cumhurbaşkanı var hala miting yapıp Kılıçdaroğluyla cemaatle savaşıyor;Negative
İtirazın iptali davasından sonra menfi tespit davası açmak zorunda olduğum için ödevim tüm ciddiyetini kaybediyor çok üzülüyorum;Negative
Haksız insanların yanında haklılar durdukça daha bi itici gözüküyo;Negative
"Kayboluyorsun Her geçen gün, biraz daha yitiriyorum içimdeki umutları.""";Negative
Kendi kendime gereksiz kiskanclik yapiyorum neden ?¿;Negative
Tesetturu oyuncak sananlar var.;Negative
Bu kadarı da olmaz dediğim ne varsa başıma geldi;Negative
Keske o kizla hic tanismasaydim;Negative
Çok içime atıyorum.;Negative
Hangi Eylemi? Suriye de Müslüman Çocuk Katletme Eylemini mi?;Negative
Kılıçdaroğlu Cumhurbaşkanın tarafsız olmadığı konusunda yerden göğe kadar haklı ama sanki yeni öğreniyormuş gibi konuşması saçma..;Negative
Kemal Kılıçtaroğlu namusu şerefi varsa o koltuktan ayrılsın demiş de canısı o adamda namus ve şeref olsaydı şuan o koltukta olmazdı zaten;Negative
Çok gerizekalı var çok;Negative
Ben seni her yerden okadar takip ediyorum senin umurunda değil aferin ????;Negative
Kıyamet kopacak;Negative
Adamı cumhurbaşkanlığı kesmiyor.;Negative
Başkan olmak istiyor.;Negative
Bu karabahtın bam teline vurayım;Negative
Herkes yalan söylüyor bee;Negative
Sözde tatil yapmaya eskisehire geldil boş boş oyuruyoruz;Negative
İyi çoçuklar ne zaman mutlu olacak ?;Negative
Cüneyt bakalım yine nasıl ibnelik yapıcaksın;Negative
Kendi laflarinla bile batiyorsun;Negative
Hiperaktif çocukları oldum olası sevmem.;Negative
Mideme geyikler oturdu, at çarptı at!;Negative
Ne demek sabah ki bilgi yarışması için sakallarımı kesmem lazım :(;Negative
"""Yanlış kişiler, yanlış tercihler.""""";Negative
Bide çok kaliteli hizmet sunuyormuş gibi reklam yapmıyormusunuz nasıl uyuz oluyorum bir bilseniz @Turk_Telekom;Negative
Vicdanin el veriyorsa ...;Negative
Bu ne iğrenç parfüm yeaa??;Negative
bak şurada bir yara var, o yarada hala bir adamın izleri var.;Negative
Vereceğiniz değeri sikeyim;Negative
Ya vallahi bunaldim ??????????;Negative
Insanlar hayallerimi alıp bi taraflarına soktuğundan beri hayal kurmuyorum;Negative
"Terör; tüm bu şiddeti tetikleyen, özgürlük kılıfıyla arsızca kutsal olan ne varsa küfreden, tahrik eden hareketlerdir #islamofobiterördür";Negative
En sevdigim diziyi final yapmislar putperestler;Negative
"""Bulurum sıkıntı yok "" dedi bir kez daha öldüm";Negative
Zehrayı özlemekten kafayı yicem ya ??????;Negative
Bana yalan soyleme be bari bana ya;Negative
kendimi hissetmiyorum artık;Negative
Mk anlaniyomusun sıktır git Hayatımdan.;Negative
Evde miniş var küfür öğretiyoruz ailecek;Negative
Hlap eğer sakat degil ise gitmeyi kendi istemediyse onu gondermek skandaldîr...;Negative
"""@aakadiroglu: Tarihin çöplüğü Hizmet Hareketini bitirme heva ve hevesine kapılıp sonra da yok olup giden muktedirlerle dolu..#Aldanıyorlar""";Negative
6 senelik muhabbet kuşunun ölmesine bile ağlanılıyormuş demek ki, cıvıltı sesi gelmeyen odanın sessizliği dokunuyor resmen.;Negative
Sevdiğim insanların değişmesinden nefret ediyorum;Negative
Ben niye kimseye güvenemiyorum off bıktım;Negative
Bu yüzden kaybettik.;Negative
Hayatimda o kadar gereksiz sahislar var ki hanginden atmaya baslasam bilemedim...;Negative
Doğru olanı yapmak için ne çok şeyden vazgeçtim bilmiyorlar;Negative
Hani, sana Erdogan bile fazla diyesim geliyor, Allah affetsin;Negative
canımı çok yaktın be çocuk;Negative
Köyde saatleri bırak saniyeler zor geçiyor amınakoyim;Negative
Birilerinin dertlerini dinleyip kendi dertlerimi unutmaya ihtiyacım var.;Negative
Nerde bu kız niye tweet atmıyor laaann;Negative
Bu tatil olmamış ya ??;Negative
Kaybetmekten korktugum ne varsa kaybettim ben.;Negative
Sıkıntının son evresini yaşıyorum galiba şuan;Negative
hergün biraz daha eksiliyoruz iyiye giden hiçbişey yok;Negative
O kadar çok çektiğim acı var ki...;Negative
Ben aşk acısına odaklanıyorum.;Negative
Eğer ölürsem mezar taşıma, sıkıntıdan patlayarak öldü yazarsınız.;Negative
Ne kaldı ki hayatımda. Elde kalan ne?;Negative
Ilaçlar beni iyileştiriyo mu işkence mi çektiriyo belli değil;Negative
Napalım çirkiniz diye ölelim mi;Negative
1 ayda 4 kilo almışım yakında obez olmassam iyidir AQ;Negative
Cok romantiksiniz ya igrendim aq;Negative
Sevdiceğimin sesindeki huzuru başka hiçbir şeyde bulamıyorum;Negative
Özlemekten daha zor bişey varsa oda özlediğin kişiye Özlediğini söyleyememek...;Negative
"Terör; tüm bu şiddeti tetikleyen, özgürlük kılıfıyla arsızca kutsal olan ne varsa küfreden, tahrik eden hareketlerdir #islamofobiterördür";Negative
Will Smith filmi bile keyfimi yerine getiremiyor. Ölecek miyim ne?;Negative
Bakıyorum da kanka sizde yine şerefsizlik diz boyu;Negative
Yaşamaya değecek hayatım yok son bir hap sessiz uyku;Negative
Ukala insanlardan her zaman nefret etmişimdir;Negative
küfür gibi tehdit yemin ederim;Negative
Bu ülke iki tane bu tarz benimi nasi kaldırıyor anlamış değilim..;Negative
Kiraz mevsimini bile kalkıp izlemediğime göre benim moralim baya kötüü;Negative
Bir çaya bir sigaraya müptelayım bu sıra.;Negative
Sen onu seversin oda gider baskasini sever adalet bu iste amk;Negative
Modernleseyim derken ibnelestiniz;Negative
Ben şahitsiz acıların kurbanıyım!..;Negative
Bulaşık yikarken bayilivercem artiikk;Negative
Hayır hiç biri affedilmedi. @gencmusiad @gmkonya #islamofobiterördür http://t.co/C2UwFxS4Sf;Negative
Sen nasıl bir insansın ya hem suçlu hem güçlü.Ne yaptığını saniyorsun sen;Negative
karanlik cökünce sokagimiza köşede ben varim unutamazsin ........?? her çarşamba cumartesi !!! @… https://t.co/kkumiyzagd;Negative
herkes oyun oynasın ben ders çalışayım!! (@ çebioğlu gold residence in karabük, türkiye) https://t.co/ja7lcqbvma;Negative
sıkıldım kendimden aptal mıyım neyim ben? neyim var böyle,neden kurtulamıyorum senden? http://t.co/grzb8dpx1q;Negative
kursun yarası gecerde!........ask yarası gecermı hıc bılmıyorum ben!!;Negative
"""kaş yapayım derken göz çıkarmak"" deyiminin içindeyim şuan .. buraya hiç gelmeyin, çok kötü bi durum :(";Negative
şu iğrenç bakışlarını üzerimden çekmesini biri karşımdaki mala söyleyebilir mi?;Negative
hayat şerefsizlerle dolmuş önce umut verir sonra umrunda bile olmaz hepsi aynı !!;Negative
yamira aşkı fazla bana 2 gün depresyona girip özüme dönüyorum böyle bi aşk varsa piyasada beni bulmaz net! ??;Negative
@iclalbyzdrk sevmek kelimesi cok sacma degilmi ? sevmeyi bilmeden ?;Negative
aradigim bir kitabi bulabilmek icin daha kac kitapci dolasmam gerek acaba?;Negative
ödev vermek ya da vermemek… bütün mesele bu mu? http://t.co/juzdf4ynil;Negative
al işte ya kız konuşalım yazmış oda beğenmiş ulan ben konuşalım desem konuşmaz!!!!;Negative
arada bi düşmüş taklidi yapacaksın ki, dostlarını öğreneceksin..!;Negative
sıkıldım bunaldım yeter emeğimin karşılığını neden alamıyorum bıktım lannnn bıktımm... ama eninde sonunda polis olacam!!!!!!!!!!;Negative
ulan ben bunun çoğunu evde içiyorum zaten, liseli miyim ben? çok içersem n'olur dedim. ilacın etkisi azalır, dedi. e iyi dedim. bu kadar.;Negative
burnum çok güzel tıkandı. nefes aldığım yeri unuttum amk :( ajsnsks;Negative
pazar fb'yi yenersek tolgaya küfür edenler ve takımı yerden yere vuranlar sakın sevinmesin çok pis söverim altından kalkamazsınız !!!;Negative
bir zamanlar köylü diye alay ettiğiniz kişilerin giydikleri şalvarı şimdi moda diye giyip beyoğlunda marjinalim diye geziyorsunuz kızlar!!!;Negative
"cocuguna patlamis misir vermek isteyen 17 yasinda kiza ""gerek yok muhtac degiliz ogluma ben alirim"" diye gurur yapan hoduk? kalbimi kirdin";Negative
evet değerini fazlasıyla hissettirdim,ama anlayamadın ki ,sen bunu..!!!;Negative
@mehmetemininci çok güzel bir program oldu ama cok kisa surdu ya :(;Negative
"sana makyaj yapma demiyoruz kezo , lakin bize "" sanatçı bu eserinde ne anlatmak istemiş? "" düşüncesi uyandırma yeter.";Negative
ve aşk öyle biseydir ki o üşümesin diye kendi canını yakarsin.!;Negative
bugün nasil makarna yapsam acaba, amuda kalkarak mi yoksa salto atarak mi? suan çok kararsız kaldım .;Negative
"""tren geçmiyor diye raylar sökülür mü yerinden? gemi gelmiyor diye kuruyan bir deniz gördün mü?""";Negative
canımın en dibiydin ne ara nefret edecek kadar canımı yaktın ? ??????;Negative
iktidarinda muhalefetine bir güç zehirlenmesidir gidiyor! herkes yerinden pek memnun.;Negative
ben en zor zamanlarımı tek başıma atlattım. güzel günlerimde yanımda işin ne maddeler halinde açıklar mısın lütfen dinliyorum?;Negative
oda at sineği girdi lakin hala yaz gelmedi bu ne yaman çelişkidir böyle!;Negative
ulan orospu çocukları çalcak benim ayakkabıları mı buldunuz siktirin gidin haram mal yiyenlerin malını çalın amına koduklarım !!;Negative
"""@agosgazetesi: bu anketi aman ermeniler görmesin! http://t.co/wcydbktlhl http://t.co/9gx2y7f8fy""";Negative
"dil pek keskin bir kılıçtır. kan akıtmadan can yakar!..hz.ali(r.a)""";Negative
bu yüz bir an aklımdan dahi çıkmıyor ! http://t.co/rimcubgqkd;Negative
"şimdi alıp telefonu elime,büyük bir hevesle,son sesle,ilk kez söylermişcesine""seni özledim"" demek vardı!ama bende o cesaret,nerdeeee?";Negative
ya sizde gerçekten çok üzüldüğünüz bir olayı hatırlamamak için uğraşıpta, 7/24 onu düşünüyor musunuz ?;Negative
kafanız güzelken mi mesaj atıyorsunuz napıyorsunuz? bi insanın sözlerinin tutarsızlığı başka türlü açıklanamaz.;Negative
hayaller diyorum leylican,sahi şimdi neredeler? http://t.co/kfogjoydxa;Negative
kül kadar etkisi olmayanların, kendini ateş gibi görmelerine de hastayim..!;Negative
benden izinsiz kızlarla fotoğraf çekinmek mi ?? vururum ulaaan ????;Negative
hala örgüt elemanları üniversitelere gelip para kaynağı dersanelerinin reklamını yapabiliyorsa bi yerde bi eksiklik var demektir!! -_-;Negative
ya ben cok kotu oldum yaa o sudenin allah belasini versin!!!aminn! !!insallah mira hastaligina cabuk atlatir amin! c #umutolsa;Negative
@demetinbilezigi @himesovski affetsem bile herşey eskisi gibi olmaz... samimi olamam anılıyormusun?;Negative
ya işte bende hasta olmuşum yatıyorum ama kimsede demiyo ki çorba içer misin ? insanlık ölmüş arkadaşlar.;Negative
ya sen yunan tanriçasi gibi çocuksun o kiz ne gözlerim kaniyor o ne??!!???!?!?!??!?!?!?!;Negative
futbolunu eleştirirsin ama ölmüş annesine küfür edemezsin. o ağlarken bizde onunla ağladık tolga zengin'i yedirmeyiz! http://t.co/b5df1uwr5x;Negative
karşılıksız sevmek ne ya? ispanaklı börek misin sen? ben seviyorsam sen de sevmek zorundasın.;Negative
kimseye eyvallahim yok. herkes yerini yurdunu haddini bilecek.. artik böyle!;Negative
@demetinbilezigi @himesovski affetsem bile eskisi gibi olamam... samimi olamam anlıyormusun?;Negative
"adam olmak .....""adamsın""diyenlerin çok olunca olmuyor..bil istedim....!!!!";Negative
bizi bitirdin be tayfun! @ yenikent ixir cafe https://t.co/azoim6ugdl;Negative
son para harcandığındason ekmek bittiğindeson makarna yendiğindekapitalist sistemde öğrenci olmanın zorluğunu o zaman anlayacaksınız.. :(;Negative
@mahirferidefans @safakirmaklifb aynen oyle ! hesaplasma buyuk olmali ne hayatlar sondu !;Negative
yaz boz tahtası olmuş gönüllerde kendimize yer bulmaya çalışmaktan ne zaman vazgeçeceğiz acaba ?;Negative
insanların güvenilecek bir yanı vardı da biz mi güvenemedik ?;Negative
@mamulli_53 rabbim o günü bize nasip ederse 31 mayısta şampiyonluk kupasını kaldırırken küfür edenler ve takımı hemen satanlar utanacak mı ?;Negative
lan mal belediye çukuru gibi gamzen var ne hakla cok tipsizim dersin?;Negative
çaya geliyosun anlarım da elin niye boş geliyon? insan bi kilo şöbiyet alır ne bileyim baklava olur en kötü ekler yani. boş gelmek nedir?;Negative
"2008'de akp kapatılsın diyen yiğit bulut sarayda; muhtıraya,parti kapatmaya direnen a.altan,m.baransu,h.cemal hain!!http://t.co/lvesuhh3om""";Negative
kimsenin beni temsil etmediginin farkındayim. herhangi birinin %50si, %38i falan olmak da istemiyorum!;Negative
bu kadar kolay değil ulan. kolay olmamalı. bir çırpıda silip atmak nasıl bu kadar kolay olabilir ki?;Negative
eyy yönetim futbolcularini da al karabukten git! hatta il sinirlarindan bile gecmeyin bundan sonra...;Negative
ben zor bir kadin olmayı seçtim ve sende zor bir adam ol! sevda zor olsun,aşk zor olsun,herşey zor olsun..;Negative
@demetinbilezigi @himesovski kırıp paramparça yaparken sevgisi nerdeydi canısı????;Negative
hani milli irade ne derse saygi gosteriyordunuz ! tabi isinize gelmedi degil mi ?#rektörraşittükelyökraşittükele kumpas kuruyor;Negative
yanlış bildiğin yolda herkesle yürüyeceğine doğru bildiğin yolda tek başına yürü..!;Negative
malatya bakımevinde hastalara akılalmaz muamele! | http://t.co/27tdjs15dy haber murat çetin #malatyadaskandal #malatya @hurhaber1;Negative
@yagzhakan @isciaytac isim vermeden sallaması yakışıksız olmus degil?kendisini affettirmesinin sadece tek bi yolu var;Negative
arkadaşlar neden böyle yapıyorsunuz??? http://t.co/tkiaf02is4;Negative
çokça mavi istiyorum! biraz daha huzur, biraz daha deniz, biraz daha sen..;Negative
şu üç günlük dünya da kimse mutsuz olmaya değmez, mutluyum! ??;Negative
"niye mi yalnızım? korkuyorum;bağlanmaktanyanılmaktankırılmaktanayrılıktanyoruldum;üzülmektenalışmaktansevmektenayrılmaktan";Negative
barışsak bile sen yine benim o hatamı sürekli yüzüme vuracak mısın ?;Negative
ya her kardeşimin hocası eve gelmek zorunda mı peki ya çocugunu getirmek? lys var diyoz gelmeyin diyoz annamıyonuz mu;Negative
o güzel bakısının altında sevgisizlik olduğunu nerden bilebilirdim?;Negative
";hayırlısı ne uzun kelime açıp baksan manayı ne sevgiler ne kanamalar ne hasretler ne bekleyişler ne yaralar ne acılar ne umutlar çıkar..!";Negative
sokayım satılık sevginize 14 subat! #yenercevikhttps://t.co/vac3orclb1;Negative
"ben sana hep ""hayatım"" dedim. şimdi senden nasıl vazgeçerim? ben sana hep ""canımın içi"" dedim. şimdi o can olmadan nasıl yaşarım?";Negative
ya aradığında cevap vermiyorsam ya ölmüşümdür ya da uyuyorumdur. 2 türlüde ısrarın pek bi anlamı yok yani. 39 kez aranır mı annem ya ?;Negative
araba bakıyoruz biz http://t.co/yok2nyuxyy'da amaaa bize göre bi araç daha üretilmemiş :( @ sanko oto sanayi https://t.co/a95pi3ags3;Negative
klozet denilen icat ayakta işemeyelim diye icat edilmiş ama sen ısrarla ayakta işiyorsun , yapma bunu yapma. at mısın nan sen ?!;Negative
hangimiz bir parçasını bırakıp gidecek, diğeri uyurken? peki ya, hangimizin son sözü olacak diğerinin adı, yapayalnız ölürken?;Negative
"3 bin 500 hakim savcı alınacakmış denildiğinde ""nereye ?"" diye soracak kadar alakasız bi hukuk öğrencisi düşünün";Negative
"""@boreasgodofwind: yaz boz tahtası olmuş gönüllerde kendimize yer bulmaya çalışmaktan ne zaman vazgeçeceğiz acaba ?""";Negative
güzel allahım ben niye iyilesemiyorum, niye hep hastayım? bunu isyan olarak algılama ama ben iyilesmek istiyorum yani cozelim su olayı artık;Negative
bi kaza geçirsem , hafızamı kaybetsem . ve hatta bitkisel hayata girsem .. hiçte kötü olmaz !;Negative
niye her şey istediğim gibi olmuyor. anlamiyorum niyee ? çok şey mi istiyorum sanki;Negative
uğur kurt cem evi ònünde katledilmisti ! ibadethaneler camilerden ibaret değildir saygı duyun biraz! #uğurkurt http://t.co/vheib2b1mf;Negative
"üşüyor musun ? üzülme bee ! gel yanıma.. o kadar yaktın ki canımı; isınırsın. üşümezsin bir daha.-cemal süreya""";Negative
müsait olunca mesaj atarım diyip atmayanı napıyoduk¿¿?? ??? ??? ?;Negative
ulan! hepiniz asiksiniz ayni zaman da hepiniz yanliz ne degisiksiniz amk ??????;Negative
neyim olursan ol #sırtımdan vuranım olma# orası çok kalabalık tanıyamam seni...!;Negative
gitmek isteyen birine ne diyebilirsin ki? kalsa, bir daha güvenemezsin. gitse, özledikçe kendinden nefret edersin.;Negative
hocam biraz yavaş.hocam yetişemiyoruz.hocam bir daha söyler misiniz?hocam parmaklarım felç oldu.hocamm.hoc.yazmıyorum lan yazmıyorum;Negative
ölsen cenazene saçıma sim döküp gelirim, sana olan nefretimi sorgulama istersen?;Negative
yillarca kahrolsak dertten kederden!! bilsekki kellemiz kopar bedenden!! aşkimiz harbiden hemde derinden!! asla vazgecmeyiz beşiktaş senden;Negative
hey asık suratlı hey ! bana ne kattın ? melek yüzlü demek üzdüm ?;Negative
insanın insana bölünmesidir yalnızlıkin artık iklimlerimeaşksa ohiç korkmanasılsa konuşurbütün dilleri…!;Negative
@tnstkucuktalay abi vallahi de billahi de özledim seni he yeminle bak tadı tuzu yok buraların :( aşağıya bile inmiyorum işim yoksa;Negative
kediler nankör, tilkiler kurnaz, köpekler sadık, ya sen ? kodumun karaktersizi.;Negative
sarılmak nasıl bişey? özlemek kadar zor mu? içime attım acımı her gece hayra yordum.;Negative
siz nasil aşk'ı inanca ve yaşla bagdastirabiliyorsunuz? insan seviyosa gerisi bos yaşa gore yargilamak nedir amk?;Negative
vallaha daraldım lan yeter artık..! sabahtan beridir elimde çük gibi bir telefon cit cit cit..! beynimde filler ciftlesiyor yeminle.........;Negative
acı gerçekler :(motivasyonda lider, sınavda başarısız. http://t.co/nqrfzuxmjk;Negative
beni siz delirttiniz. ya hem sen fransa krali fransua misin ?@psikolojikdelli;Negative
boyle is mi olur yha martın 20 sindeyiz kütahyaya lapa lapa kar yağıyo kutahyaya cemre düşmüyo mu acaba?;Negative
iki penaltı ile uefa kaçıran takım 6 ay sonra nasıl küme düşer? ne hale geldi hane, bi' lanet üstümüzde..;Negative
ulan eski eniste sen kendini ne saniyon benim kardesimi uzuyon pic got o kizin pesini birak onun sevdigi var !birakmazsan olumune s*kerim !!;Negative
görüşmemek için yalandan bütün baba tarafını toprağa verdim, halâ 'yarın işin var mı' diyo. yaa illa benim mi ölmem lazım?;Negative
milletin kullandığı kacak elektirigi bizim odememiz için devlet yasa çıkarıyor .hani o bahsettiğiniz adalet nerde ???;Negative
varmı böyleşey staj yerinde bisikletimi çaldılar arkadaş ya :(;Negative
bu ülkede, burcu esmersoy'dan başka kadın yok mu? nereye baksak bu kadın çıkıyor!;Negative
hem diktatör diye kiziyorsunuz hem de 1000. kez adaysiniz! becerebilseydiniz bugün siz diktatör olurdunuz!;Negative
yanlızlığı çok seviyorsan ilk önce onu doğru yazarak bunu bize kanıtla. yalnızlıkkk!;Negative
adam olana laf bir kere söylenir, adam olmayana hatim indirsen nafile...!;Negative
hoşlanmadığınız insanlarla konuşmaya siz medeniyet diyorsunuz, bense sahtekarlik diyorum. işte bu yüzden anlaşamıyoruz!!!!!!;Negative
bugünün bitmesi ne kadar iyi olabilir ki? yarın sabah her şey yeniden başlayacak;Negative
yoğun ve stresli bir haftanın ardindan, ayağımın tozuyla izmir'de balık ve dostlar!#morinabalık… https://t.co/0thrm9gv4l;Negative
"""sen beni herşeye rağmen mutlu edebildin.hiç gelmeyecek bir gelecek hayal ettirdin.güzeldi.yalandı,dolandı ama bizimdi.bizim!""";Negative
acı zamanla hafifler mi ? fotoğraflar teselli olur mu özleme ?;Negative
@208888666 @aysenur_sg ablam hem engelledim hem de şikayet ettim ama abim silmiş şimdi ne yapcaz ki..?? ????;Negative
yok yani anlamıyorum ne istiyon benden aq tamam hatalarım var ama sende hayatımı siktin daha ney aq?;Negative
"sana sadece ""adam ol yeter"" dedik sen onu da beceremedin allahın malı!!";Negative
en çok da ne zaman canım yanıyor biliyor musun? gerçekten sevilmediğimi düşündüğümde.;Negative
"kendi pisliklerini örtmek için masum vatandaşlara iftira atmak, bu zalimlerin ""fıtratı"" olmuş.#zaliminzulmüvarsa mazlumun allah'ı (cc) var!";Negative
"dokunursam büyü bozulur. kirlenirsin!kusurlarıma bulaşırsın.bakma göz yumduğuma;güneşimsin,ışığımsın.#alperayyıldız????";Negative
bir kız sevgilisi olduğu halde hâlâ başka erkeklerle konuşuyorsa tepkimi veririm. en yakın arkadaşım da olsa silerim !;Negative
ne olursa olsun ölmüş olan kimseye küfür edilmemeli hele ki bu bir anneyse! yazık ulan sizin erkekliğinize.;Negative
ulan bayramımızı bile çaldınız lanet olasıcalar !nawroz değil !nevruz! türkçede w varmı ?;Negative
hayırdır kardeşim dediğine noldu ?? seçimin çok yanlıştı koçum senin.;Negative
herkesi anladim ama sen niye iki yuzlusun bu nasil bir karakter ?;Negative
tren geçmiyor diye raylar sökülür mü yerinden? gemi gelmiyor diye kuruyan bir deniz gördün mü?;Negative
yengeç: bir yengeç kalbindeki insana tüm mutlulukları sonuna kadar yaşatır ama eğer kalbine giremezsen ucundan bile yaşamak yok sana!;Negative
vize haftasına denk gelen teoman konseri mi olur ya?! çıldırtmayın beni;Negative
ve gülmeyi unutuyor insan. donuklaşıyor her şey, ayazda kalmış bir çocuk gibi!...;Negative
herkesin acısı kendine derler peki ya herkes olmanın acısına ne demeli ?;Negative
bir erkekten kusursuz aşk beklemek… tavuğa nutella yedirip… kinder süpriz çıkarmasını beklemek gibi birşey (not:adam olana lafimiz yok)..!;Negative
"""cocukken öğretmişlerdi:#nazar etme ne olur çalış senin de olur!#zaliminzulmüvarsagerci niye çalışsın ki!$adece yakar yıkar yok eder...""";Negative
+parayla mutluluk satın alınabiliyor mu ?-evet kitap alınıyo <3;Negative
@ikrambalekani bu kadar insan paramparça edilmişken, şenlik mi yapacağız!;Negative
acaba bütün insanlık tarihinde bu isid kadar alçak,korkak,sadece savunmasız insanlara saldırabilen bir katil sürüsü var mıdır?;Negative
lan hadi ben ayrildim sen beni birakip nasi gidersin ya hic mi dusunmedin sensiz ben?;Negative
makinelerin egosu mu olur demeyin, bunun kesin vardır! http://t.co/jis78qwgma;Negative
kimse kaptan'a dil uzatamaz!!!! köpekliğin luzumu yok http://t.co/qwugvlxtod;Negative
ölmek baharın bayramında...#heseke hun lı benda buharé bun ha buhar hat hun kuva dıçın ?;Negative
artik yaz gelsin diye isyan ettigimizi duyan mikail sanki iyi bari alin diyip gunesi bize bagislayacak peki ne zaman ?;Negative
"30 yaşlarındaki dolandırıcı bir iranlı'nın önüne yatmak, bu zalimlerin ""fıtratı"" olmuş.#zaliminzulmüvarsa mazlumun allah'ı (cc) var!""";Negative
@elaahutt ouuv bu çirkef halimiz mi sence? bi daha söylemicem, kes;Negative
sokakları denize çıkmayan bir şehirde boğulmak nedir bilir misin sen?;Negative
@mustafacimbom_ niye iki defa atıyon aynı twiti:? @bayramkirtay;Negative
"yıllar önce hoşlandığım ama hiç konuşmadığım kızın msn adresini bulup ""kaça gidiyon?"" yazmıştım. sonra hiçbir şey yolunda gitmedi.";Negative
"#sıkıldımartık senden diyorsan: seni üzmemenin tek çaresi kemdimden uzak tutmaksa; benden uzak allah'a yakın olasin sevgilii!!!";Negative
gitmek isteyen birine ne diyebilirsin ki? kalsa, bir daha güvenemezsin. gitse, özledikçe kendinden nefret edersin.;Negative
"@tcbestepe dunyada haklari icin kapi kapi dilenen tek gazi tc.muharip gazisi isdihdam adaleti bekliyoruz'!?!'/*""";Negative
iki dudak-hayatının en güzel traji komik şakası gibi hatırlanınca gülümsemesimümkün mü? yoksunluğunu unutup, hatırasına hasretken gülmesi;Negative
bilseniz ki ülkemizin tanitimini büyük bir özveriyle yapan hocalar kadrosuz #ankunitomerekadro vermez misiniz? #torbayasadatomer @rt_erdogan;Negative
hangi kritere göre ikinci sıraya koyuyor yök raşit tükel'i? iradeyi nasıl hiçe sayıyor, bu işin adını ne koyuyor? #rektörrasittükel;Negative
@himesovski kime anlatacağım içimdeki bunca şeyi? hem anlatsam anlayabilecekler mi?-theistumblr;Negative
tutunacak dal olarak seçtiğiniz insanların yapraklarını yolup kuruttuğunuz için böyle olmuş olabilir mi?;Negative
demek sadece gittim he sadece gittim ? helal olsun. helal hoş olsun;Negative
zulme de zulüm edilir mi?ey adalet sen ne ince bir çizgisindüz yürümeyenin ressamlığına da maruz kalıyorsun yetmiyormuş gibi;Negative
elimdeki kitaplarım bitmediği için hala alıp okuyamadığım kitap yorumlarını çok kıskanıyorum! deli gibi merak ediyorum! @sisman_kiz;Negative
harbiden bunlar gerçek mi ya? türkiye'nin yalansız tek kanalı...?????? http://t.co/rzipcdotyj;Negative
tolga zengin in ölmüş annesine kufretmek ne demek ya? http://t.co/n26twpmpjz;Negative
yarınlar hep güzel olacak denir. fakat bugünler dünün yarınları değil miydi ?;Negative
sacinin tek teline zarar gelse dunyayi yakacagimi bilmemen cok kotu :(;Negative
hiç mi yüzümüz gülmeyecek ? hiç mi mutlu huzurlu bir gün geçirmeyeceğiz?;Negative
"""@13burrc: koç: ha çıkıp dama aşağı atlamışsın ha bir koçu aldatmışsın! aynı şey! her iki durumda da bir koç için artık ölüsün. yaşamıyorsun";Negative
biri size karşı olumsuz düşündüğü şeyleri normalde söyleyemiyo ve kavga ettiğinizde patır patır dökülüyo mu? o biri her kimse onu harcayın.;Negative
"en kötüsü de; lan hiç mi özlemedi ? hiç mi geçmiyorum aklından ? düşüncesi.";Negative
sana hergun bir daha asik olmak mi?! cikmaz sokak olsan tunel kazarim..;Negative
ben çoraplarım kirlenince bile makineye atmaya üşenip yeri çorap alan insanım, bu kadar not ezberlemek ne haddime!;Negative
arkadaşlar yakışıklı ve zenginseniz kızlara sms atabilirsiniz,değilseniz bunun adı sarktı veya rahatsızlığa döner. neyini anlamadınız? {i.s};Negative
vee vizelerime çalışmsk yerine nalet olası bi film derdine düşmüşüm, acayip materyal tasarlıyorum!;Negative
küfür eden benim de, ettiren sensin. söyle şimdi, hangimiz edepsiz?;Negative
iphone şarj aletimi mi kaybettim! hemde bir ay önce almıştım yenisini! oh my gosh ??;Negative
@fatihtezcan ulan o operasyona destek için kim meclisten tezkere geçirmeye kalktı ? salak mı sandın sen bizi !!!!;Negative
"""neden erkekler elde edemediği kiza orospu der ? bu mantiği açiklayin bana.""";Negative
dünya'da aşktan yanan bu kadar çok insan varken ben neden üşüyorum!!!;Negative
birine bağlanmak mı? boş versene, ben ayakkabımın bağcığını bile kenara sıkıştırıyorum.;Negative
mira ya ne oldu ya? babasının dolarla borcumu vardı resmen bitmişler;Negative
bir insan ne kadar daha fazla sevilir diye diye 9 sene geçmiş.. günden güne azalmanın aksine artarak.. birçok gerçekten gerçek! @muratboz;Negative
ulan madem 2 hafta sonra soğucaktın ne seni seviyorum ayakları çektin! !;Negative
@tabuttakihis:insanlardan nefret edip sigaralara sığındığın mı hiç ?;Negative
"anlamazsın. anlatmam da zaten. kimseye de anlatmadım, anlatmasınlar diye. çünkü anlatırlar;anlamazlar. !!!";Negative
sen ne zaman aklıma gelsen gülen biriydim,şimdi hıçkırıklara boğuluyorum. özlediğimde gelmeyen,ağladığımda mı gelecek?;Negative
atatürk un annesinin adını bile unutanlar var. bize onu ilkokul da öğrettiler bee. nereye gidiyor bu gençlik böyle !!!;Negative
bur günümüz lan bir günümüz acının yıl dönümü olmasaydı! 365 gün ciğerimiz yanıyorken, 365 gününüz bayram kutlaması! #heseke;Negative
arkadaşlar yakışıklı ve zenginseniz kızlara mesaj atabilirsiniz. aksi taktirde bunun adı tacizdir daha hala neyini anlamadınız?;Negative
sen benim yıllardır çıktigim cocuga yavsican bende bakicam.vallahi oraya gomerim seni.!;Negative
biz sizin minibüste facebook messengerın fillük fiyk seslerini duymak zorunda mıyız? ya da boon boon booon whatsapp sesinizi?;Negative
hasekédeki saldırıda yaralanan çocuklardan biri.durumu ağır :((ypg intikam intikam intikammmmm!!!#haseke http://t.co/dsfyhmkjqz;Negative
bir gün sahte yüzlerin arasında olduğunun farkına sende varacaksın.. işte o zaman kendini sahte gülüşlerle avutacaksın!..;Negative
sevgiliyle aynı anda hastanelik olmak da sevdaya dahil mi ? #patient #needle #hospital #last3 @… https://t.co/6icbdlhllz;Negative
şimdi uyumak zor geliyor sabahta uyanmak zor gelecek.bunun bir ortası yok mu allah aşkına ????;Negative
3 kuruşluk ciğerine 10 liralık parlıament fazla değil mi sence de?;Negative
burnu bi karis havada gezenler.bu cesaretin kaynagi nerden geliyo ????;Negative
yeni türkiye ne lan? yeniden diriliş, yeniden yükseliş ne olum? akp bıkmadı türkiye'yi değiştirmeye!. nereye gidiyoruz olum???...;Negative
aşırı hız yapan hayaller, gerçeklere çarparak durur. fazla havalara girmeyin..!;Negative
yerinde mi acep, ölü ve mezar? yeryüzü boşaldı, habersiz miyiz? güneşe göç var da, kalan biz miyiz?;Negative
ama bu haksızlık, ben seninkileri göremiyorum sen benimkileri görebiliyorsun... olsun zaten görmeden de seviyorum!!!;Negative
lan aslan gelir geyiği yer, kaplan gelir geyiği yer, sırtlan gelir geyiği yer. bir canlı bu kadar ezilmez lan. ayıptır olm napıyonuz siz?;Negative
hastalık hastası oldum ... ben hic bole olmamıştımmm ve sen gormedin bile... :(;Negative
@husnumahalli: yemen'deki iki cami saldırısında ölü sayısı 142 ve 360 yaralı:((haseke ve yemen saldırıları ruh hastası sapık ışid işi.;Negative
hadi mutluluk günü bitmeden paylaşayım. ve fakat kişisel mutluluk nereye kadar? toplumun mutluluğu neden cok uzakta??? http://t.co/oxkyuwrvv9;Negative
üşürsün ama üşümüyormuş gibi yaparsın. neden? çünkü romantikmişinde falanda filan. gerek var mı yahu.;Negative
bir hikayeniz yoksa başkasının hikayesinde, yoldan geçen biri olursunuz!;Negative
yarışmadaki ınsanlarda maddiyat karşılığı kalplerini enkaza çevirme cabası içerisine girmiş kaybedenler kulubüne üye olan insanlar..!;Negative
erdoğan bey yorumculardan çok siz sürekli konuştuğunuz için hiçbir programınız tutmadı. az susun yorumcular konuştun!!! #teknikanalizfbbjk;Negative
allah'im bilmeden yetim hakki mi yedim kuran mi yirttim ne bu dert tasa ?;Negative
aşk aşk aşk! senden çok sevmiyorum, senden çok nefret ediyorum !...;Negative
hani biz bize yeterdik her zoru yenerdik yalan! bir benim kanan! donmem geri dönmem...;Negative
allah'ım bana iki gram sabır ver.niye hep sınıyosun.düzelicem diyorum , olmuyo nabiym ?;Negative
sen başka bir erkeğin altındayken nasıl inanırım aşka? -şanışer;Negative
ne zaman işler yolunda gitse, olayın sonunda aslında işlerin yolunda gitmediğini anlıyorum? sonra vay efendim yine mi keder;Negative
sokakları denize çıkmayan bir şehirde boğulmak nedir bilir misin sen?;Negative
yarın hatrımı sorsan ne olur, bugün hevesimi kırdın bikere ! http://t.co/nqrq6bbbgs;Negative
mutsuzluk kotam ne zaman dolacak acaba? sınırsız paketse s.çtım.;Negative
en yapmaz dediğin insan bile asılıyor ya!.. insanlar nasıl bir boşlukta allahım. sen bize yardım et. #umutolsun;Negative
mesela sen hiç benim olmayacaksın. bu ne kadar ağır biliyor musun?;Negative
nevruz ateş yakılarak kepenk kırarak dükkan kapattırılarak kutlanmaz ! here vere cere kere kuzi denilerek kutlanmaz ! #türkbayramınevruz;Negative
şimdi bi korku var değil mi ? kim bilir kime ne diyeceğim ? bugün isim vererek yazayım mı ?;Negative
belki çok hastayımdır, belki çok çaresiz ve yalnızımdır, ateşim vardır hatta ve ölüyorumdur :(((;Negative
bu ne böyle heryer hayal kırıklığı kaldırın şunları gözümün önünden!! *;Negative
az kaldı bu sefer ben senin agzının burnunun yerini değistircem!!!;Negative
ağrı'ya dönmek hiç bu kadar zor olmamıştı:( (@ diyarbakır otogarı (dişti) in diyarbakır, türkiye) https://t.co/dqdscocchi;Negative
şefkat tokadını yemeden, atı alan üskadarı geçmeden uyan!...pismanlık fayda vermeyecek çünkü..;Negative
trenle fizana bile giderim ama otobüsle iki adım öteye dahi gitmek çin işkencesi! intihar sebebi direkt! ??;Negative
düşmanın bile namuslusu demiş eskiler ama bize hep en namusuzu denk geldi!;Negative
baş ağrısından ölücem sanırım!! (@ cigdem's home) https://t.co/wjgcddsuvq;Negative
"""bi insan nasıl bu kadar yüzsüz olabilir?"" sorusunun cevabı sensin??";Negative
alooo ev halkiii nerdesiniz lann!! (@ çetinkaya's home) https://t.co/if2u4iwerp;Negative
insan bazen hayatta hiç olmiycağı bir kişiliğe bürünebiliyor !;Negative
yok ben sakin olamiyorum..hala aksamki konudayim..delirdim mi? alirlar mi beni de bakirköy'e @ceyhannur_mc;Negative
artık söylenecek söz de kalmadı...hepinize inat ve daha da yüksek sesle #adanaspor ! http://t.co/kjl8bcktyi;Negative
"""gün gelir saatlerce konuştuğun insanla tek kelime konuşamaz olursun....!";Negative
ayıbın en büyüğü,ona benzer bir ayıp sende de varken, başkasını ayıplamandır...!!!;Negative
"@asliaydintasbas onların ""aldatılmışız""yalanına kimse inanmıyor zaten ama ne yazık ki zaman bütün erdemleri tüketti!";Negative
"""yeşili sevmeyi bırakacaktım elbet, bırakacaktım da,eskisi gibi tüm renkleri sevebilecek miydim?eskisi gibi huzur dolacak mıydı içime...""";Negative
kaybettiğine, gittiğime yada git dediğine ağladın mı ? sahi, hiç ağladın mı arkamdan ?;Negative
mesela yalnız kalmak can sıkıcı dimi? @ arap şükrü https://t.co/fxt8l2uft8;Negative
instagram keşfede o meymenetsiz yüzünüzü görmek zorunda mıyam?¿;Negative
"bazen o kadar yalnız kalıyorum ki tek düşündüğüm""acaba ölsem ne zaman fark edilir?"" oluyor";Negative
bir kardeş bir kardeşe böyle ters karakterde olur mu? oluyormuş. @gokcecce;Negative
son mektup tek kelimeyle rezalet çanakkale acısını aşk filmine çevirmişler her suratta gereksiz bi mutluluk ulan kan akiyo kan orda !!!;Negative
otopsi raporunda fesatlığından öldü yazacak insanlar tanıyorum!;Negative
"dünyanın en saçma cümlesidir ""düşünmemeye çalış"" lan kafamı mı koparayım napiyimm ?¿";Negative
benim için yanan tek varlık sigara, nasıl olurda onu bırakırım ? seni bırakırım onu bırakmam.;Negative
sen antalyasın palmiyelerin var durduk yere bu soğuk neden ?!;Negative
ben anneme senden bahsetmisim , duami soranlara benden once annem onu istemistir diyor sen defolup gidiyon. mal !;Negative
geleceği olacağını düşünüyomuş. senin beynin var mıydı? çok yormasaydın kendini.;Negative
halim: şimdi ben bu saatte neden kalktım, niçin kalktım, nasıl kalktımgözlerimi açtım kalktım kalkmamışta olabilirim.;Negative
"#tolgazengin e ve ölmüş annesine küfür eden ""insan suretindeki tanimlanamaz varlıklar"" analarindan değil babalarından çıktılar herhalde";Negative
sana daha kaç kere aşık olabilirim bilmiyorum. tam seni unutacak gibi olduğum bir gecesevmeye yeniden başlıyorum.;Negative
günaydın, okulun tabelasını arkama alıp resim atmadım diye staja gitmiyorum mu sandınız;Negative
hiçbir uyarı yazısı yok açıklama yok izmir buyuksehir belediyesine yakistiramadim ordaki tüm.insanlar mağdur oldu;Negative
sen içine yönel dışından seni habersiz sansınlar.ne güzel haldir o.sen akıllı ol, seni deli sansınlar.;Negative
@ntvsporyedion derbide diegonun ilk 11liye alınmayacanı duyduk,acaba orta sahada iyiye dogru olan bir oyuncya karşı bu karar ne kadar dogru;Negative
bi sor bakalım ben bu saatte neden uyandım sor da ben de ne cevap verceğimi düşüneyim..;Negative
sonunda adamları bıraktım adana havalimanına. şimdi 500 km yol daha var ank'ye;Negative
bu aralar aklımı bulamıyorum. görenler insaniyet namına haber verebilir mi;Negative
tolga'nın annesine neden küfür ediliyor.şerefsiz 8jk necipe sor neden kaybettiğinizi.şerefsizsin 8jk;Negative
sabahın 8'inde ders olur mu,çok geç değil mi sabah 5 gibi falan yapın.;Negative
bjk bu hafta fenerbahçe'yi yenince herşey düzelir. biz bu kafayla finalleri ancak tv den seyrederiz.@mehmetayan75;Negative
@sabahsporuaspor bjk in hedefi her zaman sampiyonlar ligi olmali. ligde sampiyon olmadiktan sonra nsl katilacagiz buyuk resme bakalim.;Negative
çağla, erik çıktı yaz geliyor derken, şimdi bu kar'da neyin nesi;Negative
bulunduğum ortamda dönen sigaranın haddi hesabi yok bilin bakalım kim kokusu yüzünden kuscak;Negative
söğüt dalına yuva yapabilen bir manda hayal edin. ettiniz mi şimdi yavrusunu sineğe kaptırın.;Negative
beni hiç acımadan bin parçama ayıran adam mı bunları söyleyen;Negative
#demedideme eşitlik yoksa oy da yok #sözümmeclisteniçeri http://t.co/dskrfzzkgm;Negative
ben öldükten sonramezarıma gelsen ne olurgelmesen ne olur.;Negative
bu ne biçim sabah lan beden eğitiminden sonra ki matematik dersi gibi;Negative
#tutmayınbeni günaydın bugün ay tutulması ne zaman olucak acaba;Negative
yine geç kaldım bi gün daha tatilime eklendi ama sevinemiyorum (;Negative
o değil de şu renkliler mal mal yorum yapip konuşuyolar ya sabah sabah birinin ağzinin ortasina kürekle vuracam az kaldi;Negative
şu sabahların bi anlamı olmalı diyen adamı getirin bana ..zira anlamsızlıktan ölücemmm;Negative
"@ozzzaydin o "" yok anladım bize ankara'da mutluluk yok"" dedigiydi di mi";Negative
birine gitmeyeceğim diye söz verip ardından gidecek kadar o.ç olmayın işte mq çok mu zor;Negative
sensiz yaşayamam diyenler şu an nerede nasıl yaşıyor . açıklasana osman;Negative
etrafındakilerin mutsuzluğuyla mutlu olan vasifsiz insanlar gördüm #dahanegörebilirimki ..;Negative
ben senin saat başı selfie adını verdiğin burun deliklerini görmek zorunda mıyım;Negative
#AD?;Negative
bugün kötü şeyler olacaktı demi gezegenler kafayi mi yiyodu ne evt gune hiç aydin baslayamadk bugun;Negative
ne demek bugün metro hataya kadar allam gelde çıldırmamak elde degiiil.gec kalacağıma göre izmir belediyesi harika hocayla halleder artık.;Negative
uyumak varken niye çalışmak (@ fevzipaşa caddesi in istanbul, türkiye) https://t.co/aeifjudvyj;Negative
@furkandic off ben de kazanmıştım babam beni göndermedi ölmek istiyorum şu an;Negative
ygs de %65 barajı geçememiş , öğrenciden mi kaynaklanıyor yoksa iktidar - cemaat kavgasından payimizi mi aldık nyse ders var #tutmayınbeni;Negative
hayata baktıkları pencereden itip sonra vah vah düştü diyesim geliyor tuhaf mı;Negative
başlarım bu doktorların keyfine ama... 9dan sonra hastaneye mi gelinir lan;Negative
@bayancaulfield gemlikte de var umurbey ,biz paylasiyor muyuz;Negative
günaydın birazdan staj öğretmenlerimin ygs puanın kaç diye sormasını şiddetle kınıyorum;Negative
ay yine mi okul :'( (@ malatya gazi anadolu lisesi w/ @brcnkaradagg) https://t.co/76lwe7xfou;Negative
sevgilinin tercihleri farklı olabilir diye mi bu yaptığın canım yaa;Negative
öylesine senden sonra,her şey öylesine..herkes aynı, herkes öylesine.bu 20 mart sabahındayüreğim hala senin esaretindenefes alamıyorum;Negative
ne demek bugün metro hataya kadar allam çıldırmamak elde degiiil.gec kalacağıma göre izmir metro harika hocayla halleder artık.;Negative
@nihatsirdar sabah sabah can erikten bahseden seni #protestoediyorum hamile halimle nereden bulacağım şimdi;Negative
@mldkny bügünde ney yaa akıllı telefon dedik aldık düzeltmeler kaydı gitti.;Negative
ben arkadaşımın sevgilisiyle göz göze gelince bile utanıyorum siz nasıl şerefsizsiniz de ayartıyorsunuz;Negative
insana ve yaşama dair düzgün giden bir şey varmı bu ülkede((;Negative
kargalar bokunu yemeden uyanmak ve bu uykuyla derse gitmek. istemiyor ben;Negative
sabah sabah hayattan bezmiş bir şekilde uyanmak neye dahil;Negative
@leventuzumcu gezici çapulcu kardeş almanya da iç savaş mı var . 50 tane tankla sokakta göstericilere müdahale ediyorlar. geziyi özledin mi;Negative
is başı ..tek sorun bu sefer bende hastayim( (@ istanbul kanuni sultan süleyman eğitim ve araştırma hastanesi) https://t.co/agjgaj6ju0;Negative
@ajansyenigun abi sence sorularin hepsini neden yayinlamiyorlar eskiden ne guzel gazetelerde verirlerdi;Negative
sağken kıymet bilmedikceölünce arkamdanağlasan ne olurağlamasan ne olur.;Negative
sabah sabah matematik dersi mi olur. daha doğrusu sabah sabah okul mu olur;Negative
disarisi buzzz bahari koklamis idik halbuki ^_^ http://t.co/uejnrsuwwx;Negative
yaa of gerizekalı sen benim en sevdiğim fotoğrafını nasıl silersin nasıl;Negative
bir süredir yorgunluktan gece 12'yi göremeden sızar oldum. haliyle sabah ta erken uyanıyorum. erken kalkmama gerek yok o ayrı mesele;Negative
ayda yilda bi erken uyuduk neler olmus dun aksam ya tweet okumaktan hazirlanamadim gec kaliyorum (((((;Negative
benim burda ne işim var ya (@ alaybey in izmir) https://t.co/hbovz8iqm4;Negative
üzüm üzüme baka baka kararırda insan insana baka baka insan olmaz ..;Negative
-git dışarıda kal yalnız, kapat kapıyı @_blueraleyla ile mecnun - yalnızlık nedir - iskender http://t.co/dxjrnt4tkr;Negative
@myikar @ahamitbilici şu senatörler netanyahu konuşurken her lafınını ayakta alkışlayan yalakalar değilmi http://t.co/s3deqdsl3r;Negative
ne demek ilk ders matematik (@ davutpaşa anadolu lisesi in istanbul, türkiye) http://t.co/dbgtvbnnkc;Negative
tam ' çağla erik çıktı yaz geliyor ' derken, bu kar'da neyin nesi şimdi http://t.co/dush8to8qn;Negative
toki sözde dar gelirliye kayaşehirde konut inşa etmiş tek kişi yaşiyabilecegi 1+1 için 500/600 taksit 2+17bin pesinat bunu yani dar gelir;Negative
yaa vapurdaki arkadaslar ikinciye cay ismarliyolar, utanctan denize atacagim kendimi;Negative
ya ben pakette son 5 tek kaldığında o paketi bitmiş olarak adlandırıp yeni sigara alıyorum. ne demek sigarayı bırak;Negative
ben sizi #protestoediyorum @nihatsirdar artık ülkeye karamsar bakar oldum . halbuki güzel ülkemde tek bir sorun yok;Negative
"""çok mu sevmiştim""bilmem. ben sevmesini bilmiyorum herhalde. kimi sevdiysek bize düşman oldu. hadi kalkalım.";Negative
safmışsın, aldatılmışsın... hapislerde çürüttüğünüz türkiye'nin umudu pırlantaları çağırıp onların yüzlerine de bir söyledene;Negative
2-3kisilik aile için 2+1 700/800 taksit 2+17bin pesinat dar gelirli vatandaşla resmen alay ediyolar bu arada bunlar bodrum/zemin kat;Negative
nasıl bir eğitim sistemi http://t.co/tje627evpb @koseyazilarim aracılığıylaokunmaya değer bir köşe yazısı...;Negative
aile arasına girilmez, ben uykuyla evliyim niye ayırıyorsunuz bizi aile içine niye karışıyorsunuz;Negative
eşeğe altın semer vursan gene aynı eşek sıkıntı yok fazla tiriplere girme;Negative
gülüşünü seversin,sesiniz seversin..sevmek için illa ki yüzünü görmek şart değil.ama hayaller gerçek olsa #gitarbenimolsa @yapikrediplay;Negative
@follewerturkey amma mesele yaptilar ya mslman degil mi bunlaripek kuma gelmek istiyo.elif te artik cok abartmasin.omer adaletli davranir;Negative
ben ağlamamak için sıktığım çenemin acısını kalbimde hissetmiş biriyim beni şu saatten sonra kırabilir misin;Negative
şu skoru koru artık balkes'im haftalar sonra galibiyet görelim;Negative
gerekirse üni.den atılacaksın, gerekirse öleceksin, gerekirse hapis de yatacaksın. fazla söze gerek yok;Negative
"insanın büyüdükçe mi artıyor dertleri yoksa insan büyüdükçe mi anlıyor gerçekleri [özdemir asaf]""";Negative
yüreğini allah a doğru çevirmedikçe kullardan medet ummak saçmalık değil mi;Negative
"yalancısın be şair. sevdiğim kadar sevilsem böyle mi olurdu""";Negative
taklit yapmak için uğraşmak yerine kendin olsan insan olamıyomusun;Negative
@himesovski offff semih seni çok özledim böyle olmaya devam mi edeceğiz;Negative
alem öyle böyle demiş bize ne (@ manisa şehir kulübü in manisa, türkiye) https://t.co/2pqlcdjndg http://t.co/di2swkp2ic;Negative
@selinboduroglu @muruvettt selin gözünle bak lanet karı altımıza almışız çantayo hıa ababbsbababz;Negative
uğruna tüm erkekleri silebileceğimiz biri oldu da biz mi sevmedik;Negative
"daha son sözü söylemedi hayat; belki yarınlar, mutlu sonlar var""";Negative
sonra duygu niye sinirleniyor, niye kıskanç oluyor olurum tabi;Negative
ben ne zaman karı kalk git namazlığımı getirde karşılıklı namaz kılalım diyeceğim;Negative
bu burun seni koklamıyo, bu göz seni görmüyo, bu dudak seni öpmüyo, bu akıl niye seni düşünüyo;Negative
ne zaman pişman olursun biliyor musun yarım bıraktığını başkası tamamladığında...;Negative
ben ağlamamak için sıktığım çenemin acısını kalbimde hissetmiş biriyim beni şu saatten sonra kırabilir misin;Negative
ben şimdi size yastıktaki soğuk tarafı çevirip yatmayı nası anlatıyım;Negative
ne çare kısa sürer mutluluk..şafak görünmez olur mu hiçhiç yaşanmaz olur mu geceelveda sevgilim elveda her ayrılmak biraz da ölmektir;Negative
seni neden sevecekmisim ki böyle düşünmen bile sevmemem için harika bi neden;Negative
@ayzofl hocam hangi hak ile öğrenciye ait olan andaçların son sayfalarını yırtıyorsunuz;Negative
"zâlim'e soruyoruz""değermiydi,bir kaç senelik dünya uğruna âhireti tehlikeye atmaya""#zaliminzulmüvarsa http://t.co/kbbv2ru3am""";Negative
kafasi karisik olmayan mi var havanin ki karismis cok mu (@ saki restaurant) https://t.co/frmwyp3qqb http://t.co/hdwtserc57;Negative
hayal biter işler bitmez (@ hayal dansi dans ve spor klübü in konak) https://t.co/ucq2v3xles;Negative
elalem ne der sözü kadar yüksek duvarlı bir hapishane varmı;Negative
"neden kaybettin biliyormusun ;-çok değer verdin-değer verdin çok-verdin çok değer-çok verdin değer -verdin değer çok-değer çok verdin";Negative
"daha son sözü söylemedi hayat; belki yarınlar, mutlu sonlar var";Negative
buradan whatsapp vermiyorum diyen kızın numarası herkeste var hayırdır kızım;Negative
"ey nefsim deme, “zaman değişmiş, asır başkalaşmış; herkes dünyaya dalmış...#furkanvakfıtefsirdersicanlıyayın http://t.co/vo0aormlmw""""";Negative
seçim üç aşamaymış da, ikisi tamamlanmış da... utanmazın, ahlaksızın, allahsızın dibisiniz sayın tükel bu durumda, derhal çekilirdi;Negative
senin gibi birisinin nasıl sevgilin olmaz ya soruna maruz kalmak çok acı. sizce bu sorunun muhattabı ben miyim;Negative
@tgmcelebi kumpas sürecinde tsk' nın, komutanım dediğiniz insanların sizin yanınızda durmaması orduya güvenimizi sarsmadı mı;Negative
#AD?;Negative
@odabasih @yzglldgn muhalefetin daha önemli işleri var. medya muhalete kaç dakika yer veriyor ki malum tc a.ş...;Negative
hanı gıdıyorsun ya sankı cok uzaklara gıdıcekmıssın gıbı o yuzden ıyı deyılım ya sımdı......;Negative
muallimnisanda 40binistiyor atanmazsam babasi kiz arkadasimi baskasina verecek;Negative
kanka, baban her hafta farklı iki satırlık adamları ömrüne musallat ettiğini biliyor mu;Negative
sabiha gökçen neden bu kadar uzak nasıl döncem kafamda deli sorular...;Negative
istediğimiz şeyler olmuyor, çok farklı bir şekilde oluyor, ya da istemediğimiz şeyler oluyor...peki neden;Negative
"nevroz kutlaması yapan halkın içinde bomba patlatarak dinin gereğini yaptıklarını savunan beyinsizler,caniler; inandığınız cehennemde yanın";Negative
ya bizim neyimize her hafta sınav kendi kendimize kaşınıyoruz ya....;Negative
benim asiri derecede inatci oldugumu, verdigim karardan asla donmeyecegimi ogrenemediniz mi hala;Negative
nerede sandık iradesi insanda biraz ahlak ve erdem duygusu olur.. #rektörraşittükel;Negative
şu kadar milyar insan dünyada niye var,ben bu kadar yalnızken;Negative
dunyaya erken gelmek mariet mi,akıl yasta mi basta midir #furkanvakfıtefsirdersicanlıyayın;Negative
andaçların son sayfalarının yırtılması nasıl bir densizliktir ulan siz kimsiniz sizin olmayan bir şeye karışıyorsunuz;Negative
olamam çok sevsemde bir aşkın kölesisenin derdin aşk benimki memleket meselesi;Negative
dedemlerin hobisi tam da ben dizi izleyecekken gelmek mi bu ne yaaa (;Negative
insanın büyüdükçe mi artıyor dertleri yoksa insan büyüdükçe mi anlıyor gerçekleri....;Negative
@van_buyuksehir yeni otobüs güzergahında neden bölge hastanesi yok.edremit toki'den gelen otobüsler neden bölge'den kimseyi kaldırmıyor;Negative
ya madem bu kadar seviyomis gibi rol yapıyorsun ayni şeyi niye başka siylerkende yap yada git sende kurtul bende yeter;Negative
davayı para için satanlar nasıl gidiyor cinsiyet değişiminiz alıştınızmı kadın kılığına;Negative
nevruz hiç bi parti adı altında olmadan baharın gelişini kutlamaktir olması gereken ve yıllar önce olan buydu #nevruzbayramı;Negative
yiyorsun her haltı her naneyi sonra diyosun din iman namaz niyaz zina yok öyle bir dünya. edebinle yaşa. edebinle öl. bence kısadan öl;Negative
etrafımda o kadar çok boş insan var ki boş yani gram dolu değil boş bildiğin boooş;Negative
sandığa saygi diyenlerin sandığa saygi göstermesi gerekir #rektörraşittükel;Negative
neden mi hep sen kaybediyonfazla değer veriyonkıramıyonkıyamıyonhep affediyonüstüne titriyonkısacası ağzıma sıç diyonhata sende.;Negative
güvenimi sarstıktan sonra bana güvenmiyosun dimi diye sormak neden;Negative
çocuk oyuncağımı lan bu 1 gün barış birgün ayrıl bırak aq ya...;Negative
bunaldım.. gösterişlerinizden. bir gün paranızı gösterirsiniz bir gün kıldığınız namazı;Negative
gelde sinirlenme, şimdi kim engelli allah aşkına ya http://t.co/dvjarxwb47;Negative
senin küçük bir elvedan böyle büyük bir aşkı bitirebilir mi ne sanıyorsun..;Negative
üst komşuyu geçen hafta uyardim bi daha evde kız arkadaşların topuklu ayakkabıyla gezmesin diye. şu an geziyolar polisi ariycam yeter ya;Negative
sakallarını kesmene neden olacak kadın olmam diyorum. daha fazla nasıl seveyim seni;Negative
"""@nurhayatsuaraa: yaralarından utanma yaralayanlar utansınyinede affet onları büyüklük sende kalsın | nur hayat şuara";Negative
"caresi yok kardesim,her aksam boyle icip kederlenip; mutsuz olacaksin meyhane masalarinda; kahrolacaksin";Negative
basbakan olmak icin hangi sart varhicbir sart yok(halk medya tarafindan yonlendrlmktdrlr) #furkanvakfıtefsirdersicanlıyayın;Negative
her yiğidin yoğurt yiğişi farklıdır.. derderde iş yiğit olabilmek ve kalabilmekte;Negative
yine herkesi kazanabileceklerini sandiklari bir reklam yapmislar ama ben ve benim gibileri kazanamadiniz bilginiz olsun;Negative
#önlisanstıbbiskrtre3binatama @acunilicali @sgokbakar sağlığın taşeronu olur mu bırakında herkes kendi işini yapsın @ahmet_davutoglu;Negative
insanın büyüdükçe mi artıyor dertleri yoksa insan büyüdükçe mi anlıyor gerçekleri;Negative
"ey nefsim deme, “zaman değişmiş, asır başkalaşmış; herkes dünyaya dalmış...#furkanvakfıtefsirdersicanlıyayın http://t.co/vo0aordwe4""""";Negative
"aşk;fonda çalan bir şarkı olsa, bana hep detone mısralar düşer..";Negative
mazota verdiğim parayla bi kamyon mal alırdım ya,ne çabuk bitio mübarek;Negative
aileleri çocuklarını iyi eğitememiş diyen aziz yıldırım, sokakta gruba ettiği küfürleri, skrm böyle fenerbahçeyi dediği zamanları unuttu mu;Negative
ya ben 5 dakikadan fazla minibüs bekleyince sinirlenip, gideceğim yere yürüyorum işim gücüm yok bide senin keyfinin kahyasını mı beklicem;Negative
@bihterdd dimi yaaa ,oylede cok korkutucu oluyo ama orhh;Negative
iyiniyetli olmamak lazim bu insanlara karsi bunu cok iyi anladim..;Negative
çok sevince gidiyorlar ama ..ağızlarına sıçınca bırakmıyorlar...;Negative
sensin psikolojisi bojuk bi daha yanımdaki dinazora bağırma;Negative
herkesi yarına götüremezsin bazıları dünde kalmalı .. @ nargileci tosun paşa https://t.co/g58neiyqeo;Negative
"""bundan mı kaldın"" vb. yorumlar yapana cevabim cok sert olacak.kaldım lan kaldım... https://t.co/x9kdgc4nsj http://t.co/w96rya20ug";Negative
bazı şeyleri kabullenmek çok ağır geliyo. ve ben buna dayanamıyorum sebebim bu;Negative
en kötü şeylerden biri, sizin yerinize başkasının geçmiş olması değil midir;Negative
ne sinir hücresiymiş be 1 saniyelik olayı 10 sayfada anlatmış bir de hepsi önemli ya bu ne böyle yeterrrrrr;Negative
yıllarca okumaktan boynumu büktüm, yoruldum..kim uğruna ne uğruna;Negative
benim arkadaşlarım neden gerizekalı ya hadi ben gerizekalıyım tamam. ama birimizin diğerini toplaması lazım. yapmayın çocuklar.;Negative
ucuz insanların kendini kaliteli sanması, çok komik değil mi;Negative
tipik kriz... kendinden daha güzel bi kız görünce kavgalı olduğu sevgilisine aşkkkımmmmmm diye seslenmek hala anlamış değilim;Negative
dövülsün, sövülsün, tecavüz edilsin, öldürülsün… ama kadın herkes içinde kahkaha atmasın tek derdimiz o çünkü. s.çayım erkek zihniyetinize;Negative
değmeyecek insanlar için baska insanları üzdüm neden çünkü ben düsünmeden hareket ediyorum;Negative
acaba şu an sizi düşünüyor mubu tür düşüncelere kapılıyorsanız, kapılmayın. çünkü düşünmüyor. çünkü onda düşünecek beyin yok. çünkü o mal.;Negative
"sonra kalktın sen geldin, ben de kalktım seni sevdim. seni sevdim bu zamanda kolay mı böyle bir şeyali lidar""";Negative
bazı anları,insanları daha fazla yaşayabilme fırsatımız olsaydı şimdiye uçuyorduk,kanatlarımız vardı değil mi beyinsiz evlatlarım;Negative
"""@leyladoan777: din,iman,dediniz...katletmeye devam ettiniz..lanet olsun hepinizeyine #hasekê""";Negative
emir hala neyin şerefini yapiyo bilen yok lan adama onun yuzunden işkence yaptılar annesinin ölümünden o da sorumlu hala şerefte şeref;Negative
unutmak ne kelime klavyede ismindeki harflerini görünce damarlarımdan kan çekiliyo;Negative
uşağa kar yağmış.izmirde baya soğuk.sen istanbulda üşümedin dimi magosa limanında yedi pıçak yarasıyla delik deşik olmaya maruz kalan ali;Negative
"sarmış beni gurbet,sarmış beni mecnun diye zincir gibi dağlar;bir türbe ki ruhum, gelen ağlar, giden ağlar";Negative
tren geçmiyor diye raylar sökülür mü yerinden gemi gelmiyor diye kuruyan bir deniz gördün mü;Negative
affedince yoruluyor insan,yanliz kaldiginda birde ama insani en cok yoran sey...hayal kurmaktir olmayacagini bildigi halde..;Negative
ne demek araba yok.. (@ beşikdüzü terminal in trabzon) https://t.co/rd15yv3swy;Negative
ben aglamamak için sıktığım çenemin acısını kalbimde hissettirmis kadinim şu saatten sonra kırabilir misin;Negative
hepiniz aşk peşindesiniz ama hiç birinizin götü aşk yaşamaya yemiyo ne iş çok kolpasınız amk çokk;Negative
gizli ilişki neden var gizli aşk olurmu lan aksiyon var bu iyimi lan;Negative
düzenim bozulur , hayatımın altı üstüne gelir diye endişe etme nereden biliyorsun hayatın altının , üstünden daha hayırlı olmayacağını ...;Negative
dış görünüşe önem vermiyorum dememadem öyle uğur böceğini sevdiğin gibi hamam böceğinide severdin...;Negative
zaaflarimdan bugune kadar...yapma spice girls dediydi yas 18 di.zorlama.sevdigimden tiksindirttin;Negative
bak bu gezengenler oynadıkça hayatımızın içine sıçıyolar yaaa;Negative
@mutluariburnu ha ha benim kapali bacim darbeciymis,beni aldatmis.gezi cilerin haksizligina hic inanmadim zaten de diyecektir vakti gelince;Negative
yüzbinlerce teşeron işçilerinin emeği kimlerin cebine akıyor hükümet yargı kararlarını neden uygulamıyor taşerona yazık yazık..;Negative
bidaha konuşmayalım olur mu herkes için en iyisi.. @selinismyworld;Negative
"insanın büyüdükçe mi artıyor dertleri yoksa insan büyüdükçe mi anlıyor gerçekleri [özdemir asaf]""";Negative
ben ağlamamak için sıktığım çenemin acısını kalbimde hissetmiş biriyim beni şu saatten sonra kırabilir misin;Negative
acıları kapatmaya fondöten yetmez. okkalı bir gülüş lazım buradan bir güleceksin, ta oradakine koyacak https://t.co/w8ohkx9hna;Negative
@bahar_gencer ne kadar salak salak sorular bunlar ¿¿¿$$;Negative
yalan söyleyip yakalanacak kadar gerizekalı olmanıza bir sözüm yok.isyanım yakalandıktan sonra inkâr edicek kadar beyinsiz olmanız;Negative
vizeler öncesi psikolojik durumuk hep: sanki milletin hepsi harıl harıl çalışırken ben yardıra yardıra aa oynuyomuşum gibi. anlatabildim mi;Negative
hayır yani tivit yürütmeye çalışırsın anlarım. fotoğraf yürütmeye çalışmak niye;Negative
benim güvenimi sarsma neden biliyor musun çünkü siktir ederim.;Negative
gitmek isteyen birine ne diyebilirsin ki kalsa, bir daha güvenemezsin. gitse, özledikçe kendinden nefret edersin.;Negative
simdi hatirladimda dun kabus gormeyeyim diye uyumadim sonra uyuyakalmisim yine kabus gordum;Negative
acaba kimseye veda etmeden odamda intihar etsem kaç gün sonra farkedilir......;Negative
bu kadar varlığına sevinecegim insan varken senin yokluguna mi uzulecem;Negative
onlar en iyi bilen degil ki onlarin dedigi olsun #furkanvakfıtefsirdersicanlıyayın;Negative
ya kar yağıyo,kar nerde bu ilkbahar denileen mevsim,nerde bu havaya karaya düşen cemreleer;Negative
sanki kaos ortamindaymisiz gibi oynuyoruz.gou hic kullanmadik bugun iyi isaret degil.kazansak bile;Negative
bu trafik'ten sag cikılirmi#evedönüş #trafik#iskence#yinede#istanbulask… https://t.co/x4nprtjkfq;Negative
hayatimdan defolup gittin kabuslarimdanda defolup gitsene yalvarmam mi gerek;Negative
"""o ne der bu ne der"" diyerek değil ""canım öyle istedi"" diyerek yaşayın. aptal olmayın.";Negative
@_ejem_ kes be mal ne horlaması hastayım ben rezil ettin beni naleet ::(:;Negative
doğrular kimin umrunda,bak bir tane yanlış yap nasıl farkediliyosun;Negative
"niye mi yalnızım korkuyorum;bağlanmaktanyanılmaktankırılmaktanayrılıktanyoruldum;üzülmektenalışmaktansevmektenayrılmaktan";Negative
orkun bi siktir git ya hasta misin nesin. #medcezir #umutolsun;Negative
sizce onlardan başkasına ihtiyacım var gibi mi görünüyor http://t.co/rrhorz2tui;Negative
ne zaman kimin geleceği belli değil.hayat bazen gerçekten şaşırtıcı olabiliyor;Negative
madem kalbimiz vücudumuzdaki en güçlü kas, peki neden böyle kolay kırılıyor ki;Negative
#rektörrasittükel'dir yök'ün seçtiği değil bizim seçtigimiz rektördür, demokrasiye saygi gösterin #rasittukel #iu #rektor #raşittükel;Negative
#aibüdeulaşımçilesi 'ne sesini çıkarmayan arkadaşlar ulaşımda her şeyin normal olduğunu mu iddia ediyorlar şimdi kendinizi kandırmayın.;Negative
ya niye gercekte iki kelimeyi biraraya getiremeyen surda popi gibi duran heriflerin gotunu yaliyosunuz;Negative
o seni hiç düşünmezken, senin bu yazıyı okurken bile onu düşünmen çok saçma değil mi..;Negative
@msuleymankocak @dracuxl @serdengecti2021 hassiktirin ulan diyorum size davarlar oç da sizin yedi ceddinizdir...;Negative
gerçeği göre bile yalana eyvallah demek başındakine ters değilmi be kızım;Negative
#cafegrubu semih ve ahır grubunun gerçek yüzünü görmeyen kalmadı heralde alma mazlumun ahını çıkar aheste aheste semih bey @incisatir;Negative
otobüsün en kötü koltuğunda bile olsam umrumda değil çünkü evime gidiyorum;Negative
baktında göremedin mi görüpte bilemedin mi bu halim intihar, noldu sevemedin mi;Negative
üç çocuklu anneyle bir sıkıyönetim komutanı arasında ne fark var;Negative
ilk mesaji ben atiyorum devamini getirmeyerek ayip etmiyo musun acaba;Negative
hayat bir tek bizi güldürmedi.biz mi anlamadık espiriyi;Negative
"kadınlar erkeklerin gözünde maalesef ikiye ayrılır; eldeki kuş ve teldeki kuş. sizsiniz kuş. kuş beyinliler#doğrusune";Negative
'para zenginlerini degil sevgi zenginlerini tercih etmek' demis beren saat ne de guzel demis hayatimiz sevgi zengini insanlarla dolsun O;Negative
#doğrusune bilmiyorum nedir ama tek istediğim şey bu soğukta kimse dışarıda kalmasın;Negative
herkesin acısı sevgisi kadar tamam da sen her hafta sevgili degistiriyosun acın büyüktür , iyisin dimi;Negative
ve simdi vefat etti huzur senin gurur haysiyet sadakat seref sozun bu mu;Negative
fırtınalar koparıyor gözlerim, ve gözlerin aklıma mühür.özlemek ne demeken delisinden sonsuzundan, akla zarar deliye kár...nazım hikmet;Negative
olum manyak misiniz böyle basketbol mu oynanır final four istiyoruz ulannnn;Negative
"yaptığınız her kirli işi cemaate yıkıp paçayı kurtarmaya çalıştınızbu ihanetinizi allah'a (cc) havale ettik.#zaliminzulmüvarsa""";Negative
bana soru moru sorma. defol git olur mu#canbonomo http://t.co/snmklejmlt;Negative
değişen bir şey yok hiçölüm hariç..aynı gökyüzü, aynı keder...;Negative
neymiş efendim ev, temizligine gidene sigorta yapılacakmış, yüzbinlerce sigortasız çalışana sahip çıktınızmı;Negative
"+hocam arkadaştan silgi alabilir miyim -tamam al,+üç ne lan üç""";Negative
konuştuğum şeyleri bile anlayamıyorsun. peki ya sustuklarımı nasıl anlayacaksın;Negative
ne zaman pisman olursun biliyomusun yarım bıraktıgını, baskası tamamlayınca.;Negative
emenike,diego ve alper gibi faydasız oyuncuların konuşulmadığı yerde 20 yaşında ki bruma ya bok atmak yavşaklıktır. yalnız değilsin bruma;Negative
sana hep benimle kal demiyorum. ama misafir çocuğu gibi de hayatımı dağıttıktan sonra siktirip gidemezsin;Negative
polatli afyon arasi tikanma noktasindayogun kar yagisi var dikkat...;Negative
6 kişi muayene odasına girmek nedir a.. kurban mı kesilecek içerde ayağından mı tutacan napacan yani;Negative
annen öğretmedi mi sana birinin ahını alarak diğeriyle mutlu olamazsın;Negative
allahim fırını direk açıp tutmaya çalışarak ne bok yemis olabilirim;Negative
sıkıldim kendimden aptal mıyım neyim ben neyim var böyle kurtulamıyorum senden. http://t.co/l8a2fafarb;Negative
bütün hayatını, dünyasını ileride ayrılacağı sevgilisine göre yönlendiren arkadaşlarım var resmen iticiliktee zirvedesiniz;Negative
“kimse sen üzülme diye kelimelerine dikkat etti mi”bana kimse etmedi...;Negative
off saçma sapan insanlar. aptal aptal konuşmalar böylelerinin nefesini keseceksin;Negative
Rızka kavuşan çok hamd etsin!;Neutral
Rızkı azalan istiğfar etsin!;Neutral
"Yaşlandığım da çocukların okul mezuniyet töreninde sahneye çıkıp Adile Naşit gibi ""son verdim kalbimin işine"" şarkısını söyleyeyim diyorum.";Neutral
Wow haram.;Neutral
Son saatler (@ Sarıyer Sahili in İstanbul, Türkiye) https://t.co/DsoCCKrgcV;Neutral
"Bundan sonra Helpdesk'in başına geçiyorum ve ilk talimatım;bana bi kinder yumurta getirin???? @ Etc… http://t.co/G5pIpqeaK2";Neutral
KESK İstanbul Şubeleri Paksan'daki #MetalGrev ini ziyaret ediyor @evrenselgzt @KESK1995 @egitimsen @hayat_tv http://t.co/IPZZioO6dJ;Neutral
Gecen yine Harry?? @ Bahane Cafe http://t.co/O20R4iY8uZ;Neutral
@nejatislerVEVO;Neutral
Seans Degisikligi geldiginde Hamdi Hoca ???? (Temsili) @ Gebze Fatih Dershanesi http://t.co/06cPAubVF4;Neutral
Akfenyayık ahşap paslanmaz kazanlı soğutma ve Karıştırıcı sistemli fıçı yayık ayran… http://t.co/Op03Gn86Dv;Neutral
Tarihi iyi olan ve anlatmak isteyen gonullu arkadaslar araniyor ??;Neutral
"""Only ALLAH can judge me"" nedir GODun kezosu";Neutral
Günlerden bir yün yine bağı rehin aldım falan ?????????????? @ Bağ Pastanesi http://t.co/4fP3B3288j;Neutral
yarin kizilaya gelebilecek olan var mi;Neutral
Kaliteli yalnızlık sahte kalabalıktan daha iyidir.;Neutral
Haydi fener yak karabük demirini eritte gel;Neutral
İnsanlar hastayken canı tatlı falan çeker benim çorba çekiyo ben bi gidip geliyom..;Neutral
Bunun adını ne koysam? @arda_turkmen http://t.co/shWSOI9FhG;Neutral
Toranj tam daga tasa haykirmak icin yapilmis.;Neutral
Arkamda rusca sarki soyleyen bayan ve yanimda gorucu usulu bulustugu bay ile gorusmesni annesine anlatan... http://t.co/S8yMd9ZNpI;Neutral
Şu rüzgarda gözlükleri uçuruyoduk iyi mi ????;Neutral
"Kaliteli yalnızlık sahte kalabalıktan daha iyidir.""";Neutral
Gökkuşağına ulaşmak istiyorsan, Yağmura katlanmak zorundasın.;Neutral
Yanlızlık nedir biliyor musunuz? Yanlızlık, yazım hatasıdır. Doğrusu yalnızlık olacak.;Neutral
Çektiğim her dumanda sen varsın be keş gözlüm;Neutral
Bir gün sonsuzluğa ugurlanacak olan duygularimaza selamlar olsun.;Neutral
Tatilde gerçekten ders çalışan insanlar var mı acaba? :D;Neutral
sen de döneceksin şimdi dönersen vakit kazanırsın ömür kısa/buyurdu/yahya beğ.;Neutral
Sen bana online değilsen ben sana online değilsem bu last seen'ler kime ¿ ??;Neutral
Hayatta en büyük mutluluk, sevildiğimize inanmaktır.;Neutral
Meireles yoksa gecen haftadaki performansindan sonra Selcuk oynar. Karabuk, Pasa'ya gore daha sert bir takim. Gobekte sert olmamiz gerek.;Neutral
"Dışarıda Ebru Gündeş'in ""Fırtınalar koparsa kopsun.."" klibi çekiliyor galiba.";Neutral
Artık cumartesi olduğuna göre profil fotoğrafımı değiştirebilirim #kirazmevsimi;Neutral
Dinlemeyeli uzun zaman oldu.;Neutral
"sokak'ta kasadaki abiye geçenlerde hesap kavgası yapan bir kız ""eşcinsel misiniz niye sadece erkeklerin parasını kabul ediyosunuz?"" demiş.";Neutral
"AVM yi yol olarak kullanan tek kişi olmalıyım ;) (@ Trump Alışveriş Merkezi - @trumpavm in İstanbul, Türkiye) https://t.co/9tzjkSeKAx";Neutral
“@Nesrinnas: @Acerakis Hadi gençler,köhne siyasetçilerden bizi ancak siz kurtarırsınız.” Haklısınız Nesrin Hnm bir yerden başlamak gerekiyor;Neutral
american harros storye başlıcam ama supernatural bitsin ilk #HitTheLightsTo100Million;Neutral
annesine babasına kardeşine su getitirken yolda bardaktan su içmeyen bizden değildir.;Neutral
Googe, 1998 yılında pazara girdiğinde 21'inci arama motoru imiş. Benim ilk kullandığım ise Altavista ve Excite idi.;Neutral
Kadın haklı kızlar dağılın ??????????;Neutral
vampir günlükleri nasıl;Neutral
tag eklemeyi unuttum #HitTheLightsTo100Million;Neutral
Biraz pes iyi gelir belki.;Neutral
Bilinmeyen numaralar için 118 80'i arayacağıma rehbere ekleyip whatsapptan bakarım.;Neutral
Bu havada aradığım mutluluk battaniyemin altında saklı???;Neutral
Cuzdanimi getirene 100 tl ateslicem;Neutral
Takmamaya çalışan herkes daha fazla umursar??;Neutral
Erdem ilimle pekisir,durus sayginlikla....;Neutral
CB seçimleri ne zaman?;Neutral
Gaziantepspor 1-3 Medicana Sivasspor - Spor Toto Süper Lig Haberleri TFF http://t.co/UekD0hJA9r;Neutral
Kaliteli yalnızlık sahte kalabalıktan daha iyidir.;Neutral
Az önce bir fotoğraf paylaştı @ I·stanbul Ortaköy Sahili http://t.co/SCwt2Xxgqi;Neutral
Josue Bursa da mı bırakıldı?;Neutral
Çektiğim her sigarada sen varsın...;Neutral
Sana nasıl yaklasabilirim ki..;Neutral
Seviyormuş gibi yapanlara, inanıyormuş gibi yapın.;Neutral
Kalp yönetimini ele geçirince insan aklına değil kalbine tabi olunca işler değişir..;Neutral
Ünlü Manken Cassidy Gard'ın Galatasaray'lı Olduğunu biliyormuydunuz? ?? http://t.co/CFVm9AJVht;Neutral
O, sizin içinizdekini sizden daha iyi bilendir.;Neutral
Müzik bir çeşit zaman makinası gibi. İlk dinlediğinde bulunduğun yer, kişiler, yaşadığın duygular yıllar sonra bile aynı müzikle canlanıyor.;Neutral
Fenerimin maçını izlemeye geldik (@ Address Cafe in Muğla, Türkiye) https://t.co/91QDX8fpVR;Neutral
''Okuduğun vakit kalbini fark ettiğin şeye şiir diyorlar, yaşadığın vakit kendini terk ettiğin şeye aşk...''@Yaziyor http://t.co/WLdt4i740M;Neutral
Kaz etli arabaşı yutmaya da mi gitmiyahkk ?????? (@ Konya Yolu in Ankara, Türkiye) https://t.co/TFf04gYShE;Neutral
Şampiyonluk yolunda mutlak kazanılması gereken bir maç çok önemli bir viraj umarım 3 puanla ayrılırız #FenerinMaçıVar;Neutral
Arkadaşlarımız ile maçada mı gelimiyelim sevdamızın Peşinde???? @ Dr. Necmettin Şeyhoğlu Stadium http://t.co/4K054tsPLU;Neutral
Mersin idman yurdu otobüs Ankara;Neutral
can cann?? http://t.co/Neye9ET4HP;Neutral
senayla depresyondaydik ama 3 dk önce ona feyk attım;Neutral
"Ne derler bilirsiniz; kime ne yaparsanız, er ya da geç aynısını yaşarsınız.";Neutral
Engelli kaplumbağaya legodan araç yapıp yürümesini sağlayan kafa milyon ışık yılı öteden görülecek bir ışıktır.;Neutral
?? (@ Günaydın Restaurant in Istanbul, Türkiye w/ @sulederrya) https://t.co/quVZld0rBc;Neutral
Üç yüzde kalmistim en son devam ediyorum #HitTheLightsTo100Million;Neutral
Taksiye binip 'şu öndeki arabayı takip et 'demeden ölmek istemiyorum !;Neutral
"""İşle öğüt veren, sözle öğüt verenden iyidir""";Neutral
"""@SmsekAhmet: Whatsappta ses kaydı";Neutral
Sesini duymak için gizliden aradığım da gülme sesimden ben olduğumu anlayan sevdiyim yerim o ağzi burni;Neutral
Antalya Oyuncak Müzesindedeydik. Oyuncak müzelerinin çocuklar için olduğu sanılır ama daha çok büyükler içindir... http://t.co/uGfTlumKzD;Neutral
Yolculuk meydan (@ Osmaniye Mahallesi in İstanbul, Türkiye) https://t.co/95AtgJPXoo;Neutral
Sigara kullanmıyorum ?? @ Caribou Coffee http://t.co/SUDv0NAz8H;Neutral
Meslekdaşı bilerek d'yle yazdım.;Neutral
Bugün de böyle ??? http://t.co/Jj8CZ2ZRC9;Neutral
Yok ya biran önce ben gideyim ya gerçekten;Neutral
boş zamanlarımda kolonya içerim;Neutral
Mehmet sen ne okuyordun yaaa :D @ Uykusuz Cafe http://t.co/0aCnKtG8YT;Neutral
Cuma gelsin cabuk bence bence habajaajabaj;Neutral
"Çektim elimi eteğimi münakaşalardan , ve artık tek bi derdim ; bi bira kaça burda ?";Neutral
Yarın Bolluca barınağına gidiyoruz gelmek isteyenler gelirken sevgilerini getirmeleri yeterlidir;Neutral
Uzak ya da yakın oluruz bazen ah ne fark edecek, tuz kadar severiz biz hani buna kim son verecek...… http://t.co/HMwKGXZGoR;Neutral
Canı sıkılanlar, yapıcak birşeyler bulamayanlar, tatilden gram zevk almayanlar, oturmaktan götü düzleşenler sjjsjs;Neutral
Elbet bir sabah okunacak ismimiz minareden sela !!;Neutral
Emojilerim gitti zannetim lan ????;Neutral
Ne güzel sözdür bana yaşattığının aynısını yaşa kimine dua, kimine beddua.;Neutral
40.yıl hesabına bakın ??????????;Neutral
Yaz Dostum Güzel Sevmeyene Adam Denir mi ? http://t.co/6SxBFQyAWc;Neutral
TRT Müzik dinlicek hale gelmem garipsenilcek bi olaymi bilemedim ben şimdi;Neutral
Adı lazım değil baş harfi `C';Neutral
Bu konsere kimler geliyor parmak kaldırsın ???? http://t.co/co8d7FiGhq;Neutral
Ne zamandır yürümüyorum diye unuttum mu sandın? ???? @ Salihli Kipa http://t.co/78b80acn6A;Neutral
Focaccia Gnocchi gibi yemekler yerine tavuk döner yiyebiliriz mesela;Neutral
Askim Beni ne kadar seviyosun? dedigimde Fatih ???? http://t.co/zrNtQ9xPx1;Neutral
Bir mülakatta öğrenmeniz gereken önemli nokta, sizden tam olarak ne beklendiğini açığa çıkarmaktır.;Neutral
Deniz ve mehtap sordular seni,neredesin.. #Rakı #Büyük @ Tuzla Adil Balık http://t.co/bfMrbv7al4;Neutral
En değerli insan verdiği sözün arkasında duran insandır. verdiği sözün arkasında durmayanın yanımda gereği de yok.;Neutral
Acıyı hatırlatan elinde kalan ip midir,uçup giden balon mu?;Neutral
Diyorum ki çok çay içelim, uzun uzun susalım. Gözlerinde dumanım sonra bir nefeslik uçurum. Tek ayak üzerinde beklerse yorulur mu Dünya.?;Neutral
Murat bi ilgilensen nasıl olur ask;Neutral
Ev halleri iştee (@ Furkan Konutları in a b c, ab) https://t.co/Kc0PIsnkKY;Neutral
Bir terapi sekli olarak Dolmabahçe'den Beşiktaş'a yürümek ?? @ Dolmabahçe Sarayı http://t.co/rwZDD6I8q9;Neutral
Seni sordum yıldızlara, seni sordum yalnızlara,seni sordum kuşlara uçan kuşlara...;Neutral
“@BekirDeveli: Allah bizleri kaba saba kişilerin şerrinden muhafaza buyursun..”;Neutral
Çok sinirlenince küfür makinesine dönüşüyorum bazen hızımı alamayıp aynı küfrü iki üç kere sıralamasını değiştirip ediyorum;Neutral
Bi gün olucak diye hergün aynı şeyi yaşıyorum;Neutral
yemin olsun artık takmıyormuş gibi görünürken yere yığılıp neden sevemedin diye çığlık atcam;Neutral
Ortaya karışık ben ?? http://t.co/QyWHC3i43R;Neutral
Velhasıl kelam...hissettigin kadar kalbinde söyleyemediğin kadar dilindedir.;Neutral
Bir gülüşü var 8 abisi var ????;Neutral
Ben kimseye kendimde dahil kimseye acımam , acımak kaybettirir.;Neutral
Bugünlük iş bitti pazartesi görüşmek üzere eeeee?????? (@ Sakarya Üniversitesi Hendek Kampüsü in Sakarya, Türkiye) https://t.co/coaVZ7X5kq;Neutral
Biri bana yakışıklı erkek manken önerebilir mi, hikaye baş karakteri olacak delirdim sabahtan beri??;Neutral
3 senelik arkadaşında var, 1 senelik kardeşinde.;Neutral
Gizliden arayan canim 9-10 arasi arama hali saha macim var;Neutral
çağrının kendine aldığı poların içine ablamla birlikte sığdık çağrı tek başına sığmadı;Neutral
"Zaman"" kimin neye, nerde ve ne kadar... kime ait olduğunu gostermeyi sever""";Neutral
Temizlik yapılan günün ardından lahmacun yemek adettir. (@ Datlı Maya in İstanbul) https://t.co/mVSlvcU46C;Neutral
Cebimdeki son bilet param;Neutral
Pilates yapıp çikolata yiyene kısaca fido diyoruz : ));Neutral
Sigarayı rüzgarla dönüyorum resmen;Neutral
Hayatta yapmam dedigim bi se daha yapıp balik yedim resmen kendimi aştım ??;Neutral
Hayat sizin aldığınız nefes sayısıyla değil sizi sizden alan nefes sayısıyla ilgilidir..;Neutral
Bi kızı ilgisiz bıraktığın an kaybedersin;Neutral
"“@trthaber: Öğrencilere ""kuru üzüm"" de dağıtılacak";Neutral
"Oy vermediyseniz; http://t.co/npHoJ6vlP4";Neutral
Az önce bir fotoğraf paylaştı @ Bahçeli 7. Cadde Marco Paschavccc http://t.co/KHrlesHNVn;Neutral
Ayy evden çıkasım bidaha giresim yok ?? http://t.co/Od2iBcZfEQ;Neutral
İlk hafta gezdik eglendik yeter bu hafta yataktan dışarı çıkmamayı planlıyorum :d;Neutral
Az önce bir fotoğraf paylaştı @ Fly Pub http://t.co/oW37N8RGzo;Neutral
Benin miniğim 1.93 boyundaymış;Neutral
Hatırladığım en unutulası şeysin...;Neutral
Olaylara uluslararası bakış getiren YAZBOZ'da bu akşam NSA ve CIA ajanlarından çarpıcı açıklamalar var.22.00'de @tvahaberde @ahaberdeyazboz;Neutral
İçimde garip hisler var ya du bakalım;Neutral
Aşkı aşk yapan cinsiyet değil, duygular ?? #LGBT http://t.co/QvEUT4F0jN;Neutral
Gidiyorum bi yanım mutlu bi yanım mutsuz:(;Neutral
Su hayattaki tek yetenegim almanci taklidi yapmamdir sanirim;Neutral
Geçmişten vazgeçmedikce gelecekten beklentin olmasin.;Neutral
Salonun kapanışı bizden (@ İguana Sport Center) https://t.co/tW6TQ7gWGN;Neutral
Kıskanmak bazen soğumaktir. Dengeyi iyi tutturmak lazım.;Neutral
Bilmem ki kuşlar bu hengamenin neresine uçar ?;Neutral
Bir de beni böyle gör istedim http://t.co/eeCFevzYvO;Neutral
Datça yı ayrı seni ayrı özledim @ebrukaraman48;Neutral
"Müzik bir çeşit zaman makinası gibi. İlk dinlediğinde bulunduğun yer, kişiler,yaşadığın duygular yıllar sonra bile aynı müzikle canlanıyor.""";Neutral
Erayın bugun ki tanimi beni benden aldi cocuk pratisyen doktor cikti;Neutral
Özlemek içimi çürütüyorken ben seni beklemeyi seviyorum.;Neutral
Bi tiviti yüz kişi atiyor ben ilk gordugume rt atiyorum sonra yine onume o tivit geliyor rt atmasam ayip oluyor yapmayin;Neutral
Sen benim rabbime yalvardigim duanın yer yüzündeki cevabısın...;Neutral
Vee Cumartesi evde oturcak değiliz ?? http://t.co/XPAqouJ7nu;Neutral
Antik çağın 7 bilgesinden biri olan Bias'ın Priene'si... @ Athena Tapinagi http://t.co/zEHFwpZ9Sy;Neutral
Erkek dediğin giymesini bilmeli ??;Neutral
Ruhun gıdası Zikirdir. Zikir.;Neutral
Herşeyim yeşil o siyah;Neutral
senin saçların fiziki harita gibi ama güzel ya üzülme kankacım¦;Neutral
Bebişim beni bekler ?? (@ Arkent Sitesi in Arhavi) https://t.co/jDgtVdqTvW http://t.co/NiD2OBPI2P;Neutral
Müzik eşliğinde spor ???????? (@ Pasifik Fitness Club in İstanbul) https://t.co/qJEHvdtbDB;Neutral
Kardeşimle sohbet muhabbet ?? ?? (@ Mican Bey Konağı - @micanbeykonagi in İstanbul, Ümraniye w/ @edaaasnmzz) https://t.co/I1uEJRqCr0;Neutral
Akparti Avcılar ilçe gençlik kolları kongresindeyiz... (at @OkyanusKoleji in İstanbul, Türkiye w/ @ynsaltuntas) https://t.co/0bRY2Nd52O;Neutral
Acil matkap lazim bana...ciddi..;Neutral
.@umutkurbann o zar varya o zar malum bir şahısın belinin kemiğinden yapılmış belli (@ Terra Cielo in Mersin) https://t.co/mHfIQDnaNX;Neutral
Derya abla bana sende antalyaya gel dedii hemen gelirim ya ayıpsın asdfghk;Neutral
Oyleyse ben gemlige gidiyiiim;Neutral
Kim demiş, gül yaşar dikenin himayesinde..? Dikenin itibarı ancak gül sayesinde…??;Neutral
ben biriyle ya dost olurum ya düşman ortası yok;Neutral
Son yıllarda başıma hiç 2 güzel olay üst üste gelmemişti. Bunu shameless ve kardeş payinin başlaması değiştirdi. Varın siz düşünün;Neutral
Bu viraj çok önemli, yüreğini koy ortaya.. #GücünüGöster #SaldırFener;Neutral
Sanki bana huzurlu gelen ne varsa onda birikmiş;Neutral
Masumlukla saflık farkliiiiii;Neutral
Bir zamanlar deli gibi hesap sorduğun birine, gün gelir hatır bile soramazsın.;Neutral
Karaköprü gençlik kollari kongremizde bizi yanliz birkmayn @abeyazgul2 baskanimiz ve yonetimine tsk ederim @Karakoprugenclk @akgencliksurfa;Neutral
Içimdeki sesi dinledim. Kararimı verdim:)) http://t.co/dw5A3pkYe4;Neutral
"""rüzgara karsı ucmaya calıstım. gözlerim kapalı seni aradım,seni aradım,körebe oynar gibi.""";Neutral
7 saniyelik rüyanın içinde sana sarıldığımı hissettiğim o anı, dünyalara değişmem.;Neutral
Küfür ederek Desarj oluyorum etkili bir terapi, Siz gönül dostlarıma da tavsiye ederim...;Neutral
Yaşanılması en zor ugraş stilidir hayat. Kazanmakta kaybetmekte senin elinde ??;Neutral
Ben Seni Bekleyeceğim Emin Ol.;Neutral
Biz telefonunda güvenlik kodu olmayanlardanız;Neutral
Düşündüm de, bugüne kadar en sağlam kararlarımı kafamın dikine gittiğim zamanlar vermişim.;Neutral
Herseyimi unutta seni çok sevdigimi unutma....;Neutral
kiz kafede whıte chocolate macchiato caramel frappe della sport gibi bir şey istedi masayı donatcaz zannettim 3ü1arada verdiler;Neutral
Vurmuşlar ama ölmemiş gibiyim;Neutral
Yıldırım Demirören İspanyaya vander vaartı almaya gidip ibrahim kaşla döneli 5 sene oldu.;Neutral
Senle şöyle karşılıklı bir Müslüm Gürses şarkısı söylemedik ama merveyle senin yerinede söylüyoruz…;Neutral
Annem aradi ve assa in posetleri tasi dedi :(((;Neutral
Senin baba parasıyla aldığın, sevgilini gezdirdiğin, dokunmaya kıyamadığın arabanla sanayide neler neler yapılıyo genco;Neutral
"AIIah’ım! kaIbimizi nifaktan , ameIIerimizi riyadan temizIe , gözIerimizi haramdan uzak eyIe!""";Neutral
Başbakanın iş adamlarına düzenlediği akşam yemeği... (@ Kaya İzmir Thermal & Convention in İzmir, Türkiye) https://t.co/broJYgviTc;Neutral
Alisverisin kisa olani erkeğe mahsusmuş.;Neutral
Dostlara ziyaret....mangal başı?? (@ Arıköy Sitesi in İstanbul) https://t.co/zmmquhK2lT http://t.co/YK7mmX7lka;Neutral
Bugun annemle kezban kavgalari izledik iste oyle;Neutral
Her sene harry nin dogum gununde koyulan foto temalı #HappyBirthdayHarryStyles http://t.co/bVCqyVEows;Neutral
Snapchate malzeme olan Kuzenler :ddd;Neutral
anılardan bir yangın başlatıp küllerimden yaratsın ?? http://t.co/baQQ0V81Ki;Neutral
Bu gecede burdayiz?? (@ Kaynarca in Pendik, Türkiye) https://t.co/TODJFEqCvY;Neutral
Charlie Hebdo saldırısının üzerindeki taş kalktı altından yine rothschild hanedanı çıktı. 22.00'de @tvahaber'de @ahaberdeyazboz;Neutral
rüzgarda uçuşan saçlar ??;Neutral
Abi bardaktaki çayın dibini içtik diyemi bunlar?;Neutral
Vay be ne gündü, hiçbir şey olmadı yine.;Neutral
"Geçirdiğimiz tüm o zamanlardan zor olanlarında ; sanki bedenin aynıydı ama içindeki kişi bi başkası..";Neutral
Az önce yavru bir kedinin uçarak gökyüzünde kaybolduğuna şahit oldum. Sanırım şimdiye ozon tabakasını geçmiştir.;Neutral
Az önce bir fotoğraf paylaştı @ SessUludağ http://t.co/GwesuPFdNl;Neutral
Rakı mezesi yapcaz taktik verin;Neutral
Gözlerin gözlerime değince su katılıyor rakıya..;Neutral
Bu seferki gala gecesi defilemiz #Ozemkeskin den by @erezugurkan #fashionshow #butarzbenim… http://t.co/875spsgBLi;Neutral
Şöyle bi 2-3 ay uyumak istiyorum;Neutral
Az önce bir fotoğraf paylaştı @ Efes Sitesi http://t.co/A35PuCHHQk;Neutral
"""Erkeğin: ‘bilmiyorum, ne istersen onu yapalım’ diyeni değil, ‘bizim için bir planım var!’ diyeni makbuldür.""";Neutral
Anlatmak istediğim çok şey, konuşmak istediğim tek kişi var.;Neutral
Piknik yaptığınız yerlerden anılarınızla beraber çöplerinizide götürün lütfen...;Neutral
Gözlerimdeki sözleri gorebiliyormusun?;Neutral
Yada kalbimin ritmini hissedebiliyormusun?;Neutral
":Ayakkabilarinizi cikarmadan da ayak uzunlugunuzu olcebilirsiniz. El bileginden, ic diresege kadar olan uzunluk ayak boyunuzu verir""";Neutral
Bir 'siyasetçi' neden ağlar.;Neutral
Askım sana 14 subatta gemi alcam çünkü 10 numara dümen atıyosun;Neutral
Sırf yalnızlık yakamı bıraksın diye yakasız giyerdim ben;Neutral
"WhatsApp'da "" Şuan başkasına yazıyor "" özelliği olsa var ya kan çıkar lan.";Neutral
"Bense hüzünden kaçıyor; kaskatı kesilerek eski bir aşkın cinayetine uzaktan bakıyorum şimdi. Olmaz ya hani; ya ölmediyse diye.";Neutral
Sanki Kütahya'ya sadece hediye almaya gelmişim gibi hissediyorum '-';Neutral
Trende kendi kendime gülmeye basladim yandaki teyze deli sandı sanırım belkide oleyimdir lan deliriyo muyum yoksa;Neutral
"""@berkeeure: Bazen iyi veya kötü olduğunu anlayamazsın. Garip hissedersin böyle.""";Neutral
Bir insanın bu dünyada mutlu olabilmesi için sadece üç şeye ihtiyacı vardir: sevecek birisi, yapacak bir şeyi ve umut ettiği bir şey.;Neutral
Saçımı kestirsemi acaba;Neutral
Az önce bir fotoğraf paylaştı @ Üsküdar Sahili Kız Kulesi http://t.co/4UsGP8ZBas;Neutral
Arka koltuk ile ön koltuğun haberleşme biçimi http://t.co/5i5eiY3euk;Neutral
Hayatta kalma arzusu için, bazen gel diyen bir omuz yeter. Gel ağla , gel konuşalım , gel susalım ...;Neutral
Sana sari laleler aldim torbacidan;Neutral
geçen uzun adamla burgera gittik ketçapı reçel sandı kanka ben bunu sabah kahvaltıda ekmeğin üstüne sürerim diye eve götürdü aq;Neutral
Bir mümini, bir münafığın zulmünden koruyan, Cehennem ateşinden korunur. [Ebu Davud];Neutral
Bazen yalnız kalmak iyi gelir,ama bazen;Neutral
Vay be ne gündü, hiçbir şey olmadı yine;Neutral
Saçlarımı kestirdiğim içün gene bikaç gün depresyona girebilirim sanırım.;Neutral
Ben gidiyom hadi size bay ????;Neutral
Bende yarısında uyuya kalıp izleyemediğim 3 adamı izliyim barii ????;Neutral
Sırada ki tivitim kilometrelerce uzakta ama sanki hep yanımda olan berna'ya gelsiinn.;Neutral
Az önce bir fotoğraf paylaştı @ Üçyol http://t.co/0OD6m9yqLq;Neutral
Az önce bir fotoğraf paylaştı @ Ümraniye http://t.co/ysnw8JXmm9;Neutral
Bana burda küsmüştün;Neutral
''Bekle diyor sanki bana. Ben de bekliyorum.'';Neutral
Whatsapp olan ?;Neutral
Az önce bir fotoğraf paylaştı @ Agva, Istanbul, Turkey http://t.co/gut5ZzRp6O;Neutral
Sana kim aşk satıyor..;Neutral
Bi kız bi erkeğe herşeyi duyurarak yaptırır yapalım demez:)misal aaa bu filmi çok merak ediyorum diyince erkek gidelim aşkım demek zorunda:);Neutral
sevgili terk etmesi değilde halısahaya gelen;Neutral
Hayat bazen yağmur yağarken ışıkları kapatıp çayını alıp müziğini açıp pencerenin karşısına yayılmak;Neutral
17 yil sonra bir süt kardeşimin olduğunu öğrendim, duygusal anlar yaşıyorum şu an bi sn;Neutral
Güldürmüyor ağlatmıyor kimse senin gibi;Neutral
sevgililerin cani cennete cunku cehenneme kombine aldim onlarda gelirse mevzu cikartirim »»»»;Neutral
Kimse sinirli bir kızdan daha hızlı mesaj yazamaz.;Neutral
Az önce bir fotoğraf paylaştı @ Hamzabey sahilleri http://t.co/AjwEFeHqGm;Neutral
İnsan sarıldığına değil, deli gibi sarılmak isteyip sarılamadığına aşık olur.;Neutral
Yazdığınız cümlenin sonuna bayım yazınca daha cool olmuyosunuz bu konuda bi anlaşalımda;Neutral
Mutlu olamıyorsanız birde Bursaspor'lu olmayı deneyin.;Neutral
Hayatımda ilk kez ders çalışırken uyuyada kalmış bulunmaktayim;Neutral
Ulan hikayenin devamini getiremiyorum daha fazla yazmicam ne amk ben bile 2-3 kol bulurum ona;Neutral
Senin değilde olmayışının benim üstümde hakkı var;Neutral
Sadece iki günüm mü kaldı ??;Neutral
Az önce bir fotoğraf paylaştı @ Mecidiyeköy Cevahir http://t.co/fOJ2C5XC95;Neutral
Bayide elektrikler gitti mum ışığında kolon dolduruyoruz kesin tutacak hafız .;Neutral
Ben göğüsüne yatarken öyle derin nefes alma..;Neutral
Karşıdan yaşlı adam geçiyor.;Neutral
Lazların asker eğlentisi ne güzel oluyor muş :DDdDD;Neutral
Misafirlerden evde oturcak yer bulamıyorum ????;Neutral
"Hayat; nefes aldığımız anların toplamından değil, nefesimizi kesen anların toplamından oluşur.";Neutral
Beşiktaştamı içsek kadıköydemi;Neutral
Kebap,ciger,şalgam #DELLEN (@ Zeynel Ocakbasi) https://t.co/NT8kaFRAcX;Neutral
Artik hep yemek yemek istiyorummmmm;Neutral
Uyku ve Yemek http://t.co/yMoBpCG2YS;Neutral
Bayide elektrikler gitti mum ışığında kupon yapıyoruz kesin tutacak hafız .;Neutral
Merak etme , anlıyorum dediğin zaman anlamadığını çok iyi anlıyorum ben.;Neutral
Kahve stoklarım hazır :)) (@ Metro Toptancı Market - @metrotr in Ankara) https://t.co/8jYWIp7FEX;Neutral
Cansel hocanın bakışları ödevleri yapın der gibi gibii http://t.co/PDt3VsLAb2;Neutral
Toplayın bavullarınızı,kalplerimize dönüyoruz...;Neutral
Chelsea - City maçında beraberlik kokuyor gibi;Neutral
Eve geldim.. Uğurlu geliyor ev de izlemek:);Neutral
Çok açızzz çokkkk ??ahh ulan servisci Memo ?? (@ Lider Kokoreç in Bursa) https://t.co/OtYDugwrVw;Neutral
Şahine 8 kişi binen insanlarız biz.;Neutral
Antrenman çıkışı, ne özlemişim be?? (@ Nazilli Lisesi w/ @sayakisiklias) https://t.co/wx5WrFfbGk;Neutral
Dükkanda doğum günü özçekimimizden bir kare#abican#arif#hasan#tusibaba# @ Katli Pazar Adapazari http://t.co/KK5Nig1Acq;Neutral
Malatya'da Hatay sofrası deneyelim dedik ?? (@ Taş Saray Hatay Lezzetleri) https://t.co/4bvDzmP3E7;Neutral
Şudur benim en beğendiğim meslek, sözüm odun olsun hakikat olsun tek.;Neutral
Ask moda arayani arayalim.;Neutral
Çanakkale de yokluk içindeki yurdun,yine yokluk içindeki aslanları zafer kazandığ için bugün bu vatan üstünde rahat uyuyabiliyorsun ey çocuk;Neutral
İnceldigim için sevinmelimiyim kemerim olmuyo yeni kemer alcam diye üzülmelimiyim ?;Neutral
Tek basina ?????? (@ Bulvar Caddesi) https://t.co/mrFQxhsYl5;Neutral
Sana gülüm demiştim o Gül soldu :((!!! #CehennemYükseliyor;Neutral
Şehirlere sığmayacak acıları küçücük odalarda çekiyoruz;Neutral
Bazen yalnız kalmak iyi gelir;Neutral
Umrumdami sandin bu dunya;Neutral
Yan be abisi ?? http://t.co/GJ7R7DGulZ;Neutral
Bu saatte uyanmak.;Neutral
Sabah 4-5de de yatsam kalkacagım saat maksimum 11;Neutral
Sevip de görememeye dayanabilir misin?;Neutral
Antalya trening camp #acs #soustredeni @ACSparta_CZ;Neutral
Şu an hayatımdaki en büyük heyecan falcı bacıdan fal yorumu bekliyor olmam..;Neutral
Zamanı geldiğinde herkesin gideceği ayrı bir yol vardır.????;Neutral
Enisteyle karşılıklı içelim dedik (@ Irmak Villaları) https://t.co/JLD5IoYasG http://t.co/vRf0AWCoSE;Neutral
"Namaz kılarken annem sesli bir şekilde “Allaaahuuuekber"" diyorsa bu yemeğin altını söndüre delalettir.";Neutral
Takımım yenilince mac sonrası programları izlemek ise fobilerim arasında yer alıyor.;Neutral
Foto çekilirken neden peynir denilir hala anlamış değilim ??;Neutral
"""Konuşsam tesiri yok, sussam gönül razı değil...""";Neutral
Sene 1940 tabi siz yoksunuz bende yokum anlatacak bişey de yok zaten, hadi eyv;Neutral
Alt tarafi metrodan icince ruzgardan raylara dusuyordum cok esmiyor;Neutral
"Suphi Nejat Ağırnaslı'nın Kobane'ye gitmeden evvel yaptığı çevirisiyle ""Kapital Kompakt"" çıktı. http://t.co/GEuXKtaGxI";Neutral
"Kızlar ofsaytı anlatıyorum;";Neutral
Az önce bir fotoğraf paylaştı @ Gülhane Park http://t.co/BaC0IHYtki;Neutral
"Nooolur biri bana frambuazli pasta getirsiiin noooluur ;(";Neutral
Aslında şu anda şarap içmek için geri sayımdayım.;Neutral
Icli köfte candir??;Neutral
Bu aralar kendimi mutfak Robotu gibi hissediyorum yeminle. ..:/;Neutral
Az önce bir video paylaştı @ Ülker Sports Arena http://t.co/LQGSPoWjqU;Neutral
Insanin guzelligi gözdedir. ?;Neutral
bugün bi yıllık hapsırdım heralde;Neutral
Zara konseri ?? (@ Atatürk Spor Salonu) https://t.co/bFQYsh2G9U;Neutral
Son Sezon;Neutral
Ertelemek, yaşamın mayasını kaçırır. Kızdıysan bağır, sevindiysen söyle, özlediysen arkasından koş.;Neutral
Elifimin sözü ?????? (@ Elif's home ??) https://t.co/n5u5N4SlDs;Neutral
baş ağrısı diye bişey var beni benden alıyo;Neutral
Az önce bir fotoğraf paylaştı @ Güzelyalı Mado http://t.co/Jm76ikfaCj;Neutral
Maç hazırlıkları ???? (@ Side Tenis İhtisas Klubü) https://t.co/ufc163XIPW http://t.co/9ZNjGV48I8;Neutral
Su an tek istek eve gidip uyumak.;Neutral
Pandam gelmiş ?? (@ High Out Dart Club in Bursa) https://t.co/jxP894lxzv;Neutral
İzinliyim yarinnnnnn http://t.co/drqnxzqGpB;Neutral
"ben kimden bu kadar büyük beddua yedim acaba; instagrami olan baba, swarmi olan anne, whatsappi olan teyze?";Neutral
İyisin tabii falan yok tatilin bitmesine 8 gün kaldı ??????;Neutral
"Birinci karşılaşmanda'""Ho ;""demeyı bileceksin.....;;;;;; http://t.co/5hVx76x6LL";Neutral
Caycumasporumuz4 cates 2. Alaplı 2 Kilimli 2 Kilimli bizi el yordamıyla yenmiş dediler;Neutral
Yabancılardan korkmayın bizi bitirenler hep tanıdık;Neutral
Tumsiad 6.Genel Kurulu #tumsiad #genel #kurul #istanbul @ Lutfi Kırdar Kongre Merkezi İstanbul Film… http://t.co/mPfUl2x9RG;Neutral
Gece icin hazirlanmaya baslayalim (@ özgenler malikanesi) https://t.co/fSwhlroSeK;Neutral
Yağmur düğün'de :) http://t.co/CIByecsI2f;Neutral
Sonunda elimdesiin?? http://t.co/UAKr7gbm5e;Neutral
Az önce bir fotoğraf paylaştı @ Petek Sahil Cafe / İskenderun http://t.co/0Xyw2wajTp;Neutral
Az önce bir fotoğraf paylaştı @ Beyoğlu / Taksim, İstanbul http://t.co/yb5qJkujKX;Neutral
Yemek zamanı..... (@ DoubleTree by Hilton Istanbul Avcılar - @doubletreeavc in İstanbul, Türkiye) https://t.co/3zQ7gZTWeX;Neutral
Az önce bir fotoğraf paylaştı @ Rumeli Çikolatacısı http://t.co/aUm4VgUIH6;Neutral
"Şeyh Bedrettin'in ""Yarin al yanağından gayrı herşeyi paylaşalım"" dediği topraklardayım..Fenerin maçını bekliyorum.. http://t.co/iuwfo4Hv6X";Neutral
Yarin kızlar partisi;Neutral
Aşk sana benzer ????????????????????? (@ Festiva Outlet in Uşak) https://t.co/NHSNwFlfil;Neutral
Hep aynı şeyler;Neutral
kalp dönmüş filistine;Neutral
"""@Sipsevdi: Aşk; onu koklayarak öpmektir.""";Neutral
Koç atasözü: Bana fark etmez.;Neutral
Aksam yine Sek var. ??;Neutral
bu nasil bi yangın , bi tek ben tutuştum.;Neutral
48 kiloluk halimle Bahcesehir sartlarinda yasamim uzun surmeyebilir;Neutral
Dursun Zaman Yada Gitme.;Neutral
Bir umutla beklediğim en güzel yarınsın... @SerkanOzel_ @SerkanOzelKitap @yazarserkanozel http://t.co/xu4zc8aYwB;Neutral
Az önce bir fotoğraf paylaştı @ BistroKafe http://t.co/Z8jVnEiwAz;Neutral
Hadi hep beraber Ali Alkumru beatleri dinleyelim;Neutral
Ama renkli gozlu erkek sevmem. Sarisin kizdada maviyi severim;Neutral
Başkasıyla çıkıyomuş.;Neutral
Pijamasını yere doğru çıkardıktan sonra ayağıyla yukarı fırlatıp eliyle havada yakalayanlar derneği.;Neutral
E-6 da simit,poğaça satılmasıni anlayabilirim.ama neden muz? Neden bi mandalina değil de muz:);Neutral
"babaannem vefat etmiş babasına bile hâlâ ""ağam"" diyor.";Neutral
Lidyalılar M.Ö. 700 Ler'de parayı bulmuş.;Neutral
Siyah özel insanların rengidir.;Neutral
"Seversin ; çünkü kış ortasında baharı yaşatır";Neutral
Alkol ve Lig TV maç yanınımız başlamıştır (@ İsabet Mangal Pasaport in İzmir) https://t.co/SQsZkH6cQb http://t.co/TWhChpMJcg;Neutral
Vedat beye fiş getirin.;Neutral
Yaşadığın şehirde hergün yüzünü görme ihtimalin olan sevdiğin insanlar var.;Neutral
Bir doğum günüsü süprizi seziyorum sankiii????;Neutral
Fenerbahçe maçının hazırlıkları son hızla devam ediyor. #sontopakadarseninleyiz http://t.co/TWlMMlyFye;Neutral
Yine ağlamaktan gözümün aktığı saatlerdeyiz mrb;Neutral
Deluxe odalarımız modern ve zarif bir dekorasyona sahiptir. #hotel #ramadasisli #istanbul http://t.co/lhfEn9XCwh;Neutral
Kahkahalarla gülerken gözlerim doldu. Bıraktım kendimi, ağlarken yine güldüm. Sonra kahkaha atmaya başladım. #BanaMasalAnlatma @burakaksak;Neutral
Topuz kafalı sağ kanat hakkında güzel konuştu sow oynıcaksa Alperi çıkarma Emenikeyi çıkar;Neutral
Az önce bir fotoğraf paylaştı @ Rotisserie Noir http://t.co/C8IoCrK9fq;Neutral
Denizde ki dalga üstümüze geldi be;Neutral
Otobüste uyuklamak neymiş bugün onu da öğrendim bunların hepsi yorgunluktan????;Neutral
Az önce bir fotoğraf paylaştı @ Bornova Anadolu Lisesi http://t.co/9Lp3oZQouv;Neutral
anneannemlere de geldim ????;Neutral
Ask sana benzer... (@ Cinens Sinemaları in Manisa, Türkiye) https://t.co/TADs5nFasQ;Neutral
40 yılda bi insan geçen mahalle ben dilenci gibi ekmek almaya çıkınca İstiklal Caddesi'ne dönüyo amk;Neutral
Avcılar ilçe GK kongresindeyiz (@ Okyanus Koleji in İstanbul, Türkiye) https://t.co/fYUGCPfnld;Neutral
"Benim olanlara kelebek konduruyorum ;) biri benimm diğeriiii ... @ Num Num http://t.co/OkOnBVhM7F";Neutral
Melisime alısverıs yapıyoruz?? (at @Optimum_Outlet in İstanbul, Türkiye w/ @melishaniim @ssametsaygili) https://t.co/JRYPcuGgYn;Neutral
Yarın Çok Uzun Birgün Olacak ..;Neutral
Bi türlü kopamiyorum burdan ?? (@ Güzelbahçe in İzmir, Türkiye) https://t.co/kFVTd2uQ7b;Neutral
Daha 13 gün olabilir olsunn??;Neutral
İşte öyle ya http://t.co/qc30Fkz5Nl;Neutral
Su real gibi barca gibi bayern gibi domine etsek lig maclarini ya.tmm onlar daha guclu ama lig rakipleri de zor.bizim harcanan para da az mi;Neutral
kafa dinliyelim biraz.. (@ Arsin-Gocaba Köyü) https://t.co/v59ntuiEkv;Neutral
Yolculuga hazirlik :) (@ Unal's home in İzmir) https://t.co/XnnSQ9qZZt;Neutral
sahil kesmedi burdayız. (@ Ayı in İstanbul, Türkiye w/ @alperennaksoz) https://t.co/dN6QwBzJ9f;Neutral
En çok da annemin yemeklerini özlemişim;Neutral
Geel yanıma sar beni bugün var yarın yokuz;Neutral
Yemek fotograflarının altında 'tag your best friends' yazısını goren ozge http://t.co/fuKLMpo7S4;Neutral
Hortum çıksada uçsak;Neutral
Bu gece kalbim sana emanet ??;Neutral
İnsan evde tek kalınca yemek yerine sanat eserleri yapabilir ?????? inş ölmem ??;Neutral
Tweet atmıyor olmamız Twitterda olmadığımız anlamına gelmez. Okumak daha zevkli.;Neutral
Saatler sonra sonunda varabildik ya ?????? (@ aydın izmir yolu) https://t.co/peIfctvixx;Neutral
Kaybedenlerin inandığı bir din kursam açık ara tanri olabilirdim.;Neutral
5-8 subatta istanbul feshabede acilacak olan 'mardin kamplarindaki Ezidîlerin portreleri' isimli ilk fotograf sergime herkesi beklerim..;Neutral
"""Ne geriye bak kızgınlıkla, ne de ileriye korkuyla! Sadece etrafına bak; farkındalıkla."" James Thurber";Neutral
İnsanda önce şans olacak;Neutral
İlçemizde mahalle temsilcileri ile seçime dönük çalışmaları konuştuk. http://t.co/gv9GHpwqFg;Neutral
Sevistigin adam işlediğin günaha değmeli;Neutral
Kahve cenneti şiş kebap sadece 12 tl (@ Kahve cenneti in Adana, Seyhan) https://t.co/rTZhQrlJ6P http://t.co/1zFnu2OXLO;Neutral
Klimanın ağzına bulaşık deterjanlı su koyup odayı köpüklü baloncuklu parti ortamına sokacağım tam bir organizasyon dehasıyım party hard;Neutral
Maviden geceyi , çaydan şekeri ?? http://t.co/TtHJTLDOmR;Neutral
Kirpiklerine salıncak kurucam;Neutral
anasayfaya yağmur yağıyor.;Neutral
Aslında her şey masum küçük bir öpücükle başlıyor...;Neutral
Biz bu saatlere yorgunluk diyoruz??;Neutral
Mesajıma cevap vermemesi de şov bence.;Neutral
Bu liverpool böyle giderse elenir beşiktaşa bütün yeteneksiz adamları toplamışlar bi sterlingle strudge var;Neutral
Insan omru boyunca hic kavusamadiginin pesindedir. Aşık oldugunu falan sanar ama o gidenin boslugu hic dolmaz.;Neutral
İnsanın bir an önce eve gidip devam etmek isteyeceği, özlediği, yarım kalmış bir kitabı olmalı :) hadi ben kaçtım;Neutral
Ömrüm ya metroda ya da 500T'de geçiyor.Doğuştan seferi bir Mert var bu topraklarda hahahaha:) @… http://t.co/FnJJyubAAU;Neutral
Bu kalp atışlarım ne olacak peki ....;Neutral
Sevgilimle birbucuk saat konustuk bir gün görmesem özlüyorum ??;Neutral
Vay be ne gundu yine hicbir sey olmadi;Neutral
Dem bi dokun tenime değsin elin ellerime;Neutral
Bir opelcinin halinden opelci anlar ?? (@ Topkapi Oto Sanayi Sitesi in Istanbul) https://t.co/yvV9j98zOx;Neutral
"""@gizemkkd0: Deryayla neden bu kadar uzak yerlerde oturuyoruz ?!? Biri bana bunu açıklamalı . ben deryayı özlediiiiiim"" @DeryaDemiirer";Neutral
2 gündür yokum cok özlediniz dimi beni hahah biliyorum;Neutral
Yaralarından öperim. Geçmeyecek olsalar bile. Seni sevdim,yaralarını da severim. Sende,senin için parçalanmış göğüs kafesimden öp.;Neutral
Bir 52 Evler klasigi.. :) @ 52 Evler Et ve Balık Lokantası http://t.co/E7DKNp71Hx;Neutral
Memlekete gitmeden once konyadaki son saatlerim ?? (@ 13/6 Gece Klübü in Konya) https://t.co/KxfGkTRdeT;Neutral
Bakınız falimdan zengin koca cıktı kalbimin ritmini degistiren beyde zengin kesin tru lav ????;Neutral
Hayatımda kafa dengi insanları istiyoruum;Neutral
Aşk yemini. .;Neutral
5 dakika sonra mihrikomun yanındayım??;Neutral
Adam dediğin kadına dokunmadan seven ve dokundugunda namus gözüyle bakandır.;Neutral
Sevdiceğimin söylemiş olduğu bazı özel cümleler var hepsi hafızamda film repligi gibi. Seneler önce söyledikleri bile :);Neutral
"Benim olanlara kelebek konduruyorum ;) biri benimm diğeriiii ... @ Num Num http://t.co/5vTe5R9hYN";Neutral
Zaman tam şuan bir hafta geriye aksa;Neutral
Abimin gitar konseri verdiği saatlerdeyiz??????;Neutral
Az önce bir fotoğraf paylaştı @ The Anatolian Hotel - Gaziantep http://t.co/O0ORcIBnKY;Neutral
Beni kuzum Datça'ya gömün... @ Datça Marina http://t.co/0lmdzXdkDO;Neutral
"Onümde durup ""senin kalbine giden yola nasıl gidebilirim"" demese iyi cocuk aslında.";Neutral
Sevdiğimiz kadar sevilseydik, sevdiğimiz kadar sevinirdik.;Neutral
Geçen yine şişmanız @KTBLK http://t.co/iG35VbQ22s;Neutral
"""@jj_aygun: Selamet, muhalefeti ve ilmin, ayrılmayı gerektirdiği şeye girmeyi terketmek suretiyle selameti arayanın arkadaşıdır.";Neutral
Hmm demek yemekte ve sarma ve manti var;Neutral
burcunuzu yazin rt atiyoruz;Neutral
Uzun saçlarımı sevdiğin için kestirdim kimse dokunmasın diye ??;Neutral
Ya herkese hiç kuşkusuz cevap veren babanem bana gelince telefonu dedeme veriyorsa ben olmuşum ??????;Neutral
Sen geçerken sahilden sessizce gemiler kalkar yüreğimden gizlice;Neutral
Az önce bir fotoğraf paylaştı @ Mecidiyeköy Cevahir http://t.co/PjJgSEnyeT;Neutral
Şarzı makinesini halamlarda unutmusum arkdslr;Neutral
Zeynepsiz bogazimdan gecmesede su anki en guzel sey shottt <3333;Neutral
Rizeye aşığım laz uşağından dolayı ??;Neutral
Bana 1 litre felix felicis verseler ancak şans olarak ortalamayı yakalarım gibi;Neutral
Ne olur ne olmaz dur dedim, gitti. http://t.co/WrSZf6FBCe;Neutral
ne güzel diyetler bunlar @cansumeryc (@ Léone Patisserie & Boulangerie in İzmir Province) https://t.co/r2CXCgLYBa;Neutral
Nereye gitsem hastanede kalmadan ayrılamam bu şehirden;Neutral
Ben bunu 2. yazıyorum TV8 olursa Bu Tarz Benime,3 Adama , Hülya Avşar'ın programına falan katılır çünkü ilk Kaçak Gelinler oraya gittiğinde;Neutral
Dışarı çıkıcam uçucam diye korkuyorum??;Neutral
Sanırım lodos bizi uçma hayallerimize kavuşturacak (@ Kapalıçarşı | Grand Bazaar in Bursa, Türkiye) https://t.co/0AqGabZEUR;Neutral
İşler güçleer (@ SOLMAZ PHOTOGRAPHY) https://t.co/tBfmXFjMij;Neutral
Pazartesi bizim kızlar ???? http://t.co/QcPd82EHbw;Neutral
Koye gidince farkettim;Neutral
Gece aynanın karşısından koşarak geçtiğim doğrudur.;Neutral
Hesap gününde beni ana babamı tüm müminleri bağışla;Neutral
Sonunda geliyosun ya kalbim yerinden çıkıcak nerdeyse??;Neutral
O değilde benim behzat C.m geldi yine. Acil icmemiz lazim;Neutral
"Hep mi kiz günü yapcaz bu seferde kiz gecesi yapalim ;) (@ Sarıgüllük Mahallesi in Gaziantep, Türkiye w/ @ulasseda) https://t.co/4i8HaSbV3W";Neutral
Bu rüzgarda uçmadan eve gidebilecek miyim acaba;Neutral
Yıldız tilbe beni neden retweetlemiyor he neden sıkayım mı şimdi kafama ????;Neutral
Az önce bir fotoğraf paylaştı @ Erenköy (İntepe) http://t.co/mYCm450aPm;Neutral
Aşk Sana Benzer... (@ Sancakpark Sinemaları in Istanbul w/ @olcayaksakal) https://t.co/zskLF8W3MB;Neutral
Evli kadınların instagramı: kocam, kocişim, kocam ve ben, kocicim, kocam kocammmmmmm;Neutral
Ünan ailesinin gelini ???????;Neutral
Tatil dediğinin canını değil tadını çıkartmalı.. #MundoPub #bakırköy #Bomonti #butatilbirharikadostum… http://t.co/0IaCTHk5md;Neutral
Mükemmel olmak zor , Sevdiğin kişininde öyle , önemli olan birbiriniz için mükemmel olup olmadığımız ..;Neutral
O kadar şey yaz atasözü ile cevap versin, muazzam;Neutral
Ya benim hayatıma güncelleme falan geldi de ben indirmeyi mi unuttum acaba ?;Neutral
Hadi bu akşam meyhane yapalım.;Neutral
Fırtına falan dinlemeyiz gezerizzz ?? (@ Airport Outlet Center in İstanbul, Türkiye) https://t.co/Ixj0ftRFSq;Neutral
""" Yani soluk soluk bu kez yaş bu tahta """;Neutral
Evdekiler nerde amk;Neutral
Tevbe zikri Buyurun Dostlar;Neutral
ipek şal'a 100 lira veriyosan iğneyede 1 lira vericeksin o boyun gözükmiyecek .;Neutral
Allah insanı dış görünüşümüze göre değil kalplerdeki iman ile sorguya cekıcek..;Neutral
Hazırım ben. Step başlasın :) (@ Sports Life&Fitness club) https://t.co/LVIKj3OOqd http://t.co/WgktvMzHAF;Neutral
Son 15 dakika #fenerbahçe;Neutral
Aramızda kalsın, ben çok özlüyorum.;Neutral
"Yok mu bir kahve ısmarlıyan ;)";Neutral
Şu hayatta en çok sinirimi bozan şey Mario'da benim geçemediğim bölümü arkadaşlarımın geçmesi olmuştu.;Neutral
Az önce bir fotoğraf paylaştı @ Harem Ferıbot http://t.co/Z6HT8NoLYa;Neutral
Nişan mı? ?? ?? (@ Safa Dershanesi) https://t.co/o3qCr4VL3d;Neutral
Bursaya dönüş..:);Neutral
Mucize izlemekte (@ atirus AVM sıneması) https://t.co/PVIyCF1RcE;Neutral
Valiz hazirlarken okulu birakmayi bile dusunebiliyorum bazen ??;Neutral
Gözümün Yarısı nerde ya açıların kadını müzeyyen gibiyim ?????? http://t.co/hZI58c7Cuj;Neutral
Üyemiz sezer hanımı amaliyat sonrası;Neutral
Evinde ziyaret ettik http://t.co/RyKzKOWMCZ;Neutral
Kuzenciim gelmişş ?? (@ Değirmendere Sahil in Kocaeli, Türkiye w/ @oyydaglaar) https://t.co/LtyVlg0jDI;Neutral
Düğüne geldikk :) (@ Sultan Sarayı in Elazığ) https://t.co/OpvNHmHL4p;Neutral
Kızlar kapşonlu erkeklerden hoşlanıyo diye ülke assassin creede döndü;Neutral
Tek hayalim sensin;Neutral
Sabahtan beri geziyom aq;Neutral
Evim evim güzel evim ?????? (@ YILDIRIM Malikanesi..) https://t.co/Wk2jkY2XNy;Neutral
": Ertelemek, yaşamın mayasını kaçırır ; Kızdıysan bağır, sevindiysen söyle, özlediysen arkasından koşmalısın .....! http://t.co/58HvJy3zVZ";Neutral
Az önce bir fotoğraf paylaştı @ REVEL http://t.co/1xdcjtplx1;Neutral
'Çilekli bahçem olsana ????;Neutral
Vaay demek yarın maça beni götürüceksin;Neutral
Iyi kiz kesmeleer;Neutral
Mehmet özer isyan adlı şiiri bugün öyle bir okudu ki içimden bi şeyler koptu gitti;Neutral
Mevzu derin (@ Ihlamuraltı Cafe in İzmir w/ @mustolar) https://t.co/8MQLMDHALk;Neutral
Özledik ama @KeremBursin gelmiyosun;Neutral
arkadaşlar birazdan tahsin benim ağzımı burnumu kırıcak;Neutral
Ben böyleyim kendi yolumdaa #np Athena - Kendi Yolumda;Neutral
sebastianla konuşan herkes şizofrendir değil mi sebastian;Neutral
Artık tamamen gelmiş bulunmaktayım (@ Selçuk in İzmir, Türkiye, Türkiye) https://t.co/rU2GVqAabX;Neutral
Işe başlayinca babamin sevinçten nasil bütün çalişanlarini yemeğe çıkardığını, ilk terfimde yemek ısmarlayınca nasıl sevindiğini hatırladım.;Neutral
Cumartesi akışını durduramıyorum çok hızlı geçiyore (@ Mihmandar (Ensar) Lokantasi in Istanbul) https://t.co/nxmRCEEv64;Neutral
Galibiyet serimiz 7 maça çıkmalı.;Neutral
Tuzla istikamet.. (@ Boğaziçi Köprüsü in İstanbul, Türkiye) https://t.co/9sylePQVMG;Neutral
Mesaj atsammı la acaba .d;Neutral
Aşık olamıyomuş daha düne kadar yanayomm diyodun;Neutral
Uçuyoz yalnız (@ Urla in İzmir, Türkiye) https://t.co/Ql7N1fv5hr;Neutral
Samsungu iphone yaptiktan sonra Fenerimi bekleyebiliriz. (@ Tuğra Nargile in İstanbul) https://t.co/FgAY7GUgk9;Neutral
Ya artık İzmire gitsem diyorum;Neutral
HEPAR, %10 seçim barajı nedeniyle, 07 Haziran 2015'te yapılacak genel seçimlere bağımsız adaylarla katılacaktır.;Neutral
Bizim ev komedi dükkanı der susarım ??;Neutral
Lodos karları eritiyorsun yapma .;Neutral
Biri köfte mi dedi (@ Köfteci Yusuf in Bursa, Türkiye w/ @busraademiirr) https://t.co/kAyAD6vz1j;Neutral
Sevgiline neden bu kadar baglı olduğunu anlamamak zor olmadı koçum be ?? karşılıklı yapılan işler bunlar ??????????;Neutral
Ha ıssız bir adaya düşmüşsun ha e-6 da trafikte kalmissin! Adayı aratmayacak tüm unsurlar mevcut. Muz bile!;Neutral
Yana da bilirim söne de bilirim ??;Neutral
Seni almama son bir bucuk senecik kaldı http://t.co/asLRuxpEVN;Neutral
Ve sonunda gelebildim ?????? (@ FSM Köprüsü Gişeleri in İstanbul, Türkiye) https://t.co/tvYfHY2BqW;Neutral
Bugün öğrendim.;Neutral
Kısa tutalım son sözleri,sevemedim vedaları...;Neutral
Bütün gün evde yatıp yine de yorulabilen biriyim;Neutral
bu şehirden taşınmalıyız baba;Neutral
çakmağı kafede unutmuşum hay aq;Neutral
Evde yaptığım hiçbir şey yok odaya geç ya otur ders çalış ya müzik dinle . Sıkıldım artık;Neutral
Hayatımın denge unsuru oymuş meğerse,her şeyin yeri şaştı dünyamda. Kendimi bile bıraktığım yerde bulamıyorum.;Neutral
Bi kizla 8 ay çıkmanın bana öğrettigi tek şey yeni bir makarna sosuydu :D http://t.co/71hKTuVKkn;Neutral
Şimdi bi uyusam cesedimı alırlar;Neutral
Ben yine sıkıldımda bugün http://t.co/PdHgckTOqr;Neutral
Zııııın zın zın zın;Neutral
"Aslan Mutlu ederseniz mutlu ederler. Canını yakarsanız o da sizi yakar. Onunla ilişki basit ve özdür. Verdiğinizin aynısını alırsınız..""";Neutral
Fotoraflar ve videolar gitti. Geriye hayatımı yaşamak kaldı ????;Neutral
Şu okullar açılmadan önce 8 günü daha yaşayayım da, ondan sonra ne kar kış altında kalalım lodos gelsin;Neutral
Az önce bir fotoğraf paylaştı @ Bilkent Hotel http://t.co/cd3mrlNg3n;Neutral
Cumartesi günü şapşirikliğii ??;Neutral
Zeki Müren eşliğinde çiğ köfte yapan bir aile. Sar bi üçlü brem.;Neutral
Akşam sporu (@ Dilek Sabancı Parkı in İstanbul) https://t.co/Tx3P8j2QhN http://t.co/p4VuFY9sYb;Neutral
Istermisin hissetmek gözlerini kapat bence;Neutral
Daha çok zayiflayacagiimmm;Neutral
Yani sen İstanbulsun ??;Neutral
Aspirine devam (@ sinekluh in Artvin / Yusufeli w/ @sekermustak) https://t.co/mOSZ7GRsbW http://t.co/wPjraEK0dM;Neutral
Ev çok eksinli ????????;Neutral
Bazen de yalnız kalmak istiyosun.;Neutral
17-18 kasım olmalı tarih @mimar_erhan;Neutral
Kapida bekliyoz yine (@ 222 Park Majha in Eskişehir, Türkiye) http://t.co/uSWvAow3wR;Neutral
Ben çevremde seviliyorum o bana yeter , para pul hepsi çözülür.;Neutral
Şu yaşamda en kolay iştir ölmek,asıl güç olan yepyeni bir yaşama başlamak;Neutral
Her balkona çıktığımda konuştuğumuz yeri görüp üzülmekten yoruldum taşınmak istiyorum bu evdeenn;Neutral
Okul kapandigindan beri hergun ya nurselle ya da iloslayim, yıldııım;Neutral
Doğukan Babası Barış Manço'yu Anlatıyor - 1 Şubat 2012: http://t.co/ZOAz9gNtUk;Neutral
Az önce bir fotoğraf paylaştı @ Kaptan-I Derya http://t.co/w0kave6tWv;Neutral
Çok geziyoruz çünkü neden gezmeyelim. (@ Denizli in Türkiye) https://t.co/kj67Tic9F9;Neutral
Canımız Yemek İstedi ?? (@ Kayseri Mutfağı in Bursa, Türkiye) https://t.co/jUIcLfjdbq;Neutral
Şimdi bütün gün üstüme yağmur yağıyor;Neutral
Elim kolum bağlanmış çöz diyemem ki ...;Neutral
Bütün kızlar toplandıkk ?????? (@ Adakule Evleri w/ @_hasretyyla @tambirkediii) https://t.co/zrBXOZnxFv;Neutral
Küçük şeyler insanı duygulandıran. Küçücük şeyler..;Neutral
Toplantılar toplantılar :) (@ Cakild's Coffee in İstanbul, Türkiye) https://t.co/jcH0Dfskj9;Neutral
Arada kafa dinlemek gerek ?? (@ Ufuk Cafe & Bar in Manisa, Türkiye w/ @mervecimbil @bernauyarr @kadiircicek) https://t.co/B7BvqM5xQH;Neutral
Gelecekteki kankimi şimdiden seçiyorum ??;Neutral
Misafir gelince montları yatak odasına götürmeyi ilk kim akıl etmiş lan;Neutral
"""Her şeyi hissedecek kadar yakın, bir daha hiç dokunamayacak kadar uzak.""";Neutral
şurda geçirdiğim zamanı dışarda gezerek geçirsem yerde bulduğum paralarla ev almıştım aq;Neutral
"Veee özlem gidermece tabi birazda alışveriş ;) (at @BrandiumAvm in İstanbul, Türkiye) https://t.co/HYCcMT0iNa";Neutral
Karam la göz göze akşam yemeği :D (@ Madame TERAS in Eskişehir) https://t.co/WoRZODwBmk;Neutral
Bir gülüşü var sanarsın vize konuları finallere dahil değil;Neutral
Yat yere yat yat yat;Neutral
Bolivya'nın dağlarında olsaydınız, gece gökyüzü böyle görünecekti. http://t.co/VrNCgvZcBO;Neutral
Gece de esiyor muş (@ Atakum Sahil in Samsun, Türkiye) https://t.co/EDPYDGDl1R;Neutral
Yok lodos falan etkilemedi yine gezdik biz :D;Neutral
Canım evim ya... Yatak bağımlısıyım o yüzden mutluyum...;Neutral
İlk okulda müzik korosundaydım;Neutral
Ya dün gece seni rüyamda gördüm...amk orada bile beni takmadı..;Neutral
Az önce bir fotoğraf paylaştı @ Anadolu Kavagi iskele http://t.co/1eZJET3wm1;Neutral
Bazen de yalnız kalmak istersin.;Neutral
Annem pizza yapıyo ??;Neutral
Burcuya dedim Mudanyaya gidelim otobusu ben ayarlarım dedi sanırım Kütahyaya gidiyoruz ?????? @burcu_sava;Neutral
Perde evin namusudur;Neutral
Yaşamak,çok nadir rastlanan bır şeydir.;Neutral
bu gün iyi gezdik ama çok iyi gezdik harbiden deli gibi gezdik;Neutral
Bir mavilik sarmış gülüşünü..;Neutral
Bu rüzgar seni bana getirir mi :Dd;Neutral
İstanbul iyi güzelde şaka maka dönmeye az kaldı ya bir iki gün ?? http://t.co/OfA8QrlozF;Neutral
Bu şehirden gitme vakti geldiyse.. (@ Istanbul Esenler Otogar) https://t.co/r9Hvmtq9NH;Neutral
Telefonu surekli elinde diye azar isitenler gelin bi sarilalim????;Neutral
Birisi sizi üzüyorsa, mutlaka mutlu ettiği başka biri vardır. Bu sadece bir erkek degil yakın arkadaşlarıda olabilir .;Neutral
"Peygamberimiz""Allah sizin dış görünüşünüze ve mallarınıza bakmaz. Ama o sizin kalplerinize ve işlerinize bakar."" buyurmaktadır.";Neutral
Rüzgarın sesinden korkan bi tek ben miyim acaba :((;Neutral
Ben diğerleri gibi değilim.Ne mavi kadar sonsuz,ne kırmızı kadar tutkulu,ne de beyaz kadar masum.Ben siyahım.Zifiri bir siyah.Ölüm gibi????;Neutral
Tekirdağ'a gelmişken geçip gitmek olmazdı. (@ Özcanlar Köftecisi - @ozcanlarkofte in Tekirdağ, Türkiye) https://t.co/k6ZcK6XIOJ;Neutral
Kokorec alan anne <3;Neutral
Bugün ılişkiler deki mutluluklar üzerine bi araştırma yapılsa sorunsuz olarak ilişki yaşayan kişiler muhtemelen iliskisi olmayan kişilerdir.;Neutral
Kulaklığımın eksikliğini en cok otobuste hissediyorum;Neutral
Annem çeyizime özel viski bardağı sakliyormus,ruh ikizim inşallah hacı çıkmaz;Neutral
Hayat kısa. Önce eğleneceğiz sonra ayna karşısına geçip, ağlarız.;Neutral
Belgesel izlemeyi küçüklüğümden beri sevmişimdir. Verin bana belgesel başından kalkmamm O;Neutral
"Köy havası bi harikadır ;) Ertugrul (@ Düvecik in Samsun) https://t.co/IZmItaADEk";Neutral
Gelsin ehliyet o zaman ??;Neutral
Ankarami özlemişim :);Neutral
Özledim ulan deyip sarılasım var amınakoyim;Neutral
Büyüyüp de çocukluğuna dönmek isteyen kaç kişiyiz? ????????#me #gülümse #smile #itsme #ankara… http://t.co/MFJrYftZAt;Neutral
Şu avea daki kızları tanıyan yokmu yav :D;Neutral
Dila cevap vermiyorsa diss atıyor demektir. Daha fazla sinir etmeye hiç gerek yok. Artık çok iyi anladım :D;Neutral
Gün Bayram olmasa da çok sevdiğimiz şekerimiz var bizim kardeş ya hiçte unutmaz getiririr teee… http://t.co/HjyX3NNRqn;Neutral
Patates kızartmasını bulan adam için resmi tatil olmalı;Neutral
Elbette sevmek güzel şey, ben de sevmek istiyorum lakin doğru insanı.;Neutral
Toplantı öncesi ailecek yemek zamanı (@ Cem Sultan Bedesteni in Kastamonu) https://t.co/kXBEPhAIO0;Neutral
Sen bensiz bende sensiz inan ki gülemeyiz;Neutral
Bugün hiç bitmeyecek sandim:-)?????? (@ Sezer's Home) https://t.co/0IAuxmha8E;Neutral
Babam daha demin battal gazi diye bi film izliyordu bende de kulaklık takılı birseye guldum filme guluyorum sandı;Neutral
Ulen sizin gizli gizli fotoğraflarınızı çeken biri oldu mu hiç..? :D yemin ediyorum enaniyet tavan yaptı.. :D;Neutral
Az önce bir fotoğraf paylaştı @ DİDİM / ALTINKUM http://t.co/wpdXTMm87H;Neutral
Özlenmek istiyorum, ama şöyle hadsiz hesapsız, deli divane... ama önce en önce... ama...;Neutral
O kadar çok keyfim yok ki bir keyif ancak bu kadar olmayabilirdi, baya iyi yok.;Neutral
cemre artık kitap okuma yether;Neutral
babam her geçen gün beni şaşırtmaya devam ediyor. markafoninin uygulamasını indirmiş ya napıyosun diyorum pantolon gömlek bakıyomuş hahah??;Neutral
eve gitmek istiyorum uykum geldi;Neutral
80 yaşındaki dedemin enerjisinin yarısı bende olsa şu hayatta yapamayacağım şey olmaz ??;Neutral
Bir gönül yapmak gelmiyorsa elinden, bari bir gönül yıkılmasın dilinden..;Neutral
İz bıraksak geçerken bize yeter..;Neutral
Film önerisi istiyorum?;Neutral
Klibi de güzel olmuş :)) #Hüsran #MustafaCeceli;Neutral
Bu şehri sevmek ezelden yazılmış kaderime, değiştiremem ki... http://t.co/hKu8T9qZhg;Neutral
Neyse test coziyim bari (@ Starbucks İç Hatlar in Istanbul, pendik) https://t.co/NTo8I8werK;Neutral
Deplasman Öncesi İdmanimizi Yapalim (@ FitneesLife Spor Merkezi) https://t.co/wmSi9nsnls;Neutral
Aydın Ü. Tiyatro Bölümü öğrencilerimin mezuniyet oyunu 3 Kuruşluk Opera bu akşam ve yarın akşam Black… http://t.co/xbsw9WbwIx;Neutral
Ağlarken sesim çıkmasın diye tuttuğum nefeste boğulup ölcem;Neutral
Hasret ve özlem bitti :) (@ İşözü Apartmanı in Yüksekova) https://t.co/ibDFER9P4m;Neutral
Misafirin çocuğu “Abi bilgisayar çalışıyor mu” dedi. Yok, “ev hanımı” dedim. O günden beri çocuk bilgisayarların yanına yaklaşmıyor.;Neutral
Ergene’nin bazı mahallerini ziyaret ettim,Muhtarlarımızla buluşup sohbet ettim. http://t.co/4tyGb6ldEz;Neutral
"6lıyı pas geçmesek köye gitmiştik.. Ki şu 11'in gelmeyeceğini hissetmeme rağmen tek atacaktım. Allah korudu ;) @insomnia034";Neutral
Hayvan gibi yediğimiz için oturduğumuz yerden kalkamıyoruz ????;Neutral
Whatsappta çevrimiçi oluşunu izlemekte aşka dahil mi?;Neutral
Patates salatasını bulan kişiyle ciddi düşünüyorum, bu akşam gelsin istesin;Neutral
en sevdiyim yemek brokoli¦¦¦¦;Neutral
Konu sen olunca konuyu bile kıskanıyorum.;Neutral
Taklit edilmiyecek tek şey cesarettir,;Neutral
nasıl arkadaşlarım var abv ya;Neutral
MSN'de titreşim yolladığımız günleri özledim.;Neutral
Film bittikten sonra cinsel performans arttırıcı reklamı cıkmıs babam bunları gencken izlerdik bunlarla buyuduk diyor;Neutral
Yaralarından öperim. Geçmeyecek olsalar bile. Seni sevdim,yaralarını da severim. Sende,senin için parçalanmış göğüs kafesimden öp.;Neutral
Önce herşeyi siyaha boyamak lazım. Sonra kurumasını bekleyip üstüne beyaz harflerle yeni hikaye yazmak. Buna unutmak diyoruz.;Neutral
Bütün gün evde oturarak sıkıntıma daha fazla sıkıntı katarak daha çok sıkılıyorum.;Neutral
Ben yanında kalemini taşıyan insanım.;Neutral
Rüzgarın uğultusunda dinledim kahkahalarını...;Neutral
Program öncesi son hazırlıklar... (@ Barbisos in İstanbul, Türkiye) https://t.co/X2uiluUBmA;Neutral
Her yerde sporrr :D (@ MACFit in Ankara) https://t.co/TTTUJzStQv;Neutral
Konuştuğun ve favladığın kızları şuraya oturtup insan gibi konuşabilirim... http://t.co/cq892jni4s;Neutral
Kelimeler... Çok şeyin anahtarları.;Neutral
Kardeş kardeş geziyoruz biz, rüzgardan dağılan saçlar #iznik #antigonia ????? @ Antigonia Cafe http://t.co/2NRx8QyEEs;Neutral
Sercan bugün sahada 30 numarali formayı giydi.;Neutral
İyi ki üzdüler. Büyüdüm, iyi olanı gördüm.;Neutral
Orda bir köy var uzaktaaaa..O köy bizim köyümüzdür..Araba da sıkıntıdan patlasam da orası karlı köydür...(yazarburadasıkıntısınıdilegetirdi);Neutral
Ilk mekanin gunahi olmaz (@ Snop Bar w/ @tunutku) https://t.co/TsBK5wvMeQ;Neutral
Bütlere girdim de geldim.Kırşehir'i arkada bıraktım da geldim.Duygulandım mı? Uykusuzluktan,… http://t.co/AaFcprISHs;Neutral
Valla billa tilla allah belamı versşn ki şurdan şuraya gitmek nasip olmasın ki ölümü göriyim ki bebek uyudu cidden bebek uyudu <33333111;Neutral
Hunharca gülesim var :D;Neutral
En iyi arkadaşlarımdan bazıları şarkılardır;Neutral
ne cok twit atmisim ulam ben;Neutral
Bugünde burger yedim doydum;Neutral
Bekle diyor sanki bana. Bende bekliyorum;Neutral
Hadi ben gidiyorum o zaman;Neutral
Az önce bir fotoğraf paylaştı @ ANKAmall http://t.co/JmrgFsjwyI;Neutral
"Bir kadın hakkında ""Benden sonra toparlayamaz"" diye düşünmeyin. Kadının 3 kez kuaföre gitmesi ve yapacağı 8 alışveriş sizi tarihe gömer.";Neutral
Gecen geceki rakidan sebep bogazim vefat. Pastil mi yutsam civiyi civiye mi söktürtsem karar veremiyorum;Neutral
Şekiller, şukullarr assjdjdjf;Neutral
Futbol,yüzme,voleybol evrime kafa atmak için gitmediğim kurs yok ??;Neutral
Hocalarımın facelerini bulup eski fotograflarina bakmak en buyuk hobilerim arasinda;Neutral
Anne kuşla gezmelerde:) (at @CapacityAvm in Bakırköy, Türkiye) https://t.co/Xz7hoD5h3h;Neutral
Bana kahve yapsanıza bee;Neutral
Boşa aşık olup üzmeyin kendinizi. Evlenmeyeceksiniz merak etmeyin :dd;Neutral
İki gündür son görülmeye bakmıyo gibi bişeyim kafam rahat ama aklım orda;Neutral
tarihten ezber yaptım suan kafam da ankara savaşını yaşıyorum;Neutral
Ben bebekken annem oynama elini kesersin dedi diye kestiğim elimi saklayan kızım, kızılcık şerbeti şahane yani.;Neutral
Rüyamda 10 tane ferrarim vardı, ama hepsine nasıl benzin alıcam diye ağlıyordum;Neutral
Çünkü gel. Çünkü gelmen gerek.;Neutral
çisimi tutuyorum ekşın yasiyorum arkadaşlar;Neutral
İyi dostlar biriktirdim, hepsi ailem oldu.;Neutral
Şimdi alışveriş zamanı (@ Carrefour Bursa AVM in Bursa, Türkiye) https://t.co/XKd2aDzhbT;Neutral
Karşılıklılı rakı içmemiz gereken konular var.;Neutral
Biz güzel' http://t.co/24nuGbIznp;Neutral
Kızlarımla Yemek zamanı (@ Kırıntı - @kirintirestoran in İstanbul, Türkiye w/ @simgeelves @gkc_grbz) https://t.co/e72isUSVWZ;Neutral
Kedi istiyorum diyorum başkada bişey demiyorum ??;Neutral
Çaprazda oturan kızı bu sandalyeye oturt diyenler FAV, ben gelip oturcam diyenler DM. http://t.co/CHUXn6gqiR;Neutral
Aklımın tek avuntusu herşeye çaredir zaman ??;Neutral
Ben kendime yeterim;Neutral
"Görüşmek istemediğim tipleri telefon rehberime ""sakın açma""; ""arama oç"", ""beni meşgule at"" şeklinde kaydedeli tam 8 yıl olmuş amk ????????";Neutral
Sessizlik nefessiz kalmak gibi.;Neutral
Loca statüsünde maç ve nargile (@ Nargil İ Zade Cafe -Elpare - @nargilizade in Istanbul w/ @tlgevcimen) https://t.co/Xf5J933i7C;Neutral
"Aşk; kadınları kuaföre erkekleri ise meyhaneye sevk eder ...";Neutral
Aşk diye birsey varmış siz gördünüz mü nasıl birsey.;Neutral
biraz bira biraz da şarap önceydi,;Neutral
Kaldır o öpülesi alnını ve bak bana. Aşkım sen kilo mu aldın ????;Neutral
ellerini tutmazsam gülüm yakarım geceleri;Neutral
Ooo toplantı varmış ???? (@ Sarıoğlu Malikanesi) https://t.co/jlkhITObdR;Neutral
Gzmeyeee gdiozz ki :F (@ Yenikent Tramvay Durağı in Eskişehir, Eskisehir) https://t.co/HuYflVezac http://t.co/fZ5TroMUBZ;Neutral
Birazda burda takılalım ?? (@ Gaziemir in İzmir, Türkiye) https://t.co/MTbR7OgQf1;Neutral
Ve hafta yatsı ezanı ile biter ??;Neutral
Ingilizce kursumuza gelmek ister misiniz sorusuna No diyerek nasil bir ingilizceye sahip oldugumu gosterdim sanirim ??????;Neutral
Waffle da yaparim kariyerde:):);Neutral
birazdan bu hayata sıkılarak veda edecekmişim gibi hissediyorum;Neutral
Sinirlenince bile görmeden tatlı olduğunu hissedebiliyorum;Neutral
Sahada basmadık yer birakmayinnnnn;Neutral
Sahip olduğum en tatliş şey ailem,baska kimin kuzeni elleri belinde ablasina neden önce sen doğdun diye hesap sorar ki? Çok sevyöm ??;Neutral
Kilo almak lazım Ahah ?? (@ HACIOĞLU HOME in Bursa) https://t.co/BPQCPOesmt http://t.co/TpW1NSlQIv;Neutral
Ben onu bunu anlamam bu çocuk yarın her türlü İSTANBUL'da! ??;Neutral
Fener'in maçı varr (@ Twitter'r Cafe in Kocaeli) https://t.co/p5pfpOiASj;Neutral
Taşkın BAHAR ????;Neutral
Ya ailemle benden cok konuşan irem online mi;Neutral
Evde kendi kendime konuşur oldum ya ??;Neutral
Neye yanıyım dediğim zamanlarda kendimi direk ateşe atarım ??;Neutral
Tam 75 gün sonra ??;Neutral
Bu aralar haberlerde hep pandalar var jaakdllffkdwdfn;Neutral
Benimle karşılıklı rakı içen sevgilim olsun, günahı bana yazılsın;Neutral
Vay be ne gündü, hiçbir şey olmadı yine;Neutral
Öyle bir sarılalımki, aynı kokalım;Neutral
Bugün son gece yarın vana dönüş (@ Magıc Life Jacaranda Imperial Side) https://t.co/EAH1XH7f05;Neutral
Bi yemek molası :) (@ Highway cafe bistro in Ankara w/ @ugurtemizer @1906tlg) https://t.co/OMN8Cnod0L;Neutral
İçimdeki fangirli ortaya çıkaran fotoğraflardan biridir. #WithinTemptation http://t.co/v4UB2bdf93;Neutral
Taytım şekil önümden çekil ??;Neutral
Bi kere çocuğun biri 3 aydır takipleşiyoruz ?? demişti ne diyeceğimi bilememiştim ahdfghh;Neutral
"Geziyoruz biz ;) http://t.co/R19WekVvbp";Neutral
"""Oturmaya mı geldik hobaa"" diyor fotoğraf :/ http://t.co/C7gzIFiW1f";Neutral
Bir nesil pigas' la büyüdü. @ pigas sosis barajyolu akbank sokağı http://t.co/aykz5aUQCI;Neutral
Haydi kalk gidelim bu şehirden,gün doğarken yada güneş batarken.;Neutral
Arkadaşlarla avm falan takılıyoruz :);Neutral
İşten çıktık gezelim biraz O?O? (@ Bağdat Caddesi - @kadikoybelediye in İstanbul, Türkiye w/ @gokhanbilen9) https://t.co/FCKPMwz8WU;Neutral
Benm yermede sev beklekletme hayati bu kadarina da raziysan yasa git kac kisi savunan sevdayi;Neutral
"Önümüz hep yoldur, Kat be kat açılan. Her yolun başka bir yola kavuştuğu yolculuksa dünya hayatı; hep bir şeyler eksiktir.";Neutral
Hatun doğrularıyla kabullenilmeyi değil, saçmalıklarıyla sevilmeyi ister. Kardeşim;Neutral
Ak parti Avcılar ilçe başkanlığı gençlik kolları 4. kongresini gerçekleştiriyoruz. @tepealiburak @mehmetgenc75 http://t.co/qXryDYIVkP;Neutral
İstanbulda son gün :)) (@ Big Yellow Taxi Benzin - @bigyellowtaxitr in İstanbul, Türkiye) https://t.co/OxvrjGpL0W;Neutral
Ben seni çok sevdim ya hemde çok niye bana bunları yaşatıyorsun;Neutral
Aslina bakarsaniz herkesden kaçmak tek niyetim ??;Neutral
Saclara elveda. (:;Neutral
Millet gezer ben hiçbişey yapmam asosyallik kanımda var demek ki;Neutral
Kardesim sen buna uglyselfi demişin ama bunu pp yapsan 70 like'i var uyandirayim yani;Neutral
şarjım bitmeden müzik dinlemek istiyorum lakin kucağımda tepsi var kalkmak zor + yemek yiyorum ve sarjım %6 kulaklık diğer odada hastayım;Neutral
Sira alisveristeee;Neutral
Lan bowlingte bir çocuk var labutları devirince bir seviniyor görmeniz lazım. Bana 50 trilyon çıksa o kadar sevinmem amk;Neutral
Biri mesaj atıp hayatıma renk katsın artık aq;Neutral
Hiç vazgeçtin mi, çok istediğin bir şeyden?;Neutral
Yorgunum dostlarım yorgunum,yorgun... (@ Gordion - @ilovegordion in Ankara, Türkiye) https://t.co/4tzQGtjZL0;Neutral
Şimşekler kadar etkiliydi haykırışların...;Neutral
UglySelfie'nin çirkin fotoğraf olduğunu yeni öğreniyorum ben suratsız fotoğraf zannederek öyle fotoğraf atmıştım neyse ingilizcem kötü değil;Neutral
Nasıl da özlemişim.;Neutral
"""Yağmurda birlikte ıslanmak da neymiş"" derken, bi şemsiyenin altına sığınalım demek istemiştim.";Neutral
"Bazı kişiIer, stres; bazıIarı ise neşe kaynağı…";Neutral
Senin ata rın da tipinde kendine sakla senin olsun;Neutral
Tatil bile demeye utandığım o tatil yeni Başlıyor;Neutral
""" Bir gülüşü var, kimseyi ilgilendirmez.""";Neutral
Bir parça huzur istiyorum ben. Bir parça sen. Bir parça kollarında dinlenmek istiyorum ben.;Neutral
Umarım büyük yalnızlık vurmamıştır kıyılarına.;Neutral
"o mükemmel değil, sen de mükemmel değilsin; asıl soru birbiriniz için mükemmel olup olmadığınız..";Neutral
Oğluşumla senfoniye geldik.. @ Ahmed Adnan Saygun Sanat Merkezi http://t.co/emjsQka7g5;Neutral
En güzeli ne biliyo musun? Kimseden bi beklentinin olmaması;Neutral
İnstagramda o kadar çok yemek fotosu beğendim ki artık yemek sayfalarıda beni merak edip takip etmek istiyolar ??????;Neutral
Bizi zaman yenecek ve anılar kalacak.;Neutral
Doğum günü kızıı ve kankasıı ????????? @ topal home http://t.co/8aEQSAoKix;Neutral
Bu akşam dışarı çıkma fırsatı yakaladım ay galiba heyecan yaptım düğüne gider gibi hazırlanmam lazım;Neutral
Sayfanıza kimin girdiğini hayranlarinizi ne yaptığını bu site sayesinde görebilirsiniz #TeşekkürlerTürkiye;Neutral
3 saattir ders çalışma ilhamı bekliyorum;Neutral
Yapmayan insan degisiktir be bilim Snapchat: gozluksuzsirine http://t.co/r2BzvvZKCK;Neutral
Bir tek sen vardın uykularımda...;Neutral
Açmamak için elimden geleni yapıyorum ?????? http://t.co/trnc9Bhbvw;Neutral
Maç sonrası yorgunluk atalım (@ ANKAmall - @avmankamall in Ankara, Türkiye w/ @siyahlabeyazla) https://t.co/voM43S9moC;Neutral
İyi akşamlar hepinize :) :);Neutral
Aşk sana benzer ?? (@ Prestige Sineması in Gaziantep, Türkiye) https://t.co/xXSbQUa2NR;Neutral
Bayadır gelmemiştik bi gelelim :) (@ Sortie in Bursa, Türkiye) https://t.co/6bVIkZUeUb;Neutral
bazen Karabüklü birini tanımak istersin;Neutral
Gerçekten sevince insan kırılsa bile kırılan her bir parçası ayrı ayrı sevmeye devam eder, sonra biter , parçalarını tek tek toplarsın.;Neutral
Bayern münich kadrosu sahaya çıkıyo;Neutral
Neyse çok duygusalim bugün 17 yıldan sonra süt kardeşimin olduğunu öğrendim, Sercanin berbere 30 lira vermesiyle bile dalga gecemyrm .s.s.;Neutral
Bonzai içmek adamlıksa ben süt çocuğuyum yazan çocukları mahalle maçına bile çagırmıyolar zaten aq :Dds;Neutral
Pırasadan güzel yemek var mı bee;Neutral
''Benim ailen senin ailen. '';Neutral
Sana demedim ama üstüne alınabilirsin;Neutral
Yeni eve geldiik;Neutral
Hangi şehirdeydin ?;Neutral
"Sevdigim kiz cok yalnizim dediğinde ben ; http://t.co/H0xNQgICx0";Neutral
Buluşup ayrıldıktan sonra telefonda konuştuğun insan ne denir? ?? ?? @BusraPinarcii;Neutral
Gol bekliyorum sizden @_selcuksahin @E29EMENIKE;Neutral
Siyaha bakan renkler.;Neutral
Herkes hocanın bir bildigi vardir diyor ben de öyle ama olası bir durum da herkes Josue konusunda saydıracak.Kimseye hocaya bir sey demesin;Neutral
Askimizi duvarlara da kaziriz?? eheh;Neutral
Her zaman bu mavi tiklere bakıp bakıp duracağız ??;Neutral
Allam yareppim sen nazar deydirme allaam http://t.co/UZyUFaVPd1;Neutral
Bir kızı istiyorsan birçok kızdan vazgeçiceksin.;Neutral
Olum ben islik calmayi ogrendim diye sevincten aglayan bi insanim bence beni uzmeyin ajsjsnj;Neutral
Hayatının ilk 30 yılını ailenle ve bir iş sahibi olmak için okuyarak geçir. Sonraki 30 yılda evlilik çoluk çocuk iş derken ailenden de kop;Neutral
Şu yollarda ayakta durdugumda topuklarimin agrisindan cektigim kadar baska bi seyden cekmedim;Neutral
avrupa yakasi sirinevler meydandayim misafirlerimi kendi evimde agirliyorum gecelik kaliyorum isteyenler bilgi icin arayiniz 05543505238;Neutral
200 maclik iddia bulteninden 3 mac bulamiyosak sorunu kendimizde aramaliyiz;Neutral
Ivananin bu kadar tas bi kadin oldugunu bilmiyordum. #yapisikkardesler;Neutral
Gitme vakti geldi.. (@ Bartın Otogar) https://t.co/Zz35biOOm0;Neutral
Tam olarak kaç kilogram ? @Yavuz61Selim;Neutral
Ben nasıl yarım saatte hazırlanıcam sırf ne götürsem diye düşünürken geçer o yarım saat. Niye böyle ani kararlar verirler anlamam ki;Neutral
Ufakken pazar sabahları mahallede yaptığımız maçları özledim be kardeşim;Neutral
sırf böyle havalarda uçmamak için mevcut kilomu koruyorum??;Neutral
Telefonumu şarja takayım bari elektrikler varken;Neutral
Direksiyon sınavınıda geçtiğime göre;Neutral
Ben aşk nedir bilmem. Bir seni bilirim, bir de adın geçince sıkışan kalbimi.;Neutral
Düğün öncesi firmaca toplantı ???? (@ WestMix in İstanbul) https://t.co/5J2Abz1WaC;Neutral
Ellerimle sarma da yaptıgıma göre iyilesmis sayılırım ?;Neutral
Ben bu hafta sonlarını saymıyorum yalnız. Hep 1 kişi eksik oynuyorum.;Neutral
haftasonunu degerlendirelim dedik sinemaya geldik uykum geldi amq;Neutral
Yaşamak isyemediğimin farkına varmak istemiyorum.;Neutral
Hiçbir zafere çiçekli yollardan gidilmez.;Neutral
Sana sarılınca biter sandim;Neutral
Girişimcilik ödülleri törenindeyiz. Eyüp'teki Bahariye Mevlevihanesi http://t.co/6RIas868wx;Neutral
Bu Akşam Nöbetçiymişiz ?? (@ BEŞİKTAŞ ORKİDE ECZANESİ in İstanbul) https://t.co/gxr6GeajAo;Neutral
Resmen aci cekiyorum. http://t.co/FB8xvf9ISz;Neutral
Yorgunluk kahvesi (@ Coffee'stanbul in Kayseri) https://t.co/HeMyN6xyMf;Neutral
Babam az önce bizim sülalenin bütün dişileri manyak diyip bağırmaya başladı, akşam birinizde kalabilir miyim?;Neutral
Bazen sesim çıktığı kadar bağırmak istiyorum , sonra bi bakıyorum ağız dolusu susuyorum ..! B.C..;Neutral
Ve o şarkıyı ne zaman dinlesem göz yaşlarıma hakim olamıyorum.;Neutral
Ya rüyamda Nick Batemanla fotoğraf çekiliyoduk sarılıyoduk falan niye uyandırıyosunuz bırakın beni tekrar uyucam!?!?!?;Neutral
Yapışık kardeşlere geldikki biz ailecek (@ Cinemapink in Yalova, Turkey) https://t.co/BsFt72EH04;Neutral
"Seni sevmesem,nefes almayı beceremem ki. Bugün günlerden ne? Cumartesi. Seni sevdiğim için cumartesi elbet.""";Neutral
Oda beni seviyor. Bende odayı.;Neutral
Saldır Fener! (@ Kaymak Kıraathanesi) https://t.co/eU59KCRpzh;Neutral
olm berkay bi kola aldı hala bitiremedim aq halbuki simdiye kadar onun gibi 3 tane bitmişti;Neutral
Arkadaşlar samsun atasam hastanesinde yoğun bakımda beyin nakli bekleyen @furkaaanuysal a acil beyin nakli beklenmektedir. ????;Neutral
Küçükken koltukta uyuyo numarası yapardım sonra babam beni alıp yatağıma götürürdü güzel günlerdi be;Neutral
Namazı bir kez daha ezandan önce kıldım!Allah önce kabul etsin inş sonra affetsin!;Neutral
Son akşam yemeği. (@ Tavuk Dünyası in İstanbul) https://t.co/mrNBwEzAHU;Neutral
Yunanistandan sonra Ispanya.. dunya guzellesmeye devam ediyor bizse hala neredeyiz;Neutral
bu fotoğrafın açıklamasını yapanın kırkyıl kölesi olurum http://t.co/ZyjpmGtE77;Neutral
Aşk acısıymış. Seni hiç soda içerken güldürdüler de, burnundan asit geldi mi?;Neutral
Bu şarkı bizim olsun ablacım :));Neutral
Kan lazımmış elimizden geldiği kadar yardımcı oluyoruz. (at @EmseyHospital in İstanbul, Türkiye) https://t.co/9yh7hAgsi6;Neutral
Yataktan kalkamiyorum..;Neutral
Rüzgardan kedinin uçtuğunu gördüm ya Allahım ağlıcam şimdii, kıyamam toplucam eve bütün sokak hayvanlarını birazdan :((;Neutral
Anne sen tatlıları yap bize yedir sonra sen kilo aldın de , haklısın.;Neutral
Yüzüme karşı söylemeye cesaret edemediğiniz şeyleri sosyal medyada gönderme yapmayın rica ediyorum :d öptüm;Neutral
Adımlarını sağlam bas ki, rüzgar bile viyad etsin sana.;Neutral
Çalişmaya devam yeni projeler yolda.. #antalya #moscow #ukraine #russia @ Yuce Rent A Car Antalya… http://t.co/vYNLmvIBZR;Neutral
Elalem ne der sözü kadar duvarları yüksek bir hapishane var mı ?;Neutral
Aynı dili değil,aynı duyguyu paylaşanlar anlaşabilir.;Neutral
Ağlamiyorum gözüme uyku kacti ????;Neutral
Al yalnızlığını gel . Dibine kadar susalım.;Neutral
"Xbox da boks yaparken Efe'nin yenilmeye gelememesi üzerine ""dur ben sana vurcam"" demesi ????";Neutral
Manisa'dayım. Bira, midye keyfi yapıp kedimle oynuyorum. Birazdan da bir film açarım. Hayat bana güzel.;Neutral
Msa Okulun Mutfagi stajer hatunlarin vedasi da ayri olur ?? @ Cundali Balık http://t.co/WlRpwmHbY9;Neutral
Sustuklarimiz kadar konussaydik;Neutral
Bi kahve? (@ Özsüt in Bursa, Türkiye) https://t.co/nH9yHqvTXy;Neutral
Çay içiyoruk :) (@ Üçler HOME in Adana) https://t.co/LnYlnyog5F;Neutral
Yapışık kardeşler (@ Primemall prestige sinema) https://t.co/RSl02qgCvA;Neutral
"""Ne gönlümün derdini sor bana, ne sararan yüzümü sor, ne de içimin ateşini sor. Gel gözünle gör, gel artık."" -dostum Hz. Mevlana""";Neutral
"Küçükken teyzem bana ""evlenip çocuk yapıcam onu sevicem seni sevmicem"" dediği için teyzemin lens kutusunu kırıp lenslerini parçalamıştım ??????";Neutral
Yarın bizimkilerle bi rakı sofrası kursak çok es olur ya;Neutral
Herşey herkes bi yana futbol oynamayı özledim ulan :));Neutral
Çok özledim be;Neutral
Asıl zor olan olmayacak şeyin hayalini kurmak degil, olmayacak insanlari o hayale sıgdırmak .;Neutral
Hadi gezelim ??;Neutral
Az önce bir fotoğraf paylaştı @ Gürkan Şef Steak House http://t.co/e6LD9Kqhsz;Neutral
güzel insanları takipledim diye bir tivit gördüm;Neutral
Kalpten istenen herşey ayağına serilir ??;Neutral
Az önce bir fotoğraf paylaştı @ Dünya Bankası / İzmit http://t.co/uqxTuguYUk;Neutral
Benim en uzun cümlem senin adın;Neutral
Teyzoşuma her zaman vakit ayırırım ?? (@ Taurus - @ankarataurus in Çankaya, Ankara) https://t.co/abEoBlbYUv;Neutral
Reis Çatlı misali çevrem geniş ama ben yalnızım;Neutral
Cevabı canımı acıtır diye sormaya korktuğum sorularım var benim..;Neutral
Çalışıyorum ben ya O (@ Selenay Düğün Salonu) https://t.co/fiyaflm7Dm;Neutral
Delilik elini tuttugum an .;Neutral
Seviyorum. Ruhumu koydum ortaya, sonunu düşünmeden adadım kendimi, dünüm yoktu benim bir sürü yarınım var artık senle dolu.;Neutral
Az önce bir fotoğraf paylaştı @ Cafe'de Keyff http://t.co/vmv1CRo8mJ;Neutral
Canımın içi can kuzim gelmiş resimsiz olar mı hiç olaaaarrr mıııı :) @ Alibeyköy Çırçır http://t.co/tMCCPaWngm;Neutral
Insanlar kopeklerini benim kopegimden kaciriyorlar :( http://t.co/wtVWFZpmZv;Neutral
Ilk defa kararsiz kalmadan ayakkabı aldım ?? (@ Tire Park Avm) https://t.co/fc847uwtGZ;Neutral
Biz yine eglendik @toramanhatice http://t.co/9a7wkC2DDU;Neutral
Bitmez dedigim bugunde bitti ??????????;Neutral
İnandığımız gibi yaşayamadığımız için, yaşadığımız gibi inanmaya başladık...;Neutral
Hayatta herşey olabilir ama sağlığın yerindeyse inanki en büyük servet.Diğerleri halolur bir şekilde @erkamaydar Huzurluysan bizde iyiyiz;Neutral
"""Gitme ey yolcu, beraber oturup ağlaşalım; Elemim bir yüreğin kârı değil, paylaşalım.""";Neutral
Annem yemek yerken bile beni çekebilir arkadaslar o derece yani. http://t.co/JerbrL2jhm;Neutral
Özleme rekoru kırdım amk;Neutral
"""Kaliteli yalnızlık sahte kalabalıktan daha iyidir.""";Neutral
Ankarada kalacak yerim olsa şimdi Ankaradaydım hatta geziyor olurdum;Neutral
Gizli numara bence konus ajsk;Neutral
Bugün ki maçta sahanın en iyisi @mehmetfatihdogn a maç sonu bir koli yumurta ve erzak takviyesi yapıldı.Yüzlerde ki neşe görülmeye değerdi.;Neutral
Montu şirkette unuttuğumu taksiden inip rüzgarı yiyince farkettim :(;Neutral
Haydi gel içelim ??O https://t.co/fwPFQd2ifo;Neutral
İşte yine durum aynı mutluluk kapıdayken ben kapıyı acamıyorum evde kimse yok diye bağrıyorum sadece ..!;Neutral
Mesenede ne dinliyorda gozukuyor diye sevgiliye gondermeli sarkilar dinlerdik...;Neutral
Sigara ve kahvenin verdiği huzuru kimse veremiyorsa bana bende yalnız kalırım.;Neutral
Paraşüt alıp çatıdan atlasam bi bursa turu atarım herhalde;Neutral
"Güzel bir akşam ve güzel bir hafta sonu dilerim ???????? (@ Fox ""Gülbin Tosun ile Fox Anahaber"") https://t.co/j07JOjFYGM";Neutral
Az önce bir fotoğraf paylaştı @ Dikili İzmir http://t.co/wwzMftHYD1;Neutral
Bir hosteslik günü daha... @ gönen buket izolasyon http://t.co/byPkTaYVli;Neutral
Ne düşündüğümü gözlerimden anlardı ya;Neutral
Sırf o pantolona sığabilmek için olum diyetine gidicem.;Neutral
Bazen birinin sesi, binlerce, on binlerce sessizin sesidir. Size gelen sesleri iyi dinleyin ve ayrımlarına dikkat edin.;Neutral
İnsan nasıl söyler gözlerinin içine bakıp sevdiğini?;Neutral
Özgür ve masum bozkurt duruşu.;Neutral
Sırf sen aklıma gelme diye izlemediğim belgeseller var benim. http://t.co/DaSCVkNu5w”??;Neutral
Her turlu soz, ceyiz, nisan, dugun organizasyonlarina katilinir (@ saray gold in Osmaniye) https://t.co/bZcGITShg4;Neutral
Canım da,canın olduğunu bilsinler yeter.;Neutral
Elfabe kitabını aldım artık manitamın elinden karakterini anlayıp ayrılabilirim veya evlenebilirim süperim;Neutral
Karşıma çıkmanı isterdim iki tren biletiyle...;Neutral
Bir fırtına kopsun. Beni senin yanına uçursun.;Neutral
Otobuste Özgürlük Mahkumları şarkısını söylemek de ayrı bir şey. ???? #Seda;Neutral
Tek ekşınım arkadaşlarımın mesajlarını okumak.;Neutral
Çikolata yemek ömrü uzatıyormuş, ölümsüz olabilirim?;Neutral
Babam yine bıyık bırakmış ????;Neutral
Biri şu Antalya spor taraftarlarına yeni marş öğretsin maçın başından beri aynı şekilde tezahürat ediyorlar;Neutral
Hani demiştim ya senden nefret ediyorum ve bi gün oda geçicek diye inan şuan tek bişey kalmadı sana dair hadi eyvallah;Neutral
Az önce bir fotoğraf paylaştı @ Adana Havalimanı İç Hatlar Terminali http://t.co/ms7OhbqGk1;Neutral
Ben yine yollarda (@ Konya Şehirlerarası Otobüs Terminali in Konya, Türkiye) https://t.co/D7rahV8p76;Neutral
Beni hep sevmen lazım;Neutral
İstanbul - Üsküdar #istanbul #üsküdar #çay #muhabbet @ Korcan Aile Cay Bahcesi uskudar http://t.co/YKCWrNxlHA;Neutral
Ben o adamın parmak uçlarına aşığım hangimizin daha cok sevdigini tartışmayalım istersen;Neutral
"""Çoğu zaman kalbindeki, aklındaki, gördüklerindeki, ağzındaki, eylemlerindeki birdir… http://t.co/ZcXNFoQ19s";Neutral
Az önce bir fotoğraf paylaştı @ Dikmen-Karapınar http://t.co/9n85Ql6auX;Neutral
Sevgilinle yolun ortasında sarılmak nedir biliyor musun?;Neutral
Sevgilisi olanlar tweet atmasın hatta twitter'a girmesin burası yalnızlarin yeri.;Neutral
Az önce bir fotoğraf paylaştı @ Sheraton Ankara http://t.co/HgMTgCIVdP;Neutral
Sabah uyanıp yine onu seviyorsun.;Neutral
Sevgililer Gününe kadar devam edecek olan çekilişimizi kazanan şanslı kişiye profildeki çok beğenilen… http://t.co/CTQ9Y5cNUs;Neutral
Baş rolünde bir tek o var aynı filmi izlediğim ????;Neutral
"""Seveydi iyiydi ya."" http://t.co/rhjJZVl5wj";Neutral
Avrupa yakasi sirin evlerdeyim ciddi olan beyler arasinlar gecelik kaliyorum http://t.co/KXlwFjSdjH;Neutral
Gezmeye alısverız karıstırırsak beyoğlundan cıkamayız;Neutral
Kapı kapanırken o çkırt sesi varya.var işte o;Neutral
Rahatlamak gerek (@ Termal in Yalova) https://t.co/A0enu5mo3A;Neutral
"Tweet sığmadı yaaa size ""Aşk kezbanlaştırır."" tezine kendimden örnek vermiştim ne güzel. http://t.co/XpjOkZNdyi";Neutral
Sen bana bakma bu hayatta çok kardeşim var ??;Neutral
"Karabükte stadta ""direne direne kazanacağız"" pankartı asılı..";Neutral
Her yüzyılda birkaç kişi düşünür, diğerleri ise onların düşündüğünü düşünür.;Neutral
Elimde olsa yüzünün ortasında havai fişek patlatmak isterim tabi ama elimde deyil;Neutral
Sabri gidiyo dedi be sabri gidiyo dedi;Neutral
maçın başlamasına 1dakka kldı ??;Neutral
Hayalin hayal kalirken Aniden dolar vakit;Neutral
Hayallerine bana da yer varmı :);Neutral
"""@arnavutman: Her gün birini değil, birini her gün seveceksin.""";Neutral
"""@EdepveEdebiyat: Okumak doldurur, konuşmak hazırlar, yazmak ise olgunlaştırır.";Neutral
An itibariyle kilo almaya karar verdim...;Neutral
Alışkanlıklarımızın esiri olduk...Vazgeçemiyoruz.. Çünkü vazgeçmek bir bedel karşılığında...Ekstra bir yük yükleyecek omuzlara...;Neutral
Hangisini okusam önce ?? http://t.co/E609pdcXad;Neutral
Yar kolları sar boynuma, olsunlar cana sarmaşık;Neutral
O zaman babamlarla halisaha macına :d;Neutral
Benliğimize işleyen insanların olduğunu düşünmüşümdür hep. Asla silinemeyecek izler bırakan.;Neutral
iki kiz kardes Ask sana benzeri izler güzel cumartesi???? (at @Cinemaximum in İzmir, Türkiye) https://t.co/K1EsETRwAT;Neutral
Bir parça huzur istiyorum ben. Bir parça sen. Bir parça kollarında dinlenmek istiyorum ben...;Neutral
Giresuna girerken giresun yazayda çıkarken neden çıkasun yazmay :)))) (@ Giresun in Giresun, Türkiye) https://t.co/cFCww2bApZ;Neutral
Şuan bi ölüden farkımın olmadığını düşünüyorum ??;Neutral
Sevgililer günü için sevgilime hediye bakıyordum sonra sevgilimin olmadığı aklıma geldi param cebimde kaldı ay lak ti movik movik;Neutral
Artik nasil herkesten herseyden sıkıldıysam telefon kapanmk uzere sarja takmaya kalkmiyorm kapansin ya modundaym Naptiniz lan bana bu kdr ????;Neutral
Salak melissa rüzgarın etkisiyle çarpılarak bize geldiii ????;Neutral
Seviyorsan git isir bence;Neutral
Birine karşı gerçek fikrini saklayıp kibar olmaya çalıştığında, onun bunu sana karşı kabalaşmak için fırsat bilmesi kendi kalene golün resmi;Neutral
O kadar yalnızımki milletin son görülmesine bakıyorum;Neutral
Maçlar bittiğine göre şimdi hayvan gibi ders çalışma vakti;Neutral
İncideki rezillige bak bakkala ne anlatıyor bu kadar düşürmüş kendini;Neutral
Sırrını rüzgara fısıldarsan,ağaçlara söylediği için suçlayamazsın.;Neutral
Günün en keyifli anı kahve keyfi ((: (@ Kahveci Mustafa Amca Jean's in İstanbul, Türkiye) https://t.co/4eLikUdetR;Neutral
Tantuni ayran gerisi yalaaaan ?? http://t.co/ueoOoQToqQ;Neutral
Az önce bir fotoğraf paylaştı @ femme mood http://t.co/FVpfw8hy1U;Neutral
Bana bisey olursa onurun tokatlarindan öldü dersiniz;Neutral
Soran Olursa Kuaföre Gidiyor Dersiniz O? (@ Bakırköy Özgürlük Meydanı in İstanbul, Türkiye) https://t.co/MMe4iuZDgU;Neutral
Bu haftaki yorgunluğumun tarifi yok (@ Küçükbalıklı in Bursa, Türkiye) https://t.co/yCOmauXlgC;Neutral
Bana gore Whatsapp' ta en gerekli ve kullanisli ifade ----> ??;Neutral
Evimin en sevdiğim yanıda balkonda manzaraya karşı sigara icmek??;Neutral
Baskalarina imrenme, çok kimseler var ki senin hayatina imreniyorlar. (Hz. Mevlana);Neutral
Bizde bilirdik abimizin kazaklarını giymeyi lakin abimiz yoktu ??;Neutral
Geceleri aynanın karşısindan koşarak geçtiğim doğrudur.;Neutral
"""Gökyüzü gibi bir şey bu çocukluk. Hiçbir yere gitmiyor..!""";Neutral
Hobilerim arasinda aklimdan ne geciyorsa olmasi var.;Neutral
Eskisi gibi olmayan şeylerin başında ben geliyorum.;Neutral
Unuturum sanmıştım güzelim gözüm takip listende kaldı.;Neutral
Bu nasıl bir tatil evde oturmaktan başka hiçbirşey yapmiyorum.;Neutral
Beyaz sarap ve deniz mahsulleri ile penne en sevdigim kalpkalpkalp. ?? http://t.co/xFr93UUbUP;Neutral
Sabahın köründe kalkıp çizgi film izlediğim günleri özledim en çok ??;Neutral
"Yatsı namazı için camiye gir; arkandan bi ses "" kapatıyoruz"" sanki mağaza kapınıyor camii bu arkadaşım dedim... Olsun dedi camide kapanır..";Neutral
Giden gitmiştir gittiği gün ayarlar / hesap / gizlilik / engellendi.;Neutral
Swarm'da beni ekler misin? Bu arkadaşlarını takip etmeni sağlayan yeni bir uygulama http://t.co/BQoN90yrkM;Neutral
"""Sana ihtiyacım yok ki benim. İnsan yalnızda mutsuz olabilir""";Neutral
Yılışıklık yapan kızlar için eyvallah diyen kızlarımızı üzdünüz. (Bende dahil) (ama ben üzülmedim ajskabsnn);Neutral
Geçen yolda gördüğüm çocuğun adı nedir ?;Neutral
Ya sen canımın sıkkın oldugunu anlayıp koşa koşa yanıma gelmiyosun artık. Ne kardeşliği?;Neutral
Neler hissettiğinizi anlayan,nasıl yardım edileceğini bilen birini bulmaktır tek ilaç.;Neutral
"Adam durumuna ""paranı kaybet neşeni kaybetme yazmış"" abicim malmısın o cümlede anlatım bozukluğu olmuş!!";Neutral
Cemre güldürmesene annem sevgilim var sanıyor ????;Neutral
Duygusuz sekse karşım o yüzden duyguya çağırdım;Neutral
yarında mı hava fırtınalı ulam biz gamzeyle akıcaz nys hava bize sökmez -.-;Neutral
Canım sen bad boy'um demişsin ama Demet Akalın dinleyip gaza gelmişsin.;Neutral
"""Hak yoluna gidenlerin dogruluk ve gerceklik en buyuk sermayeleridir.""";Neutral
"""Soytarının ömrü, sultanın ömrü kadardır...""""";Neutral
"Hayatta en tav olduğum insan grubu ""bencil"" olan tayfadır. Kafasını duvara sürt kıvılcım çıksın ta öyle";Neutral
Yokluğunda üşüyorum.;Neutral
Şı anda jeneratör olan bir evdeyiz düşünün artık imkanları..;Neutral
Oğlum hayirdir len meyhaneye niye gitmedin ? Bir sıkıntın mı var ? #BehzatÇ;Neutral
Annem Türk kahvesi babam neskafe abim ıhlamur içiyor. Bilin bakalım bunları ayrı ayrı hazırlayan kim ???;Neutral
Her şeye sahip olmak isteyen elindekini de kaybediyor.;Neutral
seviyorsan uğraşacaksın, konuşacaksın gurur kimseyi mutlu etmez.;Neutral
Başımı omzuna yaslamaya hayata yeniden başlamaya bağında bahçende pınarlarında içimi yıkamaya geliyorum.;Neutral
Neden unfollow yapıyorsun belki birazdan hoşuna gidecek bi tweet paylaşırdım ??;Neutral
abi karı 'yaşlanınca hasta olunur' diye şarkı sözü yazıyor bi ton beyinsiz de hayranı oluyor;Neutral
Ne Beşiktaş ne Cimbom nede trabzon bu sene sensin şampiyon ! (@ Dr. Necmettin Şeyhoğlu Stadı) https://t.co/AfweBzAmQ1 http://t.co/3dGWCjH4l6;Neutral
Adam olana değer veriyorum bu kadar basit;Neutral
Üçgen bi manita istiyorum;Neutral
Umut diyorum hiçbir zaman yitirilmemeli.?? @ Bakırköy http://t.co/ugwltBDHs7;Neutral
Bazı şeylerin başlamadan bitmek zorunda olması ne kötü.;Neutral
"Barış Özkırış şarkıları ve astroloji yorumları ile yayında ;) (at @Karadeniz_FM in İstanbul, Mecidiyekoy) https://t.co/lpKOY8cswT";Neutral
Oje sürmek güzelde kenara taşanları temizlemek zor iş be Allam;Neutral
Ne mutlu cehaletin koruyucu rahmi içinde bir cenin gibi büzülüp yatanlara...;Neutral
"Betül: Tül kelimesinim ingilizcesini bilmeyen bir insanın ingilizce ""Tül ol"" demeye calisirken ortaya cikan kelime.";Neutral
Benimle muhabbet etmeye gelip de başını telefondan kaldırmayan kuzenime selam olsunnn ^_^;Neutral
İnsanlar değişken biz de ona göre davranıyoruz;Neutral
Herkes icin üzülmeye değer ama sen icin aslaaaaa;Neutral
Aşk önce hoş, sonra boş gelir ??;Neutral
Geçen sene oturduğum semt. Pekte özlememişim burayı. Cihan (@ Sultançiftliği in İstanbul, Türkiye) https://t.co/neVwDIzy77;Neutral
Benle tartışırken zamanını iyi seç;Neutral
Olmayan şeylerin varolduğuna kendini inandırırsan özlersin tabii ki.;Neutral
şimdi buraya çok duygusal bişey yazıcam;Neutral
Öyle bir konuşması var sanırsın AKP Genel Başkanı..;Neutral
Ucuz kızların alıcısı çok olur.;Neutral
Bir kızın en etkili silahı saçıdır.;Neutral
Kışın buralar daha güzel, daha huzurlu ve sakin @çeşmealtı;Neutral
Pardonda beni mi beklediniz evlenmek için yeaaa !;Neutral
Bugün bir grup daha polis görmeyeyim allah için :B Bunu söyleyeceğim aklıma gelmezdi ama tüm teşkilatı gözden... https://t.co/rFbc3asOqw;Neutral
o benim pambik yanaklım güzelim sen kimsin de onunla cikabiliyosun !????;Neutral
Şimdi senden vaz mı geçmeli yoksa siktir edip goygoy mu geçmeli.;Neutral
Aslinda hepimiz hata yapiyoruz. Sana baksana nefes alman bile hata.;Neutral
Bu kongolu olsaydı imza tamamdı ama demokratik kongolu olunca iş uzadı :));Neutral
Size avans vermek için bekliyorum.;Neutral
Her insan, hayatının bir döneminde kendisinden iyi biriyle karşılaşmalı. Ve de gocunmamalı bundan. Alçakgönüllülük insana iyi gelir.;Neutral
Önce herşeyi siyaha boyamak lazım;Neutral
Sonra kurumasını bekleyip, üstüne beyaz harflerle yeni hikayeler yazmak lazım;Neutral
'Bütün kızlar toplandık'... Oflu Hoca Yasin Gündoğdu'nun dinlerarası diyalog vaazı rekora koşuyor - http://t.co/jrbUwbkb7Q;Neutral
Gerçekten seven insanın hiçbir bahanesi olmuyormuş demek ki ??;Neutral
Ben ilk görüste aşk a sadece ben annemin terligini giyip çöp dökmeye.cikinca asik olursa birisi ancak o zaman inanirim;Neutral
İyice sapittılar mini etek giyerek koruyacaklar mış cumhuriyet i bu nasıl bir düşünce dir çözemiyorum;Neutral
Migrenimden bahsederken Friedrich Nietzsche'ye değinmesem olmazz?? Ayrı bir hava katıyor beynimin doğum sancılarından bahsetmek??;Neutral
Sebepsiz yere ağlamamak için duygusal film izleyen insanım. Benden ne zarar gelebilir ki?;Neutral
Dur beynimi çıkarıyım da eşit şartlarda konuşalım.;Neutral
Madem evlenmeyecektik neden bütün twitlerimi favladın.;Neutral
Karın kası adonis çalışma günü ??;Neutral
Bu gece kalbim sana emanet;Neutral
Muzik dinlerken insanlari sessizde izlemek cok guzel.;Neutral
Eski sevgilim biz ayrıldıktan sonra sünnet oldu kim daha şanssız konusunu tartışmayalım bence;Neutral
Ya mal mısın yoksa öyle mi gösteriyon ama bence malsın;Neutral
HDP yi 7 Haziran secimine Bagimsiz değilde tek başına girmesinde cesaretlendiren ne solun HDP yanında yer alması nede Reisicumhur seciminde;Neutral
Antalya karsiyaka http://t.co/7AKoXZarhU;Neutral
Tamam inadina mini etek giycekler de, etegin boyu ne kadar olursa cumhuriyet kurtuluyo? Bak bunlar hep sorun iste..;Neutral
Bu aralar herkes eşcinsel lan djskaöaç;Neutral
Hayaller, müzik ve biraz uyku.;Neutral
Oha yeni kaktim aksam olmus aq;Neutral
İnsan sevdiğiyle konuşmazsa kimle konuşacak ki ?;Neutral
3 günün sonunda evim (@ Çengelköy in İstanbul, Türkiye w/ @merveabay) https://t.co/wQGuoIbRFG;Neutral
Kolpa - Gurur Benim Neyime http://t.co/NPIE77NWer;Neutral
Whatsappta ses kaydı;Neutral
Sahip olduğun seyler sonunda sana sahip oluyo.;Neutral
"""Herkesle konuşabilirsin ama sadece bir kişiyle rahatça saçmalayabilirsin."" - Ruby Blue""";Neutral
Son çıkan fırtınalarla birlikte mühendisliğin tamamıyla uçmuş olmasını diliyorum,teşekkürler.;Neutral
Az önce bir fotoğraf paylaştı @ Nihat Restaurant Adana Şakirpaşa Havaalani http://t.co/iq0tik4pX6;Neutral
En yakışıklı müşteriler bizde, bekleriz kızlar ?? (@ Sılaşara Cafe&Restaurant) https://t.co/Rq8d3Z6Mg0 http://t.co/4BsilY7WBh;Neutral
Gece içip sana mesaj atıcam lan ...;Neutral
Ben hickimseden nefret edemiom niye ?;Neutral
Ve Gamzenin bana makyaj yaptırma çabaları;Neutral
Boşzamanlarımda yazdıklarım http://t.co/481MOgQWqr;Neutral
Anılara kuşbakışı bakmak olmadık yerden olmadık anımsamalar çıkması demek :);Neutral
Tabi birde şöyle bir gerçek var.seviyorsun.yapılabilecek pek bisey yok yani.;Neutral
İmzalanan her barışta bir zarar var.;Neutral
Başbakanımız konuşmayı da öğrenmiş daha bize ne olur;Neutral
Parayı amacı dışında kullanan var mi? Zira para istediğinde 'ne yapacaksın' sorusuna cevap arıyorum.;Neutral
Senin onu sormadan yapman gerek. Ama artık sordun yapma;Neutral
"""@burakorkmaz1963: Amına koduğumun cimbomunu yerle bir edeceğimiz maç,garip garip hamlelerle heyecan kırmaya ne gerek var.""";Neutral
Ruzgardan ucmayayim diye yanima aldigim laptp benden önce ucuyor uhuuw :p;Neutral
"""Şans bana güldüğünde dişleri döküktü.""";Neutral
Fıstıklı çikolatayı ısırarak yiyen enayidir, evvela çikolatayı ağzında erit, fıstıkları ortaya çıksın, sonra da fıstıkları ye, ritüel budur.;Neutral
Allah'ım sen bu fırtınada zor durumda olanlara yardım et.. ??;Neutral
Ben diyetteyim de ???? (@ Köfteci Ramiz in İstanbul, Türkiye) https://t.co/EHWTsmXisB http://t.co/kHyHr2cgNy;Neutral
Yine abimin dolabını sömürdüm ????;Neutral
Aaaaa bi bursanın ufak tefek taşlarını oynamadan bırakmamamkdkskkkf;Neutral
Kusura bakma yaşlı teyze, senin galaxy note 3'ün var. sana yer veremem. onu kullanmasını biliyon, ayakta durmasını da bil.;Neutral
Buse eskiden çamurdan pasta yapınca üstüne sus niyetine annesinin vazolarını koyardı;Neutral
Söylenemiyor çok şey, susmadan. . Özdemir Asaf;Neutral
Dağ havasi bize iyi gelirmi (@ Seyirtepe Çay Bahçesi in Bursa, Türkiye) https://t.co/4jQQtWIMxC http://t.co/J9eoR52jqM;Neutral
Aşk sana benzer ?? (@ gebze center cinemaximum in Gebze) https://t.co/dSHVCgPAz0;Neutral
"Kadında en sevdiğim yer ""KİPRİK""";Neutral
Ateşe verseler dünyayı kaç yazar yanmadi kimse böyle benim içim kadarr??;Neutral
Telefonumda ismin gördüğüm an yine işinin düştüğünü anlamıştım zaten;Neutral
Erdem Gökçe???????? : Ahmet'i görüyorsunuz bir yandan bagajı tutup bir yandan klip çekiyor. Ve T-Shirt… http://t.co/fmc32uG78z;Neutral
Fakirim diye demiyorum ama ayrıldığım kız arkadaş kalalım diyince 10 lira borç istemiştim;Neutral
Ya gel bana sahici sahici ya da anca gidersin beybim;Neutral
Senin uglyselfiechallenge için ayrı bi foto çekmene gerek yok doğal ol knk;Neutral
Brolar yanımda doğum günü kutlaması #bros #redkit #fashion #mutlu #InstaSize @ Red Kitt http://t.co/wPzMKdOkKp;Neutral
Portakal beni andı;Neutral
Çok tatlısın keşkee benim olsann ????????;Neutral
Diarranin yokluğuna rağmen pozisyon ve pas sıkıntısı çekmiyoruz. Sağlam bas sağlaaaam işte bu beyler!;Neutral
Doğru bir insan istiyorsan doğru bir insan olman lazım;Neutral
Hadi çat kapı gel zaten hava çok soğuk.;Neutral
Allah'ın cezası sanki çok rüzgar varmış gibi sevgilisine sarılıyor;Neutral
"Düşünsel liberalizm; Bırakınız endişelensinler, bırakınız endişelenenlerle dalga geçsinler...";Neutral
Gelicem öyle bir sarılcam ki ağzın burnun ben olcak...;Neutral
Küçükken koltukta uyuyup yatakta uyanmak gibi özel güçlerimiz vardı.;Neutral
Yildizlar ancak kendini yakabildigi surece yildizdir.;Neutral
Kadınlar yanlış erkeğe aşık olur, erkekler ise doğru kadına yanlış yapar;Neutral
Hayat yaşanmıyor kı senle olmadan..;Neutral
Geçmiş hiç yaşanmamış gibi davransamda, baştan yazamazsın.;Neutral
Ölümün olduğu bu dünyada, hiçbir şey çok da ciddi değildir aslında.;Neutral
"""@HayatveSanat: Hiçbir süs edep kadar güzel değildir.";Neutral
"Ben ahlâkını beğendim; Cemalinde gözüm yok..";Neutral
Derdimi anlatacak kadar küfür biliyorum;Neutral
Aşkmı biz ona BEŞİKTAŞ diyoruz 19.03 !;Neutral
Kimi yazıcak tarih bizi mi ?;Neutral
Sevgililer gününün de Huqqa da olabilmek bir ayrıcalıktır ! O ayrıcalığı ise bizim ile paylaşmanız… http://t.co/dpfVbxk5N8;Neutral
leyla'dan perde pilavı?? http://t.co/V6mxRIAkeu;Neutral
Düşünsene tweet attığım için evime baskın ????;Neutral
19:03 bana çocukluğumun BEŞİKTAŞıni verin büyüklük sizde kalsin... http://t.co/vbM9wnK5MY;Neutral
Geriye bana kalan yine hüsran :);Neutral
Sevmediğim halde dilime dolanan şarkı gibisin. Bok varmış gibi birde ezberimdesin.;Neutral
Birgülle Hayatın Renklerinde şimdi @barisozkiris Konuk. @mineayman #KaradenizFm @BirgulAKYAR http://t.co/PSRM2Tw1GA;Neutral
"""Şimdi iyi niyetlerimi bir bir yargılayıp asıyorum. Bu son olsun""";Neutral
alın yazımı kapatacak fondoten istiyorum bu nasıl hayat;Neutral
Kiyak yapiyor yaaww (@ Çukurova Tantuni in İstanbul) https://t.co/N4uR0IKgCL;Neutral
Selamın aleyküm ?? (@ Kolca) https://t.co/KHIqyPvU56;Neutral
İstiyorum ki 'çay' seven insanlardan yeni bir ülke kurulsun.;Neutral
Ne demek duygu bnı ozlemez sevmez otede bırsey buuuuuu ????;Neutral
Yaklaşık 4 saattir ben ona Kürt böreği olarak biliir o yüzden öyle yazdım diyorum o bana hayır küt böreği diyor. Hayatını adamış amcık.;Neutral
Herşeyi tutabiliyoruzda bi tek zamanı tutamıyoruz o göre;Neutral
Bakmakla olsaydı, tüm kediler, kasap olurdu.;Neutral
üstüme sıçratmadan rüzgara karşı işedim şahitlerim var;Neutral
Hayat seni sevip üzülmek icin cok kısaa :Dd;Neutral
Bide düşünmeye çalışıp bi bok düşünemeyen insan var;Neutral
Lise hayatı özeti: http://t.co/zRP8dPpxYa;Neutral
Gördüğün yerde saril bana diyecemde nah görürsün daha bilmem o yolları;Neutral
Bir dokun bin ah işit çin kasesinden ????;Neutral
Herkes kendi yolunda;Neutral
Afeti can kimler dost kimler düşman gel sen benimle yaşlann ?;Neutral
Haklıysan korkma! Hak seni korur.;Neutral
Büyük konuşanları küçülürken izlemeyi severim.;Neutral
Elazığ da son akşam yemeğimizide yendi....;Neutral
Resim olmadı çok dar;Neutral
Ben özledim galiba seni ..;Neutral
Varla yok arası yani belirsiz olan her şey senin hayat hızını yavaşlatır. Varlığından emin olmadığın her şeyi hayatından çıkarmalısın.;Neutral
"""Medeniyet açmaksa bedeni desene hayvanlar sizden daha medeni"" Mehmet Akif Ersoy http://t.co/BcyKbsRs5L";Neutral
Bu kadar mal insan görmemiştim gerçekten arkdslr.;Neutral
Bu yeni polis arabalarini efes pilsen pazarlama araclarina sadece ben mi benzetiyorum?;Neutral
İnsanların, yedi/içtiği zıkkımım fotoğrafını paylaşmasının sebebini hala çözemedim.;Neutral
Babam aynanın duvarına bana yazı yazmış kalp falan git dedi taraktaki saçlarını al dedi aynayı görmedim iki saattir tarağı temizliyorum amk;Neutral
Benimki konuşmuş onunla bidaha beni asla rahatsız etmicekmişş :) http://t.co/uRyVLPghue;Neutral
İkiz ikizlikten cikti sacini kazittirdiktan sonra ??;Neutral
Adam nasıl özlediyse fotoğrafı icat etmiş.;Neutral
İsmail : Gelen postanın posta olduguna emin olamayip soru sormaya yeltenirken kurulan cumle.;Neutral
Sendeki beyni cikarip kusataksam ters ucar;Neutral
Öksürürken çenesi zorlayan ve evdeki herkese kırık olsa duramazdim cikiktir o cıkık esprisini yapan @ardatiftikci gösterdigin yer SCM :p;Neutral
Selam millet Nasılsıniz;Neutral
Bu kadar temizlikten sonra time to bath diyelim o zaman ??;Neutral
Bu akşam biraz #kemençe çalmak bana iyi gelecek, dinlemek isteyen olursa dost kapısı mekanım… http://t.co/yDiXyPGbMw;Neutral
Bazi kadinlar cadde de bilmemne keyfi yaparlar. Bazi kadinlar evde suyu siseden dikerek icerler.;Neutral
Olmadı diye oturup ağlayamam;Neutral
anla beni ,onlarca gereksizin kankasıyım;Neutral
Ne yaparsan mutlaka karşılığını alacaksın!Dilediğini yap neticesine katlanacaksın...;Neutral
Tanrı çocuklarını sokağa bırakıp kaçan bir annedir benim gözümde;Neutral
Sevda mı bile bile bana aşure resmi atan @refianurr u bir kınayabilir miyiz ??;Neutral
Her sızladığında aklına gelen yaralar vardır;Neutral
Hiçbir hastalığım yok,kendimden eminim önümü görebiliyorum.Sadece,insanlar yönetilmek istiyor ben hala ayak diretiyorm mizacıma #gerekvarmı;Neutral
Dedemi ziyarete gelelim dedik. (@ Çukurçayır) https://t.co/2oUqmbaCC9;Neutral
Aynen atiye dinleyenler ateist oluyo aynen amına koyduğumun;Neutral
Kimse sorgulayamadı sorgulayamazda bu sefer suc benim değil;Neutral
Rüzgardan korkup dışarı çıkmıyoruz, amma nee lodos.;Neutral
Hava dediğin böyle güzel olmalı (@ İzmit Çarşı in Kocaeli, Türkiye w/ @6numaraaaaaa @pisipisi122 @kayiism) https://t.co/xSK2kPRwEy;Neutral
"Çözüm süreci demek,""Biz birlikte Türkiye'yiz diyebilmektir.";Neutral
"Çözüm süreci demek,""Yaratılanı Yaradandan ötürü hoşgörebilmektir .""";Neutral
Kabul edelim, hepimiz sevmeye yer ariyoruz;Neutral
Kol saatinin bile yakışmadıgı kızlar tanıdım ????????????;Neutral
Yemek yapmayı çook özlemişimm bugünkü menümüz . #PatlıcanKebabı ?????? @ Adana Seyhan http://t.co/I8cZOO8foC;Neutral
ulam tarraynda ki aşk acısı içeren twikleri görünce aşk acısı çekesim geliyor yapmayın böyle şeyler;Neutral
Biri gelip bana 15 tatilde niye test cozuyosun demeli ve durmaliyim artık;Neutral
Yazık lan bu millete hep aşk acisi çekiyorlar ????;Neutral
Zor deplasman,rakip can çekişiyor adeta puan almak için savaşacaktır.Fenerbahçenin nasıl karşı koyacağı önemli etken! #Karabük #Fenerbahçe;Neutral
Birinden bahsettikten sonra 15 dakika en güzel resmini arayıp buluna kadar konunun değişmesi ????????????;Neutral
Bu salak şehirde yapcak hicbisi olmayinca sinema kulturum gelisti la.;Neutral
Bugün, dün ve diger günlerde ölmedigi gibi bugünde ölmedi. Yarina bakicaz artik;Neutral
Bi dakika sakin olun birazdan 19.05 yazcam.;Neutral
Terin bile olsa sen koksa yeter bana;Neutral
"Eve gelen misafirin "" tuvalet varmı?"" sorusuna hastayım. yok biz yere yapıp halının altına itiyoruz :D :D :D";Neutral
"""Belki tavırların beni en ağır küfürlere tahrik eder ama benim yüzümdeki o iplemez gülüş senin gelmişini geçmişini tatmin eder.""";Neutral
Ben böyle bişey görmedim yolda gördüğünüz birini nasıl hemen bulabiliyosunuz ya;Neutral
Beni en iyi sen bilirsin. Ama bu sefer bildiğin gibi değilim.;Neutral
"""Ağlarken çirkin oluyorum bakma öyle suratıma,utanırım.""";Neutral
O gün ki gördüm seni, yaktın ah yaktın beni;Neutral
teröristin Türkü Kürdü yok arkadaşlar kim bu ülkeye zarar veriyosa odur terörist! http://t.co/POXsjya8Z0;Neutral
.@ismailkordela kardeşimle dertleşiyoruz (@ beyaz saray) https://t.co/vhmlW83s0W;Neutral
Kilo aldın adama benzedin ne zayıflar adama benzemiyor mu ?;Neutral
Medeni halim bekar ama arkamdan konuşan çok karım var??;Neutral
Telefonumdaki ses kayıtlarında bile kerimle ilgili anım var, bu nedir bea;Neutral
Kendini her şeyden herkesten soyutlamak nedir? Hangi ideoloji bunu emrediyor. Benden farklı düşünen kadar sahibiyim her şeyin.Kafa meselesi.;Neutral
Kusura bakmayında ne zaman kendim düşsem o zaman kendim kalktım. Onun için ne bir arkadaşa ne de bir sevgiliye ihtiyacım var??;Neutral
oturmak da bir eylemdir ve ben en çok bu eylemi seviyorum..;Neutral
Bu rüzgar insanı bunalıma sokar ben diyim de;Neutral
Aramızdaki ince farkı farkettim..;Neutral
Az önce bir fotoğraf paylaştı @ Cihangir http://t.co/eS6WBaVmgK;Neutral
Cem Adrian'ı neden bu kadar seviyoruz? @cemadrian;Neutral
"Yalnızlık benim en vefalı yãrim..ben onu kimler için terkettim; o beni bırakmıyor... http://t.co/Qb4AgEDqw9";Neutral
Birini aldatıcak kadar cesursanız söyleyecek kadar da adam olun ne o yok ben hiç aldatırmıyım lafları;Neutral
sadece sigara. fazlası lüks. http://t.co/lKkbC2mUaj;Neutral
Devlerin aşkı büyük olur.;Neutral
Bi kiz vardi. Faceden yanlislikla mesaj gondermisti bana. Sonra ozur dilerim abi demisti. Aslinda benle yasitti.++;Neutral
Benim sonum sensin onu bilirim...;Neutral
Su an banyoda http://t.co/vFypmWpO9h;Neutral
Çay yapcam siz övmeye başlayın ben size yetişirim;Neutral
İncitme, incittiğin yerden incinirsin.;Neutral
Dur bakalım bugün neler olcak ???? (at @StarbucksTr in Ankara, Kızılay) https://t.co/Xnt3gzbOCl;Neutral
Bunun için 4 saat yazan mal daha tek bir imla kuralını bilmiyor. Lan önce onu öğrenseydin Türkçe öğrenmeye küt böreğinden mi başladın?;Neutral
Kimse senin dalgalarla nasıl boğuştuğuna bakmaz. Gemiyi limana getirip getirmediğine bakar... @… http://t.co/aA2AxLGb1E;Neutral
"""Hayallerim var benim, içinde sen de varsın"" ??#kızevi #KirazMevsimi ??";Neutral
Yaren bana yenge dedi.mertle evlencegimiz kesinlesti.BEN ANKARAYA KACİYORUM BAAAAY ??????????;Neutral
Sevgililer gününde kendimi kisir oldugunu ögrenen asiret agasi gibi efkarli hissedicem burda bi anlasalim .;Neutral
Bir umutla beklediğim en güzel yarınsın..;Neutral
Pardon, iphone 6 plus 128 gb sarj aleti olan var mi?;Neutral
Muratım gelmiş, bir tezkerelerimizi tokuşturacağız şimdi bir kadehlerimizi! ?????? (@ Rockkas in İzmir, Türkiye) https://t.co/m6VekLRX3x;Neutral
Hem Bebek Hem Melek O Sebastian ...;Neutral
moralime en iyi gelicek seyi yapıyorum arabada son ses ebru gündeşi aç ve sokak sokak gezzz;Neutral
Hayret nurella bir bölüm ayağa kalkıp yürüyerek gelecekmiş hsjsj ?? ??;Neutral
"++""Ne abisi ya canim"" tepkisi beklemisti benden galiba. Sesimi cikarmadim abisi olarak kalmayi tercih ettim ??";Neutral
Anne sevgilimle konuşsaydım gülümserdim ben anırıyorum şu an farkındaysan;Neutral
Sizin peşinde koştuklarınızın, bende okunmamış mesajları var..! @ göcek M/Y DORADO http://t.co/J7qxY2kvxo;Neutral
Sanırsam twitter da saatlerce takilcam;Neutral
Trip attığı halde konuşmanın sonuna seni seviyorum diyen kişileri bırakmayın.;Neutral
belki ben o kadar inatci degilimdir, sen yeterince ikna edemiyorsundur..;Neutral
Sonunda saçlarimi kestiriyoruum ????;Neutral
Geri gelen hoca kimmis ortak @ersin_ereen;Neutral
İçim duman, dışım siyah, solum yalnızlık, sağım mavi.;Neutral
İnsanların çoğunu ilgilendiren şeyler beni ilgilendirmiyo;Neutral
Yazarlar da yalniz insanlardır. Onlar da kuytu köşelerine çekilirler. Hayalhanelerine dalarlar. Dalgıç gibi.;Neutral
Beden her yükü kaldırabilir ama gönül her sözü kaldıramaz...????;Neutral
Bir erkeğin en savunmasız olduğu an, berberin kafasını lavaboya sokup ucuz şampuanla saçları köpürttüğü andır. https://t.co/0AOjTy67eg;Neutral
Dönmez gidenler geri Dönmez birdaha. Hasret arkadaştır arkada kalanlara ??;Neutral
Sevmekten utanma, sevildiğini bildiği halde sevmeyi beceremeyen utansın.;Neutral
Yeni yine yeniden bi sahne günü daha (@ Kocamanlar Balıkçılık in Bursa) https://t.co/Z6zOgPc5YR;Neutral
Evrim teorisinin ispatı:Erkeğin şüphe bırakmayacak şekilde öküzden evrilmiş olması...Y'akşamlar??;Neutral
İlk mesajı kızdan bekleyen saf erkekler var ölün;Neutral
Namusu ve serefi üzerine yemin etmisti, tarafsizliga... http://t.co/wS5FYCpRTv;Neutral
fetret devrini anlatın bilmiyorsunuz dimi ahahhhhhahahhhaha;Neutral
"Bu hayatta herkesin inandığı bişey vardır. Benimkide sensin. ""M""";Neutral
Çok gergin bir millet olmuşuz trafikte ,atm kuyruğunda ,cafe de ,sinemada bu gerginlik nedir yahu gülümsemek güzel;Neutral
Sinirden engel atıp , sonra ya bi daha hic konuşmazsak korkusuyla 5dk sonra engeli kaldırmak .............;Neutral
Numaramı gizleyip tüm arkadaşlarıma gece çağrı attım. Eski ya da kavgalı oldukları sevgililerini düşünüp akılları karışsın uyuyamasınlar.????;Neutral
abi ben tanıştığımız günden beri vatsap konuşmalarımızın ekran görüntüsünü alıyorum yanlışlıkla silinirde bir daha okuyamam diye..;Neutral
Bir yıldız gibi kayarım hayatından , yapabileceğin tek şey dilek tutmak olur ??????;Neutral
"Bütün kıyafetlerim siyah ya da siyaha yakın,ne giysem aynı gibi o yüzden bizimle değilim;elendim.";Neutral
Ben seninle vatsaptan konusunca guzel konularin ekran fotoğrafini cekiyorum ama gene sen bilirsin ben bisey diyemem jdjjdjf;Neutral
Kızarsam geçer ama soğursam bidaha eskisi gibi olmam.;Neutral
tırnaklarımı çok güzel uzattım diye göze geldim yüzümü üç kez çizdim. mutlumusunuz kızlar;Neutral
Kaşını boyucak diye kendini İdo Tatlısese çeviren güzel ülkemin dandirik akıllı kızları.;Neutral
Artık hiçbir anne, akşam ezanı okununca, çocuğunu eve çağırmıyor.;Neutral
Randevu almadan kuaföre gidersem böyle geri dönerim ??;Neutral
Hayallerin ne kadar büyükse , hayal kırıklığında o kadar gürültülü olur.;Neutral
"""Bu telefonda geçirdiğin vakti ders çalışarak geçirsen okul birincisi olursun özlem""";Neutral
Bir insana verilebilicek en güzel şey nedir, sevgi mi ilgi mi?;Neutral
Az önce bir fotoğraf paylaştı @ Rize Polis Meslek Yüksek Okulu http://t.co/sDOtfrz52X;Neutral
"""@nejatislerVEVO: İnsan sarıldığına değil, deli gibi sarılmak isteyip sarılamadığına aşık olur.""";Neutral
Ateşe girmeseydi belindeki kılıçın madeni dağ başındaki taştan farklı olmazdı.;Neutral
Hissetmek sadece duygularla değil kelimelerle de var olabilir.;Neutral
"""@AysenurDasogluu: At gibi giden it gibi döner ???""";Neutral
Sırf sen aklıma gelme diye izlemediğim belgeseller var benim. http://t.co/Z2dzI1oTYt;Neutral
Ben yüzünü ellerimin arasına alıp her noktasını ezberlediğim adamdan isteyerek vazgeçtim, yapabileceklerimin sınırlarını sorgulamayın bence;Neutral
Mesajlari silme cesaretini nasıl gostericem kii;Neutral
"""Sanki hiç boş yer yokmuş gibi, geldi sol yanıma oturdu.”";Neutral
22 yıllık hayatin birden degismesidir öğretmenlik..;Neutral
Yeni şarkılar lazımm;Neutral
Bulunduğun yer seni memnun etmiyorsa yerini degistir Ağaç degilsin;Neutral
İçimde bir özlem duygusu var. Ama kiöe karşı olduğunu bilmiyorum.;Neutral
Aynı anda hem ağlayıp hem gülerken, kendimi videoya çektim. Korku filmi diye yayınlamak istiyorum .;Neutral
Hazırlık başlasın (@ Çınar Olimpia Park) https://t.co/CZdAqJpBS4;Neutral
sevmek güzeldir özlemekse seven için güzeldir #BatikanElayiOzluyor;Neutral
Her gece ölüyor her gece yeniden doğuyorum yeniden.;Neutral
Benden farklı düşünenle münazara etmeyi severim, aynı düşünenlede sohbeti severim. Bu böyle.;Neutral
Artık içimde sana olan duygularımı gizleme vakti Bay'ım.;Neutral
Herkes gider, sen herkes olma prenses ??;Neutral
Sevgilisi olanlar tweet atmasın hatta twitter'a girmesin burası yalnızlarin yeri.;Neutral
Hayatimdaki tek işlevi omzunda ağlamalık bi insan lazım mesela. Onun dışında görüşmeyelim falan.;Neutral
Ortamda yanına oturan amcanın 9 Liralık Hacı Yağı senin 173 Liralık Burberry'nin kokusunu bastırır ya... işte o iman gücüdür.;Neutral
Elime koz vermicektin;Neutral
Fotoğrafları silerken canım bir gram bile acımadı demek ki değişen bir şeyler var;Neutral
Kardeş diyebilmek, kardeş diye bilmek, ikisi çok farklı.;Neutral
Babam benden bıktı galiba kredi kartinda sende kalsın eylul ekim gibi evlen diyor ??????;Neutral
ay güneş tutulur kıyamet kopar, nerelerdesin;Neutral
Şimdi ben seni seversem yine gideceksin en iyisi ben seni sevmeyimde sen öyle git (@ Tiyatro Bar in Ankara, Türkiye) https://t.co/pR0A1tvi4a;Neutral
Yapacak hiçbirşey yok gitmek istedi gitti.;Neutral
Kulaklığı kulağına takıp en sevdiğin müziği açarsın.. Yüzüne rüzgar çarpar ve yürürken hissettiğin o özgürlüğü hiçbir yerde bulamazsın??;Neutral
Eğer mecbursan imkansızı bile yaparsın;Neutral
Gel desen gelirim , git desen giderim . Sevmesende severim , gurur benim neyime ??;Neutral
Benim mi her günüm çok dolu dolu geçiyor yoksa siz mi çok boşsunuz?;Neutral
Anne sevgilimle konuşsaydım gülümserdim ben anırıyorum şu an farkındaysan;Neutral
Ben anlamıyorum ya 3-5 günde aşık olup her şeyi o 3-5 günde tüketip sonra 3-5 gün acı çekip 3-5 sonra başkasını seviyorsunuz.;Neutral
Her gün aynı yer aynı masa. (@ Arka Bahçe Cafe in Çan w/ @aleynasalkim @banfurcan @mustafabodur_ @enessozel) https://t.co/9MyQAMUH5h;Neutral
Hiç bir insan evladı sikimde olmadığı için hayatımı gözünüze soka soka yaşayabilirim, rahatsız olan varsa anca mutlu olurum.;Neutral
Tüm iyi şeyler sabırdan sonra gelir.;Neutral
Sokak ortasında aniden öpüşerek anı olümsüzleştirmek varken, saçma salak pozlar vermek ne lan.;Neutral
Çok güzelsin babamın spermine sağlık;Neutral
"Hayat bu ufaklık şakaya gelmez ;)";Neutral
Mısır patlattık oturuyoruz kaaarrşimm;Neutral
Mukemmel olmayabilirim EVET ama en azindan sahte degilim;Neutral
Kız feyk hesap açıp resmen beni deniyo;Neutral
Ben sigara içmekten kanser olduğumu öğrensem üzüntüden daha çok sigara içerim aq;Neutral
Gruptaki abileriyle ilgilenmeyi seviyor, abilerinin sıcak bir kalbe sahip olduklarını düşünüyor. #OhSehunKimdir;Neutral
dinmemiştir aşk yine dalgındır elleri , uçurum kokar geceler boyu.. @ Darica Cinaralti http://t.co/gDMWq7pG7w;Neutral
Cok pis yoldan cikaririm ????;Neutral
Rap dışında sadece Zakkum'un şarkılarını dinlerim;Neutral
Ölürsem de öldü sanma, ölmemeyi öğrenirim.;Neutral
Ya ben sevdiğim zaman Hakkı Bulut gibi seviyorum, yani henüz 3 yaşında bi kardeşim olsa seni ondan bile kıskanıcam??;Neutral
Biz birbirimizin kaderiyiz.;Neutral
Koy beni yalnızlığın bile olmadığı bir yere,;Neutral
Ölüm şeb-i aruz yaşam sa azaptı severken göz bebeklerini;Neutral
Aglama dediler de gözümde yaş mı kaldı güzelim;Neutral
Ya biri beni gezdirsin Barim :(;Neutral
yazın beni sinek ısırdı kızardı şişti sonra ordan minicik bi sinek lavrası çıkardım, pelin bana önce inanmamıştı. böcekler berbat şeyler.;Neutral
Disipline gitmiş sürtük. Oh.;Neutral
Unutamazsın. Unutama. Unutma ki sana yapılan tekrar edilemesin.;Neutral
Yarın gidecekmiş belkide göremeyecem ama öyle olmaz gider kapısında yatarım kimse engel olamaz sevdiğimi görmeme.;Neutral
Bazıları ilk önce karşı tarafın yazmasını mı bekliyor yoksa yazmak mı istemiyor? Bu kadar mı değersiziz bazılarında...;Neutral
Arkadaslar hicbirinizin hatri icin cig tavuk falan yiyemem, bastan soyleyeyim teklif dahi edilmesin kalpler kirilmasin.;Neutral
Diyetteysen eğer herkes tatlı yerken soda içmeye mahkumsun, malum yürüyüş zamanı (@ Irmak Kenarı Yürüyüş Yolu) https://t.co/TO9RoVVNX1;Neutral
Tek akıllı sensin. Zekayı bizden alıp sana vermişler be güzelim.;Neutral
Üç günde yeni sevgili bulup hayatınızın anlamı yapacak kadar gamsız, güya bir o kadar da aşka aşık adamlarsınız.;Neutral
Az önce bir video paylaştı @ Şile İstanbul yolu http://t.co/eSYZ1Uz0JR;Neutral
Eşofmanı ters giyip bide cepleri neden arkada diyen nisanın kafasından istiyorum akfjufsk;Neutral
Twitter'da harcadığım zamanı matematik için harcasaydım yine bir şey olmazdı o yüzden devam.;Neutral
Hayattaki asıl önemli şey istediğini almak değildir ,aldıktan sonra onu hala istemektir.;Neutral
O zaman taksim (@ Taksim Meydanı in Istanbul, Türkiye) https://t.co/8cDmMy5qQd http://t.co/2kY1U1zw3g;Neutral
80'lerin kâbusu... http://t.co/AJiF6QyLp2;Neutral
Ciddi bakışlar... http://t.co/4lEkV7Jkv4;Neutral
Anılar biriktirdim hep aşka dair djfjg;Neutral
Dışarda tam bisiklet sürmeklik hava var;Neutral
kendimi yirtiyorum efeye cay veriyim mi diye sadece veriyim mi kismini duymus ne diyon diyo benim kuzencanin ergenligi agir geciyor;Neutral
gelinlik secmelerimiz bile başladı ??;Neutral
Bırakın İnsana saygısızlığı bir kedi uyuya kalsa, kedinin uykusunu bile bozmayı bize hoş görmez. #islamofobiterördür http://t.co/UEidQFDcrK;Neutral
Kıskancım kızım ben böyle seviyorum. http://t.co/UQnChDlyFX;Neutral
Adam dedim... Kağıt değil, iman toplamış! Gördüğün manzara durduğun yere göredir derler... http://t.co/u7IPuejYCR;Neutral
O senin neyin olur dediler.;Neutral
Sen boşver yalnızlık iyidir,iyi...! (@ Hakan's Home in Izmir, Atakent Semıkler) https://t.co/Wa5rFOtTDE http://t.co/0gUG14l8OO;Neutral
Çünkü sen çölüme yağmur oldun;Neutral
Bu Videoyu İzleyince Hayatınız Değişebilir: http://t.co/DkDLwdFIhB zamanı uyanmamız lazım artık yeter uyutulduğumuz ALLAHA EMANET;Neutral
"Hayat aşırı güzelde çoğu zaman para yetmiyor.""";Neutral
"Canım sen beni engelle! Ben seni niye engelliyeyim ki sen zaten doğuştan engellisin ;)";Neutral
Sen neye bakıyorsun, niye bakıyorsun öyle.;Neutral
Artık rüyalarıma girmekten vazgeç;Neutral
Ssstt yakisikli sende malsin;Neutral
Sudenin çoraplarındaki çizgiler kadar renli olsa keşke hayatım ??????;Neutral
Kızım sen beni kendinle neden bir tutuyorsun mal.;Neutral
Aslan günde 18 saat uyurken eşek günde 18 saat çalışıyormuş,;Neutral
"kıssadan hisse; çok çalışmak başarılı yapsaydı eşek ormanın kralı olurdu..!!";Neutral
Ben bi AT biftegi alabilir miyim? (@ Kaşıbeyaz Florya - @kasibeyaz in İstanbul, Türkiye) https://t.co/Hi0s6qGyoJ;Neutral
Yarın olucak sınavım bitsede bir gitsem Eylül ve Asya mı çok özledim;Neutral
Telefonun başındaa tiwit atıp bekliyorum;Neutral
fake hesap acip gercek hesaplarıyla yorumlaşan, etkileşime geçen insanlar. insanlarımız...??;Neutral
Dert ettikleri şeylere bak yaa.;Neutral
Müge Anlı'ya meydan okumuş lan asdfhkfld ?????????????????? http://t.co/kKMYOE5b0A;Neutral
Canım yalnızca sevmek istiyor seni, ne umut etmek ne beklemek, hiçbir şey, sadece sevmek istiyorum seni..;Neutral
Madem sonumuz morg ozaman yaşasın kırmızı Tborgg :));Neutral
Kimee ne yapmışsam haketmiştir.;Neutral
Tamam o da Ayazın babası anladık tamam :dd;Neutral
Bugünkü program sonrası Sn.Burhan Şenatalar Hocamızla.... http://t.co/Tpfrss0xkH;Neutral
Bir ossuruk,bir hapşuruk bir de aşk gizlenmez. :) (@ Belsin in Kayseri) https://t.co/wtSzApNExG;Neutral
Sırf mesaj attığında ulaşsın diye tuvalete bile telefonla girerim o derece;Neutral
Bize bir selamı çok görenlere, uzun uzun cümleleri, bardağımızdaki çayı, duamıza katıp gözyaşımızı sunduk.;Neutral
Yıldıza hazırlanalım bakalım...;Neutral
Havasından geçilmez.Hayran olduğu Miranda Kerr onu takip ediyor fakat Sehunun takip ettikleri 0. #OhSehunKimdir;Neutral
Soru cozmekten gozlerimden ates cikiyo.Vay be ders calismanin faydalarina bak ışın kılıçlı göz 1. el asfjddjsjk;Neutral
Ya Size bir küpe : Sakın ! kibrin büyüsüne kapılıp , Burnunuzu dikmeyin : Ölünce İnsanı ilk terk eden o güvendiğimiz Burnumuzdur..;Neutral
Birgun kahvalti yapamasin deyip beni yerle bir eti hayir nefsine makum biri olsam rabime nasil cvb olr yemeden çiktim ve oldu biliyormusunu;Neutral
yeni kankalarına bişi diyicem demiyorum kalbin kırılır diye;Neutral
İslam , bırakın masum bir insanı öldürmeyi, bir karıncayı bir çiçeği bile öldürmeyi yasaklar. #islamofobiterördür @gmkonya @gencmusiad;Neutral
Ben ders çalışırken annem içeri girince elimdeki telefon bombaya dönüşüyo;Neutral
göz görmeyince gönül tribe giriyor işte;Neutral
Umarım bu hava yarın akşam maçı etkilemez.....;Neutral
Kadının delisi makbuldür Deli gibi seveni, deli gibi öpeni, deli gibi içeni, içine çekeni;Neutral
Lütfen çayı yalnızca için! Twitter'daki çay edebiyatı yüzünden bunalıma girdim hayır Rizeliyim bu kadar sevmiyorum mübâla da bi yere kadar.;Neutral
Bir yıl boyunca Ceren'le aynı evde yaşadık, bugün yemek yapmadın mı Ceren? Diye trip attığımı bilirim!;Neutral
Konuşmuyor olmamız ayrıldığımız anlamına gelmez.;Neutral
Acılarınızı biriktirmeye devam edin belki ilerde para eder.;Neutral
Gittiğin yerde herşey güzel mi?;Neutral
İyi niyeti kullanmak, günahtır haramdır.;Neutral
Geçmiş tozdur, üfle gitsin;Neutral
"Aralık'ta zirve hedefinde olmazsak giderim"" diyen başkan?";Neutral
Hayatımın aşkı nerelerde acaba çok merak ettim ugrasana bana neden böyle yapıyosun anlatırsın biraz;Neutral
Ya tatlım sen ugly selfie akımına kapılma sen her türlü cirkinsin kabullendik seni telaslanma;Neutral
Ya gençler bilmem fark ettiniz mi ama bekarlar günü yok yani neden olsun ki bekara bi gün bayram değil her gün bayram ??;Neutral
"""Sevcan, sen daha sol eline bile dışarı taşırmadan oje süremiyorsun;bu şahane resimleri nasıl çiziyorsun? Doğru söyle birini mi tuttun?!"" ??";Neutral
Kahve falı yanına dedikodu ?? (@ Bahçe Cafe in Bursa) https://t.co/lVNfVxPVT8;Neutral
Ben mi espiriyi anlamadım adaş http://t.co/SGNUoyqtGw;Neutral
Şu whatsappa 7-8 saat girmeyenlere çok şaşırıyorum aq ben kimseyle konuşmasam bile milletin durumlarına bakarım tek tek işsizim glb:(;Neutral
Polatliya acil köpek itlaf ekibi cagrilmali ve once suriyeli kopeklerden başlanmalı.. yetkililere duyrulur;Neutral
Arkamdan konuşcak kadar kaşarsın işte napalim kader kismet;Neutral
Whatsapp'a her kelimeyi tek tek yazıp telefonu dıt dıt öttürürenleri 84 yerinden bıçaklamak caiz midir?;Neutral
"Yalnızlık: Yan masada yapılan espriye gülmektir bazen.""";Neutral
"""@vatsep: Birinin hayatına girip, onlar için değerli bir hale gelip öylece çekip gidemezsin.""";Neutral
Bazen oyle bi dalarsin ki, gozun acik ruya gorursun;Neutral
AKREP: Yalnızlığı seviyorum. En azından böyle daha iyi olduğuma kendimi ikna ettim.;Neutral
Whatsapta artk arama yapılacakmış. Ben artk dakika ve sms yapmam. Sadece internet paketi yeter bana. Yaşa Mark;Neutral
Valla canım ben böyleyim işine gelirse;Neutral
Varacak bir yerin yoksa tüm gidişler bir kaçıştır aslında.;Neutral
"""Şu istikbal_i inkılabat içerisinde en gür seda islam'ın sedası olacaktır""";Neutral
Eskiden olsa, ağlasam yüreği burkulurdu şimdilerde kendi elleriyle öldürüyor beni. ulan hiç acımıyor canı.;Neutral
Mutlu olmak istiyorsan kimseden birşey bekleme;Neutral
Bu pozların başlangıcını buldum beyler O?????? http://t.co/pgqzml24Fq;Neutral
Bundan sonra hayat felsefem arayanı ararım soranı sorarım.;Neutral
Cesaretin yoksa hep kaybedersin.;Neutral
Az önce bir fotoğraf paylaştı @ Gizem's Home http://t.co/ZdaWOoy26n;Neutral
"yokluğuna alıştıgın insanın geri gelmesi ne bileyimm beden dersinden alınmış 100 gibi, etkisiz elaman yani ;))";Neutral
Kına mendilini sakladım belki uğur getirir ??;Neutral
"Hocaefendi; ""Allah sizlere neler nasip edecek bilseydiniz, heyecandan uyuyamazdınız.""";Neutral
"beni bana sorma nasılsın diye, beni benle yaşa kolaysa benim yerime iyiyim de...""";Neutral
Yok istemem diyen gönlüm çöle bile razı şimdi;Neutral
Eski sevgilimin yeni sevgilisi beni eklemiş daha kötüsü beraber resimleri var acaba resmi şikayet mi etsem ????;Neutral
Yarin samsun macina ordulularda gelecekmis beyler elinizde ne kadar kesici delici alet varsa maça getirmeniz rica olunur,saygilar....;Neutral
böylesi varsa pazartesi gelsin başlasın. http://t.co/xNG7Wd7Jud;Neutral
Her işte bir Nihat Odabaşı var. #herseyinbasinihatodabasi @NOdabasi;Neutral
mutfak benim işim valla ya;Neutral
Kitap okurken degil muzik dinlemeyi en ufak tikirtida okuyamayan tek salak ben miyim?;Neutral
"Özledin mi deseler düşünmeden hayır derim; düşünürsem sesim titrer, gözlerim dolar kilitlenirim.""";Neutral
Ümit Besen'i ve şarkılarını çok sevdiğim doğrudur evett ? ? ? ? ?;Neutral
Sen niye bu kadar inatcisin;Neutral
Kaybettiklerim arasından en çok aklımı özlüyorum...;Neutral
Pll izlemeye başladığım günden beri ilginçli saklama yerleri bulmaya başladım;Neutral
Şu gülru ve ailesi ne kadar sümsük ya.Gülfem ne güzel ama.YAHU TÜRK DIZILERI NIYE BU KADAR SAÇMA OLUYOR BEN BUNU MU IZLIYORUM;Neutral
Brazilya dizilerinde ki erkek oyuncuların saçları neden hep Kıvırcık :D;Neutral
Olması gereken olur ötesi yalan;Neutral
Dün nerelerine içtiler lan bunlar evde içki bulamıyorum;Neutral
Seni özlemek bile huzurken, sarılmak nasıldır kim bilir ??;Neutral
İki şey beni kendisine hayran bırakmıştır.Yıldızlı gökyüzü v içimdeki ahlak yasası;Neutral
Nasıl özlediğim hakkında tek bir fikrin yok.;Neutral
Oda sessiz..Sen sessiz .Ben sessiz.Sessizlik özündedir en koyu hüznün deminde.Ben ise seninleyken yaşıyorum sensizliği ve sessizliği.;Neutral
Büyük ödüle 41 gün kaldı ada şartları yarışmacıları iyice zorlamaya başladı.;Neutral
Az önce bir fotoğraf paylaştı @ Taka Karadeniz Meyhanesi Ali Kaptan in Yeri http://t.co/Q7iEueyvzP;Neutral
Bugün evim çok aksiyonlu L koltuğun bir sağ köşesine bayılıyorum,bir sol köşesine ??;Neutral
Acaba benim muhabbetim sıkıcı olduğundan mı gidiyor herkes amq;Neutral
O günler hiç yaşanmamış gibi yapamazsın, yapamayız. Biliyorsun değil mi?;Neutral
Az önce bir fotoğraf paylaştı @ Istanbul, Turkey http://t.co/kiLfTMSgmS;Neutral
Kendime inek alcam ve bütün gün Nesquik yedircem. Bi gün illaki bana çikolatalı süt verecek. Yoksa onu keserim.;Neutral
Simlacımm :) http://t.co/JxRpPr3lvu;Positive
?? Düğün var dediler geldik road to Antep (@ birecik köprüsü) https://t.co/uvouWUnej6;Positive
Bugünde böyle..;Positive
#love #TagsForLikes #TFLers #tweegram #photooftheday #20likes #amazing #followme… http://t.co/cX06JoNSLt;Positive
Alkışlar Beşiktaş'ı mağlup eden basketbol takımımıza ???? #MaviKaplanlar #TurkTelekom #BastırHadi;Positive
"Tenin içindeki cani sevene adam denir..""";Positive
Happyyy birthdaaaayyyy yaaaa @Harry_Styles #HappyBirthdayHarryStyles http://t.co/U61VNOmooe;Positive
Sev çünkü sevmek en kolaay;Positive
Bu ne dünya kardeşim seven sevene :));Positive
En güzeli de tek yürüyüş (@ Büyükada Sahili in İstanbul, Türkiye) https://t.co/4abxBANnLt;Positive
Ve doğum günü pastamız hazır ¦¦;Positive
Kaç sene olmuş be :) (@ Kahveci Paşazade in Ankara, Türkiye w/ @cerenogc) https://t.co/657Vta9wjZ;Positive
Canlarimla kavusmanin mutluluğu.. #antalya #kaleiçi #friends #smile #canlarım #kavuştuk ?? @… http://t.co/Q9kYK7wYy5;Positive
ilkleri yaşamak her zaman daha güzeldir;Positive
Seyyah Antik Yunan'ın izlerinde... @ Priene Antik Kenti http://t.co/7WIbk04dwJ;Positive
Şimdi horon ve kemençe zamanin....;Positive
"""@radikal: 10 bin kişi daha milyoner listesine girdi";Positive
Bursa Büyükşehir Belediyespor Satranç Takımı Türkiye Kupası'nda! #satranç #tsf #türkiyekupası #chess… http://t.co/4W81ireeLK;Positive
Çaktırmadan çek ???? çok beğendim ben bunu ???? @ Topkapı Palace http://t.co/zwefAwDyW5;Positive
bu nostalji seksi nambio italyano http://t.co/sekGWaDoDf;Positive
Kucukken arkadasimin dogum gununu unutup 1 gun sonra d.gunu partisi var diye evine gitmistim. Bugun de ona benzer bir sey yaptim.;Positive
Karabük yenilme Banvite koyalım kupon gelsin !!;Positive
Kendi kendime konuşuyorum allam ne güzel sey bu;Positive
Normalde yediğimi paylaşmamda bu farklı uzun zaman sonra nostalji yapıp Hint yemeği yiyelim dedik @… http://t.co/K58AAe0EIq;Positive
Ya ben avmde yasamak istiyorum??;Positive
yeni piercing aldım yooov yee;Positive
"Bowling keyfiii ;) (@ Pin Club Bowling) https://t.co/OClJ2k1nnL";Positive
İlhami geldi şiir yazacağım valla ...;Positive
Yorgunluğumu aldı götürdü sevdiceğim (@ Darılmaz home's) https://t.co/Y2Xrv9xX8S http://t.co/nTtolXfWfo;Positive
Sev. Çünki sevmek en kolay.;Positive
Aşk sana benzeri 2 kez izledim ama sıkılmadan 20 kez izlerim..;Positive
Eve geliş anaya hasret babayla Felekten bir türkü şöleni işte bunlar paha biçilmez;Positive
Sev çünkü sevmek en kolay.;Positive
Hala gülüyorum ya :aksjsks;Positive
"BEN "" :) "" İFADESİNİ SADECE KONUŞMA BİTSİN DİYE KOYUYORUM. YOKSA ÖZÜMDE ÇOK :dD.dDD:dD.d:DD:d:d Bİ İNSANIMDIR.";Positive
popüler birinden rt gelince tivit atıp onu övenler:DDDDDDDDDDDDDDDDDDDDDDDDDDDD;Positive
Gordugunuz gibi ben hic degismedim....;Positive
Şu an mutlu gibiyim ya da bilmiyorum her neyse ondan işte;Positive
Bebeklerimle sinema sonrası bi duman ?? (@ Konur Sokak in Kızılay, Türkiye w/ @simayildiiz) https://t.co/N0gBGTt4kp;Positive
emirhani niye bu kadar çok seviyom acaba;Positive
Çok favladın nikah tarihi alalım bence ??;Positive
Bütün şallar,esarplar benim oldun hepsi harika.Allahım nolur noluuur noluuuy (@ Koza Han in Bursa, Türkiye) https://t.co/5uOaz64IY5;Positive
Annemi ablamiz sanıp üç bacı mısınız diye soran teyzeye selam :);Positive
Yeni hobim eve girer girmez uyumak uyanmak yemek yiyip geri uyumak:));Positive
İşte istanbulun en sevdiğim yerisi :D (@ La Cave Şarap & İçki Mağazası in Istanbul) https://t.co/biNkOuJahB;Positive
Sinemaya geldikk (at @Optimum_Outlet in İzmir, Türkiye) https://t.co/jn3FwZdDKV;Positive
kardeş ile uğraşmak güzel ama yeteri kadar :);Positive
bi saçlarımı sevdim bids seni;Positive
"Tenin içindeki cani sevene adam denir..""";Positive
Az önce bir fotoğraf paylaştı @ Kültür Mahallesi http://t.co/VnHfl5xfUo;Positive
Allahım gülmekten ölcem ??;Positive
Vialand da çok güzel (yeni ayakkabı alınca ben) http://t.co/aXgWBO8B6T;Positive
Seninle biz ikimiz mutluluğun resmiyiz.;Positive
Ulan bu habere sevinilmezmi beee ????????? #NormLifeBebeğim #NormLife http://t.co/wIEVHvYEOV;Positive
Sabahtan beri Avon katoloğunu artı içtiğimiz kahvenin hatti hesabı yok Allahoom iş dediğin bu hep burda kaliyim hep https://t.co/h4e7uwwiNZ;Positive
Ruh halim :) http://t.co/lf0v9kAiLc;Positive
Bu benim özüm aga :) http://t.co/4uUEqkvDlQ;Positive
Allah herkese çirkin şansı versin amin amin amin;Positive
3D sinema #great #weekend #cig #kofte #party #and #cinema http://t.co/TGsavHdhef;Positive
ya ben ankarada 15 kat giyindigim halde yine usuyodum burda kisa kolluyla geziyorum harika aq;Positive
Ne tatlı şeysin sen öyle ????;Positive
Tesekkurler duzeltme icin... Kirilan kirildigiyla kalsa da... @solhaberportali;Positive
Biraz gezelim ?? (@ Taksim in İstanbul, Türkiye) https://t.co/JjMuaCxMCB;Positive
Eşyalar hazır tatil başlasın (@ Nadir Apart Evleri-1 in Edirne) https://t.co/dCGZfdt1oU;Positive
amenoo :)) #kilise #istiklal #taksim #gunah #cikarma :) ahah @ Saint Antoine Kilisesi http://t.co/mulAW36WEU;Positive
Yine yeniden (@ Kartal in İstanbul, Türkiye w/ @brn_62 @96_havin @dorukolcankaya) https://t.co/WywqznQHrz;Positive
O zaman dedikodu başlasn. ???? (@ Güzelevler) https://t.co/VlZshYt8TL;Positive
Elektrikler mi kesti? Olsun .... Bizim tüplü lüküsümüz ve dolu dolu muhabbetimiz var... https://t.co/sd1JRd13wc http://t.co/mKYf6Rpi5C;Positive
Iııımmm ellerine sağlik anneciğim :* (@ Home) https://t.co/weMKAZ1ckD http://t.co/hXioYehFK6;Positive
İlyası bilardo da ağlattım :D;Positive
Hababam Sınıfı'da olsak Atatürk'ün gençliğe hitabesini ezbere biliriz!! #HababamSınıfıUyanıyor;Positive
Düğün Time ?????? (@ Remzi Düğün Salonu in Akçaabat, Trabzon) https://t.co/5njC10aSdW;Positive
Harry is a 21!!!!! #HappyBirthdayHarryStyles http://t.co/9Zw6V0C4qu;Positive
Gelenek bozulmadı.. @ Gümüşlük Karakaya http://t.co/LLSHMnT3xx;Positive
Ve evet sonunda kuzenimin yanındayım?? (@ Mapavri Fast Food & Cafe 53) https://t.co/cVupQu9I7i;Positive
Dayımlarda çay keyfi :);Positive
.@lipilav__ İsmail söz törenindeysek demekki ?? (@ kız evi-bostan home) https://t.co/LJEvCTrNN3;Positive
Kuzumla muhabbet (@ Bourbon Coffee in Ankara, Türkiye) https://t.co/WnaadodHOD;Positive
Boy sorunu halloldu sadece gorusme kaldi ndjd;Positive
Bütün kızlar toplandık (@ Nosta Cafe in İstanbul, Türkiye w/ @tuncmeltem) https://t.co/tkPcfubWXs;Positive
.@aayseakin @rbiagrkn @fkadev @AIremAkin nişan zamanıı (@ Fatih in İstanbul, Türkiye) https://t.co/VYBEcTsJLR;Positive
Sana güveniyoruz Reyizzz @_selcuksahin;Positive
Veee izmirdeyizz :D;Positive
Alışveriş biz de kafa yapıyor ???? @ Mall of istanbul http://t.co/hJGHeI4xv7;Positive
Aciktik. .;Positive
Herşeyin Yenisi, Dostun Eskisi.;Positive
Dershaneli günler #nice @ Ízmir Alsancak http://t.co/cPs0Cnlk0p;Positive
Bu da bizim kuzene doğum günü pastamızz ... http://t.co/gRYJLtnBLf;Positive
Ablacıklarım ve yeğenciğimle :) (at @Cinemaximum in Eyüp, İstanbul) https://t.co/vyuqkmZTgd;Positive
Bence gayette güzeldi bugün ??;Positive
Nişana gitmeceler (@ Hacı Şerif in İstanbul) https://t.co/ZINnh0PvdD;Positive
Yalnızım ama mutluyum ??;Positive
Saldir antalyamiz oooleyyyy :) (@ Akdeniz Üniversitesi Stadyumu - @akdeniz__uni in Antalya, Türkiye) https://t.co/L9GIi4sFJS;Positive
bu aralar keyfimi yerine getiren tek şey alışverişşşş ????;Positive
Teşekkür ederim bi süre düşüm sürdü;Positive
Haftalar sonra bir deplasmandan 3 puanla dönüyoruz şükürler olsun.. @sivasspor;Positive
Yazmak insanı bu kadar mi rahatlatır ??;Positive
Paten kayanlara bi ilgim olduğu gerçeği var bide...;Positive
"Rabbim Kaza Bela Vermez İnşallah Mavime Beyaz Olmasa'da Bordo'da Bizdendir ;-) #08 Dc 362 Reis'de http://t.co/BA647bRgNa";Positive
Benim tatli kuzum http://t.co/fQgjkz0jkz;Positive
Arkadaş ziyareti ?? (@ Ezel&Reşit Turker Dental Clinic) https://t.co/drFKVquEPo;Positive
Harun abicim :D (@ By Makkas) https://t.co/WEvuBTwP27;Positive
İstanbulda olmamız buluşamıyacağımız anlamına gelmez kardeşim ???? @ Istanbul Beylikdüzü http://t.co/h7bps4Yy9u;Positive
Halama geldiysek gezmeden olmaz :) @ Çorlu Orion A.V.M. http://t.co/aYqKDBA2hP;Positive
Annemle kahve içmeler :) (@ ??Kuzu Malikanesi ?? w/ @serbay0007) https://t.co/mx2RUkYBia;Positive
Başarılar Fenerbahçe'm! Koyalım karabük'e!!!;Positive
Blank Space sarkisini da bir sevdim bir sevdim anlatamam.;Positive
Bizim koridorda cok guzel soyleniyor ustelik.;Positive
Çiçek ve çikolata hazır! Ayaz ve ailesi öykü'yü istemeye gidiyor. Kiraz mevsimi 20:00 'da FOX'ta! #kızevi @SerkanCayoglu @ozgecangurel;Positive
Kamp (@ Marmaris Erkan Işıksal Spor Tesisleri) https://t.co/aw449kmXqk;Positive
Allahim sana sükürler olsun pazartesi dershanem yok sinav yok sukur ya hem sebeseveyi izliycem bide butun gun twitter sukur allahim ya;Positive
Çocuklar gibi şendik. #taksim #beyoğlu #istiklal @ İstiklal Caddesi http://t.co/BdZaURAcdv;Positive
Önce yemek sonra gezmek... (@ Kadıköy Saray Muhallebicileri in İstanbul, Türkiye) https://t.co/8L4O5pdSlw;Positive
İlk defa Fenerbahçeyi izlicem. Karabuklulerin arasında ama :);Positive
Hayat böyle çok güzel ya..Güzelim ya http://t.co/Lx3dGkOV1b;Positive
"Bir adam bu kadar darmadağın edilebilir ;)";Positive
Macta Emenikeden iyi bi performans bekliyorum bu aksam #Fenerinmacivar ????;Positive
Abi beylerle nişan alışverişi ???? (@ Marmara Park - @avmmarmarapark in İstanbul, Türkiye w/ @lethalsubstance) https://t.co/16URfC3oF6;Positive
Akşam gezmelerii (@ New York Cafe & Food in Pendik, Türkiye) https://t.co/Mgxjq7uWbQ;Positive
Burak özcivit var dediler geldik :) (@ ÖzdilekPark - @ozdilekavm in Antalya) https://t.co/3DGwwWiL58;Positive
Bu yorgunluğa kahve iyi gider (at @PelitOnline in İstanbul) https://t.co/hPW3wkYpEo;Positive
Doğumgünüm :)) http://t.co/DI4zGmIYjf;Positive
O #kızevi Öykü Acarin eviyse o ev naz evi falan olmaz! ¦ :) @ozgecangurel;Positive
Hoş geldin canım @61funda #likeforlike @ Forum Trabzon Alışveriş ve Yaşam Merkezi http://t.co/3tQAVIq9gt;Positive
Ünlü Olmanın Avantajları ??????#Repost komik.paylasimlar.kulubu with repostapp.°···°Pratik makyaj… http://t.co/RYCquSsDMO;Positive
eşşek yüküyle para nasıl kaldırılır enter;Positive
Kahrolsun klonlar yaşasın Beşiktaş ????????;Positive
Aylar sonra resmen Bursaa! :D;Positive
Fatinin abisi de nisanlaniyo... hobaa :)) (@ tekkekoy buyuklu dugun salonu) https://t.co/mDg0iZdHN8;Positive
Hazırım http://t.co/pmvLeuPETg;Positive
Gelde bu cocuga asık olma simdi yagmur ilk defa isime yaradi ??;Positive
"Taksim ! şükür kavuşturana :)) yürüyen insanlar sokağı ;)";Positive
BAZI ARKADAŞLAR VARDIR, AİLE GİBİ.;Positive
Ah şahane manzara eşliğinde dostlarla sohbet ???? (@ Şehr-im İstanbul Teras Cafe) https://t.co/TjQcO6iUZl;Positive
Allahtan çok şey istemiyorum (Kıvırcık kumral saçlı, renkli gözlü, uzun boylu, olgun, sevecen, neşeli hatun) beni sevecek biri yeter.;Positive
Ve genel kamuyuda böyle devirdim !;Positive
Ya ben istediğimi alırım zor değil ?;Positive
Bi tiyatro klasiği daha (@ Süleyman Demirel Kültür Merkezi in izmit, Türkiye) https://t.co/lN5SdeVvjw;Positive
Telefonumu deli özlemişim vallaha saygılar hocam @_OyLuM_;Positive
Yemek zamanı:) (@ Burger King in Pendik, İstanbul, TR) https://t.co/F0ZiqsjT0g;Positive
Yemin ediyorum şaheser http://t.co/NjKE2sZWIX;Positive
Sinifca kafayi yemisiz, zira bugun tum yorgunlugum guldugumuz seyler uzerine dayali??;Positive
Yunanistana tek yönlü uçak biletimi aldımmm :D @Dmlkarahan;Positive
Havada mis (@ Marina in İzmit, Kocaeli, Kocaeli) https://t.co/bHNGf4yope;Positive
""" Sünger Bob : Bak Patrick sınavdan yıldız almışım.";Positive
Patrick: Ben de kocaman bir güneş.;Positive
2 gündür kapı süsü yapiyoruzz gizoşlaa sonunda bittii ?????? @baskan_gizem;Positive
Kızla erkek aynı tişört giyinmiş diye kıskandım meğerse aynı markette çalışıyorlarmış.;Positive
artık 5 yıl sonra bende lumya sahibi olup emoji yapabilirim HAHAHAHAHAHA;Positive
Deniz. Ombre ustası. Saygılar. @ Ferdi Kaya Kuaför http://t.co/Dy8j2Rt6Uq;Positive
"""AMİİN... http://t.co/mFJX2jlE14";Positive
İstedigin kadar uzak ol. Bi şarkı da yanımdasın.;Positive
“@radikal: 10 bin kişi daha milyoner listesine girdi;Positive
Her zaman doğru olanı yapmak zorunda değilim. Mutluysam bitmiştir;Positive
öyle seviyorum ki en best;Positive
Fenerbahçe Atletico Chelsea Groningen kazanir .. İddacı arkadaşlar :);Positive
Yurtdışı Birlikleri Çalıştayı'nda 2.gün sonu @TekinBingolCHP @CHP_Maltepe @BskAliKilic @herkesicinCHP @kilicdarogluk http://t.co/uUSxh1EoId;Positive
Kendimi dinledim de biraz yine senden bahsediyordum.;Positive
Ben kızçemi çok severim kiiii. ^_^#özgişim #cankuşum #dost #pofidiğim #kıvırcığım #değerlim : ) @… http://t.co/1F8eyoLiyp;Positive
Aysmodumla keyif vakti ??????? (@ Coffee İstanbul in İstanbul, Türkiye) https://t.co/tZGYwAh4bJ;Positive
ŞAMPİYON. #BAL #PLAYOFF #CHAMPİON #TEAM #FİRST #LEADER @ Mimar Kubilay Köse Stadı http://t.co/BwFvHAbbmm;Positive
Saplığımla mutluyum ????;Positive
Annem,babam,çağan (@ Dede Pide in İzmir) https://t.co/7mYPDNOUWU;Positive
Hahahahahaha tekrardan dilime dolandı ya ??????;Positive
Peste en iyi golleri hep Benzema ile atıyorum :d;Positive
Yine poacalarim cilgin atti arkadaslar ???? #delicious #nimnim #sweet #instalokko #instahub #instagram… http://t.co/rrhPlHoRmO;Positive
özlemişim (@ Big Yellow Taxi Benzin - @bigyellowtaxitr in İstanbul, Türkiye) https://t.co/2asmsEZjUl;Positive
"Hahahhaha hatırladıkça gülüyorum :D http://t.co/fl07XUHXV4""";Positive
Korkma çıkmıyorum yoldan, eski deniz yok gözaltlarım çıkıyor artık mordan.;Positive
Alışveriş ?????????? (@ Akasya Acıbadem in Üsküdar, Acıbadem) https://t.co/4vvHbCETpk;Positive
Tek eğlencem http://t.co/qiQj49BZDH;Positive
Issız bir adaya düşsek İmparatorluk kurarız yahu ??O? @ Bahçeli 7. Cadde http://t.co/PPt9VEA2Lb;Positive
İşte bu yüzden diğer kızlardan 267383771 adım öndeyim.. Kolay kanmaadığım için??;Positive
Ailemizin göz bebeği 2 yaşına girdi ?? ? (@ Merzifon Hava Lojmanları in Merzifon, Amasya) https://t.co/S2EwwQIXh3 http://t.co/zX8FCaGox6;Positive
Herşeyin bi çözümü bulunur elbet;Positive
Düğün baslasiiin?? (@ Hidiv Kasrı in İstanbul, Türkiye) https://t.co/33XfOPzDgL;Positive
Sonunda buluştuk biizzO?O??? @ Shakespeare Bistro, http://t.co/hTP7YwCWPU;Positive
>>>>> ne kadar kızgın da olsak ünal başkan bi numaraydı adamın bırakana kadar bi duruşu vardı.;Positive
Vazgeçmek korkakların işidir ..;Positive
Huzur bu evde (@ zeliş's home) https://t.co/uf7aLYUPQJ;Positive
Bu ismini bile bilmediğim mekan ve müzikleri çok iyi lan (@ Kıbrıs Şehitleri Caddesi in İzmir, Türkiye) https://t.co/YECTYKr353;Positive
Bugün kahkahalara boğulmama sebep olan insanlar iyi ki varsınız :) @ Beyoğlu çaycısı http://t.co/B7cVzpSvUl;Positive
Yapılması mümkünken yapmadıklarının pişmanlığı da bitirebiliyor insanı...;Positive
Ankaraya geldim. Kendimi memleketine kavuşmuş alamanci gibi hissediyorum;Positive
Sevdiceğim gelmiiişş:) hoşgelmiiiş:) sefa gelmişş:) @ Çakı home http://t.co/uJJpxtEfdV;Positive
Fatmamla bir okey klasiği daha :Dd ahajahja illegal işler ekip işidir :Dd http://t.co/Hy1K0nmdtE;Positive
Dershanem yok dedim 1 hafta daha yaticam ahahahahha;Positive
Eve gidiyorum ve gider gitmez ayaklarımı uzatıp koltuğa yayılacağım;Positive
En yakın arkadaşım http://t.co/tbpyLQlcjD;Positive
Hayatimda en guzel aldigim hediye degil de ne????????;Positive
Telefonuma gelen bildirimlerden bahsetmek istemiyorum ve hepside twitter:D;Positive
Baldan tatli şekerler sirineler :** http://t.co/EYPT12yBwn;Positive
5 ay sonra tekrardan Stephen Lynch dinlerken terasta tek başıma cay içiyorum. Mutluyum;Positive
Ailecek tasavvuf müziği keyfi. @demircimustafa dinlemeye geldik. (@ Kayseri Şehir Tiyatrosu in Kocasinan, Kayseri) https://t.co/h2SoS2w1HY;Positive
Çayırova ilçe gençlik kolları 3. Olağan kongresi hayırlı olsun... @AKnYUSUF @Alierdem4152 @ayazahmet61 @6141yazici http://t.co/cMZbtBjoQx;Positive
Baskettede tam destek :))) (@ Atatürk Kapalı Spor Salonu) https://t.co/qttU9K9NRv;Positive
Aile saadeti (@ Bilgiçler Et & Köfte Restorant) https://t.co/5PWjAz23gZ;Positive
Uyumun dibiler ya @asena_bulbul #KirazMevsimi @ozgecangurel @SerkanCayoglu http://t.co/woK0r9Ntll;Positive
Tamda bir aile gibiydi ??;Positive
Çay içiyorum mutlu sanıyolar, evet mutluyum;Positive
İzmir :)) (@ Kordon in İzmir, Türkiye w/ @babacikkk) https://t.co/Mt4E4xUWBs;Positive
Aşkımm sevgilimm bitanemm bebeğimm ???? http://t.co/TaSt25ppg7;Positive
Bazen olan seyler hayırlısidir.zamani vardir bekledik basa gelenler de oldu ama iyi ki olmus cook guzel seyler var artik yanımda;Positive
Aşk bu Aşk http://t.co/dcpHL0XvRQ;Positive
Sabahtan beri avon katoloğu artı kahveler Allahoom iş dediğin bu işte hep burda kalıyım hep (@ Mersin Marina) https://t.co/UFrD13LthI;Positive
Hmm büyük başarı üniversiteyi kazanmak inşallah @ Ildemde Evde http://t.co/MMWl1bck0o;Positive
Ismail Hocam haklı,her maç bize Final,umarım kazanırız..kazanacağız....;Positive
Urfaya yolculuk başlasın o halde :) (@ Ankara Esenboğa Airport (ESB) - @tavairports in Ankara, Türkiye) https://t.co/URFM6KvyDV;Positive
Canımın içi abim :D http://t.co/ZNg9SAztfp;Positive
Biraz da düğüne gidelim?? (@ sultanbeyli salon semazen) https://t.co/EM654QZY4j;Positive
Bu gazeteyi burada unutan(!) kisiden Allah(cc) razi olsun..;Positive
Özlem gidermece???? (@ Baba Evi w/ @tugcenuresen) https://t.co/wxLIVw2oLQ;Positive
Geçen haftaki oyunumuzu sergilersek bırakın Karabük bu ligin en dişli rakipleri gol atamaz bize müthiş defans yapıyoruz;Positive
"Gezdik geldikk ;) http://t.co/aexOaVc6wt";Positive
Burayida özlemişim.. (@ Amasya in Amasya) https://t.co/ODDGpDNpXP;Positive
Mutluluk sebebim resmen ya.;Positive
"adam dertliydi ama işi şakaya vuruyordu. ben de adama ""aman siz kendinizi bilmiyor musunuz? insanların düşüncesi önemli değil"" dedim.";Positive
Bugün süperdi be??;Positive
Fatmamla bir okey klasiği daha :Dd ahajahja illegal işler ekip işidir :Dd @fatmaaaktar http://t.co/e3GRUgQYmp;Positive
Biz tesekkur ederiz cok keyif aldik tekrar gelelim @YalcinAlaca ????;Positive
Anladım, özlemek de sevgim gibi sonsuz olacaktı..;Positive
"Fotoğraflarımizi buldum bugün, mektupları, karakalemini :) yakcam demiştim yakmamistim hatira saklayalim ;) T.";Positive
bende 5 yıl sonra lumya sahibi olup emoji yapabilcem HAHAHAHAHA EZİKLER;Positive
Migrota satiliyor bu sise.Tavsiye ederim mutlaka alin.Hepimizin katkisi olsun. #icimdenngeldiblogspot… http://t.co/9xh0fyjNHU;Positive
Türk yemeklerinin gözünü öpeyim;Positive
Evim evim güzel evim :) (@ Kepez, Siteler) https://t.co/HkavNNeNbs;Positive
Mucize ağlattı be efsane olmus ??;Positive
25 saat bişey yemeyerek kendi rekorumu kırdım djkdkdj;Positive
Annişle gezmeler ???????? (@ Cumhuriyet Meydanı) https://t.co/p7VvWrYgyK;Positive
Festival gibisin katılmak istiyorummmm :D;Positive
Normalde sevgililer günü boktan bir şey ama bu sefer Fifty Shades of Grey var sıradan olamaz.;Positive
Belki uzun belki karmaşık bir yazı olacak bu. Ama bugün hayatımın en anlam yüklü günlerinden biriydi… http://t.co/8MVW8P0kjw;Positive
Nazlıaka'dan Kadın Katlinde Ceza İndirimlerinin Kalkması İçin Kanun Teklifi - bianet http://t.co/arNRKLnI90 #bianet @bianet_org aracılığıyla;Positive
Şey doğum günüm de bugün;Positive
Çekirdeklerini yer , ama asla yere atmaz koca yürekli cocuk .. @ Çemberlitaş / İstanbul http://t.co/LAGgNZTM9t;Positive
Yaktığımız mumlar boşa gitmesin diye ailecek ayin yapmaya karar verdik ??;Positive
2.gelişimde bile baya dolu bi salondu.Hatta ben yine esprileri kaçırmamak için sesli gülmedim ama teyzeler maşşallah!!:)) #BanaMasalAnlatma;Positive
Onun haberi bile olmadan sevmek, apayrı bişey be;Positive
Uzun bi aradan sonra yine sahnelerdeyiz :) (@ Karşıyaka in Tokat, Türkiye) https://t.co/Q8obc7FyXu;Positive
Mesaiiii biterrrr @ Akasya Acıbadem http://t.co/Wkmqe8LpsF;Positive
Geçen haftaki oyunumuzu sergilersek bırakın Karabük bu ligin en dişli rakipleri gol atamaz bize müthiş defans yapıyoruz #FenerinMaçıVar;Positive
sonunda beeee?? (@ Beşiktaş 100. Yıl Meydanı - @besiktas in Mersin, Yenişehir) https://t.co/MqpMNZr850;Positive
Canimmmnsinnnnn ? ?? ?? ?? @buket3519 http://t.co/f6aSHAmU5N;Positive
Haksızlık ettim afedersin;Positive
Atkı koleksiyonumun 26 olması hoşuma gitti lan :D;Positive
Teyzemin üniversite arkadaşlarıyla sohbet, muhabbet, kahkahalar falan :) (@ Big Boss in İzmir) http://t.co/CtHdcbcsqV;Positive
Herşey yalan , sen gerceksin;Positive
Pu geçmiş olsun diyo ?? @Himesovski @Eceycik http://t.co/dlv6W4V3E4;Positive
Evet seviyorum hala aradan yıllar geçmesine rağmen.;Positive
Bugun gunlugume bol malzeme cikti mutluyum??;Positive
Fenerbahçe gelirde maça gidilmez mi (@ Dr. Necmettin Şeyhoğlu Stadı in Karabük, Türkiye) https://t.co/SwR4Qn2qdt;Positive
İsmail'in öpmesi bile beni mutlu ediyo;Positive
Tekken gülebilmek işin özü ?;Positive
Baldız oluyoruuuum ?????? #ablamınsözü #kızveriyoruz #happy #smile #today #night #new #nice #home… http://t.co/mVCjBXsWFh;Positive
annem süper yemekler yapmış yine pişsede otlansam o yemeklere;Positive
İşte bu benim yeni sevgilim, coookk tatliii?????? http://t.co/ZEzzhinnZc;Positive
3 yılın uzerine sonunda buluştuk Kavuştuk O?O?O? @ Bagdat Caddesi. http://t.co/5AVGK5tzpY;Positive
Hooome sweeeeet hooome (@ Bahçeşehir Towerland in Malatya, Merkez) https://t.co/5S6XdgraPl;Positive
Turuncu kafedeyiZ http://t.co/UUWd5qKZlx;Positive
hadi KARŞIYAKAM vurdugun gol olsunn;Positive
Şutların gol olsun başarılar Fenerbahçem #Fenerinmacivar;Positive
Hele şükür gelebildik :) (@ Yenipazar in Aydın) https://t.co/ljvAU0xLRe;Positive
Ataol Behramoğlu Sanatta 50.yılı #tarıkakan #rutkayaziz #beşiktaşbelediyesi (@ Fulya Sanat) https://t.co/LbXJB9a2Yu http://t.co/JFpGqGtv2e;Positive
Ulan ben bu eve aşığım be;Positive
Arsenal maçı öncesi tertemiz Kane şovu.;Positive
Lise dostlukları başkadır @burakcello ?? http://t.co/kv5OBEfCJx;Positive
Mum işığı eşliğinde akşam yemeğimiz ?????? #buonapetit #night #essen #dinner #eating #time #candle @… http://t.co/KXSjEpNc6F;Positive
Evim, evim güzel evim.;Positive
Yeni kitap mutluluğu #BülentTanör #OsmanlıTürkAnayasalGelişmeleri. #ErıkJanZürcher… http://t.co/N9xopYFkX7;Positive
Deli gibi sevmek ruhumuzda var.;Positive
FENERBAHÇE nerdeyse taraftarı Ordadır .. (@ Dr. Necmettin Şeyhoğlu Stadı in Karabük, Türkiye w/ @3481enes) https://t.co/MhUdtRu81z;Positive
"""Ana gibi yar olmaz, İstanbul gibi diyar;";Positive
Planlarımı değiştiren camii.. huzur yerim.. sanki tüm yorgunluğumu orada bırakıyorum... #Süleymaniye http://t.co/o0GuND7zua;Positive
Kahverenği dallardan pempe çiçek açtığına göre ümitsizliğe yer yok;Positive
"""Sonra yüzüme bir gülücük kondurdu, sanki bütün kelebekler benimdi.""";Positive
Gülüşü güzel olan hep kazanır .;Positive
Seni sevdim hep seveceğim;Positive
Zenci kadınların burnu niye bu kadar güzel;Positive
Kaliteli ve güvenilir mahallemizin marketti @filebekcisi29 (@ teda global market) https://t.co/l0k5qJjP9f;Positive
Sevindirici bir gelişme..;Positive
Bir kahvenin kırk yıl hatrı vardır dediler geldik (@ Pierre Loti & Tarihi Kahve in İstanbul, Türkiye w/ @enesyaasar) https://t.co/EsDMpiJAjV;Positive
Canım ablam yaaa ben seviyorum;Positive
Yapışık kardeşler harika dostum yaa ????;Positive
Başarılar Fenerbahçe Vurduğun GOL Olsun !;Positive
Bu gazeteyi burada unutan(!) kisiden Allah(cc) razi olsun..;Positive
Öğrencilerimi özledim sanırım canım çok pis ders anlatmak istedi :);Positive
Şu @13burrc okuyunca nasıl mutlu oluyorum anlatamam aq ya tam bi depresyon ilacı;Positive
Yolu doğru olanın yükü ağır olur;Positive
Sanki kalbimin bir odasina soba kurmus, birde ustunde cay demlemis gibi gel de sevme.;Positive
Umutsuz bir zamanda aşkı bulduk.;Positive
5(beş) lira daha ucuz diye kitaplara saldırdığımız bir gün @ Sirkeci Eminönü http://t.co/z3xQsjuPva;Positive
Herşey seninle güzellll http://t.co/oxSDtlzOUc;Positive
Gökyüzü kadar derin seviyorum seni.;Positive
Etli ekmek :)konya`s most famous :) (@ Cemo Etliekmek in Konya) http://t.co/CVCV5KYAsl http://t.co/uxPjmRtvMP;Positive
Uçarak geldim desem yeridir ?????? (@ Sarıyer Sahili in İstanbul, Türkiye) https://t.co/D1AyEOeLJw http://t.co/xCQ40JQPui;Positive
Çay yok b.k için #Dublaj #dublaj #kemalsunalreplikleri#kemalsunal #buyukusta #best #instagood @… http://t.co/Df6YeJCeMp;Positive
Ahmet Kurali yicem ya bu kadar sempatik olmaaa;Positive
Hep müşteriyemi yapacaz birazda biz yiyelim:) http://t.co/PfpxJUuuIF;Positive
Fermanın sesini sevdiğim kadar hiç bir şeyi hiç kimseyi sevemem sanırım;Positive
Düğün konvoyu başlasın (@ Kırkkonaklar in Ankara, ÇANKAYA) https://t.co/GWQqzLWbZQ;Positive
Sonunda elektrikler geldi;Positive
Yaşasın toprakla oynamak ^^ http://t.co/keOt8pojJ8;Positive
"Hamile bir köpeğin, kendini ve yavrularını yangından kurtaran itfaiyeciye teşekkürü... http://t.co/RiKF7ajNmv""";Positive
İlk örgü siparişimi aldım çok şükür?? Devamı gelir inşallah??;Positive
Gözüm kapalı bile seni görebiliyorum gülümse çekiyorum;Positive
"Ama sırf bu kıl düşünceyi bertaraf edip gerck ""maalesef"" mimarlığını öğrenmk içn bilerek stajımi o soğuk belediyede yptm iyiki katlanmşım.";Positive
Walla aşığım.;Positive
Kahverengi dallardan pempe çiçek açtığına göre ümitsizliğe yer yok bizde ??;Positive
Gerçekten terapi gibi... @ Adana Huzurevi http://t.co/l9P1Ph5M0k;Positive
Allah'ıma çok Şükürler olsun Ankara'ya döndüm;Positive
Şenlik var dediler geldik (@ Kuruçam Mahallesi) http://t.co/SEyPKgtLHo;Positive
Seda'm geldi keyfim de yerine geldi?? @ Bahçelievler http://t.co/d80CcdVkA9;Positive
Oo kuzen mi alırım bi ömür :);Positive
Dedemle oturup hababam sınıfı izlemek izmirin en güzel son akşamı;Positive
?? #payedar #kahve Üsküdar'daki favori mekanımı buldum ??O? feyzacukurova sayesinde O??? @ Payedar Kahve http://t.co/OzykWlvtvg;Positive
Acaip guzel lan djdjwlshwlxjdkejk;Positive
Ahmet kural harbi tarzsın ya;Positive
Haftasonu keyfinizi ikiye katlamak istedik ve çok sevdiğiniz Triko ürünlerimizden desenli kalem eteği… http://t.co/tRRdvulRmA;Positive
""" Sanki bana huzurlu gelen ne varsa onda birikmiş""";Positive
Zuhal Hocanın oğluda çok yakışlı işte;Positive
Jagged'ın taklitlerine bayılıyorum aq lsjdöakdlakdlald;Positive
ben bilmem eşim bilirde istisnasız her dört kocadan biri çok ateşli oluyor. want. want.;Positive
Kankilerle muhabbet koyu :) (@ Hüsnü Ala Cafe & Restaurant - @cafehusnuala) http://t.co/HXe5ond3dZ http://t.co/TPjoXoKH09;Positive
Sen beni seversen , en güzel ben olurum ...;Positive
Aşkım benim yine küstük barıştık. :-);Positive
Alemin en kralıyla :) seviyoruz, seviliyoruz. @foxahmet @ 34 Yeşilköy Kahvesi http://t.co/dhZWk4gHJe;Positive
Ağladıktan sonra gelen o tatlı uyku en sevdiyim O? #offline;Positive
Alışveriş zamanııııı ???? #love #shopping #addiction #sis @ GordionAVM http://t.co/Qu8lf5O3E4;Positive
Ne mükemmel kankam varr bee kıskanın :D;Positive
Şuan evde mumlar yanıyor, yemek sipariş etmişiz, izlenmeyi bekleyen 2 film hazır ve eşim yanımda.. dinlenmek için iyi bir cumartesi akşamı..;Positive
KEPEZ'e yeni bir kültür ve eğitim hizmeti olarak OYUNCAK MÜZESİ kazandırmak için kolları sıvadık. Hayırlısı inşallah. http://t.co/AnN51J5AdO;Positive
Ne güzel demiş Mevlana Celaleddin Rumi http://t.co/YsDJOhubu1;Positive
Kuzumla kahve keyfisii (@ Bornova / Özkanlar w/ @ranagultekin) https://t.co/jTFsozgJvk;Positive
3 saattir bornovadayım çirkin kız görmedim daha aq;Positive
sonunda geldi be elektrik;Positive
2013 ve 2014 ödüller toplam 10 adet iyiyiz iyi @ REMAX Vista Gayrimenkul Danışmanlığı http://t.co/Oj2hx6vPDn;Positive
Dayıma hayırlı olsun ziyareti (@ Dorukkent in Sakarya) https://t.co/e0kYquTTyi;Positive
Durun daha bu gülüşlerimin kahkahası var :);Positive
i #think #everything is #ok! so #what? its so #awesome #chatting #good #friends #eating #enjoy. @… http://t.co/siHStWfutU;Positive
Kimsenin zayıflığıyla dalga geçmedim çok şükür.;Positive
Araba anahtarı ister gibi helikopter anahtarı isteyen Felicity sevimliliği ??;Positive
Güzellik nerde biz orda tabiki ???????? @sossbonus betuulozts #hilldzc @ Hill Brasserie http://t.co/v0In0d2feK;Positive
Alemin en kralıyla. Seviyoruz seviliyoruz. :) (@ Yeşilköy Kahvesi - @yesilkoykahvesi) https://t.co/YNGKWKl3pJ http://t.co/NgooyztXd5;Positive
Çok seviyom;Positive
hello kiti pijaması giydiririm sana şeker oğlan O;Positive
Hiç olur mu vazgeçmek yarı yoldan geri dönmek yakışmaz bize yürekten sevince.. (@ Anatolia Cafe & Restaurant) https://t.co/USWmDbmgQ1;Positive
Medyum Memişle aynı uçakta oldugum icin cok sansliyim ???? (@ Samsun Çarşamba Havalimanı (SZF) in Samsun) https://t.co/PQo8uPLPzY;Positive
Sevdiğimiz insanlar elimizi tuttuğunda iyileşiriz biz..;Positive
O kadar güzel gülüyodun ki içini kıskandım için olmak istedim ??;Positive
Resmen mutluyum valla hayret ??;Positive
Kaderimdir dedim üzülmedim ki kankam;Positive
En güzel doğum günü hediyem???? http://t.co/Fh2UzkPbiG;Positive
Çocukluk arkadaşım evlenmiş ya çok duygulandım şimdi onunla az piçlik yapmadık ??;Positive
memleket gibi memleket ?? (@ Beypazarı in Ankara, Türkiye w/ @taxir @kubraust) https://t.co/gVmeq0y9Hj;Positive
Mix yaparken çok eğlendiğim doğrudur;Positive
İnadına Peşindeyiz !;Positive
"Yeni Türkiye'nin Bilge Lideri; yürüyeceksin millet yürüyecek arkandan. Seninle yürümek ayrı bir sevda.... http://t.co/W2rorPk7Va";Positive
Soran oluraa butsuz gecti dersiniz :) :);Positive
+Düşmanları catır catır catlatalım munafıkları seviyo musun beni sen -bu dünya en çok sevdiğim kişi… http://t.co/Z5mQnS8krJ;Positive
El Ele, Omuz Omuza;Positive
Hazirliklara tam gaz devam.;Positive
Bana yina baldan tatlı geliyosun aşka geliyorum baakk ????;Positive
"""Ne güzel bir duâdır;";Positive
sayende güldük eğlendik tşk;Positive
Ay ben onun Merhabaa diyişini yerim -_-;Positive
Şenol hocanın vardır bi bildiği haksız yere tepki göstermeyelim;Positive
Araba yarışı oynarken tuşlara daha kuvvetli bastığında arabanın daha hızlı gideceğine inan insanlardan ne zarar gelebir ki kırmayın onu :D;Positive
Besiktas hentbol takimina cicek ve baklava ile ziyarete gidiyoruuuz ?;Positive
İki cümleyi bir araya getiremiyor sorsan ooo bir numara. Kanki sen git ilk Türkçe'yi öğren harbi diyorum gsbhshvqq;Positive
Bi de erkek parfümü seven kız tatlılığı var.;Positive
Şimdi çocuğu sevicem ama severken cimcircem umarım annesine söylemez;Positive
Bazı şarkılar eskimez ya hani.;Positive
Vefa bozacisi çok farklı bee;Positive
Mert Günok Türkiyenin en iyi kalecisi olacak.;Positive
"""@AcliKrizi: Çoğu şeye gülüp geçmesini bilen insanlar takdir edilesi.Çünkü; en iyisini yapıyorlar.""";Positive
"Sevdiği kadının arkasında duran, aşkına sahip çıkan adam; ne güzel bir adamsın sen.";Positive
Hoşgelen abii O? (@ OASİS Evleri in İZMİR w/ @okayselcuk) https://t.co/mRQsT5h3aK;Positive
Feyzaya yaptığımız doğum günü çok güzeldi ?????;Positive
Kokun diyorum Cennet , mis , Huzur.;Positive
Efe Aile Kasabına Hayırlı Olsun Ziyaretinde bulundum.Bol Kazançlı günler dilerim http://t.co/kT8b3iBAv6;Positive
Astsubaylık olur umarımmm. Hadi hayırlısı benim için ??;Positive
Çok işte çırak olacağına, bir işte usta ol...İmam-ı Gazali;Positive
Harun abim geliyoo cok mutluyuz..;Positive
Nazlı yarimm ayy ayy ayy olmuş;Positive
Sonra aklıma ne kadar tatlı ,sempatik ve güzel olduğum aklıma geliyo her şeyi unutuyorum:)));Positive
Kimse bana şans veremez, ben zaten istersem şansı kendim yaratırım;Positive
Sigarami aldım dışarda oturuyorum camide döner dagitiyolar yicem şimdi kaçak girip bu benim serseri serbest stilim arkadaşlar:d;Positive
ADAMSIN ADAMMMMM http://t.co/lyhJWFc7C7;Positive
Gunun ozeti ?? #tired #train #early #morning #ticket #plane #tardiness #family #brother #city #happy… http://t.co/8U6gEMnpIb;Positive
Kardeş yemeğide güzel oluyomuş??;Positive
En güzel mesaj ?? http://t.co/hJBvWKpmOC;Positive
Bazen baş ağrısı çekmek için dünyaya geldiğimi düşünüyorum.;Positive
Vayyyy beeeeee seninle gurur duyuyorum demek ne kadar da güzel bi duyguymuş;Positive
Şükürler olsun :);Positive
Deli dolu güzel geçen günün sonu ??;Positive
Herkes realin 4. Golunu izlesin mukemmel;Positive
Ulam bee sesine kurban olduğum. ??;Positive
Keyifler iyi mekan herzaman ki yer :D @Ecekalpdeniz http://t.co/7nhLSGEk5i;Positive
"""ve ben senin için yaratıldım. herkes sustuğunda seninle konuşmak için burdayım.""";Positive
Allah Utandırmasın #Fenerinmacivar #Fenerbahce #karabukspor #fenerist http://t.co/M5dCxGb3QL;Positive
Aşığım sana İSTANBUL ?? (@ İstiklal Caddesi in İstanbul, Türkiye) https://t.co/5COrbDjl9y;Positive
Dünya tersine dönse de Mustafa Kemal'in izinden bir adım şaşmayacağız, şaşırtamazsınız.;Positive
Güldüre güldüre bi hoş ettin bizleri :];Positive
Sağol varol :]];Positive
Böyle gol at, canımı ye Benzema ..;Positive
Ben evlenicem dugunume kendimi davet edicem haftaya dugunume davetlisin asmin;Positive
Maça yarım saat kala heyecan tavan ??;Positive
Görürsem dediğini yapamam böyle kal hayalimde beynimde kalbimde;Positive
Babamla yüksek lisans yapabiliriz. Gerçi onun pek vakti yok ama bakalım ?????? o kesin devlete kabul edilir. Ben de özelde yaparım işte??????????;Positive
Soğuksu nimet vallahi. Havasi bile değişik;Positive
Hayatimda boyle idman atmadim ben. Mutluluk bu ulan!;Positive
Ahahahaha o zaman banko seviyor ?? http://t.co/93b5lzEbzM;Positive
Tanışalı kısa bi zaman oldu amaa çok şey paylaştık, git ve hemen geri gell. Kendini fazla özletmee… http://t.co/uTn0hZLKEx;Positive
"""Hayat tiyatro gibidir, en kötü insanlar, en iyi yerlerde oturur."" - Aristofanes""";Positive
Ellerimize sağlık... @ Ozgen's Summer House http://t.co/O22FJjFHoD;Positive
Bi baskasin marmaris :) http://t.co/IfqHdRxHIO;Positive
Bende güzel haber almak istiyorum :D;Positive
Bugunde kacak girdik cok sukur :d http://t.co/ELICOhOFJx;Positive
Şu an her şey tıkırında her şey olması gerektiği gibi;Positive
Mutluluğun zirvesi budur;Positive
Hayatta başka mutluluk, sevildiğimize inanmaktır;Positive
Antep'te galibiyet pozu :);Positive
Eglenceye varmisin....?;Positive
Vee nevsehire yolculuk baslar :D;Positive
Allahımm :)))? http://t.co/ZnSbWAbjsh;Positive
Yerimden kalkicam.. Insallah... Öyle umuyorum... Bugun bitmeden...;Positive
Beni unflayan herkesi cinler gondiklesin amin;Positive
Bizim okula akkılı tahta gelmiş sonunda be helal olsun;Positive
Kesinlikle ?? http://t.co/9hwsZ3jXPJ;Positive
Hayırlı Akşamlar...... http://t.co/J4RwD6nZS6;Positive
Mucize:-) (at @Cinemaximum in Eyüp, İstanbul) https://t.co/SkeHUipJ4C;Positive
Lider Gibi Oyna :);Positive
Helal süper devam aynen böyle ??;Positive
Allah cumlemize sabir ve hidayet nasip etsin.Bir an dahi bizi bizimle bas basa birakmasin insallah..;Positive
Nu kadar ucuza bu kalite balık çorbası ve balık yemek ancak burda olur #unye #ünye #kaptanbalikcilik… http://t.co/18f29fD375;Positive
Biraz önce babama facebook un parayla alındığını söyledim ve vazgeçti .d;Positive
Evet biz dışarı çıkmak için hazırlanıyoruz ???? @gshcyln_;Positive
Dua ettiklerim var benim, haberi bile olmayan.;Positive
Bira, fıstık, manzara ve dost sohbeti ???? @ Vida Pera http://t.co/Gn6TDehrvl;Positive
Bazen kendini motive etmek icin bir kac kitap ve bakim urunu yeterlidir... :) #kizgibiyap http://t.co/M09k3vWiho;Positive
Ne hayat ama herşeyle karşılaşmak mümkün;Positive
Annem instagramdan takip ediyo kıskanın çok teknolojik aileyiz ????;Positive
Ruhu bedeninden bile daha büyük yerlerdir, huzurdur. @ Bezm-i Alem Valide Sultan Camii http://t.co/DRl4fBV1HA;Positive
Asker'e gidecek arkadaşlarımızın şimdi'den Allah yardımcıları olsun .;Positive
Evarbaş iyi akşamlar millet:) herkes sağmı http://t.co/BmeYiCvfbR;Positive
Bir dilim elmayla butun gun tok hisseden ben ??;Positive
Günümü güzel yapanlara gelsin seviyom lan siziii ????;Positive
Tabiki Sezen Aksu http://t.co/0TZBL6ytST;Positive
Bu kalp benim mi yoksa senin mi anlamadım, hep senin için atıyor.;Positive
Bana özledim deme cips var gel de :);Positive
Güldüre güldüre bi hoş ettin bizleri :];Positive
tagları bu başlıklarla açmaya devam kankalar biz çok eğleniyoruz :dd http://t.co/qLyQrriTEN;Positive
Abimlerde film keyfi :) (@ Armağan Evler - @umraniyebeltr in İstanbul, Türkiye) https://t.co/4OCQVmthQ6;Positive
Aslında yaptım mı güzel yemek yaparım ama bi kez pilava tuz yerine karbonat attığımı hatırlıyorum. Yani tabi ki becerikliyim orası ayrı.;Positive
bu benden mi hoşlanıyo düşüncesi dünyanın en müthiş şeyi senin de gönlün varsa her şey gelişiyo zaten kendiliğinden;Positive
En son 5 ay önce gelmiştim. Gözümde canlandı koskoca mazi :) (@ Efes Sitesi in Aydın) https://t.co/AxUnlCA1T6;Positive
Canim ablam ya düğüne gelmiş :D;Positive
Altay ailesi olarak bugun sizi cok andık,Ali hoca bile cok özledim dedii erhan hocaaa:))) @erhaneceyurt;Positive
bizde kacan kovalanmaz pasam gelen agirlanir giden ugurlanir?;Positive
4 saattir elektrikler yok ve yeni geldi resmen hayata döndüm;Positive
Otobüste çok tatlı bi çocuk gördüm. Dibimde böyle. Mesajlari okurken yakaladim. Böyle gözlerini kacirmalar falam cok tatlıydı..;Positive
Emenike Karabüğü seviyor bugun yazar bir tane bozar gol orucunu insallah;Positive
Biz çok eğlendik #madagaskar @ Ülker Sports Arena http://t.co/bZntNCZMMY;Positive
Yalnız twitter duvar kağıdım çok güzel skdjndnf;Positive
Tatlı zamanı :) (@ Waffle Art in Bursa, Türkiye) https://t.co/0VcOIg7Tbk;Positive
Paylaştığınız şey sizindir, paylaşmayıp kendinize bıraktığınız şey ise nefsinizdir :);Positive
Gerçek hayata dönüş.. (@ Midpoint in İstanbul, Türkiye) https://t.co/IspAqPx6x7;Positive
Bizler inandık,sizde inanın.Bizim için bu maçı alıııınnnn!! #antalyaspor #tribün… http://t.co/JYt9aLe7e5;Positive
Muhakkak ki iyi değilim ama herşey yolunda;Positive
ya bugun umitler cok iyidi aahahahah;Positive
Süper haber.. Kapalı alanların , önünde girişinde de sigara içmek yasaklanıyormuş ??;Positive
Delikanlı kız sjsjsjsjd;Positive
Avmde uyuduktan sonra büyük boy iyi gelir :dd (at @StarbucksTr in Ankara) https://t.co/I96gY4sTkH http://t.co/EYVtbuI3DQ;Positive
Dünyanın en harika tatili ???????? @ Ihlara Canyon Valley Capadocia http://t.co/Qn7trFj21O;Positive
Ve sınav biter sonuçlar açıklanır geçtik bakalım http://t.co/YshOVP4N6v;Positive
Bu tespih benden ona emanat;Positive
Çok şükür.;Positive
Twiterdaki sevdiğim kardeşlerim için de dua ettim, karşılıksız etmiş olsam da sizden de bekliyorum:);Positive
Yengem beni gezdirirsee :) http://t.co/i1toYcVpsO;Positive
Kuzumla muhabbet ???? @NHaseken;Positive
Ailecek aksam yemegii :) (@ Alâbi Restaurant Ortaca in Muğla) https://t.co/oGNV0xy8lk;Positive
Çok seviyorum lan.;Positive
"İlk kez berabereye geldik ve çok sevindik!Allah'ım ne günlere kaldık:D Ramel'in peşpese 3.3lüğüyle öndeyiz!Şu an atmosfer müthiş.. #ygbs :;D";Positive
Kimseyi koyamam yerine orası hep senin kalacak o yara ıslak imza kalbimde sonuna kadar seninle atacak;Positive
Kesinlikle!! http://t.co/sEwUW1ulD4;Positive
Tanrı Türk'ü,Allah Müslüman'ı Korusun...;Positive
Benim de değişmem gerek artık...:D;Positive
Kavustuk!!! @bukeeet1907 @renkliruyalarr (@ Fenerbahçeliler Derneği | FBD - @fbd1986 in İstanbul, Türkiye) https://t.co/UO0DAzetpp;Positive
Bu pozisyona bayılıyorum http://t.co/s3xbn0dTYH;Positive
yine bi gün aşk yaşıyoruz. @ Ataköy Marina http://t.co/EXCko4nhuw;Positive
0-3 kazansak yine ne güzel olur be @Fenerbahce;Positive
Azaphandan ayrilmak icin dua ettiğim saatler evet..;Positive
Gece ayrı bir güzel canını sevdiğim istanbul ?? (@ Boğaziçi Köprüsü in İstanbul, Türkiye) https://t.co/YSeTitXMD5;Positive
Klasik cumartesi akşamı OO @ Bizimkent-BEYLIKDUZU http://t.co/wA2KbaRk8m;Positive
sana uzun yollar çıktı, bana yeni aşklar ??;Positive
Çaktırmadan bakmak isterken göz göze gelinen anın tatlılığı ??;Positive
"İnsanların %81'i sevdiklerinin mutlu olması ile mutlu oluyor ve kendilerinin mutlu olmalarını çok önemsemiyorlar. İşte bu insanları sevin.""";Positive
Oleyyyyyyyyy dbdjxhzj http://t.co/9qJmzE8K7c;Positive
Baba-Kiz maç keyfi yapiyoruz ???? FENERBAHCE ???? @ Tesadüfler Durağı Restaurant http://t.co/G4nBNr2eZH;Positive
Urfanin tadına şimdi vardık ?? @ Sevgi Ciger Salonu http://t.co/xMlfmb7VMO;Positive
Birlikte Galatasaray macina gidip beste söylüyelim sevdiyim bey;Positive
Canını yediğim yine yaptı gol sevincini. Özlemişiz. #SturridgeisBack !;Positive
Güzel bir rüya görüp uyandıktan sonra hayal ederek devam ettirme çabası.;Positive
Filmi çok beğendim http://t.co/J1qlgzTiKH;Positive
Keyifler yerinde O (@ Yenimahalle in Ankara, Türkiye) https://t.co/KjUEEV6G0h http://t.co/9geQsMB9l3;Positive
Şampiyonluk için saldır kanarya :) (@ Sosyete Kahvesi in Bolu) https://t.co/ZpCfWrjIWk;Positive
"Yüzüme karşı söylemeye cesaret edemediğiniz şeyleri şuraya yazmayın rica ediyorum. Teşekkürler ;)";Positive
Literaturde ne kadar yan etki varsa hepsini ayni anda yaşıyorum aknetrent kullanarak 4.ayim da intihar duygusu oluştu hadi hayırlısı;Positive
Biraz gezelim (at @ViaPortOutlet in İstanbul, Türkiye) https://t.co/7gzSUGXNRg;Positive
İBFF'lileri ilk kez böylesine mücadele ettiklerini gördüm.Öğretmen adaylarını aratmayacak bir dayanışma doğrusu!;Positive
Şuan sadece iyi bişey duymak istiyorum;Positive
Aşığım ben sana ????????;Positive
Bir tek sana anlatabilirim ve dahası, bir tek sen anlayabilirsin.;Positive
Nasıl güzel bir tat çikolata kahve?? @ Çikolata Kahve Çengelköy http://t.co/Y05JTg6652;Positive
Evimdeki çorba sokaktaki kebaptan güzeldir ... @ Demirhanin Evi http://t.co/pRuqiJZTLw;Positive
İyi insanların kıymeti bilin çok az kaldı boylesi.;Positive
Bünye alisik valla öyle mutlu filan olayım iki dk hemen bisey olur;Positive
Babamla türkü dinlemek beraber söylemek en büyük zevk tabi türküyü bize sevdiren @sevcanorhan la birlikte muhabbet?? http://t.co/ofdlEiH9N1;Positive
Seviyorum, seviyorum, seviyorum,seviyorum, seviyorum, seviyorum, seviyorum, Seviyorum, seviyorum, seviyorum,seviyorum,çoooooook seviyorum..;Positive
Boyle güzel yürüyüş görmedim Allahuekber eşliğinde :)) http://t.co/wNuwp4ebK4;Positive
Sayende dedektiflerden farkım kalmadı ya valla çok sağol?;Positive
Inandik be sizlere (@ Dr. Necmettin Şeyhoğlu Stadı in Karabük, Türkiye w/ @erntrzi61 @cakmabeckhamm @ozkanns) https://t.co/DGIZT1VHKu;Positive
Nişan var. Darısı başıma (@ gökkuşağı düğün Salonu) https://t.co/TNjdLMGVGV;Positive
Yarında var Madagaskar çocuklar çok keyif alıyor tavsiye ederim @ Ülker Sports Arena http://t.co/shDfZuQ9hQ;Positive
6 gun sonra kurtuluyorum yehaaa;Positive
Aşk tüm olumsuzluklara rağmen sevmeye devam etmektir;Positive
Panik yok biz fenere koyariz;Positive
Takvimden kopan en güzel yapraktı seni gördüğüm gün .;Positive
En güzel direniş kalbi temiz tutmaktır;Positive
Her musibet bir ışık yakabilir. Eğer insan isterse.;Positive
Maç öncesi programları izlemek hobilerim arasında yer alıyor. +;Positive
Tam dere kenarına da :) ahah ne güldüm ahmet abi işi biliyo :);Positive
Karabük sana güveniyorum haydii al şu maçıı...;Positive
Buseyi çok seviyorum en sevdiğim kuzenim iyi ki var canım busem ??????;Positive
Bir sürü güzel anımız var bizim :)) #militarylife @ Poyraz Limanı http://t.co/q9ju2OPSlO;Positive
Sinirlenince uyumak diye birsey var en sevdigim <3;Positive
Bütün yataktan çıkmamak mükemmel;Positive
Dedikodu dedikodu :)) (@ kuaför aysima) https://t.co/dlE8SbQhxq;Positive
Kalbimden bir parça çalan adam sana aşığım .;Positive
fenerbahcem sen herseysin...;Positive
2015 Seçimlerinde HEPAR, %10 baraj sebebiyle seçime Bağımsız Adaylar ile katılacaktır. Onurlu millet, başı dik devlet için @OPAMUKOGLU !;Positive
Oley uçak bileylerini babam aliyo gerisi bana kaldı ???? ????;Positive
Dost ve Kardeşlerime;Positive
HuzurDolu Akşamlar http://t.co/fIXc0yYojS;Positive
Kafa dağıtmak için güzel bir akşam ????????;Positive
Babanız akşam dışarı çıkmanıza izin verdi: GOL;Positive
Dügünümüz var ???????? (@ Yalova Kopuz Dugun Salonu) https://t.co/zzsqSP9x6V http://t.co/13HIXkapdZ;Positive
Aq çok egleniyom http://t.co/K0eLJwkerp;Positive
Bütün gün yataktan çıkmamak mükemmel;Positive
Uğurlu mekanda maç keyfi #Saldırfener (@ Baydu in Konya) https://t.co/Mec3reTnL6;Positive
Coutinho ve Benzemanın gunu sanirim biri asist yapmaya biri gol atmaya devam ediyor;Positive
Şafak 2 demenin mutlulugu ????;Positive
Ve Azim (@ Dokuma in Antalya, türkiye w/ @melihkas1905) https://t.co/um2HZaSzsU;Positive
İyi geceler canımlar:dd http://t.co/eUUbdO5xUw;Positive
Türk televizyonlarının en çok izlenen magazin programı Star Life 19:15'te bomba konularıyla canlı yayınla Star'da... Kaçırmayın...;Positive
Kudreti ataların şanlı bir tarih yazdi. Sende yazacaksın!;Positive
Tanıdığım insanların tivitlerini onların ses tonuyla okuyorum şimdi farkettim ??;Positive
.@esragench @berkeratlihan çiftine mutluluklar (@ Tavşancıl Sahil Restaurant) https://t.co/02Wmzn9bAj;Positive
""" Sünger Bob : Bak Patrick sınavdan yıldız almışım.";Positive
Patrick: Ben de kocaman bir güneş.;Positive
Memleketim (@ Kırıkköy) https://t.co/tZ56wq3Y1p;Positive
Etrafimda Çok Kiz Var;Positive
Kahve keyfi (@ Gönül Kahvesi in Istanbul) https://t.co/sYFATM7WDz;Positive
Huzur.. (@ Yürüyen Köşk in Yalova, Türkiye) https://t.co/PXXNMlNJAC;Positive
Düğün Sahnesi@ (@ Keyf-i Çadır in Mugla) https://t.co/0QGOx9CbJO;Positive
?? ?? ne güzel bir gündu;Positive
"Yeni Türkiye'nin Bilge Lideri; seninle yürümek ayrı bir sevda.... http://t.co/jsGVOkqr1P";Positive
Mucizeyi izleyelim dedik bakalim nasilmis bu hafta sinema haftam oldu resmen (: (@ Sinema FTZ w/ @hilalozgani) https://t.co/SD9t9bnTot;Positive
Yine aşkla sarmışsın beni, kokun sinmiş üzerime;Positive
Haydi Fenerbahçem ???? @ Tesadüfler Durağı Restaurant http://t.co/QSueODmxkS;Positive
Şaka bi yana prep 4 olarak hocalarımızı çok severiz ihihihihi;Positive
Fenerbahçemin maçı var ???? Başarılar Fenerbahçem (@ ayyıldızhome) https://t.co/fLfv38eCcl;Positive
Kızlarla tabu oynamak çok eğlenceliydi,yine yapmalıyız bunuO?;Positive
Tabi ki sen, özlenecek en güzel şeysin;Positive
SudeJustin diye tweet atani cok seviyorum;Positive
"Bazı şarkıcılar vardır ki bir nesil için çok önemlidir;Haluk Levent de bu şarkıcıların başında gelir.";Positive
Uyumadan önce kafamdaki salak saçma kurmacalar uyanınca direk o mesajı görmek çok mutlu edici ??;Positive
Şüphesiz güçlükle beraber bir kolaylik vardır. Bu yüzden Sabretmek ve tahammül edebilmek gerek..;Positive
Arkadaslar Diego gol atıcak bak hissediyorum!;Positive
Çooook seviyorum ????;Positive
Sonra aklıma ne kadar tatlı ,sempatik ve güzel olduğum geliyo her şeyi unutuyorum:)));Positive
Yusuf yusuf dediler geldik :) (@ Tekirdağ Çorlu Orion Cinemarine) https://t.co/YK6p9AaAkb;Positive
Birşey bilmemek insana rahatlık veriyor. Devam et;Positive
Yaşgünü sürprizlerim devam ediyor??????ku(r)tlu doğum haftam?????? (@ Martı Istanbul Hotel - @martiistanbul) https://t.co/wHEsSFR0m4;Positive
Köyümuze hosgeldik:))) (@ Aknehir Köyü) https://t.co/XjYfUmwo3D;Positive
Birlikte üçlü cekelim sevdiyim bey sen SARI de ben KIRMIZI sen SAMPİYON de ben GALATASARAY;Positive
Okeyde kaybetmis olabiliriz ama tavlada her türlü kazanırz ahaha :));Positive
Hadi gel seninle bir ülke belirleyelim gidelim sokaklarinda dans edelim, denizinde yüzelim sora balik tutalım ama tekraf denize alatalım...;Positive
Yeap aldık yazlığımızı ?? Didim bizden sorulur artık ???? hayırlı olsun teyzoşlara O (@ Didim İzmir Yolu) https://t.co/FRlfjru6C5;Positive
ALLAH SEN ÇOK ŞÜKÜR YARABBİ;Positive
Bir insan videoda bu kadar mı tatlı çıkar :);Positive
Bu grafik güzel;Positive
insanlar plan yapar, tanrı güler.;Positive
Egemen döndüğünden beri gol yemiyoruz.;Positive
Aslında en güzelini anlatan hep karikatürler :) http://t.co/mYs2IurRJ8;Positive
Güzel mi güzel bi akşaammm :) (@ AKM Sinemaları) https://t.co/wTmeZvzG6B;Positive
İlk görüşte değil, her gülüşte.;Positive
'Boşverdiğin kadar huzurlu, takmadığın kadar mutlusun. http://t.co/isCTmJxO5p;Positive
Köy Vazgeçilmez :) (@ Seki Köyü) https://t.co/o3smeeOFYy;Positive
Kuzenle aynı gün doğmak ayrıcalıktır ?? Bol kuzen bol teyze bol arkadaş bol mutluluk bol kahkaha ??… http://t.co/O5Pkil4Zy7;Positive
Mekanın cennet. Olsun seyfi Baba;Positive
Allahım aşık oluyorum galibaa;Positive
Kanarya kanarya saldır saldır KANARYAA;Positive
Ve söğütlü galibiyetiii????????????;Positive
Tumsiad 6.Genel Kurulu #tumsiad #genel #kurul #istanbul #rte #erdogan @ Lutfi Kırdar Kongre Merkezi… http://t.co/WVq1sStwt4;Positive
Hiç bir şeyde yok aile sıcaklığı ???? (@ Köyde Baba ocağında in Çumra) https://t.co/AWEbGs46FJ;Positive
Nesilden nesile adam bizi okuttu herkesin hocası hamit hoca ??????;Positive
Mersinde yakaladık ?????? @ Gönül… http://t.co/4IER2VOq7X;Positive
Lise dostluğu başkadır. Bambaşkadır #sisters ?? @ Tekirdag Degirmenalti http://t.co/ZfyUC75erP;Positive
Biz sevdanin adini GALATASARAY koyduk sen hala ask acisi cek amk.;Positive
Hayat bu hayal ötesi...;Positive
Ak Partinin yeni ve eski il Başkanları beraber güzel bir poz...;Positive
BU MİLETİN DUALARI SİZİNLE http://t.co/bpolpLWFE4;Positive
Aşığım ben sana ??????;Positive
Bir gece sevgi duvarını aştık.;Positive
Hayalsiz aşk olmaz. Çünkü hayalle beslenir aşk.;Positive
Bu haftayıda lider kapat Fenerbahçem.;Positive
:) hersey yolunda :);Positive
bazen kim olduğuna bakmadan seversin http://t.co/dfDrQpinJB;Positive
Bilerek veya bilmeyerek işlediğimiz hatalarımızı günahlarımızı bağışla Şüphesiz Sen merhametlilerin en merhametlisisin;Positive
Pazar tatiline hazırlıkk ölüuorummmmm mutluluktan :));Positive
Fenerbahçe nin askerleriyiz yok bize teskere.. (@ Dr. Necmettin Şeyhoğlu Stadı in Karabük, Türkiye w/ @harun_tpl) https://t.co/mSoDGfqVks;Positive
Susmak huyların efendisidır.;Positive
Anne kokusu var bide her derde deman.;Positive
Abimizin nişanı var ?? (@ İmperial Park Hotel) https://t.co/oHplue4DuG;Positive
Sen kazandın ama ben haklıydım;Positive
Mevla’ya emanet olsun Erzurum..;Positive
Peygamberimize saygı yürüyüşü...;Positive
Karda kaymak Güzeldir @ Erciyes Turizm ve Kayak Merkezi http://t.co/58WJ9L2oiQ;Positive
Dayımla Fenerin maçını izlemek daha keyifli :) (@ Morkent Evleri in Söke, Aydın) https://t.co/TT59OqnENO;Positive
Canım ablam, canım kuzenim ?? @ Diyarbakır Galeria http://t.co/7IqqpnzFhl;Positive
"Twitter kahve müzik sanırım mutluluk bu""";Positive
Tebrikler;Positive
Köftesi harika mutlaka deneyiniz ????. (@ Merkez Efendi Köfteci in İstanbul) https://t.co/V8KXQd5lF8;Positive
Şahap Akagün düğün başlar (@ Harran Üniversitesi Düğün Salonu) https://t.co/Zt1QECYGZb;Positive
İskender ziyafeti?? (@ Divan Restaurant in Yalova, Türkiye w/ @mehmettuysal @frdity8) https://t.co/Rs6z2hpCyI;Positive
Allahım ne güzel şey sabahtan akşama kadar evde olmak hele ki izinsiz geçen iki haftanın ardından..;Positive
Bizim için saldır Kanaryaa layalayalaayyy;Positive
Bruno ve Egemen ikilisi muazzam.;Positive
Genlerinizde ustalık var (@ GENS YAPI MARKET) https://t.co/gTMKK8ZsVT;Positive
Mutluyuz lan :Dd;Positive
Farkındayım, her dakika aklımdasın;Positive
Kız kardeş,erkek kardeş,yiğen,mutluluk... (@ Hattena Hatay Sofrası in Ankara) https://t.co/HykaLyf50x;Positive
AK Parti Avcılar Gençlik Kolları 4.Olağan Kongresi Hayırlar Vesile Olsun. (at @OkyanusKoleji) https://t.co/Re4RXX6BtY http://t.co/4xxfLke7qQ;Positive
Sabahtan beri çok kötüydüm abimi görünce canlandım resmen??????;Positive
Tatlı pıtırcıkk ?? @berkaycan_ (@ Kasaba Cafe & Restaurant in Kayseri) https://t.co/BAH4hYIcfj;Positive
Ne güzel bi yerdeyim ben ya (@ Kadıköy - @kadikoybelediye in İstanbul, Türkiye w/ @gulfemylmaz @eskky34) https://t.co/TP8xJgqLpQ;Positive
Caber ve Gökhan tartışmasız en iyi bekler.;Positive
Kayak yapmaya gidelim dedik yedik içtik doyduk kalktık;Positive
Kendi odanın sakinliği dünyanın en huzurlu yeri;Positive
İzmir'de hayat beklenmez,kovalanmazda O zaten sizinle beraberdir ! Cemal Süreyya @ İzmir - Kordon Sahil http://t.co/PpwhjuA4HC;Positive
Yemek yedim uyudum yemek yemek için uyandım birazdan tekrar uyurum. Yaşasın yemek yemek;Positive
şunu farkettim okul tatil olduğu günden beri argo kelime kullanmadim;Positive
Hasret gideriyoruz ve kocamı bekliyoruzz (@ Marmara Park - @avmmarmarapark in İstanbul, Türkiye) https://t.co/BqV1VfPFMU;Positive
Bugun durmak yok?? (@ Gültepe) https://t.co/WQTosNmN6O;Positive
Mutluluğa içmeye alışkın adamlar değiliz biz .. Keder varsa bizde varız ! @ Çiflikköy http://t.co/k3dw8D6kAv;Positive
Ve eve döndüm ?? (@ Kara's Home) https://t.co/bkHMJvWiYg;Positive
Anne kokusu var bide her derde derman.;Positive
Yaşasın yemek yemek?? (at @MarmaraForum in Bakırköy, Türkiye) https://t.co/TekSlu9cZG;Positive
Orta sahamız değişken ve maç eksikliğini hissettirmeyecek kalitede.;Positive
Güzel dopdolu bir günün Ardından ... http://t.co/FHQl0yYpir;Positive
Seviyoruz burayı :) (@ Sanatçılar Parkı in İstanbul, Türkiye) https://t.co/wBOOroG48s;Positive
Amin;Positive
Bazı şarkılar bir kez hayatına girer ve onlarca kez sevdirir kendini.;Positive
Kitap ve fedakarlik... (@ Beyoğlu Öğretmenevi in İstanbul, Türkiye) https://t.co/CXgViwuZ9k;Positive
Hurma ne guzel bir nimett;Positive
Gülüşü yeter :);Positive
Mesajına cevap alamadığında arayarak kontrol eden insanları sevin.;Positive
Ne güzel demiş dimi;Positive
Anne kokusu var bide her derde deva.;Positive
Eğlence var dediler geldik :) (@ Kadıköy Belediyesi Kozyatağı Kültür Merkezi - @kadikoybelediye) https://t.co/FhTjGIXy3G;Positive
Aile yemeği.. (@ Meşhur Tavacı Recep Usta in Konak, Izmir) https://t.co/yUU83lQZ0R;Positive
Tek hayalimdi sana tuzlu kahve yapmak;Positive
Tadina doyum olmazz @ Cinemarine Sinemaları Oasis AVM http://t.co/lj2ZErDPxt;Positive
Maçlar başlasın artık :)));Positive
Ve Emenikeden gol bekliyorum. Emenike Karabüğü sever.;Positive
DUALARIMIZ SENİNLE REYİS http://t.co/mnp9tX3b89;Positive
Bazı arkadaşlarım iyiki var ????;Positive
Canlarım gelmiş :) (at @ArastaPark_avm in Kocaeli, Türkiye) https://t.co/j7mjgTegY1;Positive
Canlarımla yemek keyfii :) #abicanim #çıralı #ikizrestorant #mutlubiaksam #loveyou @ Cirali/İkiz… http://t.co/uCji4AcsmA;Positive
Biz her zamanki yerimizde cemo bar da bu haftaki deplasman totemimiz hazır :) Yusuf https://t.co/HTh2LrlSKL http://t.co/Mk1EaDbyrv;Positive
İstanbulda Deplasmandaaa Hep Seninleyiz FENERBAHÇE (@ Dr. Necmettin Şeyhoğlu Stadı in Karabük, Türkiye) https://t.co/HlHmv53fLe;Positive
Cok mutluyuz 3yildir cikiyoruz allah bozmasın;Positive
13 yıldır özlüyorum dedemi daha ne olsun. Allah rahmet eylesin, mekanı cennet olsun.;Positive
Bu gece bi sürprizim var sana;Positive
"Dizilerimin arasına bugün ""Bedel"" eklendi .. muhteşem bir dizi ya";Positive
Bugün gittiğimiz heryer daha bi güzel ?????????????????? (@ Harput Hünkar Konagi w/ @cgdmalbayrak) https://t.co/fqYc5cyagK;Positive
Elektrikler gitti elimde el feneri apartmanda hirsiz gibi dolaştim çok guzel bi ekşın<3<3;Positive
Bir aile yemegi daha.... (@ Afiyet Et) https://t.co/Pbq6n4FN4h;Positive
ömrümüze bereket ver;Positive
kazancımızı heIaIinden eyIe;Positive
Rızana uygun şekiIde yaşamayı nasip eyIe;Positive
Amacına ulaşan busenin mutluluğu>>>>>>>;Positive
Uçmadan ve delirmeden eve gelebildim çok şükür;Positive
Umursamadığın kadar mutlu olursun. Açık ve net.;Positive
İyi şair;Positive
Vura vura vura kıra kıra kıra şampiyonluk için saldır kanarya ! #Fenerbahce;Positive
Saldır FENER ! (@ Big Yellow Taxi Benzin - @bigyellowtaxitr in İstanbul, Türkiye) https://t.co/srpUSySoQb;Positive
Teyzoşuma geldim (@ Seyranbağları in Ankara, Türkiye) https://t.co/nnUhZRmqO5;Positive
Yalnızlık iyidir insanı geliştirir.;Positive
Saldır şanlı kanaryaa ?? ?? ?? #LiderinMacıVar #LiderKarabuekte;Positive
Böyle çok daha huzurluyum yada kendimi buna inandirdim.;Positive
Elif mutluysa bende mutluyum ?;Positive
Ellerine sağlık @gtchef @ Gürkan Şef Steak House http://t.co/8idgEhguxF;Positive
Başarılar @Fenerbahce #fenerinmacivar #saldirFENER ??;Positive
Yeni şehir, yeni hayatlar, eski aşk ????ı (@ Aliağa in İzmir, Türkiye) https://t.co/YpCyHokK2i;Positive
Sonunda be ???? (@ Kıbrıs Şehitleri Caddesi in İzmir, Türkiye) https://t.co/w2hK9lRdfu;Positive
"""Çok şükür ki gökyüzü henüz hiçbir cüzdana sığmıyor.""";Positive
40 yılım onun olsunn ??;Positive
Şampiyonluk için saldır FENERBAHÇEEE... (@ Gokkusagi Bar Restorant) https://t.co/QW2mCQjbaf;Positive
Çok eğlendik :D fbwbds http://t.co/uCiNhoxz8a;Positive
"""En güzel Beşiktaş'ın çocukları sever""";Positive
Bugün örnek alınması gereken en güzel tweet @erenito16 dan https://t.co/Nqj0hJjIiu;Positive
Annanemlerin yeni evini çok sevdim????;Positive
Sonunda. (@ Adana in Türkiye) https://t.co/GOJkNOFfiC;Positive
Bu tarz eleştirilere açığız. @ Ataşehir,İstanbul http://t.co/nlXYVxGeVr;Positive
"""Egolarından arınmış biri dünyanın en mutlu insanıdır""";Positive
Hayatımdaki en en en çok sevdiğim değer verdiğim varlığının beni mutlu eden tek kişi seni çok seviyorum aşka geldim @yaseminntetik1 ??;Positive
Vurduğun gol olsun FENERBAHÇEM ???;Positive
Biyere gittiğimde ne içtin sorusu beni mutlu ediyor.;Positive
Ruh eşimle İstanbul'u gezmek harikaa ?????? @ Galata Kulesi Istanbul http://t.co/RuBroXGbb8;Positive
kardess gbi arkadaslarla eylenmek cok guzel oluyo :)))))));Positive
Bekarlık sultanlıktır dediler biz saltanatımızı ilan ettik ??;Positive
Amin;Positive
Evimize yaptığınız hoş ziyaret için teşekkürü bir borç biliriz @lhommepresse23 @ekimotan;Positive
Çok değerli dostumuz, bağ eviiyle komşumuz Ahmet Köksaldıya allahtan rahmet, H.İbrahim kardeşime ve aileye başsağlığı diliyorum.;Positive
Calismaya devam.. (@ Doğuş Üniversitesi - @dogusuniv in İstanbul, Türkiye) https://t.co/b0CdmqlarW;Positive
Açtım düğün CD sini izliyorum ne oynamışız mübarek;Positive
Başarılar Fenerbahçem.. #Fenerinmaçıvar #LiderinMacıVar #LiderSahada;Positive
Allah yardımcınız olsun inşallah sakatlık olmadan donersiniz. Başarılar Fenerbahcem;Positive
Kimse üzmesin artık onu ben dayanamıyorum ????;Positive
Kuzenimiz gelin gidiyor Allah mesud etsin :) (@ Akinsan Kır Düğün Salonu) https://t.co/8zApmEKmaM;Positive
Bu aralar fazla mutluyum umarım bozulmaz...;Positive
Çok şükür bunu da atlattım :);Positive
Günü güzelleştiren haber https://t.co/MpZTqF7aFB;Positive
Çukurova gençlik kollarına seçilen değerli kardeşim @MustafAcilkan 'a başarılar diliyorum.;Positive
Haydi canım kanaryam bük bugün çeliği;Positive
Hava cok guzel yav dhhd;Positive
Mükemmel bir aile bütün açıklarınızı kapatır ??;Positive
Saldır FENERBAHCEM başarılar ¦;Positive
İnsanın sevdikçe sevesi geliyo be ??;Positive
Bu guzel gunde beni yanliz birakmyan abim @bagmanci63 ve @Halilyeakgenclk ekibinden Allah razi olsun biriz beraberiz http://t.co/3yTiiWVTJr;Positive
2014 dilek kutum çatı katından çıktı. Çoğunu gerçekleştirdiğim dileklerimi görmek mutluluk verici… http://t.co/CVqZhTgtTe;Positive
İğrenç biten ilişkilerime bir yenisini daha ekledim ...demekki neymiş...nasıl olduğunu hiç anlamasamda anne baba hep haklıymış ??;Positive
Günden güne artan bi sevgi benimkisi cok seviyorum ??????;Positive
Kasiyer ne güzel şeysin sen öyle;Positive
Bir saniye farkla kafama düşen tugladan kurtuldum bugünde ölmedik şükürler olsun;Positive
Saldırın forma için sizde savaşın şampiyonluk inanın şimdi çok yakın.. #SaldırFener;Positive
Geldi gönlümün efendisi http://t.co/v0uaWvKBwn;Positive
Mimar Sinan'dan muhteşem bir yapı.;Positive
Selimiye Camisi @ Edirne Selimiye Camii http://t.co/bjn5bxRzJE;Positive
Düğün dernek :) (@ Otel Tütün Yazlık Düğün Salonu) https://t.co/ioArfbJxQE;Positive
Yemek yapmayi seviyorumnmO;Positive
Umutla bi mevlanaya cikalim;Positive
Seni düşünmek güzel şey.. ¦;Positive
Eskisinden daha hızlı devam :) http://t.co/QDZklQqvKA;Positive
Çok şükür Ankara.. (@ Güneş Malikanesi) https://t.co/cnhB4WfPvl;Positive
Sen rahat ben rahat olay bu;Positive
şampiyon sahada FENERBAHÇE düşmanlarına koymak için sabırsız;Positive
Arman için Saldır kanarya;Positive
Sen canımdan içerisin??;Positive
Can yoldaşım kaderimsin??;Positive
Sen en güzel haberimsin??;Positive
Sana düşkünüm bilirsin??;Positive
Her şey yalan sen gerçeksin.??;Positive
Benim bir mucizeye ihtiyacım vardı ve hayat karşıma seni çıkardı.;Positive
Tekirdağdan gelin alıyorsak demek ki :) nişanımız vaarr ?????? @ Tekirdag http://t.co/SVXuuxZv2S;Positive
Ev düzmeye devam #Saadet-üAile (at @Optimum_Outlet in İstanbul, Türkiye) https://t.co/ZlDuGBcGvB;Positive
makarna yicem mis;Positive
Kardeşimiz asker (@ Köyceğiz in Muğla, Türkiye w/ @nihatacr) https://t.co/3yvKyK9sqP http://t.co/1u4Cq2ZEqk;Positive
Göğüs çalışmak nasıl da huzur veren bisey aq ??;Positive
O kadar beğendim ki instagramına girip bizzat kendi kalbimi ekrana bıraktım;Positive
Canımın içisin. Ta içisin. En dibii ??;Positive
Biraz uyku çok iyi gider ??;Positive
Ayaklarım yerden kesiliyo.;Positive
"herkes burda ;)) Emrah Eda Bahadır (@ Özkara Malikanesi ?? in İstanbul Türkey, Türkey w/ @yelbahaa) https://t.co/cwgewxI13i";Positive
"Sen gelsen tüm çocuklar gülecekmiş gibi ""uzun saçlı dev adam"", ölümünün 16. yılında rahmet ve minnetle anıyoruz #BarısManco";Positive
Efendimizi unutmayalım;Positive
bolca salât selâm getirelim;Positive
inşaALLAH;Positive
Düğüne hazırız http://t.co/5T6uLSaimL;Positive
Vakur insanlar. Gayet tabii severim.;Positive
Çok eğleniyoruzz?? http://t.co/vOzHID87Dm;Positive
Asker yemegi :/ (@ Akkus Konaklari in kuşadası) https://t.co/WiZUWsM0n2;Positive
Vazgeçmek her zaman zayıflık demek değildir, bazen bırakacak kadar güçlü olmak demektir.;Positive
Vee biz barısırzz ??????;Positive
Bir adım atsan olumlu bi adım ben sana koşarak gelirim.;Positive
ben sana hakkımı helal ettim..;Positive
Herkesi bekleriiiz... (@ SR Döner - @srdoner in Ankara) https://t.co/nJfrSIRz0e http://t.co/poNcnQaUzB;Positive
Lodosa ragmen keyfimiz yerinde :)) (@ Yalova Sahil in Yalova, Türkiye) https://t.co/KDLLFYZhVW;Positive
Bıkmadan usanmadan tiyatroları izlemeye gelebilirim. Verilen hizmet çok kaliteli Allah razı olsun... (at @fkm_) https://t.co/f9K63sPUBi;Positive
Yüreğini koy ortaya saldır KANARYA;Positive
kalabalık yenilen sofraları, akraba yemeklerine bayılıyorum O?;Positive
BURSASPOR SEN ÇOK YAŞA CANIM FEDA OLSUN SANA.;Positive
İlk #öğretmenlik #deneyimi sayılır ??? @ Fen Bilimleri Dersanesi http://t.co/ZwPoWNzI9f;Positive
Atatürkçü Düşünce Derneği Kurucu Genel Başkanı Prof.Dr.Muammer Aksoy'u katledilişinin 25.yılında saygıyla anıyorum. http://t.co/AjyxfANtZD;Positive
Bugün cok guzeldi :Dd;Positive
Ne mutlu turkum dıyene ?? (at @StarbucksTr in Bursa, Türkiye) https://t.co/Jm19QVdOOz http://t.co/R02S5IG4NI;Positive
haydi fenerbahcem vurdugun gol olsun.. (@ Balkon Cafe in Kdz.Ereğli, Türkiye) https://t.co/LlZP8sdM1o;Positive
Hoşgeldin tivit alemine kuzen :) @AhmetSelcukYigt;Positive
Ben huzur diyorum. http://t.co/9NRTxZSrDO;Positive
Allahım 2 gün üst üste güveç yemek nE güzel bir duygu?? (@ Meşhur Karadeniz Güveç ve Pide Salonu) https://t.co/7Pxo0mttYL;Positive
Başarılar Fenerbahçemmm;Positive
Selam Türkiye;Positive
Yemekten önce güzel bir #başlangıç #icli #kofte :) #austria #azerbaijan #uae #bahrain #belgium… http://t.co/Vhw2vtFJrN;Positive
Bir Tek Sen Tamsın..;Positive
Hazırlıklar başlasın o zaman abisiiii (@ Forum Bornova in İzmir, Türkiye) https://t.co/YkHQgrqZ3R;Positive
Saç kavurmanın kralı :) (@ Sur Ocakbaşı in Fatih, Türkiye) https://t.co/GvDtvjKtyc;Positive
Şu bi hafta hayatımın en güzel bir haftasıydı tebrik ediyorum süper;Positive
Çok sevdik be abi;Positive
Başarılar FENERBAHÇEM! #LiderKarabükte;Positive
En güzel gece?? http://t.co/WUM0UdO4rY;Positive
Bizim siyaha olan sevgimiz Kâbe'den gelir azizim..;Positive
Vefatının 16. Sene i devriyesinde Büyük Ozan Sanatcımız Barış Manço yu rahmetle anıyorum..;Positive
Bir kişinin İMANINA vesile olmak;Positive
güneşin üzerine doğup battığı her şeyden hayırlıdır.;Positive
Sen...Hislerin en güzelisin kadın.;Positive
Döktürdük yine ???? (@ İpekçi's home) https://t.co/onTVOqjvTM http://t.co/Q97jrUJfuY;Positive
Sende haklısın.aynen;Positive
Gezme vakti hava çok güzel #happy #smile #vialand #mall #shop #selfie #my #sister @ Vialand http://t.co/G60xsYJhkT;Positive
Dugun var dediler geldik (@ Ataşehir - @atasehirbld in İstanbul, Türkiye) https://t.co/x6RIM0svEH;Positive
Taşını toprağını öptüm Ankaramın @nilya_kisi @elife_akyurek ama konyayı yuvamızı özlediiim:(;Positive
Takvim olayından ötürü eleştirilen Özdilek Avm'nin lokomotifi Bursa Özdilek'in mescidi çok güzel!Klimalı ve hijyenik abdest yeri!Teşekkürler;Positive
Tamda istediğim gibi oldu????;Positive
Sapanca iyidir (@ Şahrazad Restoran) https://t.co/R5IIFl5582;Positive
İşte bu havalar bana hep huzur. @ Bolu Beskavaklar Mh. http://t.co/gwOnRUfE87;Positive
bizim elimizden hep daha dibe çekmek için tutmuşlar;Positive
Halilim gelmis, hosgelmis O (@ Matador in Manisa, Türkiye) https://t.co/RPABaKmwzK;Positive
O kadar seviyorum seni iste bi bilsen. En cooooo...k daha tarifsiz hemde;Positive
Bir haftalık Ankara tatilini hakettim gibi gibi (@ Menemen Tren / İzban İstasyonu in İzmir, Türkiye) https://t.co/00MAjUv8cw;Positive
Düğün var dediler Geldik. OOOOO (@ Bilen Tesisleri) https://t.co/S4hixTNR59;Positive
haydi bakalım :) (@ Mis Pide - Kebap Salonu in Ereğli) https://t.co/GX2c3aDgdO;Positive
Kar taneleri ne güzel anlatıyor, birbirlerine zarar vermeden de yol almanın mümkün olduğunu.;Positive
Selincik gelmis hos gelmis ?????? #selfie #niece #benimkucuktatliyegenim @ Ataşehir 67 Ada http://t.co/GG0wv0LXiF;Positive
GELİŞEN BİR ÜLKE OLAN TÜRKİYE ARTİK AVRUPADAKİ DALGALANMALARDAN TÜM ZENGİN ÜLKELER GİBİ KAZANÇLI ÇIKMAYI BİLİYOR ARTIK;Positive
Jet formasyon eğitiminin birinci dönemini tamamlamış olmanın verdiği mutluluk ben de öğretmen yarısıyım sözüm... https://t.co/4GNi80zV1V;Positive
Sana olan bu sevdamız, götürecek bizi zafere. @Fenerbahce;Positive
Bu akşam hamaratım yine ??O?;Positive
Ama hep bankoydun bende delikanli gibi.;Positive
Prim yapmak isteyen Erdoğan'a çatıyor.;Positive
Meyve veren ağaç taşlanır ??;Positive
Keyif iste böyle olur :) #UçanEv #DahaNeOlsun http://t.co/vq3EjFdSFv;Positive
Gençlerle güzel bi gün :D http://t.co/mbe7j8P5qQ;Positive
Sonunda askimin yanindayimmm ??????;Positive
ailecek balik keyfi??;Positive
Demek büyük ustanın yaşadığı şehirdesin;Positive
Helal yeşil beyazlar;Positive
Şarap misali yıllandıkça güzelleşiyorsun.;Positive
Allah şükür ??;Positive
Aramizda cicek gibi bi muhabbet soz konusu :) Nermin (@ Mado in Kırıkkale) https://t.co/1jwqw38F6G http://t.co/Xv0AyOn2C7;Positive
Daha ne isterim ki ??;Positive
Halamla cilgin egleniyorum (@ ANKAmall - @avmankamall in Ankara, Türkiye) https://t.co/VdoFXoXeeJ;Positive
Hayal kurmayı seviyorum. Çünkü orda her şey yolunda.;Positive
Misss gibi hava mmm http://t.co/vcmhkzVrtI;Positive
Sıcak kahve gibisi yok ?? (@ Benne Cafe & Restaurant in sakarya, Serdivan) https://t.co/bwfMJxgMSW;Positive
Amcali kuzenli kahve keyfi:);Positive
İş biter eğlence başlar ?? (@ Beşiktaş in İstanbul, Türkiye w/ @findtomorrrow) https://t.co/aVFhUbRExF;Positive
Oh bee ?? (@ Beylikdüzü in İstanbul, Türkiye w/ @bthnhrk) https://t.co/tZGXiJlx4t;Positive
ve güzel,güneşli günler göreceğiz..;Positive
14 Şubatta hediye alacak manitası olmayan varsa bana hediye alabilir. Bu duyguyu herkes yaşasın. İnsanlık ölmedi.;Positive
Hayallerimi bile uçurdun Bursa helal sana O;Positive
Allah'a şükür elhamdülillah ??;Positive
Allahım sana geliyorum . http://t.co/vP1BORbZoN;Positive
.irani tebrik ederim .bu hakli davranişindan dolayi.;Positive
Dogum gunum gecse de hediyelerim gelmeye devam ediyor cok sukur. Hayir yanii gecti diye almamazlik yapmayin ben kabul ediyorum sorun yok ??;Positive
Yeni mağazamız hayırlı uğurlu olsun. (@ My Teknoloji İç Ve Dış Tic Ltd Şti Vodafone Shoop in Eminönü) https://t.co/j1OMZM9WrR;Positive
Allah utandırmasın güç kuvvet versin FENERBAHÇEM...;Positive
Bu partide 10 tane daha Muharrem İnce olsaydı Chp nin sırtı yere gelmez;Positive
Canım be hemde en içi ??;Positive
Devlerin aşkı büyük olur???? http://t.co/ahuRi2UK96;Positive
Gülüşün çok huzurlu be #TurkishBeliebersLoveYouJustin http://t.co/TLYCC2sh8M;Positive
Vurduğun GOL olsun Allah yardımcımız olsun! #SaldırFENERBAHÇE!;Positive
Hayatta mutluluğa ancak ileriye bakarak ulaşılabilir ??;Positive
Deniz,Huzur,sessizlik,dalgalar,şehir. (@ Güzelyalı Sahili in Konak, Türkiye) https://t.co/1xc5iPXGdr http://t.co/YlJRpvbwnY;Positive
ezan sesiyle davulu zurnayı kesip halayı bırakan güzel insanlar olması ne güzel karşı sokağımda..;Positive
Vay benim memleketim (@ Bilecik Çarşı in Bilecik w/ @ehcebi) https://t.co/6QMr8H78vy;Positive
Muhabbet gecesi (@ Semerkand Vakfi Sanliurfa) https://t.co/g1MJxpV7QQ http://t.co/pZOHDgihIb;Positive
En büyük asker bizim askeeer. (@ Deniz Mahallesi in antalya, Türkiye) https://t.co/r03BYghIKl;Positive
Yiyelim içelim guzelleşelim... (@ Eyvan Kebap in İzmir, Türkiye) https://t.co/5r0gcPrpZd;Positive
Allah rahmet eylesin dayıcım;Positive
Biz maçtan önce Istiklal Marşı çalarken televizyonun karşısında saygı duruşuna duran insanlarız;Positive
Başarılar Fenerbahçe'm.;Positive
Sen benim papatya falımsın koparmaya kıyamadığım;Positive
Ailecek pizza keyfisi ???? @ yesos Home http://t.co/pQOF8x66ll;Positive
Bizim okulada akıllı tahta gelmiş helal olsun;Positive
Sen negüzel şeysin öyle ?? http://t.co/nFs8allnUB;Positive
Kutsal cumartesi gecesi. Nasıl özleşmişiz ??;Positive
Bi misketti zamanında mutlu eden bizi;Positive
Uzun zaman görüşmeseniz de muhabbet aşkından birsey kaybetmiyorsaniz onlar sizin dostlarinizdir...;Positive
Yenilikler iyidir.. (@ Greenpark Hotel Sports Club in İstanbul, Türkiye) https://t.co/8RHC5VWtkq;Positive
Güzel olacak demiştim ?? @ Kahveci Hacıbaba http://t.co/EPog82xHGJ;Positive
İnsanların din,dil,ırk gözetmeden yüzyıllarca saygı ve huzurla beraber yaşadıkları medeniyet şehri...… http://t.co/R05UpR3uK6;Positive
Kismette #fenerbahce maçını izlemek de varmış. Haydi fener haydi fener haydiii tam zamanı tam zamanı simdiiii. :-);Positive
Ömrüme ömür düzenime düzen geçmişi kapattırran sevdiğim hayata anlam herşeyi yeniden başlatan sevdiğim… http://t.co/SBCwKik81B;Positive
Hayırla gelip hayırla gitmeyi nasip eyle Allah'ım http://t.co/DVZdJQoFMK;Positive
172 sayfa kitap okudum, teşekkürler fırtına;Positive
Yüzümü güldüren tek şey Bursaspor.;Positive
Dogum gunumde bile ygs calisiyorum İnsallah Karsiligni Alirim;Positive
Haydi Bismillah...;Positive
Heeeey ben geldim aloo ??????#kızevi;Positive
"""@Zehrasolmaz28 @hanifeayta @Nnklcer~~~ Hayırlı huzurlu sağlıklı Neşeli aksamlar arkadaşlar ~~~ http://t.co/oTsvZBftXw""";Positive
Önce Fb sonra biz inşallah (@ Kumrucu Dede Coffee & Waffle in İzmir) https://t.co/kAh9wlAa5n;Positive
Emenike & Diego gecen haftaki gibi olum hadi olum;Positive
Güzellik cennettir.Daha güzeli Allah'ı görmektir....;Positive
Devlerin aşkı büyük oluur ????;Positive
Ne güzel rüzgar vuruyoo ohh;Positive
Kutsal Cumartesi :))));Positive
Mutluluk diyebilirim ?? ?? http://t.co/G36ob9SZhZ;Positive
Gülmek, müzik dinlemek ve çikolata yemek, bunların hepsi kanıtlanmış doğal ağrı kesicilerdir.;Positive
Üçü bir arada kullanıyorum.Hep iyi geliyor.;Positive
Dua,Şükür,Sabır...;Positive
Kazanacağız;Positive
Adım adım :) (@ Keçiören Kavşağı in Ankara) https://t.co/rjIojyaXxV;Positive
Kıskandıran hareketler bunlar ? http://t.co/bhAcqo4mP2;Positive
Onun o parfüm kokusu var yaaa enfess??;Positive
Bir aşk hikayesini de Rüya vadisi kalitesiyle ölümsüz kılmak üzere.. (@ Rüya Vadisi in Izmir) https://t.co/fdnBYjr9sx;Positive
Guzel seyler olur belki,sen gel bence;Positive
Hadi bismillah;Positive
Mustafa ceceli her derde deva arkadaş;Positive
Özlemişim doğduğum yerleri.. (@ Bağdat Caddesi - @kadikoybelediye in İstanbul, Türkiye) https://t.co/EzfHYkKRAq;Positive
Bu güzel havada Giresun sahil yapılır??;Positive
..Ve aşk güzel şey. Eğer sizin de kapınızı çalarsa kovmayın, içeri buyur edip kapıyı hemen kilitleyin ki çıkamasın?? http://t.co/5EmubudvSp;Positive
Annaannem Un Helvası yaparda yemez miyim ya Aşkım benimmm;Positive
Sonsuz başarılar Fenerbahçe'm.;Positive
Canlar gelmiş hoşgelmiiş ?;Positive
Ablamlar donuts getirmiş allahım mutluluktan ölücem ??????;Positive
Saldır Fenerbahçe ooleey!;Positive
Fenerbahçe'mizin macini izlemekte. Sampiyonluk icin saldir kanaryam (@ Çalı Çatı Katı) https://t.co/szznljcDS9;Positive
Gökyüzü kadar derin seviyorum seni.;Positive
Nasıl güzel bir anne eve bir girdim miis gibii gözleme kokuları :) Nasılda sevilesi bir kadındır böyle iyi ki var :);Positive
Canın sağolsun;Positive
Ayyy az kaldı :))) @beniboylesevtv @bskyapim;Positive
Sonunda kutsal topraklar :) (@ Kestel Göçmen Konutları in Bursa, Türkiye) https://t.co/i9JrTkML5g;Positive
Teşekkür ederim abicim :) #BeşiktaşlıTakipleşiyor #FF »» @_umitkonca;Positive
Vurduğun gol yediğin ofsayt olsun kanaryam :));Positive
Bu saatte uyanmak mı en sevdiğimden;Positive
Anane kucağı diye bişey var herşeye bedel ???? (@ Ayaş in Ankara, Türkiye w/ @hayatiparlak @gp817) https://t.co/CqrRCpzv5w;Positive
Arkadaş az önce ''Cab-bar''da diye yer bildirimi yaptı. Farkettimde Türk milleti olarak yine çok yaratıcıyız ??;Positive
sevdiğim yok ama aşk tivitleri atmayı seviyom amk;Positive
Öylesine güzel seviyorum ki seni öylesine saf,öylesine temiz,öylesine derin ve öylesine değil.;Positive
Hisler doğru kişiler yanlış :);Positive
"600 yıllık filmin 92 yıllık reklam arasi sona erdi ;)";Positive
Binnur sana enişte demek istiyorr;Positive
İnandığım şeyler uğruna mükemmel hatalar yapabilirim;Positive
İki gün hasta evde yattım yeter yarın birlikteyiz ???? @ayk_beyza;Positive
Canim geçen gene biz beraberiz işte :D (@ Coffeemania in Malatya, Türkiye w/ @mehmet_kurtay) https://t.co/CaQ33RkzzK http://t.co/hp1MNFxOEO;Positive
Hadii gel bi çay içek sjajsjjsbja;Positive
Hahah güldüm;Positive
Yeni bir yabancı diziye başladım belki kafam dağılır diye;Positive
Almanlar bu isi biliyor (@ Erkek Malikanesi) https://t.co/hLeVA0jHxk http://t.co/cZjGZY9irz;Positive
Maaşı bir gün önceden almanın şerefine kendime iskender ısmarlıcam.;Positive
Mesaidaşlar erken doğum günü kutlaması yaptılar adıma yazılmış ilk şiir:) teşekkürler yoldaşlar:) @… http://t.co/qpkOptGoSj;Positive
7'den 77'ye tatlı diliyle Sevgiyi Sevilmeyi öğreten Adam toprağın bol olsun .. @ Puppa Brasserie -… http://t.co/w756OvmO9b;Positive
Haydi Çocuklar haydi çocuklar #Fenerinmacivar #fenerbahceliolmaningururubizlereyeter #Fenerbahçe;Positive
Dili,dini,rengi ne olursa olsun iyiler iyidir.;Positive
Allahim ne guzel nimet su cikolata ???;Positive
Çok şükür günler sonra kapalidan mutlu ayrildik. #tebrikler #ygbs #SontopakadarYGBS @YGBS28 ????????;Positive
En azından sevilerek ölücem ¯\_(?)_/¯;Positive
Ben bi söz verdim mi tutarım.;Positive
Ablamlara gidiyorum kiz kiza sohbet edelim diye annem babam Abim gelip sürpriz yapiyo;Positive
Bu irem herseyim yaa dert ortagımm canım kardeşim iyiki varsın ?????? @Durll53;Positive
2 maç 2 galibiyet.. Adım adım şampiyonluk!;Positive
Halacığı ziyarettr :):) (@ Sular İdaresi in İstanbul, Türkiye) https://t.co/2IpMcCB21r;Positive
Yaşasın iyilik,güzellik,ben kazandım,gayret edelim herkes kazansın inşallah http://t.co/14sATJToRf;Positive
İlk maasimi aldim yuppi yuppi;Positive
Anne kız geziyoruz :Dd;Positive
Çocuk gibi Karşıdan karşıya geçiriyo beni sevmiyimde ne yapayım .;Positive
Canim hocam Allah tamamina erdirsin :) (@ Vatan Düğün Salonu) https://t.co/ZGKNCJQYKy;Positive
Dünya güzeliii :) @ Bsrzql Home http://t.co/K3dSq4AZLn;Positive
Yemek bahane gerisi Şahane (@ Uludağ Restaurant in Guzelbahce, Izmir) https://t.co/QiryeYWJn8;Positive
Tatil bizimdir (@ Club Magic Life Jacaranda Imperial) https://t.co/QidjMwr2H6;Positive
Dansa geldik ???? (@ Liya Kültür & Sanat - @liyakultursanat in Sakarya, Serdivan w/ @handeeakyuz) https://t.co/my5lUVKwWQ;Positive
Tisikkirlir sipirmin ???? @ErayKuru;Positive
Ne zaman seni düşünsem yaşamak güzell;Positive
Rt yapanlar kazanıyor. #KimBuMia;Positive
Her boku yaptığım halde beni bırakmayan Hümeyram var insan daha ne isterki :);Positive
Aynı fotoğrafı kapak yaptınız ya siz şimdi evlenirsiniz de d:d;Positive
Hava tam sevgilinle rakı balık yapmalıkkk;Positive
Guzel bir gunun ardndan guzel bir pizza super oldu :);Positive
Dayımlarla maç keyfi:)) haydi fenerim herşey sana bağli!!!! ??????????? (@ musa palace) https://t.co/fX0SmSTOx2;Positive
Su hala bak yaa :) http://t.co/BShhTI3qlj;Positive
Annem kızıp,çığlik çığlığıa evi birisine katinca çok güzel;Positive
Şuvan abimle bal reklamı izliyoruz. Çok eğlenceli;Positive
Bir günde iki avm :) (@ Park 328 in Osmaniye, Türkiye) https://t.co/m8KK7bpkJ3;Positive
Efsane yazdın tarihe Beşiktaş..;Positive
Haftasonu kahve keyfi :) (@ Kutlupark in Mustafakemalpaşa, Bursa, Bursa) https://t.co/T26nVjCvYa;Positive
"Birileri cumartesi gecesi mi dedi ;) (@ Bostancı in İstanbul, Türkiye) https://t.co/CbcuhndM3J";Positive
Pammuk Şeker de yediik çocuklar gibi eğlendik :))) @ Moda, Istanbul, Turkey http://t.co/tehIB0Z6vD;Positive
Kobani 133 günlük direniş sonrası 'Özgürlük muzesi' oluyor.Yeni Kobani modern inşa edilecek http://t.co/K5Zc77VeCo;Positive
Canım sıkkınken beni güldürebiloyasa tamamdır :D;Positive
Ablalar iyiki var :) http://t.co/DfnCV7qaoN;Positive
"Ben bu gece istanbul'a gidiyorum bi kere ;)";Positive
Taksimden Tophane ye yürünür nargileler afiyetle içilir... http://t.co/JyKmsSGjP3;Positive
Babaanne ziyareti güzeldir :)) (@ Ümraniye in İstanbul, Türkiye) https://t.co/v7DVnHMFxa;Positive
Bizim eve hasta ziyaretine gelenler çok şanslı :) homemade !! #love #aşk #forever #married… http://t.co/d79IUlTvad;Positive
Kutlamalara devam ediyoruz yahu :) @ Sivas Osman Aga Konagi http://t.co/qzYHVdisAC;Positive
Karabuk Alirsin İnsallah Maci Hadi Memleket Takimi;Positive
Gülmekten ders işleyemeyen ve sonunda pes eden öğretmenime selamlar :D Tatilde ders işlenmez demiştim |B;Positive
Boyle havalarda sahilde olmayi seviyorum;Positive
İbo kankimle sohbet keyfi xd;Positive
Akşam yemeği için harika bi yer http://t.co/FfBSaQq49e;Positive
Biraz kafa dinleyelim :) (@ Kütahya in Kütahya, Türkiye) https://t.co/USMCkuSKaR;Positive
“@RT_Erdogan: Benim kavgam, bu ülkeye ve bu millete düşmanlık edenlerledir.”Seninleyiz Sayın Cumhurbaskanim Allahım sizi korusun amin.;Positive
"Menfaatsiz yaşamak çok tatlı, gelsenize :)""";Positive
Yazdım rahatladım görüşürüz.;Positive
Maca yetisebilmenin verdigi mutlulukla tv basina...Saldir Şanlı Kanarya ???? (@ Menderes Mahallesi 157/ 1 Sokak) https://t.co/CDdr5K9EvP;Positive
Seni çok seviyorum ya.Annem gibi düşünüyorsun ya beni: );Positive
Yeni besteler bulup dinlemek en büyük hobim;Positive
En güzel ve en anlamlı hediye olmuş teşekkür ediyoruz :) ¦ #GALATASARAY #TEKASK #ENGÜZELMİRAS @ Genç Home http://t.co/21VXtppUwf;Positive
Başarılar Fenerbahçe'm Allah yardımcınız olsun tam destek arkanızdayız????????;Positive
Süleyman Bilgehan düğün var dediniz de renk mi katmadik :-) (@ Osmaniye Ogretmenevi) https://t.co/k52xoKfNNC;Positive
valla süper muhteşem harika ötesi bi şey olurdu;Positive
Selçuuuk Şahin adamsın lan;Positive
Vurduğun gol olsun #fenerbahçe;Positive
Selçuk kendine doğum günü hediyesi verdi ??;Positive
Yaaaa ::D:D:DDDDD hay aqq :D hastane inşaatında güvenli olmayan iskelede halay çektiler diye habermi olur :D 2adam çılgın gibi evleniyor :D;Positive
Bazen insanlar çok mutlu eder, iyiki geldin sen ?????? @busramm26;Positive
Ama çok tatlısın sen;Positive
Jack Daniel's cumartesi gecesi evde tv karsisinda iyi eslik ediyor??;Positive
Giden gitsin sen şarkılar söyle içinden boşver :D (@ Aktepe in Izmir w/ @erenbalcioglu) https://t.co/jEP7Iq5GEO;Positive
herkes yine çok komik;Positive
Osmancim nicin iki farkli hesaptan favladin canim;Positive
Çok çok güzel olmuş ellerinize ağzınıza sağlık.;Positive
Gamze abla aramiza tekrar geri dondu nasil mutluyum nasil bir ay sonunca gozlerini actin ve sesini duydum ya sukurler olsun Allaha;Positive
Son dakikaları zor geçsede çok önemli bir 3 puan daha aldık! Kazanmaya devam @Fenerbahçe;Positive
gönül koydum sana güzel kız;Positive
Sonsuza kadar konuşabileceğimizi hissettiğimiz insanlar en güzelleri bence;Positive
Bence cok mantıklı bi tweet atmışım ??;Positive
Hazırız artık çıkalım ???? @ ScorpionİNK-Tattoo Kusadasi http://t.co/kGxpSRmDXH;Positive
Onlari cok sevdigimdendir veda edemeyisim...Biz keyifleneli bi hayli vakit oldu,kalanlara iyi seyirler… http://t.co/qPynXztUKu;Positive
An itibarı ile sıra gecemiz başladı:))) (@ The Green Park Pendik Hotel & Convention Center) https://t.co/t4NB54g926 http://t.co/3PZTEqjJ42;Positive
Durmak yok devam... (@ İzmir Şehirlerarası Otobüs Terminali in Izmir, Türkiye) https://t.co/KqxcQ7VPIq;Positive
Buraya da iyi alıştık :) (@ KA'hve Café & Restaurant - @kahvecaferest in İstanbul, Türkiye w/ @iremerzurum) https://t.co/sIfOzcvKSc;Positive
Oyunu kuralına göre oynayan ve iyi bir oyuncu olduğunu gösteren herkese bu güzel cumartesi akşamından sevgiler saygılar..;Positive
"Bazı şarkılar var ki onları dinleyince ""iyi ki yalnızım lan"" diyorum. Eğer yalnız olmasaydım o şarkılardan aldığım garip hazza ulaşamazdım.";Positive
"Plansız oldu ama guzel oldu ;) (@ Curcuna Cafe Bar) https://t.co/wHcbWBKRTT";Positive
Çok özlediklerimle hoşbulma hasret giderme pozu #deepblue 2. Evim ev sahipleri cem abi can abi ve lea… http://t.co/CPaU7gxLUL;Positive
İyikii varsiin iyiki sevmisim seniiiii??????;Positive
Guvenen ve motive calisan insan sayisi arttikca demotivasyon yavas yavas kaybolur yerini pozitif duygulara birakir.;Positive
Ne kadar iyi arkadaşım? http://t.co/ftrVlPVDnA;Positive
Davamı okuyup Erbakan Hocamı daha iyi anlayacağız inşallah http://t.co/u9MKuLTD4q;Positive
Hadi beni yine sev.;Positive
Helal olsun, Aşk olsun.. #yollarbenim #bu #aksam #duman #helalolsun #happy #birthday #cousin #24 @ Pendik http://t.co/6l0SHTHC5Q;Positive
Eve yolculuk başlasınn.;Positive
Bir ömür boyu mutluluklar canlarım O?@leylimsirin selcinok @ Joya Del Mar Boutique Hotel http://t.co/Y94KiKacws;Positive
Ya çok eğleniuozzz iyikide dogmusum:)) http://t.co/TvXcGfRIV0;Positive
Iyiki varsın iyi ki sevmişim seni...;Positive
Evim evim güzel evimm (@ Esen's Home) https://t.co/YauoCHqeXa;Positive
Whatsapp grubu bir harika dostum;Positive
Herşey çok güzel olucak belki bugün değil ama elbet birgün;Positive
Durmak yok yola devam :) (@ Taksim in İstanbul, Türkiye) http://t.co/dOz41SuqYp;Positive
Açılın gelecekteki sevgilimi buldum???? http://t.co/cV7k0kuIJ6;Positive
insan uykusunu alınca daha dinç oluyor (@ burçelik a.ş in bursa, türkiye) https://t.co/jppjaanghl;Positive
günaydıın (@ tophane mesleki ve teknik anadolu lisesi in bursa, türkiye) https://t.co/g1jsiilmrr;Positive
mutlu sabahlar (@ marmara üniversitesi - @baloactive in kadıköy, türkiye) https://t.co/ms0yyybcsf http://t.co/jo76rlzcxv;Positive
@degirmencirfan kardeşimle bursaya giderken tutmayın bizi http://t.co/vk90fkfidu;Positive
artık ünlü oldular az daha zorlarsa emniyet şeridini bakan bile olur @radyotrafik http://t.co/f9agw8sknm;Positive
beliktaşa gelen en iyi kaleci pancuydu galiba takımı elimizden kurtarmıştı.;Positive
erken başlayan yaz tatiline kim hayır diyebilirki(@ marmaris in muğla) https://t.co/mwe3dcc4mm;Positive
günaydın millet hayırlı cumalar güzel mutlu birgün olsun inşallah;Positive
babamdan büyük destek 'boş ver,mimar kızım olsun benimde' );Positive
"sizin hayallerinizin bittiği yerde bizim gerçeklerimiz başlar ""good bye"" http://t.co/uzlcvrvwvb";Positive
@cnarnan merhaba günaydın arkadaşım hayırlı cumalar dilerim);Positive
novruz bayramı münasibetile bütün azerbaycanlıları semimi qelbden tebrik edirem.qoy her zaman hemrek olaraq qeyd edek bayramları;Positive
bağırın ulan en büyük beşiktaş diye (@ düzce meslek yüksek okulu in düzce, türkiye) https://t.co/xpymgoi4do;Positive
aydinim askere giderde ben birakmam mi? (@ kastamonu in kastamonu, türkiye) https://t.co/nb4knomafj;Positive
20.3.2015 antalya usûlü serpme börekler @ börekçi kemâl usta https://t.co/uxra3ad9xw;Positive
kızdan birinin telefon numarasını istedim kız kendi numarasını vermiş :dhsgs;Positive
eskişehirden günaydın (@ eskişehir şehirlerarası otobüs terminali in eskişehir) https://t.co/gghemkvos2 http://t.co/9rp0cyjbr6;Positive
"hüznün ve umudun rabb'ine ; şükürler olsun.hayırlı sabahlar ve hayırlı cumalar duâ ile";Positive
der susarım güzel bir cuma günü olsun lütfennnnnn günaydın (@ afa group) https://t.co/hpstlfkf9f http://t.co/yucd0hhwsk;Positive
ada sahillerinde bekliyorummm(@ mavi marmara adalar motoru in istanbul province) https://t.co/n91woyobnh;Positive
@tugcecakoglu vi build guzel ama randuil ile deneye bilirsin daha verimli oluyor karismak elestirmek olarak anlamani istemem :d;Positive
yüzünüzden tebessümün eksik olmayacağı güzel bir gün dileği ile günaydın lar ve hayırlı cuma lar olsun https://t.co/gqkmgr0lrn;Positive
günaydın hayirli cumalar bol kazanclar (@ eczane alp in mersin) https://t.co/rahtzsuwk8;Positive
"akıllı söylemeden düşünürakılsız düşünmeden söyler. ""atasözü""1.si bizim reis2.si angela merkeb))#reisalmanademokrasigetir";Positive
"59n kesin ikizler burcu. bi sabah geliyor bomboş mutlu ediyor. fakat bir sabah geliyor binmek asla mümkün değil. kaptiniz inceyi ;)";Positive
o değilde dün hentbol da marmara üniversitesine ne çaktık bee :d;Positive
babamin parfumleri iyiki varlar yaa bunlar bitsin adrenaline alcak canim babam benim )) ¦ @enrique305 http://t.co/i7zo5utrnf;Positive
hadi size bi kıyak bense 11:51 de güneş tutulması var çıplak gözle izleyebilirmisiz aq :d;Positive
gün bize çoktan aydın..hayırlı nurlu cumalar olsun inşaallah http://t.co/5kb41usjie;Positive
hadi bakalim kolay gelsin (@ istanbul atatürk airport (ist) - @tavairports in istanbul, istanbul) https://t.co/7ma64gconx;Positive
saat 11:51 de güneş tutulması var çıplak gözle izleyebilcez gençlikkk :d;Positive
aziz abi ve ntv'yi ziyaret (@ dogus yayin grubu seslendirme studyolari) https://t.co/91vgjemny9;Positive
günaydın aşıklar feridun düzağaç - çok aşık (joyturk akustik): https://t.co/h6kklwlpvm;Positive
merhaba mezopotamya! nevruz kutlu olsun. (@ adıyaman havalimanı (adf) in adıyaman, türkiye) https://t.co/d4a72ef2qi;Positive
eveetttt genjjjlerrrr saçlarımin doğal haliiii evettt evettt iriiii iriii dalgalarii varr eveettt bende yeni yenii farkediyorummm;Positive
@aygul81 kızlara dam gerek değil merk etme arkadaşlarni al gel;Positive
hadi bakalım vira bismillah #painting @ atalay home https://t.co/ggtg7ctzdx;Positive
beni bilen bilir cumalari rakisiz yapamam (@ gandi'nin yeri in izmir, türkiye) https://t.co/e8vxv1gzez http://t.co/b8tkgvheed;Positive
ankara yolcusu kalmasın (@ çankaya in izmir w/ @mstafaoflaz) https://t.co/dqszbwih80;Positive
künefe kalp ben (@ antakya sofrası) https://t.co/6ei7qkuf9v;Positive
yaninda saçmalığın dibine vurabildigin insanlar varsa hah iste onlar iyiki varlar.http://t.co/lyt4jc1xdi;Positive
@akyolmustafa hemen babanızın adını verin çıkın artık bu geleneksellikten neyse iyi bir yaşam dileğiyle tebrikler;Positive
iyileştim artık michael phelps geliyoooor ! (@ atatürk spor ve yaşam köyü in istanbul, türkiye) https://t.co/v6vwzl7ddd;Positive
genel olarak çabucak sinirlenip kolay affedenlerdenim bence şeker gibi insanım :d;Positive
.@bozalan01eray stres atalım az da (@ ismail hali saha ve spor kompleksi in canakkale) https://t.co/2flidtfosb;Positive
sekerse tehlike soundcheck soba sıcacık bi de? bizbize... @ kamayor sanat atolyesi https://t.co/ygt3n6ui2e;Positive
bu gece #antalya da performansıyla bi çok ödül almış özlenen isim dj #funkyc trenantalya da.! )… https://t.co/l0xyctr0bk;Positive
"biralar kaybedenden beyler ;) (@ magic world cosmic bowling in bursa, nilüfer w/ @birsello) https://t.co/vms9xybrhk";Positive
@chtkrsln hatirlatirm daha bu hafta verdik size bunu fenere yenilince almasini bilirz sen rahat ol :d;Positive
kırgızistan'dan gelmiş dedi illa fotoğraf cekinelim tabii bende kiramadim )… https://t.co/lqyjvl6wqn;Positive
çekim yeri! güzelmiş oraya mı taşınsam:dd @ousankoc @tanrisevsin http://t.co/pt4w7v5rma;Positive
bebeğim ile bir fasıl gecesi daha (@ bahçeli meyhane in istanbul, türkiye w/ @ylzaltay) https://t.co/c97rpi8pem;Positive
doğum günün kutlu olsun mutlu ol senelerce sana boncuktan kuş yaptım konacak pencerene :dd (@ burger king) https://t.co/zkttoi26wn;Positive
kapimizin onune ekmek, meyvesuyu ve pasta birakan hayranlarima teşekkurlerimi iletiyorum keske notta koyaydin :/;Positive
ao haru ride mutlu son ile bitiyor hadi ilk spoilerlerimi verdim bir daha verirmiyim bilmem, kötü bağyan gülümsemeli gülüşü;Positive
@ertasnejla elimizden geldigince yapiyoruz teyzecim iyi oluyo arada bi );Positive
işi bilenlere birakin makine deli oldu.. @ elit oto kuaför ? https://t.co/76prxga8o6;Positive
bugün hastaya nst çekerken grafigne bakarak bebeğiniz cok hareketli maşallah dedim yaziyo mu orada? dedi #dogumhane #avicenna #hospital;Positive
akizmiriçin nureddintaşçıylakongreyeizmirin fatihi olursunuz inşaallah başkanım;Positive
siyah beyazdır hayat aslındahayatı renkli yapan insanlardır.!hayirli akşamlar/herkesemutlu ve huzurlu kalinhttp://t.co/8bbx5hthfp;Positive
ailecek (@ altınser restorant & cafe in istanbul) https://t.co/qfksishjbi;Positive
ceyda burda sana pasta yapıcam diye kolum koptu eğer yarın benim mantımı yapma asla dokunamazsın pastaya bebeğim:));Positive
kardeşler geziyor (@ taksim in istanbul, türkiye) https://t.co/bhjnc2fu9l;Positive
"dostları ziyaret edek demi ;) (at @bigchefscafe in antalya, türkiye) https://t.co/ijvvcypdq5";Positive
azicik alisveris gunah sayilmaz bence (at @piazzaavym in samsun, türkiye) https://t.co/nkbea4buwr;Positive
her şey harika (@ sahne tozu tiyatrosu haldun dormen sahnesi - @ozelsahnetozu in izmir, konak w/ @ftsozcnn) https://t.co/iuwrsgwyow;Positive
#gitarbenimolsa @yapikrediplay haydi inşallah olacak olacak o gitar benim olacak baaakk görrr :* :dddd;Positive
yuregi guzel insanlarla olmak cok guzel http://t.co/z5raipduda;Positive
dostlarla bir rakı muhabbeti(@ kuleli meyhanesi ato'nun yeri in istanbul w/ @sertackarabulut) https://t.co/pqbxmmvm1i;Positive
dönelim geriye artık (@ büyük istanbul otogarı in bayrampaşa, istanbul w/ @farukcetinkaya) https://t.co/utuxfkiiy5;Positive
dolma köfte çorba helva çay muhabbet aşka geldim yine kim tutar zorla acıktırıyor dostlar :d;Positive
canlı müzik (@ oldcity cafe & bistro in karabük) https://t.co/w9nw5ydiph;Positive
angara da yemek yediğim en güzel mekan açık ara çukurağa sofrası dır. yemek gelmeden mezelerle doydum;Positive
nargile candir gerisi heyecandir (@ şehzade cafe in istanbul) https://t.co/8zbvadq5w4;Positive
"ayagini sicak tut basini serin, gonlunu ferah tut dusunme derin ;)";Positive
ankara'ya yolculukk (@ izmir ülkü ocakları il başkanlığı in konak, izmir) https://t.co/otw0hlsb3i;Positive
medcezire yetiştim (@ avista evleri in izmir) https://t.co/6njj8elh26;Positive
muhabbetimiz bol olsun (@ simit sarayı in safranbolu w/ @nagehan_erdem) https://t.co/5htu8yratb;Positive
maja barda hareket başladıbu akşam dalyan club sahnesi 22:00 başlıyoruz. @ fenerbahçe dalyan kulübü https://t.co/pokstqrgxu;Positive
kırmızıyı sevdiğim doğrudur @ hiloşumun evi https://t.co/fxkqggvibe;Positive
bugün büyüğümüz, ilkimiz, abimiz doğdu, aslında nisanda evlenip evden gidecek diye kutlama pastası aldık;Positive
"elçin işıdan facebook sayfasını beğeniniz, beğendiriniz.. #haydinrastgele ;) (@ beylikdüzü) http://t.co/ehkugsh5kt http://t.co/nbmbaoqdyo";Positive
haydi bakayım hazırmıyız çatlayıp patlamaya inlesin ortalık $;Positive
iyiki doğmuşum öyle diyorlar @cankutay2 @hazalcosgun asyakutay @tutkunaysenur @ fenerbahçeliler… https://t.co/sdhdb0omb8;Positive
iyi eğlendik )devamı 5 mayıs gökhan akar jolly joker istanbul konserinde kaçırmayın derim OO@gokhanakar http://t.co/ga90eaf78s;Positive
kardeşim gelmiş, hoşgelmiş, sefalar getirmiş@bahaarylcuoglu ?@ cevahir - o kafe https://t.co/js26a7r4sp;Positive
parcalari birlestiriyoruz )) (@ çingene - @cingenecafe in adana, türkiye w/ @azmikuyugz) https://t.co/blq0jgeqzi;Positive
https://t.co/m4xe7nrscn ya bunlar çok tatlı çift,allah ayırmasın;Positive
@yakppcans 1 yıldır kullanıyorum ismini daha yeni duydum hadi bakalım kazanalım o zaman .d;Positive
"""diyarbakır barosu newroz resepsiyonu"" harika oldu.. dileğim her yıl olması.. ;) (@ cemil pasa konagi) https://t.co/b4a7u48k6g";Positive
yusuf'u dinlemeye geldiiiik (@ metropol in kırklareli w/ @sibeelkrks @nadirkurt1994) https://t.co/hyjlqyxtbj;Positive
kocacımla gezmeler ziyaretler. komediler de vaaarr... ));Positive
@ibrahimyesiller kendi hayat filmimizin basroluyuz hepimiz haklısın );Positive
kebap adana'da yenir (@ dede kebap in adana, türkiye) https://t.co/x03schogzl;Positive
29 mart'ta fatih ali emiri kültür merkezi'ndeyiz #gonullufarkindaolandir #cocuklarsokaktasolmasin https://t.co/gebqwxtlkn;Positive
dogum gunu var dediler geldik )) @ biraver https://t.co/keomjgicop;Positive
"saçımı mora boyattım diye halam ""mor kardosum"" diyip duruyor )";Positive
bu adam misafir agirlamasini biliyor yaaa (@ işçievleri in buca, tr) https://t.co/fbnm2fqvue;Positive
üniversiteyi kazandığımda dinledigim ilk şarkı ve hala dinlemekte olduğum sevdiğim anı olarak kalcak bi şarkı hiç degişmicek yağmur;Positive
"@orbay05 hocam insallah bir dahakine hemen sizin arkanizda olacagim bi ankaralilik seziyorum sizde ""ego"" )";Positive
"rahat bırak gözlerini dilediği gibi baksın ;) http://t.co/hg631nz2uh";Positive
bura bende bağımlılık yaptı(@ sera gourmet in izmir, bornova w/ @yunusisildar) https://t.co/nwhfsrx0qw;Positive
reklamın sonunda davutoğlu'nun gözükmesi, mizah unsurunun kampanyalarda etkili kullanımına güzel bir örnek olmuş;Positive
bu hayatta en çok merak ettiğim şey kimin kimi sevdigini bilmek herkes aşk acısı çekiyor bende dahil merak işte :d;Positive
23 yaşındayım ilk defa elimle çiçekle gezdim vay arkadaş ));Positive
veee karsinizdaaa long island ice tea ve barbeku soslu tavuk kanatlariiii)) next?@ mutfak… https://t.co/lpmzlccztk;Positive
7 yıl sonra mezun olmuş )tebrik ederim can can )kimya mühendisi olarak hoş geldin ))@caynakemir http://t.co/dsh7qhsdjt;Positive
ebeveynlerle son mektup izlemeye geldik (@ cinemarine in söke) https://t.co/bkqcy65rtf;Positive
cuma hayirli bi gün tabi (@ filos restorant atakent) https://t.co/2v2gvp5dcf http://t.co/ywkaxpxjho;Positive
@hacelinintorunu sonuçta 11de bitiyor gene antrenman. o saatte spor olmaz beybi en geç 7de gelsinler ben de gidip dinleneyim :d;Positive
eğer ben yarın doğmasaydım evin en küçüğü olmayacaktım , istediklerim yapılmayacaktı mesela sanslıyım ki doğdum;Positive
şah mat böyle yapılır siyah taşlar benim @ avcilar viran cafe&bar https://t.co/gtmznjf1yi;Positive
bir türk vatandası diyarbakırla mardindeki misafirperveligi öve öve bitiremiyor iste bunlar hep gurur, umut, sevgi, barıs sürec;Positive
benim olduğuna göre. bana ait olmuş oluyosun yani benimsin bla bla bla;Positive
biraz klişe ama emir büyük yerden #fenerbahceulker #fbuea7;Positive
kulaklıkla şarkı dinledikten sonra kulaklığı cıkarıom dinlediğim en son şarkı kafamın içinde bir sağa bir sola vuruyor kendini :d;Positive
yine yazimi erken getiren, bana huzur bulduran, baharin guzel gecmesini saglayan sensin #benimki geliyor! @yalinonline;Positive
lütfen takip edin karşılıklı & message atmayı ihmal etmeyin.. orjinal profildir önemle duyrulur !.;Positive
finansinvest'in tatlı pazarlama ekibi yani biz@ the public hotel https://t.co/vuv5nlcdkw;Positive
soğukta olsa bu keyif başka beh(@ leila'nın bahçesi ) https://t.co/ykdrfqpkt5;Positive
candostumun evindeyiz yenge hanım yemekler hazırlamış falan filan (@ ari sitesi _ evim benim) https://t.co/bbwlgkatwd;Positive
aynı metin hem imam şafii'ye hem cuveyni'ye hem de ahmed bin hanbel'e nisbet ediliyor, bilemedim;Positive
cok sukur bin sukür (@ istanbul mahmutpasa pazari şukrupaşa) https://t.co/7n8wp4hgwk http://t.co/wqeawtvzfn;Positive
abi kardeş optikiz #powercam #instagramtrnet #instagood #rcnocrop @ altınser restaurant & cafe https://t.co/e3traajlai;Positive
cuma akşamı(@ karya evleri in izmir, türkiye) https://t.co/wxqld0hq3d;Positive
23 olduk iyi mii #happybirthdaytome @ kardelen konakları https://t.co/wlrxopj9i3;Positive
nurcan dogmus iyi ki dogmusbu da benim supriz kutlamam olsunnice mutlu yillar!@… https://t.co/y8czuoafq3;Positive
anam mezun oldubeklenen 7 yıl sonra olsada başardıkhoş geldin aramıza @caynakemir kendimden fazla sevindimhttp://t.co/jiu6boq91m;Positive
@ruyamor hakan baba varken bize dusmez ama yapariz insallah );Positive
@orbay05 allah nasip ederse bigün tanişacagim sizinle insallah hocam );Positive
"son zamanlarda duyduğum en komik replik ""askeri ücret gibiyim kimse benimle geçinemiyo!"" hehehe! )))";Positive
tam yazılışını bilmediğim kelimeleri kısaltarak yazıyorum. ben rezil olcama karşımdaki kısaltılmış yazılar nasıl okuyacak onu ögrensin );Positive
bi istanbul yapıp gelicem (@ hatay havalimanı (hty) in hatay, türkiye) https://t.co/agr7rooan3;Positive
hayatimin en masum mesajini aldim ya http://t.co/hervhg9p2h;Positive
@mchttkaya adam nargile sefhasi yapiyormus gördunmu ramazani;Positive
abilerimm @ safranbolu eskicarsi https://t.co/qomaqmediw;Positive
@namrabat53 futbolcuların en iyi kalplisi http://t.co/zg3elehwdu;Positive
istikamet izmir hadi bize iyi yolculuklar... @emrahatalay1905 @sevket190777;Positive
sevgilimden ayrildiktan sonraki mutluluk bi tek bende var kodum bozuk;Positive
can olcaydu. senide şu ortamda hayal ediyoruz . k.d.s.s.t.o.m.c http://t.co/64mkpf8mmu;Positive
gece baslasın (@ şamataa cafe bistro in ayvalık) https://t.co/aoiw1iemom;Positive
aşkımla yemekteyiz (@ burger house in istanbul, türkiye) https://t.co/crdzbleltj;Positive
tatlı zamanı (@ proponite residence) https://t.co/dqnpli8rcm;Positive
video atmak yeni aklimiza geldi #206 #hdr #rc #amcaoglu #spec #bixenon @yzc_a atakan_yazici @… https://t.co/dkfqszxrwn;Positive
el emeği ile yapılmış hediyeleri çok seviyorum. bugün ebru çalışmasıyla yapılmış mor bi lale aldım. hemmen dolabıma astım....;Positive
@mrsvelibasoglu @banaadinisor bendeee bendeeee yarın beyaz perdede sesini duymak acayip güzel olacak birde ağlarım soyledikce)¦;Positive
"bi karae vermelisin artik . kiminsin allah sahibine bagislasin seni yoksa banada bagislaya bilir ;)";Positive
fala inanma, falsız kalma günümüz #tutmayınbeni http://t.co/jmvotwamlf;Positive
avukat leyla için ufak bir kutlama#dostlar #toplandık #happy #smile #arkadaşlar #myfriends @ happy… https://t.co/9u3i0hxzjk;Positive
muallimnisanda 40binistiyor isteyenin bir yüzü vermeyenin iki yüzü kara demişler inandik güvendik bekliyoruz @ahmet_davutoglu;Positive
@fanalbo evet. adim sirasi bizde simdi. atmazsak olamayacagiz. gercek bu hadi bakalim hayirlisi... tesekkurler;Positive
"herseyi bosver cal bugece iciorz yine bu gece...;) http://t.co/vwbeewlyvt";Positive
gel iste ben senin olayim sen benim sahibin belli olsun en azindan http://t.co/hyjbca9rvg;Positive
sonunda ortak bi noktada bulusabildik @remziiiunal @khrmn_ebru @serifedelibay ));Positive
saruhan hunel kucuklugumden beri hayran oldugum adam tum karizmasiyla diziye gelmis hosgelmis )) #karagul;Positive
evde tek basina hiaminaaaa (@ çaliskan malikanesi) https://t.co/fpkwo2yzww;Positive
bu kadar çalışmak yeter, şimdi eğlence vakti doktora kutlaması ile ilgili endülüs meyhanesi daveti kaçmaz.;Positive
ablamin dogum gunu pastasyla selfie @ ekmen home https://t.co/oxqrproawr;Positive
@ultrasmert05 misafirlik dersen ayıp edersin kardeşim sana devredelim seneye mezun oluyoruz sonrasında çalacak kapımız olsun;Positive
haftalık sohbetimizi demetevler şube'mizde gerçekleştirdik. sizleri de bekliyoruz http://t.co/vmdzot4j47;Positive
gez allah gez...)) (@ coffeemania garden in karşıyaka, izmir) https://t.co/b2suwtq4xc;Positive
yine mükemmel olmuş @sehabe @yeissensura https://t.co/qhzj5vryej;Positive
aşk acısı çekmek için çok genciz gezip eğlenip gülmemiz lazım;Positive
"""@kara_nad: rte devirmek için her türlü ittifaka açık''kalleşlik kardeşliği''yaparim )))sahnedechp ciamaatkardeşliği http://t.c";Positive
uzun bir aradan sonra yine sevgiliyle grup kor dinlerkene @ up lost pub https://t.co/a0h1ze7wf3;Positive
kiminin hoşuna kimin zoruna gidiyoruz . @ söke istasyon cafe https://t.co/bcltzry3c4;Positive
insanın içi kıpır kıpır oluyor gördükçe birtanesin @saruhan_hunel;Positive
instagramda sırf attığım yeni fotoyu beğensinler diye ana sayfada ki tüm fotoğrafları beğeniyorum kendini yakışıklı sanan varsa sanmasın:d;Positive
en kötü günümüz böyle olsun #hep #beraber @ champs elysees https://t.co/svszrt0qcl;Positive
"bu günde yurtta pinekleyip film keyfi yapalım dedik ;) (@ turgut özal kız öğrenci yurdu in samsun) https://t.co/xf3lk8aflo";Positive
yarın ki sınavda nur as çok başarılı olsun allahım amin. )) @nnurunalanur;Positive
bunlarda benim kanki canfiklerim iste http://t.co/zfllhle97w;Positive
eski konuştuğum kız yakın bir arkadaşımla konuşunca çok kral gülüyorum yaa :d;Positive
"ailemize yeni katılan ewlatlarımız ;) #martini #ballantines #hoşgeldiniz @ burcu & onur fakirhanesi https://t.co/bbvbbbmsj9";Positive
merve biriyle konusurken karsısındakine değil her mesajda kendine aşık oluyo :d;Positive
bugün imza yetkime kavuştum, ilk raporum dyo sorumluluk sahibiyim artık;Positive
@janeaustenfc yağmur bağırdığı sırada ağzından tekin ya da yağız gibi bir şey çıkıyordu yani ben öyle anladım;Positive
ygs kutlaması (@ david people coffee & food manavgat in manavgat, antalya w/ @orcun_ovk) https://t.co/vzrtqjhxov;Positive
diyetisyen olarak ilk adımı da önlük giyme töreniyle atmış bulunuyorum @ istanbul gelişim… https://t.co/uvzif8wmkp;Positive
ve program başlar eeee hadi buyurun yahu (@ world asmin cafe) https://t.co/qeumt3dh59 http://t.co/9sapbfic4x;Positive
hatay yöremize ait künefemiz hazirdir fevkaladenin fevkinde =d @ güngören, istanbul https://t.co/sw4tky34da;Positive
ramazan ustada olmasa ac kalicaz http://t.co/wyy2lwkvoz;Positive
@tugbaayerlii haha çok şükür halime ki sadece dışarı çıkıp gezesim var;Positive
asansöre binmek üzereyken 2 kızın da gelip binmesi ve beni görünce maşallah demeleri şaşırtıcı :ddd;Positive
"anıları hatırlatan şarkıyı remix yapıp kopmasınıda biliriz ;)";Positive
depoları fulledik beya 3iiiii #umutolsun http://t.co/m4gs27lwa8;Positive
aneyin dogum gunusu kirk bir kere maasallah (@ ozkaymak pastanesi in mut) https://t.co/7rl3sxitta http://t.co/m9rka8dm46;Positive
sefamız olsun (@ adısefa in izmir) https://t.co/sgekfqmvf1;Positive
cuma keyfi with @ezgiceylan (@ geppetto bahçesehir in istanbul) http://t.co/2wopmja6j8;Positive
ne bereketli ne güzel bi akşamdı. böyle dostlara can feda http://t.co/pnuzn6wovf;Positive
"yasasın cuma gecesi yaşasın kadıköy ;) işılay @tolukabi emine sinem efe (@ millwall english pub) https://t.co/ql13yhipaz";Positive
medceziri çağatay ulusoy için izlemek gibi bir şey )))))))))));Positive
yüz ifademi ben de çözemedim ama çok mutlu olduğum kesin gari http://t.co/rcobfanss4;Positive
@saqlamgariban o fuzuli oluyor ama kutlayanada saygı duymak lazım;Positive
canım dostumla kırşehir yolculuğu başlasın #kamilkoç #mutluluk #huzur #özlem @ izmir şehirlerarası… https://t.co/ri0znv0nel;Positive
parayla mutluluk olmaz mi ? mutluluk kapaklar da ve her kapak parayla :d;Positive
"bazen o kadar çok istersin istediğin zaman olmaz ama allah çok daha güzel bir zamanda istediğini verir insana ;) ;)";Positive
spordan sonra bi kahve içelim dimi (@ ellade cafe & restaurant in gebze, türkiye) http://t.co/pkjg9kwhgu;Positive
@nnurunalanur bu twti okuyan herkes sana dua etmis olcak dostum;Positive
benim istikbalimin düşmanı canım kuzenlerim beni ders çalışmaktan kurtardılar;Positive
"bu evin kralı benim! (@ sametiano'nun fakıranesi ;) in trabzon) https://t.co/sczigbhe4g";Positive
o değil de ygs den sonra tanımadığım kişiler akrabam çıktı meğer ne çok akrabam ve kuzenim varmış;Positive
ailemi ve beyaz'ı gezmeye getirdim (@ şelale park in eskişehir, eskisehir) https://t.co/hzpcxs6eob;Positive
her firsatta çamur atan iftira atan samanlar az kaldı bunlarada başlarlar @gripinn07 @a_suleymanoglu http://t.co/ptq5r62dmc;Positive
ay em et esenboğa havalimanı kürtdistana gidecek yolcu kalmasın http://t.co/abernt2pfl;Positive
1 kız için diğer bütün kızlardan vazgeçebiliyorsan, yaptığın salaklık değil adamlıktır));Positive
bu gece son antakya yurtkur şampiyon )) (@ tayfur sökmen kız öğrenci yurdu) https://t.co/wzj9o6vduu;Positive
antalya'ya dönüş vakti... malum, yarın işbaşı (@ sabiha gökçen international airport (saw) in pendik, türkiye) https://t.co/8ferslb5k1;Positive
farkinda olmadan yapilan cok ufak bi mimikten her seyi anlama gibi bi yetenegim varr;Positive
birini gerçekten seviyorsanız onda değiştirmek istediğiniz hiçbir özellik bulamazsınız,mükemmel uyumdur bu;Positive
yorulduk ama değdi, #ilefkadinlari çok yakinda #ilef #ilefkadinlari #cu #kadinyasamozgurluk @… https://t.co/rfgtuawp5z;Positive
evin her tarafında telefonumu arayıp sonunda banyoda bulduğum doğrudur ));Positive
@americanhaci sukurler olsun kardesim disarida yemekteyim mesaj geldikce fav yapip geciyorumsen nasilsin ?;Positive
ve babişle bahattin bardaklarımızla kahve keyfii pahabiçilemezzzzz ¥¥ (@ keyf-i derun ¥ ¥) https://t.co/ubgol7yn0n http://t.co/slbqrmfwk1;Positive
@kosa10 @turanunion gerçekten mi? ama çok güzel bir foto bu;Positive
4 yil aradan sonra cok ozlemisimmmm @ öküz bar, karsiyaka https://t.co/e6aoy4xvva;Positive
eğlence varmış (at @mayabistro in konya w/ @fundarslan @kaanglr @damlayl76) https://t.co/2khhvocmpt;Positive
amcamı ziyarete geldik dee (@ soğanlık yeni mahalle in istanbul, türkiye) https://t.co/fomug9hjuh;Positive
harika bir günün ardından (@ bahattin's home in tekirdağ) https://t.co/5fsixwjpvj;Positive
@limonlucizzkek @esraaoruc2 benim falimda bile cikti fazla zorlama sansini ahahha :d;Positive
çay sınırsız olursa gelirim sayın kenyalıbizi biliyorsun çay ver gerisni koyver);Positive
yarım kalan hikayeleri birleştirip kafada proje haline getirmişliğimiz de vakîdir;Positive
bütün kızlar toplandık sorduk neden yıprandık (@ mahmut ardıç sokak w/ @meltemkaya86) https://t.co/m7m44tq0mn http://t.co/uu89yfrh8r;Positive
az önce yarın için kendime söz vermiştim yarın dışarı çıkmayıp gezentilik yapmamak için aklıma dün söz verdiğim davet geldi. olmuyo yani;Positive
"muhebbet gecemiz baslasin...;) (@ cakild's coffee in istanbul, türkiye) https://t.co/y0aijqlxhe";Positive
euroligde sağlam adımlar @ fb ulker sports arena https://t.co/4lmkzafejh;Positive
amanin canimin içi esorfmanli şevket hocam çıkmış @aysglalbyrka;Positive
ciddi anlamda çalişiyoruz.. #istanbul @ sümer mühendislik istanbul https://t.co/rhaa044uod;Positive
"hayatimda ki tek ekşın ; aniden ayağa kalkinca gözümün kararması ))";Positive
acaba dünyada benim babam kadar daha şeker bir insan var mıdır?;Positive
@tuceengur aşırı stres insan beyninin donmasına ve bi süre kapatılmasına neden oluyomuş. neyse ki ben hiç stres yapmıyorum )))))))));Positive
@symdmr3 @gulfemyts gel anam gel sende gel yürek yemişler kervanına :d;Positive
bütün aile kuzenler falan geçen akşamların güzelliği başka oluyo:d;Positive
ogrenci evinde yemek gelde bize sor @ buca adatepe mahallesi https://t.co/eo04yyhjsr;Positive
yarım saattir buna gülüyorum afggafgdsgg http://t.co/e86qcdnuqs;Positive
kuzuma kavuştum (@ gercüş in batman, türkiye) https://t.co/d5hntc9vft;Positive
ya annecim tabii ki ben hiçbir şey almadım ya tek meltem için gittik )) (çantasına sakladığı poşetin hışırtısı onu ele verdi);Positive
"insanlar için en güzel hediye, hiç bir masrafa ihtiyaç göstermeyen tatlı bir gülümseme ;) iyi geceler herkese";Positive
bütün çiçekleri koparabilirsiniz ama baharın gelişini engelleyemezsiniz..pablo nerudanewroz piroz be http://t.co/iocdatokxm;Positive
ayy yoldaki adamin birden donup bize bakısi ne gulduk ya bugun :d;Positive
ohhh evim evim güzel evim yol yordu bee ama hala güzelim )) http://t.co/luwkg2bj9k;Positive
şu an gülmek isteyenler güldür güldürü izlesinnnn dügüne giderken tuvalet giysem piiis kokarmıyım hahah :d;Positive
sabaha karsi inzibat gelir mi korkusu olmadan rahat uyuyabileceksin artik @demirkandemir_ hosgeldin;Positive
"kadının fendi erkeği yendi ;) darısı türkiye ye diycem ama nerdee#yeşildenizseçim #yeşildeniz";Positive
@matematikci_bob bir matematikçi tanımadan ancak bu kadar sevilebilirdi hocam iyiki varsınız :d;Positive
allahım bitmesin bitmesin bu rüya sonunda madrid olsun nolur uyandırma #obradovicinaskerleriyiz #fenerbahceulker;Positive
kral abimin mekaninda (@ mola pasta & simit w/ @ozgurakdgn) https://t.co/hvdmqr9woj;Positive
bugun güneş bana güldü gezmeye devam (@ fabrikanin orada) https://t.co/uyuuzi4k5d;Positive
öğrencilik beni pek bir hamarat yaptı çok güzel tarhana çorbası yaptım ama tabi tarhanalar annemden );Positive
onunla gitmek ayrıcalıktir (@ hihgway outlet / bolu in bolu) https://t.co/9eqp36zzqq http://t.co/ya3dredc18;Positive
sevgilimm aç kollarını ben geliyorummmm :)) ¦¦¦ (@ dikmen caddesi in ankara, türkiye w/ @_gungor) https://t.co/ukjxpcyt6i;Positive
@siz_de_mi @tamermaster @huriyetezgelen ahaha haklısın en kutsal meslek:));Positive
paşayla hasret gidermece :) ?????? mertylmzr @ florya koru evleri https://t.co/5kystzqvob;Positive
ali hocayla güzel bir gün :) @ sarıgazi cordon cafe https://t.co/5yge1q0uht;Positive
@serpilustabas bulasmak istiyorsun , o hissi almak ve bizimlede paylasmak istiyorsun o kadar :);Positive
gerçekte faruk gibi bir baba var mı merak ediyorum :d #umutolsun;Positive
@borsaanalizcisi resim istanbulu bilmiyorum ama ortadogu firmasını cok iyi biliyorm harita muh olarak çalışmıştın formada(rizelidir firma:));Positive
beklemek güzeldir beklenen özel olunca demişler :)) (@ sakarya şehirlerarası otobüs terminali in sakarya, türkiye) https://t.co/aemerobiin;Positive
#zaliminzulmüvarsa sevenin birası var :) http://t.co/mllz55xrlj;Positive
evinin garısı veletlerinin anası olacaksın :d @ bizim bekar home https://t.co/bmeu9jda44;Positive
izlemeye devam :) @ kocaeli üniversitesi arslanbey yerleşkesi https://t.co/gmj07fc4yf;Positive
gırtlağına yapışan olursa ışığı görene kadar bekle :) #güldürgüldür;Positive
yarin icin diyarbakir newroz gurubumuza halay basi arniyor:));Positive
ömür abiyle birlikte:) (@ adanali dürüm ve şırdan in ankara, cankaya) https://t.co/zgjgjesx4p;Positive
instagram'da anasayfam cocukluk fotograflariyla dolu sevdim ben bu isi :d;Positive
"dost neşesi olsun dolunca evime, ne haftanın sıkıntısı kalıyor ne de yorgunluğu ;) #happy #friday… https://t.co/25rhpvh4xc";Positive
biraz da gezelim :) (@ veranda in istanbul, istanbul) https://t.co/opdpsvpyol;Positive
kardesim sütlacci:) (@ vardar pastanesi in aydın) https://t.co/dnqaffozwi;Positive
@omeratesh haklısın bro zamanla herşey sakin de hayırlısı de..bak konuyu bilmiyorum ama cevap kesin bu:))))))));Positive
arayı fazla acmayalim dedik :) (@ özgürlük parkı - @kadikoybelediye in istanbul, türkiye) https://t.co/8wommvvrrs;Positive
"çanakkale'ye pilli bebek gelir de ankaralılar gitmez mi? (sedat hariç ;) ) (@ by joker bar - @jkrbar) https://t.co/oijnknxogo";Positive
pazar günü maçın skorunu söylüyoruz :) #trabzonspor @ lazdanadam malikanesi https://t.co/agrrviklpm;Positive
'yoldayım turhala geliyorum şuan' cümlesinden daha bi güzel cümle yok bunu söyleyen de önemliya neyse mutluyum mutluyuz :d;Positive
.@hakanbuyuktekin burak mevhibe with oya :) (@ gar restaurant pub in konya) https://t.co/flxs5kbe2c;Positive
@1barissaglam canım benim biliyordum :d http://t.co/0mq419h4fg;Positive
#selamolsunbahara ve ardından gelecek yaza alerjilerde olmasa giderim var be bahar :);Positive
@gokhanproject paylasiminiz icin teşekkürler gökhan bey bunlardan birini gecen hafta ailecek izledik:) size ve ekibinize kolaylıklar dilerz;Positive
keyifli bir izmir akşamı :)) @ müziksev https://t.co/siy0h823lk;Positive
sinema keyfiii ...ceyda da var :) (at @spectrum_sinema in istanbul, türkiye w/ @fatihmehmetazak @eneskosenaz) https://t.co/47blo7gcod;Positive
@selimvurgun yorumlara en uygun cevabi verebilmek icin bunlari sakliyormusun usta :);Positive
gel benim zekası eksik yarim ben sensiz durur muyum sen beni bir çağır gönülden ben gelmez olur muyum :d;Positive
sabah dokuzdan beri ayakta olan ben,yorgunluktan ölen ,sabah erkenden ise gitçek olan yine ben ve yinede oje sürmeyi ihmal etmeyen ah ben:);Positive
bu çocuğu seviyorum beni güldürmesini biliyor :d http://t.co/evyznb9xev;Positive
o gelen sorular misafir gibi gelir cevaplarını alır giderler hocam :);Positive
ben geldim hosgeldim:) (@ cerveza in izmir) https://t.co/ypvunqv4uv;Positive
ateş semaver çay daha ne olsun:) (@ kırkpınar göl kenarı in sapanca) https://t.co/ujkrg0h9v5;Positive
@sarisiinn seni zate bizim bulundugumuz kategoriye koymuyorum :d;Positive
hadi felekten bir gece hobaaaa :) (@ zı-bar in tekirdağ, şarköy) https://t.co/j40gauhsb8;Positive
konya'da #türkkahvesi keyfi :) (@ henry jones brasserie - food - coffee in konya) https://t.co/74qxbhu5og;Positive
en sevdiğim :) (@ nisay halısaha spor okulu) https://t.co/avzgmbvssk;Positive
@berkksahinn61 deme öyle kardeşim patrick bırakmaz bizi adamın dibi o ya :);Positive
kocan kadar konuş :) (@ cinemapink in istanbul) https://t.co/riuo3vqmge;Positive
o zaman yolculuk baslasin :) (@ denizli tren garı in denizli) https://t.co/mbimuro5ge;Positive
bize destek olursanız cok seviniriz şimdiden teşekkurler :) @ muğla,kötekli https://t.co/zo2jqjcqgm;Positive
@cevdetaykan 7 dk ne ki millet 7 saniye ara vermeden arka arkaya yazıyor:));Positive
"kardeş yanı... ;) (@ parsifal in istanbul, türkiye w/ @ndogg_t) https://t.co/immfwqyo4k";Positive
ya ama anne bu saatte mantityla mi karşılanır insannn ¦¦ :d http://t.co/c3i2ujyjll;Positive
harca hiç korkma hastayım sana dermansızım , başkayım sana , sana arsızım :);Positive
bugün ben niye bu kadar rahatımm yaa hayat bana bitufull bilader :d;Positive
şalım, boyunluğum ve battaniyemle çok mutluyum?? (@ evim evim güzel evim.. :))) https://t.co/gjlrlmwwm3;Positive
bu çigköfte bir harika dostum :)) (@ komagene in istanbul) https://t.co/efbkxh4ijy;Positive
@berkksahinn61 ona saygımız var kardeşim severiz efes'i ama bizde seneye bomba gibi geliyoruz :);Positive
teyzoşumun doğum günüsü :) (@ limak ambassadore hotel in ankara, türkiye) https://t.co/e61s1xbi2y;Positive
@varosrealist avsvsggjfhjkgddhkhxxhk abv :) selam söyle, ellerinden öperim :);Positive
@pt_mirsadalkan vallahi benim de içimde öyle bir his var :))) hadi hayirlisi ??;Positive
"ilk defa ojelerimi biriyle isteyerek paylastim kiymetini bil asya ;))";Positive
ya ben yerim bu relyonsky ı ya :d sgshsja http://t.co/zgctpmyshu;Positive
oğuz savaş ve kızı nil :) dünya tatlısı #bizbiraileyiz http://t.co/kvjc7nebkd;Positive
"eee burası trakya ;) divaahmet @ cınarlı beylık restaurant https://t.co/wizgkcp65w";Positive
"geleceğine ilk inanamadım. sonra heyecandan ağladım. mutluluktan güldüm;) sen bir ankara dedin, biz burda 4 mevsim olduk:) @erkamaydar";Positive
kankamında tribi kimselerde yok ne var yani sevdiceğimle içmek istediysem cıx cıx cıx:)));Positive
bir de unutmadan hatırlatayım bürolarınızda nba için hava atışını kim alır bahisi varsa ulaşacağınız tek kişi :))@bencebirtips;Positive
mesai sonrası murat hocamla çorba :) (@ esat mutlu lokantası in ankara) https://t.co/rpzfpglklt;Positive
@omeratesh senden iyisini mi bulucaklar yaa kankiii :)))). ( hepsi daha iyisini buldu) ahahahhaah;Positive
çok bişey istemem ben sadece uçan balon alsan dünyanın en mutlu insanı olurum ki zaten :));Positive
benim için clash a başlayan sevgilim var daha ne isteyeyim sjdjhd :d;Positive
allaha şükür keyfimiz yerinde bugün :) @ vedat otel https://t.co/o1hovyrtpu;Positive
türkan şoray albümü geliyor. güzelliğin farkında mısınız? :));Positive
karadeniz de rakı böyle içilir :) guzine,mısır ekmeği,sakarca,kiraz tuzlaması ,horon ?????????? @… https://t.co/wfpylm7tkx;Positive
arkadaşımla kapıştık çocuklar gbi :)) iyi fark attım http://t.co/gjo1njxdci;Positive
bu ara reklamlara iyi sardım..mediamarkt:bakmadan almaaaamm/molfix:ee ee tay tay ay ay mo mo mo/turkcell:dümdük mü dedn, hee dümdük dedm :d;Positive
hayatımda herşey çok yolunda gidiyor la bu aralar :d tobe yarabbi bi tuhaf oldum bünye alışık değil :p isaalh bi cortluk cikmaz [<3 (t.s )];Positive
geleneksel bulusmamiz :)) #canlar #besties #bffs @ leman kafe kadıköy https://t.co/qt4lkwdibw;Positive
fasıl varmis dediler geldik :) (@ inci sitesi orta cafe w/ @selinderya4) https://t.co/zzs73xcnki;Positive
onur kardeşim gelmiş hoş gelmiş :)) @ barlar sokağı eskişehir https://t.co/psjkuds3gw;Positive
hava buz gibiyken havuzda sıcak suda yüzmek bi başka oluyo :))#sarot #termal #vadi;Positive
@berkksahinn61 fener grup lideri şu an kardeşim hatırlatmakta fayda var :);Positive
#tokatıseviyorumçünkü tohatlıyım yolların denize çıkmasa bile seni seviyorum tokat :);Positive
@mahsunsilinsin2 selahattin başkandan atak bekliyorum ben :));Positive
@yesildeniztrt1 düzenbazın tekiydi dersen hemen tanırım :):):);Positive
sen beni sinirlendirsen bende yatakta zıplar şarkı söylerim :d öyle bi deliyim :d;Positive
""" tatlı "" keyfinde muhabbet.;) (at @cafelocale istanbul in istanbul, türkiye) https://t.co/vbyqwzzazu";Positive
aslan yiğenim benim aferim ogluma:) @ rainbowl bowling https://t.co/4s1urbfaxj;Positive
şşş..! sakin oluyoruzz.. yalnızlığın tadını çıkartıyoruzz.. :)(: (@ kardeşler klübü :)(: in ankara, sincan) https://t.co/vmwc4tbaiy;Positive
ele inat :) (@ filicori zecchini in denizli, türkiye) https://t.co/takpdrdpuf;Positive
izlemediğim dizi yok reytingleri keske ben belirleseydim hiçbir dizi yayından kalkmazdı :d;Positive
"#selamolsunbahara diyen binlerce insan ; size de selam olsun :) ?¦";Positive
yanımda ki kadın bu nedir amed taşıma kapasitesine ulaştı diyor. :);Positive
tiyatro sonrası canlı müzik :) @ mavisu cafe bar restaurant / sığacık https://t.co/waz7satf97;Positive
renk degistiren ayakkabiyi yapmislar, keske baska bir sey isteseydim diye düsünmedim degil :d;Positive
güzel kızlar yarın çarşıya insin, prensiniz geldi. merhaba kızlar merhaba :) (@ uşak in uşak) http://t.co/8cwmesgz3m;Positive
ne kadar saklamaya calissada bu sedef tepeden tirnaga salt kalite . kemalcim dogru tercih tebrikler . iyi olan kazansin :);Positive
"gun batimina yakın süsen (iris) buldum. netleyemedim. yarın tekrar gideceğim ;) http://t.co/dtvdwvgkof";Positive
parti var dediler geldik :) @ zilli cafe&pub https://t.co/ewodganedi;Positive
dostlarla güzel bi'akşamın yarı finalindeyiz!:)) http://t.co/og6uk1y4id;Positive
hayırlı geceler olsun canlarım :)) (@ bağ evi in kayseri) https://t.co/ndrvwpqtvm;Positive
@senanurerdm bilimsel olursa film olmaz belgesel olur. siz belgesel izleyin en iyisi :) tıpçıları hiç sevmem bu arada :d;Positive
eylül karakteri sadece reklam yapmak ve mertle birlikte olmak için var :d #umutolsun;Positive
euroleague'de son 8'i garantiledik ama seni başkan yaptırmayacağız :));Positive
@cmylmz baba olmak ne guzel bisey demi. insan buyudunu cocugu olunca anlayiveriyo :);Positive
- buse gelmiş hoşgelmis :) #eskiler #dostlar #gene #beraberiz @ taksim gezi parkı galata kulesi https://t.co/o087fexhlk;Positive
"mutlu olmak icin hayata gulumse ;)) @rabisktkgs http://t.co/clvt5tlyph";Positive
@takmadisbardagi dusundum de galiba haklisin :) http://t.co/9p8rnmik30;Positive
bazen gülmez belki yüreğim ama sen olduğun sürece ben hep geleceğim çiçeğim :)) @aysensevgi3;Positive
@karatekin59 sırasıyla hepsi olur be aceleye gerek yok kardesim :);Positive
ne ? vizeler mi gelmiş ? tamam madem bizim yerimize de hosgeldin diyiverin :d http://t.co/dw3uhg9gsf;Positive
bu saatte babamı pardak mısır almaya yollamak en sevdigim :dddd;Positive
@aslinurozcakir @hyryokmss inşallah ne güzel hep beraber :)));Positive
"ayrı yerlere baksakta, dostluk konya yollarında güzel ;) :) @ konya yolu https://t.co/dv1mzumqrn";Positive
hafta sonu kaçamağı :) (@ manyas in balıkesir, türkiye) https://t.co/yucdeyrueu;Positive
"şühedayla beyza nasıl bi kalıp haline gelmişse hep aynı anda kullanılıyoruz bizde sıkıntı değil ; önümüze geleni bekleriz :)";Positive
@asyasrin al bi dal bir şeyin kalmaz :dd http://t.co/cswcfselhr;Positive
aynı ben yemin ederim :d iyiki doğdun :) http://t.co/bod5iumgim;Positive
evim gibisi yoook :) (@ sırmalı home) https://t.co/jivisygqg8;Positive
yine gülme vakti ....iyi yayinlar abimler :))))@doganoncel @eyupyildizz;Positive
4 efsun bi murat'ı izlemeye geldik :) @myildirimresmi @ezgimola @beyazshow http://t.co/ssk9mf3exd;Positive
11-12 halı saha candır :) (@ asya spor merkezi in bursa) https://t.co/pgsa7lhnls;Positive
"“@nedediyseko: ""kitap gibi kadın"" derler ama bilmiyorlar mı ki erkekler okumayı sevmez yazmayı severler... ;)”";Positive
keyifli bir izmir akşamı :)) @ müziksev https://t.co/wyosrgh81x;Positive
miki aska geldi yala :))) (@ 7. cadde in ankara, türkiye) https://t.co/z4vxcllwtx;Positive
@esstrkmnglu @burcucanitezz 8şte mutluluklarıda üzüntüyüze hep beraber yaşadık bu bozulmadı sizi seviyorum. bugün benim doğum günüm :)));Positive
kar yağmış kime ne, müzikler güzel size ne, içelim bize ne? :) (at @9gastropub in eskişehir, eskisehir) https://t.co/yb7dgaptle;Positive
sevdigim'den aksam sürprizi:) (@ atakum sahil in samsun, türkiye w/ @hkn_tevetoglu) https://t.co/yhyupvxrho http://t.co/a3fjp2qio1;Positive
vize sinavlarim bittii ve ben yeniden yeni kitabimla basliyorum kitap okumaya :)) http://t.co/qguhscittq;Positive
#sdüsağlıkçılarıacıbademzirvesinde istanbul'u fethetmeye geliyoruz :) #sağlıkyönetimi;Positive
"gece biter ve yarın görüşmek üzere mutlu haftasonların;)) ?????O??????????? @ chef döner city's https://t.co/fizydwdjx3";Positive
"orjinal olalım lütfen o meleğimle bana ait ;) @calarraysegul @gedikkelif";Positive
"4 aylık yeni bir ev arkadasimiz var. . ilk geceden cok iyi anlaştık. .. hatta aşk yaşıyoruz ;)… https://t.co/3axvinxwek";Positive
hayatta yapmaz dedikleri herşeyi yapar olmuş hayırlı işler :);Positive
@burcucanitezz @esstrkmnglu biz kutlamalara bugün basliyoruz :);Positive
"bir gülüşümüz var; gücü yeten gelsin alsın :) http://t.co/y2mm9itaoj";Positive
keyifler yerinde sıkınti yook :) @ galata çaycısı buca https://t.co/62manxiet4;Positive
bir bakmışsın tüm istediklerin hayatında, sevdiklerinin hepsi yanında :);Positive
"enes @kaangediiik yusuf adana yolculuğu başlasın ;) (@ beyşehir çevreyolu) https://t.co/uenjxqjplq http://t.co/o6ryng9see";Positive
ama hadi yine iyisiniz daha fazla atar yapamicak kadar mutluyum hayvan gibi tokum :):):);Positive
asker eylencesinden sonrada teyzeme :) (@ toki yenimahalle in balikesir) https://t.co/7dr4trrrzs;Positive
kutsal topraklara geldik :) sira karnimizi doyurmadaaa :)) #kırıkkalegezisi @ozlem_naz_urkme;Positive
bi oğlum bide sınırsız bomontilerim olsun yeter , gerisi sen düşün :) @ gizli mahmutlar terası https://t.co/ypdjova25j;Positive
"tv karşısında ben :) yaz lütfen çabuk gel ;( http://t.co/sibd8a6xau";Positive
eniştecimle aksam aksam delirmeler:)))) http://t.co/ztmrxzo9vg;Positive
eğitimlere bi çay molası vermeye geldik :) (@ online pizza) https://t.co/p4y3f0gvtv;Positive
selam olsun atillaya metehana yavuza kanuniye abdulhamite (bunlari unutmuslar :))selam olsun bahara: https://t.co/d5eecsk9cd;Positive
müftücüğüm beni tebrik ederkene :dd @ gebze osman hamdi bey kültür merkezi https://t.co/sgi4qsjb9y;Positive
üç kırmızışör :) ayarlasak ancak bu kadar olur :) iki güzel insan ve mis gibi huzur kokusu¦ @ inciraltı https://t.co/a9vn15zs5h;Positive
geldi cattı direksiyon sınavı yarın hayırlısıyla geçicez :) ve ehliyetimiz elimizde olcak :);Positive
@kardanbayann seni çook seviyorum nice mutlu yıllara birtanem iyiki varsın hep bizimle kal sevgilim :);Positive
gönlümüzün birincisi eyüp yıldız :))) abilerime saygılar...@doganoncel @eyupyildizz http://t.co/vch9g0medz;Positive
"@mnlzcan yapçak bişey yok kuzummmm böyle devam sıkıntı olmıycak ;))";Positive
kisa bir hava değişimi :) (@ fevzi çakmak mahallesi in istanbul) https://t.co/mqfz2wxrqs;Positive
sevgilimle güzel bir akşam :) @gokceakdeniz http://t.co/khpbvdaoqv;Positive
yerimizde duramıyoruz :) nazlıcan (@ leman kültür in izmir) https://t.co/i2ylxvbpkj;Positive
bu sabah ki rüyanın aynisindan gorebilir miyim ? rica ediyorum :));Positive
huzura kavuştuk :) (@ sevket yarar aparti w/ @serkan_efem) https://t.co/foplo3i3td;Positive
ozan var dediler geldik :) (@ sunset club w/ @ardacalikoglu @nicrub @mmehmetpala) https://t.co/gv1k2l7dqk http://t.co/hkz8f7zoev;Positive
la rüyada kafamdan silahla vuruluyorum anlamı sırılsıklam aşık olmaya delalet ediyor nasılda iyimser insanlar yazanlar :);Positive
gece baslar bekleriz :) (@ escape pub & club - @escapeankara in ankara, türkiye w/ @m_enes1905 @yakupvadi) https://t.co/wlkwneoilf;Positive
öyle bir yatıyorum ki yatağın soğuk tarafı diye bi şey yok :d;Positive
aşkım gelmiş hosgeldin :)) @ denizli lisesi https://t.co/xy9qwxomcw;Positive
@tansuu123 ipsala da yapabileceğiniz en güzel faaliyet gece gündüz flash tv izlemek :) ??????O??? http://t.co/9u4bsiboqv;Positive
mezuniyet baloma kavalye olarak seni seciyorum pikacuuu :dddd @batuhan0738;Positive
evi ev yapan ailedir böyle bir aileye sahip olduğum için çok şanslıyım :))) holey keyfim yerinde bu gece. https://t.co/4d5pv0c61d;Positive
kardeşimin doğum günü iyiki doğdun kardeşim :) http://t.co/lg28r8p3ub;Positive
birileri gelen tebrikleri kabuk ediyor, ve ben gene selfie pesinde:)?? @ kuruçeşme marina https://t.co/dejchreuwt;Positive
istanbul havası almaya geldik :) (@ istanbul atatürk airport (ist) - @tavairports in istanbul, istanbul) https://t.co/mkuw5hz8s5;Positive
ortaokuldan sınıf arkadaslarım ile sakarya nehri kıyısında baluk ziyafeti :) @ sakarya nehri… https://t.co/wloulgqaqh;Positive
komsumda huzurlu bir aksam yemegi:)@elfgdkli @mmerveee @gtchef @ gürkan şef steak house https://t.co/tkooxoxyv5;Positive
kim demis yalniziz diye ? :) @ zebra home perde tasarım https://t.co/ypgp1oequz;Positive
samsun çok özledigini biliyorum geliyorum :) (@ amasya otogarı in amasya, boğazköy) https://t.co/qhngdohvuk;Positive
sobanın üzerinde çıtır çıtır ekmek kızartması .. yeme de yanında yat :) patates de atarız, kestane de… https://t.co/0lhj2ebpxv;Positive
sevgi aplasiyla rakılı türkü gecesi :) (@ heybeli cafe & bar in nevsehir) https://t.co/yzzb47qazj;Positive
@kkkfilm @myildirimresmi kocan kadar konuş bugün bursa'da salonumuz full izledik süperdi emeğinize sağlık başarılar :));Positive
helal olsun aşk olsun#duman gelir de gidilmez mi :) @ salon edirne https://t.co/hxjj1angzc;Positive
@altan_tugce @nihanbasaran hepimizi kursuna dizerler bosversene seviyom siziii :);Positive
her ortamda bir tanıdık. :dbakıyorlar burdada evelallah.keyif bahçesinde keyifler yerinde ??;Positive
biz kardeş dediğimiz insan için ölmeyede giderizz gömmeyede:) http://t.co/ow4kpi0afe;Positive
gecen yıl bu zamanlar:bende ozledim pazartesi toffifee yle gelcem :) http://t.co/4xfn6v6pd9;Positive
bu saatte alsancak ta takılmak gibisi yok :dsd @yessilovaliii;Positive
sınavdan önce allahın gözüne girmeye çalışmak :d http://t.co/xewra8eaez;Positive
cadirkentden merhabalar :) $:228 @ hakkari cukurca kavusak ana ust bolgesi https://t.co/to0dhd5lh3;Positive
cuma günü güneş tutulmasi var die herkesin basının etini yedim kendim izleyemedim işlerim bu kadar yolunda yani :);Positive
bekarlık sultanlıktır dedikleri bu oluyo sanırım :)) iyi iyi...;Positive
muhammet abimizi askere gönderiyoruz :) (@ izmit otogar) https://t.co/yyhq3y4lnt;Positive
@ataknsinanoglu tamam kardo mesale kopegin olsun senin @1907bunyamin2 alir gideriz :d;Positive
@mftuna @temurah yaşayan bilir üstadım:) unutulmaz anlar doldurduk ceplerimize:);Positive
insanın böyle komşusu olunca bambaşka ahahhaha atarim dedim :d http://t.co/1ih7opxfyn;Positive
evet şimdi hediyelerimle sabaha kadar dans etme vakti geldi :) umrumda değil komşularım :)));Positive
dizi gibi bi hayatım olduğundan mütevellit dizi izlemeye gerek duymuyorum :)));Positive
seviyosan git bilek güreşi yap. hem elini tutmuş olursun :d:d;Positive
"bu gece düşlerim dehşetli güzel ;) (@ 12.bolge seyir tepe in düzce) https://t.co/hl7lhifvmg";Positive
projeleri teslim etmenin huzuru ayrı bir de gecemize bambaşka güzellik katan şu manzaranın keyfi ise tarifsiz:) http://t.co/ejz4kbsukn;Positive
selfie olmadan çekim biter mi hiç :) #repost fotografevim with repostapp.°···°bugünkü çekimimizden… https://t.co/ef9uz55xtx;Positive
"ve sonra aynaya baktım dedim ki;sen ne tatlı seysin. bırak seni uzenler zıkkımın kökünü yesin :))";Positive
@ebruzar hele gökyüzünün seyri doyumsuz,bu yıl ben de oğlumun terasında süreceğim keyfini..:));Positive
birazdan elemeleri kazanmayi kutlamaya akarim. :) (@ millwall english pub in istanbul, türkiye) https://t.co/krirqzsfee;Positive
nice sarı kırmızı yıllara ablaların en maskotu, iyi ki varsın :) @ gönül kahvesi https://t.co/qlwghifpsr;Positive
kar, yağmur derken çok şükür geldim :) (@ bursa şehirlerarası otobüs terminali in bursa, türkiye) https://t.co/ykpfifh6fj;Positive
ofisin en yeni ve daimi üyesi hoş geldin :) (@ projekod yazılım | bol proje bol kod) http://t.co/ztg8drjazg http://t.co/wcxmh3onmb;Positive
bir tavuğun iki kanadı olmaya geldik :d :d semih mustafa (@ antepli mehmet usta) https://t.co/vxluqxu8dt;Positive
dogum gunun kutlu olsun dayıı :) bahar.ibrahim @ bursa benzin cafe https://t.co/zb02lbuwyx;Positive
"yenilsek dahi biz yine sampiyonuz bundan daha ötesi yok biz hep varız yinede ""kartalimiz"" havada gökte havalancak :))";Positive
cübbeli hocamı sevenler gelsin :)onu sevmeyen beni zaten sevmez severse ağzını kırarım#müslümangençlertakip http://t.co/d8dph1qrbc;Positive
"ağasıda biziz paşasıda ;) @ çamlık, denizli https://t.co/cyzxjalzei";Positive
bunlar hep alkolden kaçmak için:) (@ özdilek - @ozdilekavm in eskişehir, eskisehir) https://t.co/nnl8bfn3ig;Positive
evet 7. ayımızıda mukemmel bir sekilde gecirmis bulunmaktayız :);Positive
"şimdi otobüste uyuyakalsam tiflise kadar giderim. fena mi olur farklı bir ülke görmüş olurum otobüs dönüşte bırakır beni rizede ;)))";Positive
@dincerguner tutulmaya ayıp olmasın dedik :) http://t.co/wy7w9iykrz;Positive
çiğköfte iyi geldi :) (@ komagene in istanbul) https://t.co/0rwq0g1k3p;Positive
iyi gunde kotu gunde :) (@ kebapçı @uzunlarkebapci in istanbul, pendik w/ @burakelbasoglu) https://t.co/k6fserfu5i;Positive
arkadaşlıklar herzaman sonsuzdur :) @meltemtas24 http://t.co/xzc2xyufyg;Positive
bu mevsim sen kokar ya sen kokar yaa :) https://t.co/g1q1itjpzw;Positive
ayaklı trafo gibiyim bu ne ya.evde neye dokunsam elektrik çarpıyor :);Positive
rakinin yanina koydugun portakalin kabugu ile kek yapan kisiye tabikide anne denir :d;Positive
"ammann unut her şeyi amman salla dertlerii amman nasıl olursa yenii bir gün doğacaak bak görr senn;)";Positive
"seninle içilen şarap helaldir,sensiz içtiğim su bile haram. ;)";Positive
sevgilim saçlarımı kestikten sonra son makas darbeleriyle mükemmellestiriyor :d https://t.co/xgnjp6ozlc http://t.co/pydafpiod2;Positive
abi doğum günün kutlu olsun nice güzel hayırlı yıllara :) @mehmetizmrloglu;Positive
enerjimi resmen senden alıyorum hatta severken boğarak öldüresim geliyor ::dpdpdppd http://t.co/s8amvyafmo;Positive
insanları güldürmek vazifemizdir canım hayatta en sevdigim şey :d;Positive
sınavlardan sonra alışveriş zamanı gghjj şimdiden kendimi nasıl ödüllendiriceğimin planını yapıyorum :);Positive
"“@sipsevdi: aşk; onu 'hatunum' diyerek sevmektir.” @dilarayildirann :))";Positive
yine mi güzeliz yine mi avatar :d @ barlar sokağı eskişehir 10line barda https://t.co/wln0lfnfcb;Positive
@iettdestek bilgilendirme için teşekkürler. keşke hat amirliğiniz de bu kadar açıklayıcı olsa:);Positive
yigenimi askere ugurlarken allah tez zamanda elimize getirsin sağ salim :) http://t.co/kwfdycx7fk;Positive
bugün dünyanın en güzel fakat ne olduğunu tam anlayamadığım kuru pastaya benzeyen kalp seklindeki şeyini yedm.içinde inşallah sevgi vardr :);Positive
@_bomonti akşamı güzelleştiren bomonti oldu,öncesinde kızgınlık vardı :));Positive
çiçekler olsun duvarlarında en köhne yerlere bile gider yakarım sigaramı :) @ rumeli bistro https://t.co/holj6wv05x;Positive
@aysegululubaba aynen bebegm kutsal topraklara giriş yaptım, valla girişi humusla yaptım :);Positive
sen kokan hırkalar istiyodum allah bir değil iki tane birden verdi nasıl bi mutluluk bu :);Positive
midye üstü çiğ köfte iyi gider :) (@ battalbey cankuslar in soma manisa) https://t.co/5o5gqizzbv;Positive
sonra babası yanında sigara icince kokusuyla yetinenler var ban ban ekmek ban kokuyaa :));Positive
gerçkleşmediği için üzüldüğüm bi dileğim vardı bugün gerçekleşmeme sebebini anlayınca şükrettim demkki nemiş her şerde bi hayır varmış :);Positive
"senin sayende bugün bomba gibiyim ömür ;) masallah diyekte göz değmesin :d http://t.co/qlrqnqyryv";Positive
@mrvkrcck eveeet hemde çok güzel yağıyooorr mis gibiiiiii hava bir aydınlıkkk :) ????;Positive
selam olsun bahara, yeniden dirilişe, yeniden yükselişe http://t.co/hpyttztavd süper bir video :);Positive
güzel insanlarla güzel sohbetler :) @ istanbul aydın üniversitesi https://t.co/nysvbwp1ib;Positive
selçuk aydemir mahalleden arkadaşlar. bir kaç sayfasında katıla katıla,göbeğim sallana sallana güldüm,çok ses çıkarmadan,tavsiye ederim :);Positive
antremandan sonra beyti keyfii :d (@ aspava pide ve kebap salonu) https://t.co/mffqpllpce;Positive
gülüşün özlemişim bende gülmeyi özlemişim :)) http://t.co/7csonchudv;Positive
beste'miz geliyorr :) yaşlandım artık sefa amca oldum :)) (@ avicenna umut hastanesi) https://t.co/qebg9wgfr2;Positive
"açılış tüm hızıyla devam ediyooor ;) (@ 232 alsancak in izmir) https://t.co/nmpsx8shgs";Positive
ne kadar da keyifli bir aksam oldu böyle :) (@ maltepe in istanbul, türkiye) https://t.co/49gbpykhkz;Positive
en büyük asker bizim asker :) (at @metroturizm samandıra tesisleri in istanbul) https://t.co/4mpokku0lc;Positive
bir cuma aksami,minnosum ve derin mevzular :) ?? @ bağdat cad. https://t.co/pfdkl6xjrr;Positive
@uykuistiyorum @kadircevik15 yazın olur bi şekilde hava da sıcak ohh :-d sonra şişenin biri gider biri gelir :);Positive
@metin_gnl123 teşekkür ederim güzel akşamlar seninle olsun:));Positive
dolabima suprizli yumurta yumurtlamislar :) @melihayaz http://t.co/hiv3expvna;Positive
@nyg_ abi hayırlı olsun allah kaza bela vermesin :)) kaca aldın lol http://t.co/rwkjoe8gb8;Positive
ulan babamin kitapligina bi el atim dedim okumaya kalksam parti kurar iktidar olurum yeminle :d;Positive
gün güzel başladı güzel bitiyor :) @fatihyagciresmi @osmanyeken @onlinefikir http://t.co/mwzacwes0h;Positive
"insanlar için en güzel hediye, hiç bir masrafa ihtiyaç göstermeyen tatlı bir gülümseme ;)";Positive
