review;score
Kalite ortada #turkcellfestival;Positive
Karnım aç ama yemek yiyemiyorum saat geç olduğu için. Şişmanlık çok acı bi durum;Negative
Biraz vicdan, Biraz bahar, Biraz yağmur, Birkaç kitap, Az geçmiş, Biraz hayal, Çokça umut, Herkese iyi gelir…;Positive
#parasineyseverelimde şu turkcell günlük 167 sms yapmaktan vazgeçsin;Negative
Yine saçma sapan bir gece...;Negative
Bazı insanların varlığı bile mutluluk sebebi.;Positive
RT @Arslan_Cakr: Mutluluk haram bize .;Negative
#turkcell #vodafone #avea Turkcell Gold Plus Paketine Alternatif arıyorum arkadaşlar. Lütfen yardımcı olun :) #Turkcell 'den bıktım.;Negative
#turkcell seni Allah'a havale ediyorum.;Negative
RT @apolayzer: ULAN GECE GECE KAHKAHA ATTIM AQ SAJFHAKHGAKJFHAKJG http://t.co/R3ve2lmhAO;Positive
#hayattansogutanseyler uykunun en guzel yerinde Turkcell'den mesaj gelmesi.;Negative
Bahar nezlesi kış nezlesi amk nezlesi. Bi git benden;Negative
Bu gece depresyondan değil heyecan ve mutluluktan uyuyamıyorum💃🏼💃🏼;Positive
Yine uykusuz uzun bir gece;Negative
Sanırım turkcell benden hoşlanıyor.. Sıradışı mesajlarr , kampanyalarr , hediye dakikalarr , fırsatlarrr . Hep bi güzellik yapma derdinde :D;Positive
Mutluluk haram bize .;Negative
Ben galiba bahar depresyonuna girdim ya. Ya daha bahara gireli 20 Dakka oldu depresyonuna girecek vakti nasıl buldum ki?!;Negative
la ne gudubet bir hafta;Negative
Gece gece bari bu kadar reklam koymayın be;Positive
Çalış. Çünkü sen öğrencisin. Çünkü duyguların yok. Robotsun çünkü. Hayatının baharında sadece derslerine çalış. Aşık olma. Gezme. Dolaşma.;Negative
Ben ki her nisan bir yaş daha genç Her bahar biraz daha aşığım ☺ Kadir http://t.co/zf9eRHyq84;Positive
RT @ogzatbs: Bazı insanların varlığı bile mutluluk sebebi.;Positive
RT @TYAKISTIRAN: Zara nın sesi kadar orkestra da muhteşem dinlemeye doyamıyoruz @zaramuzik ve muhteşem orkestra çok teşekkürler bu güzel ge…;Positive
RT @SevdikBeKardes: Bak yine gece oldu karanlıkta kaldık özledik.;Negative
3 gün sonra sms paketim bitiyormuş,zaten turkcell mesaj atıp söylemese sms paketimin olduğunu unutmuştum yalnızım lan;Negative
ben artık eve bu saatte gelip akşam yemeğini bu saatte yemek istemiyorum ya bu nassssıl düzensiz bi hayattır..;Negative
gerçekten cok tsk ederim 2 gündür hattımı kullanamadıgım için,sistemlerinizin.neyse kötü oldugunu söyliyim yeter;Negative
RT @Politikanaliz: Erasmusçu arkadaşıma Türkiye^de halklar diye bir etnisitenin olmadığnı anlatmaktan gına geldi. Siz ne güzel yaşıyor Türk…;Negative
Tek huzur kaynağım :) Çiko 😃 http://t.co/j80XJfU0sc;Positive
@MissCylan ya salak gece gece karnıma ağrı girdi gülmekten :D;Positive
hayat paylaşınca güzel ve bu dünyada sizlr gibi değerli insanların olması kadar güzel bir şey yok (:;Positive
#superonline cilar beni dinlemeyip yine o anlasmali sitelerden test yaptilar. Sonuc husran! 20 olmasi gereken hiz zor bela 8 cikti.;Negative
#turkcell koca #baskentuniversitesi kampusunde hala edge takilioruz... Yakismadi bu sana;Negative
keyfimiz huzurumuz yerinde @ Korikos Tatil Sitesi, Limonlu, Mersin https://t.co/lr4GPYCe84;Positive
Bahar değil, âdeta bir yaz günü.. (@ Mavi Yelken in İstanbul) https://t.co/clIwGyEg4U;Positive
Nikon D5000 ile bağlan hayata.. 70-300 ile uzakları yakınlaştır.. :);Positive
yaa beyaz showla, işte benim stilim arasında zap yapıyorum şu an. Arkadaşlar yalnız bu bildiğin mutluluk, bildiğin huzuur🙌;Positive
yaz elsin tatil yapayım istiyorumm artıkk puff;Negative
Bir günde 3 sınav beynim yandı üstüne ezber anladık TEOG var da böyle iskence yapilmaz ki;Negative
Gece dinlenen müzik başkadır;Positive
''Umut bitti! Mutluluk demir sandıkta kitli.'';Negative
:D Turkcell ile saygı çerçevesinde ve çok düzeyli bir dostluğumuz var bana yapamazlar öyle bişey :D;Positive
Nedir bu benim her gece çektiğim aynı eziyet ??;Negative
#superonline ekip yollamis.Hizima carrima curruma bakiyor.Yaptigi ilk sey hiz testi yapilan web siteleri. O site sonuclarini kabuletmem dedim;Negative
Underworld üçe gittim . Serinin en iyisi olmuş.;Positive
Gece gece duygulandırdın anne 😞😂 http://t.co/5PUkIMUyGO;Positive
Bi uyarsaydın hani turkcell! :s;Negative
3G de herzaman heryerde hep problem var sevgili;Negative
yarın bardakta meyveli çikolatalı şeyden yicem dondurma yerine canınız çeksin gece gece oh çok güzel oluyo o bide;Positive
Hayallerim, yeryüzüne yansımış hilal ve yıldız ile baskına uğrar her gece.;Positive
Ya ben senin her gece aynı saatte kesilen elektriğini sikiyim #batman;Negative
İnovasyonda büyük ödül Turkcell'in;Positive
şikayet kaydı açtırıyorum 48 saat arayan arkadaş 30 saniyede işlemimi yapıyor.yine aynı şey oldu 48 saat daha..;Negative
Kanka ben Vodafone a geçicem Turkcell cok kazık gel beraber geceliim :);Negative
Baharı cok seviyorumm 🌞 https://t.co/v9nnVuOtyz;Positive
Mutluluk yanıma uğramaz oldu.;Negative
Gece tatlı bir hüzün gecesi #MüzeyyenSenar havasında #kanun notasi tadında. .;Positive
ev de tek olmak kadar güzel bir şey yok .s;Positive
Istanbul'a kavuştu bahar. Ne de güzel yakıştılar http://t.co/SXiNoueZrM;Positive
Her gece bir ölçek kürk mantolu madonnanız varsa alırım. https://t.co/sHk1hiklNY;Positive
#hayattansogutanseyler onemli bir mesaj beklerken gelen msjin turkcell den olma kafasi.;Negative
Mutluluk bile acı veriyor, cünkü sonu var biliyorum.;Negative
bu zehniyyətlə yetişdirilən insanların vəzifəsi soruşmaq deyil,cavab vermkədir.tək bir doğrunun olduğu cəmiyyətdə sorğu keçirmək labüddür?;Negative
RT @birkizinhuznu: Ben her gece ağlaya ağlaya sana kızarak uyudum. Ve her sabaha seni en başından severek uyandım. Bu canımı nasıl yakıyor …;Negative
Yemin ediyorum bu kirpi gerizekalı. Her gece sensörü yakıp, sensörden korkup kaçıyor. Psikopat hayvan.;Negative
RT @FatmaSahin: Botanik Bahçesinde Bahar Şenliğimizin açılışından:));Positive
Yine iğrenç bir gece daha ulan;Negative
muhteşem bir oyunculuk sergilemiş ikiside levent üzümcünün zihinsel engelli bir kişiyi bu kadar başarılı oynayabileceğini düşünmezdim;Positive
4 çeker 5 çeker hikayeeeeee en az 4-5 kez cagrı merkezine telefon acmama rağmen TRABZON'da şehir merkezinde telefon cekmiyor;Negative
#turkcell i ariyorum beni yanlis bilgilendirdiniz sikayet etmek istiyorum diyorum musteri temsilcisi mealesef diyor yok boyle bisey;Negative
Lavantanın mevsimindeyiz. Kokusu muhteşem. #flower #landscape #istanbul #mor #purple #lavanta #bahar… https://t.co/b3OIJzbVV7;Positive
Önüne GeLene Unuturum Demek KoLay !!.. -Sana Bişe Söleyim mi ? Karşına Geçsem , Unuttunmu.. ? Desem.. -Ruhun donar SeLoCAn;Negative
RT @cizgifilmasigi: Hiç bisey sikimde degil bu gece;Negative
#Turkcell Superonline bir milyon evin kapisina fiber internet goturdu bizde niye yok bize niye getirmiyorlar;Negative
Kontörlü hattayken gizlice tırtıkladığın kontörlerimi unutmuyorum türkcell;Negative
Gündüz geçiyor bir şekilde, çareye ihtiyacı olan gece.;Negative
RT @ld_venus: Sen içindeki baharı yaşa bensiz,ben içimdeki kışını yaşarım sessiz sedasız... http://t.co/5eS2ngNlum;Negative
kıza tiyatroya gidelim madem bigün devlet tiyatroları ucuz diorum aaaa gnctrkcll yok mu orda da diyo! ne düşünüosun bu konuda?;Negative
Uyku haram bu gece 😞;Negative
Dün dayanamadım yine gittim filme yine ilk kez izlemişim gibi çok etkilendim.;Positive
Hayatımda değişik kararlar verildi bu gece.pazartesi itibari ile once kurtulmam gereken bir illet var onun icin ilk seans başlıyor.;Positive
gece gece yemek fotosu atanlar kaşardır aksini idda eden orspu 😒;Negative
Bir mutluluk var ki gülüşüyle verdiği , sanırsın Tarsus il olmuş.;Positive
Bilmediğim acayip turkcell numarası şu kontorsuz ve dar zamanlarımda mesajlarınla bana destek olduğun ve yalnız bırakmadığın için teşkürler.;Positive
Gece gece mübaregide anmış olduk #BeyazShow @dembabafoot :)) http://t.co/syGdSH4inx;Positive
RT @babadiyorki: Çok mu ayıp hala mutluluk istemek;Negative
Ne zaman mutlu olsak biri geliyo mutluluk gidiyor amınakoyim;Negative
#SedefeÇözümDrİlteberBahadır Ölüsü olan bir gün ağlar, delisi olan her gün ağlar.;Negative
MemLeketimin güzeL İnsanLarı;Positive
RT @SrlKoprulu: Herhangi bir batı ülkesinde olsa PKK bir günde tuzla buz edilirdi. ABD'de olsa PKK, bir iki saat içinde ciyaklayan hale get…;Negative
RT @kuscubesref: Bu Cumartesi Paralel Örgüt'ün Yargı Yapılanması için çok uzun bir gün olacak.;Negative
#turkcell wc'deki çekim gücünle beni ergene bağlatacaksın yani bunu diyorum benden kork.;Negative
Zorla geldiğim bir basketbol maçı daha😂 (@ Dumlupınar Spor Salonu in Kütahya w/ @nuuuuuuuuur @resultetik43) https://t.co/FSgoHrdhWK;Negative
gerçeği görmek çoğu zaman zordur para verip sinemaya gidip gerçeği görmeye herkes katlanamaz. katlanamayanları yorumlarından zaten anlıyoruz;Negative
+Turksel beni sesimden tanır.-anlamadık lutfen yenıden deneyın +turksel benı sesımd.. benim ben döl ziyanı tanımadın mıaa (turk kızı merve);Negative
öğlen attığım mesajlar şimdi iletiliyor.oha turkcell;Negative
Sokaklarda bahar havası, her 4 kişiden 2sinde deri ceket modası soğuttunuz deri ceketten;Negative
busrasiz sabahlayacagim ilk gece 😒;Negative
fiyat acisindan gayet iyiler. Bende 1000 dakika avea ici ayni paket.+ 120 dk her yone.;Positive
yok bu kadar reklama göre uydu hızında sanırsın;Negative
RT @ZekiDemirkubuz: Bu ülkeye ve bu hayata dair hiçbir şeyin, hiçbir zaman benim dilediğim gibi olmayacağını biliyor, artık bundan acı duym…;Negative
Bence film çok hoştu ne bekleyerek gidiyor beğenmeyenler anlamadım.;Positive
Mutluluk sebebim diyebilirim.;Positive
@SeriSrife : #MutluluğunTekFormulü ölüm uykusuna yatmak?;Negative
@ebruvurhan bu da benim en anlamlı fotoğrafım, bu dünya hep onlara mutluluk getirsin :))) http://t.co/MUdWQ0dDTj;Positive
#Sans yazin Turkcell'e gonderin, sonra faturanizda gorursunuz ne kadar sansli oldugunuzu.. Ben cok sansliymisim ama coooookk!;Negative
Sabah okul var sanıp sonra olmadığını farketmek mutluluk sebebi resmen;Positive
kesinlikle pişman olmazsın.Denemeye değer );Positive
#turkcell Turkcell çekmiyor arkadaş kim ne derse desin, ' Duyuyor musun? ' ' Alo? ' ' Pardon telefon kesildi ' hep aynı;Negative
@kahramanpolice 🐱🐱🐱 ilahi merve gece gece gulumsettin beni;Positive
Geceme huzur veren sen olduktan sonra varsın gündüzler savaş alanı olsun.;Positive
Abla gece gece neden uyuma diye uyanduruyosun ki -.-;Negative
öyle ama avea igrenc ya. Bi kere arkadaslarim turkcelli 10.000 sms fln var.;Negative
gördüğm en hızlı turksel müşteri temsilcisisin asıl ben teşekkür ederim :)));Positive
millet gece sevgilisini arar ben yatakta kaybolan telefonumu arıyorum bakın bu dramdır;Negative
RT @HilmiCemSeverr: DestegimizSeninle HilmiCemİntepe;Positive
superonline cok iyi;Positive
0 facebook kapanıyo sms 14 tl smsi olmayanlar facebooktan mesaj atamıcağı için sms yapmak zorunda olduğumuzu düşünmüştür kesin o.ç türksel;Negative
Büyük ödül Turkcell Teknoloji'ye;Positive
Ne kadar güzel sohbet ediyoruz gece gece http://t.co/99AyV9F4Yu;Positive
bir başkadır bahar akşamında çay keyfi..;Positive
Açılışı yaptık ! Emeği geçen herkese teşekkür ediyor, tiyatro dolu, mutluluk dolu bir festival diliyoruz ! :) http://t.co/gaV21mhcGE;Positive
3G problemleri icin nereye basvurabiliriz? Kayseri/Talas Erciyes Unv. Civarı 5 gündür edge. Turkcell bile çekiyor yahu :) help..;Negative
0532 li bir numaradan aramanın nedeni ne Turkcell? o kadar öksürüp sesimi açmıştım. cani!;Negative
RT @onderseren: Bir insan niye günde 700 kere kendi fotosunu çekip buralara atar. Surat aynı surat bi sürpriz yok. Elimde büyüyor resmen.;Negative
Bugunde onunlaydim hergun daha bi mutluluk olusuyo icimde;Positive
evet ben de vodofon vın kullandım için internet uygun ama hat olarak turkcel daha iyisi bence;Positive
faturalı hattı mı konturluye çevirdim. Extradan 2 ay sonra fatura geldi onuda ödediğim yine fatura geldi Kapitalizm=Turkcelll;Negative
hayat cimcoma koyunca güzel paylaşınca fln değil ahahaha:D;Positive
D&R'a gel, kitaplığına bahar gelsin. #bahar #indirimi https://t.co/wHSqaPdA39;Positive
RT @oz_zekeriya: Ailenin mutluluk ve dirayeti takdire şayan. Kahrında hoş lütfunda hoş der gibiler. Allah bahtını açık etsin. http://t.co/O…;Positive
tikky kızlar için mimiksiz selfie çekip altına 'Bahar geldiğinde mi ben böyle olurum yoksa böyle olduğumda mi gelir bahar' yazma vakti.;Negative
bu filmin dramı çok güzeldi yeri geldiğinde güldürüp yeri geldiğinde üzünlendiren güzel bir yapım;Positive
Numaranı Turkcell'e taşımanın tam zamanı! 20 TL yükle aylık her yöne 250 dakika bedava konuşma kazaniyorsun :) duyduk duymadik demeyin :D;Positive
50tl yakıt alıyoruz 50dakika kazanmak için şifre yolluyoruz. Sonra mesaj geliyor arama yapıyoruz kontör gidiyor nerde kazanılan dk;Negative
3-4 gün önce kontör yükledim turkcell ogünden beri 25tane mesaj attı !!!!111!!1!1!!!!;Negative
Kardeşle muhabbet #gece #cuma #sohbet #kardeş #yusuf 👍;Positive
en iyisi ben yarın turkcell e gidiyim =);Positive
#turkcell 32.000.000 adamı memnun etmek kolay değil biliyorum ama, şu bizim Yaşamkent'teki baz istasyonlarını bi halletseniz şık olmaz mı?;Negative
RT @kemalsimsek: Halen Silivri cezaevinde tutuklu bulunan Selman Yuyucu'nun bir kızı Dünya'ya gelmiştir. Allah ana-babalı büyütsün inş.;Positive
@fatihportakal #yetmiyor yazmak #yetmiyor ne yapalım biz http://t.co/1vHQ2sWYou;Negative
RT @krtklc: #ütopya murat:gece taksicilik yapiodum bi sarhos bindi arabaya dolandirdim durdum bi topar parasini aldim o gece👎;Negative
CemreBurak Ağız şapırdatarak yemek yiyenlerin ağzına kaşık sokasım geliyor.;Negative
yıllardır seni severek kullanıyorum bana bi 50tl kıyak geçsene ya;Positive
İstanbul'da lale zamanı 🌷 #bahar #lale #gulhane #istanbul #tulips #flowers #spring #colorful @… https://t.co/pjCTckaonS;Positive
sinir krizi geçirmek için güzel bi gece;Negative
RT @kalpsizkelebek: Ve sen çocuk, adam olmanın nasıl bir duygu hissettirdiğini asla öğrenemeyeceksin.;Negative
kalan sms:1980 bitiş tarihi:8ocak - OÇ SUN TURKCELL;Negative
çok iyi tşk.turkcell;Positive
Yine gece oldu yine kaldık yalnız başımıza. Gelde çı k işin içinden yani olmuyor, olmuyor istesemde.;Negative
4 cekermis! Kactir kesiliyor konusmanin ortasinda! Yalan dolan reklam yapacaginiza azcik yatirim yapin..;Negative
@veliagbaba nisanda öğretmene atama olsun. Gonuller mutluluk dolsun;Positive
RT @seveceksiniz: Yok aşkm en çok seni seviyorum. senden önceki 70 kişi hevesti tek gerçek sensin hiç ayrılmıcaz. bir kezban ilişki durumu;Negative
30Liraya 62TL yukleyen turkcell tesekkurler :D;Positive
#yeniyildanistegim paylaşmayı bilen bir Dünya... çünkü hayat paylaşınca güzel :);Positive
Bir insanın yeter ki kalbi büyük olsun inanın başka hiçbirşeye ihtiyacı yok;Positive
Artık nefes alsan dalga geçecek bir nesil yetişiyor;Negative
öztürkcell e geçmenin vakti geldide geçiyor :));Positive
RT @KahveVe: Haramda mutluluk ararsan,mutluluk sana haram olur...;Negative
https://t.co/8qJCxWiY72 gece gece canım şarkı çekerse 🎶 🎶 ve bağırarak söylemek istersem..kulaklığı takar dinlerim 😕👊;Positive
Burda da Turkcell olaydi iyiydi.;Positive
mutluluk iştee yaa duruyor duruyor böyle mutlu ediyorrr ☺️;Positive
#turkcell bana kıyak geçmiş sms paketim seneye kadar uzatmış darlingler :D;Positive
İyi Geceler... http://t.co/PUWDmCe2A0;Positive
Hem şarkıyı dinleyip hem de sözlerini eleştirmende mütiş ekşın gece gece 😏;Negative
En kısa zamanda turkcell den bosanıcam;Negative
Mutluluk gözyaşları nedir ben onu bu gece doya doya tattım biriciğiim :))))) 💞💞💞💞;Positive
Çirkin şansı diye birşey yok arkadaşlar, kendimden biliyorum.;Negative
@no1wantstohearu güzel yemek yapan hain arkadaşınıza komplo kurmadan önce bol bol yemeğini yiyin bu da bir atasözümdür;Negative
İş biter bir kahve iyi gider 😉 (@ Kahve Durağı Alsancak) https://t.co/KRq4jZHTe9;Positive
RT @action__man: Papatya kesinlikle dünyanın en güzel çiçeği. Hiçbir şey beklemeden, sadece baharı müjdelemek için açıyor, fantastik http:/…;Positive
bahar çarptı beni lan;Negative
bizim bahar şenliklerine iggy azalea falan gelecek diyolar aq ahsdhashdhasfhhasd inanmayın kardeşim böyle şeylere LoL;Negative
Gözlerine bakınca kendimi görmekten daha büyük bi mutluluk olamazdı sanırım;Positive
Abim kendine bi yemek masasi hazirladi sanarsin yillardir yemek yemiyor aq genetik abi bu istah;Negative
ŞAİBE,ŞİKE,FENERBAHÇE #3kelimeyle2011;Negative
RT @nediyorbaksana: mutluluk deyince aklıma hiçbir şey gelmiyor.;Negative
@5sekerlicola çocuğun emo olurda klavyesinde q w tuşları bozulur bunalıma girer umarım. Gece gece günah lan can bu da.;Negative
bu film kimsenin görmek istemediği şeyleri gösterdi belkide gözlerini sımsıkı yumanlara.;Positive
Yorumları okuduğumda gitmemeye karar vermiştim. Arkadaşım gitmek isteyince kıramadım. Sonuçta hep beraber sıkıldık. Tavsiye etmiyorum.;Negative
Bırak sevgiliyi yemek yemeye bile zaman ayıramıyorum çok yoğun bu aralar.;Negative
OH BE!! Cok mutluyum :) 150 dakıkam ve 5300 sms verdi turkcell :);Positive
Filmin başı çok güzel ama ortalara doğru sıkıyor gereğinden fazla uzamış o kısım ya da doldurulamamış.;Negative
uyuyamadim amk ne sıkıcı bi gece;Negative
#turkcell bilgi mesajları bokunu çıkardı ama gece gecede bu kadar yüklenilmez ki...;Negative
#Turkcell her ay gelen yuksek otesi faturalarımla beni şaşırtmaya devam ediyor.;Negative
Gece gece sıkıldım aq;Negative
superonline her şekilde daha hızlı ve kullanışlıdır ttnet'e göre :);Positive
#Turkcell biraz bir seyler yap Twitter'in Facebook'tan eksigi ne? Onun niye 0'ı m'i yok. Yazik bence.;Negative
gölgesinde huzur bulmak derler ya baba öyle arkadas öyle..;Positive
Her gece aynı rüyadan uyanmaktan ben usandım;Negative
En yuksek ortalamali 3g hizi bile onlardayken turkcell cekmeyen yerde vodafone cekerken hala turkcell kullanmak hangi kafa anlamiyorum:);Negative
Gök mavi güneş sarı derken Outdoor eğitimine günler kala :)))))) mis gibi bahar kokuyor http://t.co/kcIeBrBlS7;Positive
bu gece yine bütün evreni ateşe veresim var;Negative
Baharım <3 ... Yenekli öğrencim <3 https://t.co/Mob81LECyC;Positive
Gece 2 de eve gelip tost yapmak...;Positive
Hep bir şeyler eksik oluyor insanın hayatında. Hiçbir zaman tamamlanmayan şeyler.;Negative
Kamil Koç bi kampanya yapmış aç Turkcell ile beraber tam bir saçmalık.vay efenim yüzde 10 koltukta geçerli,yolkartsız kullanılamıyo bu ne ya;Negative
önce beni araması gerkiyormuş :D bunu TİM'de söylediler. gülsem mi ağlasam mı ne biçim hizmet anlayışı ??? ekimden beri...;Negative
Şunların tatlılığına bakarmısınız yemek sırası olmuşlar  http://t.co/WWEaQFauff;Positive
@sussanafayise Mutluluk çok uzaklarda zaten..;Negative
kontör yüklediğim anda bitiyo sikicem ha napıyo bu turkcell;Negative
eğer gelmemişse bile, ben turcell superonline'ı kesinlikle öneririm..;Positive
Sahanin Turkcell reklamlari gercekten cok komik.;Positive
Yine güzeliz, yine çiçek, yine bahar... 😊📚😍🌸🍀;Positive
#TURKCELL seni de ben boykot edicem.;Negative
Her gece ki gibi bu gecede sancak;Negative
RT @AlaattinCAGIL: İlgisizlik bir insanı kaybetmeyi göze almanın en birinci yolu.;Negative
Bir yazar olarak senaryoyu nasıl bu kadar zayıf yazmış anlayamadım. Konu sevilir veya sevilmez ama en azından tutarlı olur;Negative
Sen bana gelirsen bahar gibi gelirsin :)) http://t.co/GirzP4EUAz;Positive
Karnımın acıkması bu saatte yemek yemem için büyük bi neden bence kilo da almadığıma göre düşmanlarım çatlasın ahahay 😏😎;Positive
mutluluk bile acı veriyor çünkü sonu var biliyorum.;Negative
#HandeYener süperdin. #VolgaTamoz 'de öyle. Bu akşam yalıpark yıkıldi. En güzel gece ❤;Positive
RT @Yasins69: Gece gece uyunur mu malmısınız siz.;Negative
mutluluk bize spam atmış;Negative
Bu yatak bu kadar huzur vermeyi nerden öğrendi;Positive
@uyuyanguzeel bu gece gözüme çok batıyosun :f;Negative
Şeyma'nın attığı twitlere bakıp bakıp gülmek var bir de 😊;Positive
Yoruldu kadın. Güçlü olmaya çalışmaktan. Her gece unutmaya çalışmaktan Her sabah hatırlamaktan, yoruldu.;Negative
Seni unuttuğumu mu sandın :D Bu gece de sana sövüyorum Allahsız;Negative
Bugün kırlangıçlarda geldi tam bahar oldu.. http://t.co/Dk5GpA6Ipb;Positive
RT @sude_goki: Kare kare @gokhankeser ,kare kare mutluluk🙈😂😎😘 #GKFC http://t.co/S8krLfRRPZ;Positive
RT @KasimKartal: Benim çabalarım #yetmiyor Devletin artık el uzatması şart durum çok vahim @fatihportakal;Negative
evlere kadar ulaştırmak için çabalıyoruz. Bu hizmeti kimse veremedi. Biz veriyoruz. Herkese fiber :);Positive
#BirazYiyecek biraz değil tam hazırlayın, temiz kaplarda yenebilecek şekilde su da hazırlayın,ölmezsiniz korkmayın,hayat paylaşınca güzel.;Positive
RT @orospunuz23: Ben bu gece böyle sikicilerim 😘 - Dilara http://t.co/5Lf1Tu6yzn;Negative
fiber superonline diyorum başka da birşey demiyorum..daha hiç kazığını yemedim :);Positive
Mutluluk rakı kadehindeki son damlaydı. İçtik ve bitti.;Negative
yeni yıl reklamı bir harika !!;Positive
Çok basit bir maile bile dönüş yaparak tüm sorularıma cevap veren Superonline müşteri hizmetlerini kutluyorum. #supersinsuperonline;Positive
RT @JeansBiri: 5 milyarlık Sarayından, 1 milyarlık uçağına binip, 3000 koruma ile 7 tur atarak günahlarının silineceğini zanneden bir Hırsı…;Negative
İki gündür aynı saatte telefonumun bağlantısı komple gidiyor vs...Sıkıntı oluyor.Canımı sıkma turkcell!Şuanda 3G yok meselâ!;Negative
Eğer hattınız turkcell ise yalnız değilsiniz demektir. Yoksa hergün düzenli olarak kim mesaj gönderir.;Negative
Ruh hastası psikopat gece gece sinirlerimi zıplattı yine..;Negative
RT @ilberreis: 3 üniversite bitirmemiş insanları musallat ettik ömrümüze..;Negative
RT @meadlow: @ArifHur Yine Sensiz adlı ilk albümünün en güzel şarkılarından Tarkan'ın en iyi albümü bu bence,teşekkürler gece gece anımsatt…;Positive
Her sabah lenslerimi takmak ve her gece lenslerimi çıkarmak bana acı veriyor;Negative
bu yabancı yemek kanallarında ne kafası yaşıyorlar.. Tarantula yenir mi ya ..;Negative
RT @halilsezaip: Uzun zamandır bu kadar sevinmemiştim bir şeye 👯 Ankara da buldum.80 lerde çocuk olan herkes bilir 💚… https://t.co/2Zf2Xn8D…;Positive
#BeyazShow mutluluk kaynagi;Positive
Bahar gelmis hoş gelmiş http://t.co/oGShc1nXHA;Positive
@Cimbomiye Ahahaha :D gece gece kahkahaa attım;Positive
Gece çalan telefonları hiç sevmem;Negative
kabiliyet yoksunusun;Negative
yok ya iyi turkcell alistim;Positive
yeni yıl kutlama msg'ını aldım. Teşekkürler.. Hayat paylaşınca güzel lala la la laaa;Positive
#vodafone #turkcell - SMS paketi alıp her ay, atmadığım sms'lerin parasını ödemek istemiyorum.;Negative
yine mi turkcell reklamı :D;Negative
En sonunda!!! Artik burda da Turkcell hattim calisiyooorrrr!!! :));Positive
Bir aydır istisnasız gece acıkıyorum yemek yiyorum biri daha bana gelip '' kilo al bencaa yaa'' derse onuda yicem.;Negative
#Turkcell in Hayat Paylasinca Guzel reklami emotional selling olayini fazla abartmis!Bilincaltina calismasi gerekirken,kor goze parmak sokms;Negative
RT @bilemezdimki: Daha ne kadar beceremiyormuş gibi gülümseyeceğim? Geçti diyen bir ses de istemiyorum.;Negative
#3kelimeyle2011 şamata gırgır eğlence :D;Positive
evet o.c tcell 10 aydir bole!;Negative
"müşterilerinizi cekim gücünüz gibi kaybedeceksiniz... #turkcellcekimgucu"" #FF";Negative
özetle bu akşamımı rezil eden VODAFONE dan artık nefret ediyorum. Turkcell de kazık mazık ama hakkaten kaliteli. donmek gerekiyor;Negative
İlkbahar ne güzelsin sen ... #kayisiagaci #bahce #bahar #Yenifoca #Foça @ Orkide's Summer House https://t.co/FO7SJwy4fY;Positive
Ne güzel bir cumartesi evde mal gibi oturuyorum;Negative
belki bi gece aynı yıldıza bakar ağlarız,;Negative
Filmin son sahneleri beni çok etkiledi film bittikten sonra 5 dk. koltuğunuzdan kalkamıyorsunuz.;Positive
Her gece uyumadan birkaç sayfa Mesnevi..📖Kelimelerin sihrinde kaybolmakKalem🎆Güzel ve huzurlu uyku..😴Herkese iyi geceler😊 http://t.co/5vq9kgN4q7;Positive
@ArifHur Yine Sensiz adlı ilk albümünün en güzel şarkılarından Tarkan'ın en iyi albümü bu bence,teşekkürler gece gece anımsattın iyi oldu :);Positive
Bir dediğin diğeriyle tutmuyor gelmişsin bana dürüstlükten bahsediyorsun. Yat zıbar allah aşkına gece gece güldürdün;Negative
Mutluluk hep bizimle olsun 🙏;Positive
4 dakkalik bi sarkiyi en az 30 gunde ceker diyorum ben;Negative
#canlar #iş #yazıisleri #mutluluk😍😍;Positive
RT @YusufDarcan: Sponsor bulamadım demiyorda, bu gece home diyo, hee oldu amk😂😂😂;Negative
RT @Sonmeyecek: @tubaeftelya Yolunuz düşerse ben de sizi görmekten mutluluk duyarım :);Positive
Ve hayat dile gelir Nah sana mutluluk.;Negative
#3kelimeyle2011 Benim kelimelerim: Nisantasinda Turkcell Cekmiyor!!!!;Negative
RT @delllavita: Sevgi yok zorbalık var insanlık yok faşistlik var mutluluk yok acı var. İşte devlet işte polis işte Türkiye bir cehennem #S…;Negative
özlemişim çok iyi geldi.Teşekkürler Graham Bell, teşekürler türkcell, teşekkürler can........;Positive
Gece yemek yemek zararlı olsaydı buzdolabının içinde ışık olmazdı.;Positive
Gece yenen abur cubur tatlı tuzlu meyve karmasının yan etkileri sabah tuvaletten çıkamayıp artık ayakların uyuşması küçük çaplı felç 😒;Negative
Birileri eline telefonu aldığında ilk sizi arıyorsa ne mutlu size. Mutluluk sevdiklerinizle paylaşılır , acılar en sevdiklerinizle Kaldırılmış el;Positive
Hep mutluluk mutluluk!! ) http://t.co/pr0x7c35UF;Positive
RT @1926_babacan: #yetmiyor mu 170 bin kişinin Cezaevinde olması demekki #yetmiyor @fatihportakal !!!!;Negative
cay bu gece acaip keyifli geldi. nedendir bilinmez;Positive
"RT: Turkcell'den müthiş kampanya: Siz hattınızı Turkcell'e geçirin, biz de size geçirelim.""";Negative
@zeynnnnnnnnnn insanın haddini bilmesi erdemdir. Ben de haddimi bilmeliyim artık, yok bir daha mutluluk filan.;Negative
Boyle basit bir dunyada sen benim icin cok ozelsin;Positive
Sponsor bulamadım demiyorda, bu gece home diyo, hee oldu amk😂😂😂;Negative
playstationlarin oradaki koltukların boş olması. işte sana mutluluk..;Positive
Bugün de mesaj atmadın.. kesin başka biri var;Negative
İşte bugün bahar geldi dünyama;Positive
1988'in en güzel kasedi, esmer günlerdir... Nilüfer - Bu Gece Beni Düşüneceksin (1988) http://t.co/N07AUk2TG9;Positive
#hayatpaylasincaguzel Paylaşamıyoruz, çünkü tcell odamdan çekmiyor. Bir alo demek için 3 dk harcayınca paylaşmış olmuyoruz.;Negative
Her gece uyuyamamaktan gün boyunca herşeye gülmeye çalışmaktan bıktım nerde bunun çaresi?;Negative
Kış boyunca hasta olmayıp bahar gelince hasta olan tugce yapmışlar 😒 http://t.co/m4Yt4832oJ;Negative
#Turkcell dün 4S'i lanse etti, bugün koca Bahariyedeki TIM'de telefon yok. Tcell daha TIM'lere stok göndermemiş... Ne iş yapar bu Turkcell??;Negative
maNga konseri, bugün saat 15:00'te canlı yayınla adresinde! Hayat müziği paylaşınca güzel :);Positive
RT @fedaikestir: 🌹🌷💕BU GÜZEL BAHAR🌹🌷💕 🌹🌷💕AKŞAMI BÜTÜN🌹🌷💕 🌹🌷💕ARKADAŞLARIN🌹🌷💕 🌹🌷💕GUNULLERINE 🌹🌷💕 💕🌷🌹GUZELLIK GETIRSIN 💕🌷;Positive
Pazar Günü Bir Nevi Sevgililer Günü, Yalnızca BEŞİKTAŞlıların Kutladığı. Kartal Yuvasında Aşk Var, Huzur Var, BEŞİKTAŞ Var...;Positive
VIZELER BITINCE GELEN O HUZUR.;Positive
#TURKCELL hat almayın salaklıp edipte..en büyük yanlışı yaparsınız.bildiğiniz adamı yağlı kazığa oturtuyorlar;Negative
Ben her gece ağlaya ağlaya sana kızarak uyudum. Ve her sabaha seni en başından severek uyandım. Bu canımı nasıl yakıyor biliyor musun?;Negative
RT @onurr_96: Ulan sabah söverek uyanıyom gece söverek uyuyom allah benim dert kotamı sınırsız mı yaptı aq çek çek bitmiyo;Negative
Mutluluk mu kaldı şimdi bana ?;Negative
Dostlarda olmasa gerçekten çekilecek yanın yok gece. Evlat olsan sevilmezsin;Negative
Bu gece de gereksiz olmuş;Negative
#3kelimeyle2011 turkcell işine geleni duyuyorsun!;Negative
Haftaya huzur bulmaya Seydaya.;Positive
RT @onerkosar: Sanırım mutluluk bize götünü dönmüş.;Negative
// 4 ay önce aldığım telefonum sonunda bozuldu... Bu kadar dayanması bile mucize... Teşekkürler Turkcell!!!;Negative
Bu gece de #BeyazShow harikaydı.;Positive
Bir günümde iyi geçsin ya;Negative
hakketten ya turkcell e sinir oluyorum :);Negative
Hayatımda eksik olan bisi var. Mutluluk ilk sırada.;Negative
RT @AyvazYlmaz1: toplandigimiz mekanı basmaya gelirken büyük bir baskın yiyen bütün Beşiktaşlı yoldaşlarımıza slm ve geçmiş olsun :);Negative
RT @vatsep: Bir gün herkes değişir, anlamak zor gelir bazen.;Negative
#Superonline müşteri hizmetleri gerçekten hızlı bir şekilde sorunumu çözdü.;Positive
ben guzel bir arkadasimla beraber uyumaktan cok baska bi mutluluk duyuyorum.;Positive
Gündüz uyuyunca gece de mal gibi kalıyom burda. Yapcak bişey de yok yani uyku da yok. Napacağuk şimdi :(;Negative
#vodafone icin Buyuk eksiklik. Apple urunlerinde kullanilmak uzere #turkcell online islem gibi bir app yapmadilar, yapamadilar.;Negative
şerefsiz onursuz tamamen kapitalist ve hileci bir firma sizi ödemeli ariyorlar ya ilave çalıyorlar 29 krs;Negative
RT @xaksamkahvesi: kuzum düşündüm de Hande'de Demet gibi başrollere ait bir oyuncu çok dikkate alıncağını düşünmüyorum ama eğlence amaçlıys…;Negative
Hahah gece gece ağlanacak halimize gülüyoruz 😬😬😬 http://t.co/JPp5iA7rZP;Negative
RT @ilkesuakbulak: En efsane gece olduğu aşikar yaktın bizi zeynep;Negative
Hikayemdeki baş karakterin bana cevap vermesi kadar mutluluk verici bi şey olabilir mi?;Positive
Neyse bu gece daha fazla kafa patlatmaya gerek yok. Nasıl olsa yarın sabah uyandığımda aynı dertleri elimle koymuş gibi yine bulurum!;Negative
#turkcell kadar serefsiz bi operator daha bilmiyorum :/;Negative
RT @HandeGuvenoglu: bu gece bir kaçamak mı yapsam :)) beylikdüzü geceleri falan;Positive
@mavisevenben rakı kadehinde ki son yudum gibiydi mutluluk. İctik ve bitti.;Negative
Her gece Kanıt denen sikko programı izlerken uyuyorum. Bi sabah kalkıp bütün evi öldürücem aq;Negative
Bir sure stabil devam ettin ama su an sacmaliyorsun Turkcell;Negative
kontörlü hatlardan vergi kesilmeye başlaması da yeni adetiniz olmalı...!;Negative
Yine her yılda bir düzenlenen kız kavgası başlamıştır.Başrolde ben varım.Hayırlı olsun.;Negative
Geçmişte kalmış mutluluk;Negative
bu ne biçim gece;Negative
#3kelimeyle2011 basarı, performans, keyif...;Positive
bahar güzeldir, güzeldir bahar aşkları ...;Positive
%98.2 oraninda kapsama alani olan Turkcell, kapsama alani olmayan o %1.8 lik alana denk gelmekkk nedir ya :/;Negative
Mutluluk sebebimsin be;Positive
Son 1 haftadır ağlamadan uyuduğum bir gece bile yok 👏👏👏;Negative
belki bi gün uzak bi şehrin sonbaharında yaşlanırız.;Negative
#Superonline alın bu video'yu izleyin. Adil kulanım diye kota koymak, afferin size.;Negative
Bilin bakalım kim dişlerini fırçaladıktan sonra yemek yedi http://t.co/AAwWQKY7nP;Negative
4 çeker diye reklam yapıp Dogan görünümlü sahin kıvamında kalansin;Negative
Vize haftası bitimi whatsapp galerisi temizliği ve verdiği sebepsiz mutluluk💕😂;Positive
Zayıf olmak güzelse yemek yemek daha güzel;Positive
Hicbisey anlamadigim aklima gelince konulari bitirmenin verdiği mutluluk da gidio:-|;Negative
kadınlara verdiği değerdir arkadaş!:))))Nihhahaha;Positive
Bu Turkcell ile aramız her ne kadar iyi olmasa da böyle hediyeler verdikce gözüme giriyorlar :D;Positive
Babamın yüzündeki o mutluluk herşeye bedeldi.;Positive
1 gb internet yapiyorum hala internet kullanimindan param gidiyo aq senin ahhahahaha;Negative
Kendimi eve kapatip surekli yemek yiyesim var :(;Negative
00:00 da turkselden mesaj geldi Allah belani versin turkcell :|;Negative
çok sıkıldım bu Turkcell den, ayrılsam kime geçicem hepsi aynı bok :(;Negative
İyi geceler herkese );Positive
#superonline fiber internet 'in Adil Kullanım haksızlığına sessiz kalmayın. Emsal karar çıktı: RT!;Negative
RT @mertzorer: Yağmurun durmasını, güneşin açmasını, gece sabahı, kışın baharı beklersen hep bir şeyleri kaçırırsın.;Negative
Ericsson 688:) zamaninin en saglam ve sik telefonlarindan biriydi bence...;Positive
#turkcell #ozturkmatik reklami allah belanizi vermesin!! Vapurda deli gibi guldurdun beni...;Positive
Ama neticede en güzel, en verimli zamandır gece.;Positive
Göklerde kartal gibiydim,kanatlarımdan vuruldum,mor çiçekli dal gibiydim,bahar vaktinde kırıldım :( http://t.co/RW733PQeXf;Negative
RT @Ez_Reber: Bir tanesi de amed'te iskanevlerinde bulunan evlerinin 6 katından atlayarak intihar etti İntikamını alacağız hövöl https://t.…;Negative
Hani bir kitapta çok sevdiğin bir cümle olur, o kitaba bakınca yine okuyasın diye altını çizersin ya, bu kitabın her cümlesini çizesim var.;Positive
Gece merhamet ister.Gelecek der durur.Gecenin yüzünü kara çıkarmaz sevdiğim.Kara sevdalara tutulan şu geceyi neyle teselli edeyim.Gel. k.s;Positive
Nolursa olsun turkcell candır :);Positive
kubat lı turkcell reklamı nasıl mı? bok gibi o kadar nefret ediyorum ki çıktığı gb kapatıyorum.. Syn Ciliv sen böle hatalar yapmazdın ama!;Negative
allah belasını versın:))))))))));Negative
her gece daha yorgun;Negative
#turkcellprotesto olm turkcell e mesaj hakkı veren yerlerine sokayım senin;Negative
Bu gece buraların hic tadı yok;Negative
Mutluluk Çorba Olsa , Ben Çatal Olurum Herhalde;Negative
Rumeli Caddesindeki abone merkezinde nakit parayla fatura ödeyemiyorum;Negative
gördüğüm en iyi web sayfalarından...;Positive
Belki kendim kasiniyorum ya da ole denk geliyo ama gece gece beynime kan sicratmak nedir ya yemin ediyorum ciglik atarak kacicam;Negative
RT @johnnybravosana: Biraz daha kaşınacak olursan,bahar-alerji dinlemem seni kopartır köpeklere atarım anladın mı,ANLADIN MI? http://t.co/I…;Negative
Bu gidişle hiçbir şeyin yolunda gideceği yok.;Negative
süperonline ' nın fiber optik sistemi 10 tane ttnet eder yahu . 100 mbit internetten bahsediyoruz;Positive
Ölmeden önce söylenen son sözler (calisilan sirket turkcell)Sayın patron arkadaşlarla birlikte topluca vodafone'a geçiyoruz (toplu katliam);Negative
Huzur o kadar zor bulunan bi şey ki ama insan varken kıymetini bilmiyo işte...;Negative
RT @bz_yetish: Sanki zaman durdu akmıyor bu gece..;Negative
RT @13burctahmin: ♌ ASLAN : En gözü kara burçtur, inanın bir anlık sinir ve kıskançlık yüzünden çok gemiler yakmıştır. Aslan'ı hayal kırıkl…;Negative
İnsanlarının önünde dans etmek mutluluk veriyor diye beni bir anda basit bir teşhirciye dönüştürüp yeteneğimi sıradanlaştıramassın ki. Duru;Negative
Ve ben enkaz altında mahsur #MutluluğunTekFormulü;Negative
Kahretsin cok artistim turkcell bana espri yapiyoor :D;Negative
RT @sevdam_garip: Köpeğinin pisliğini toplayan görüntüdeki kişi İsveç prensesi. Kibir ve kompleks gibi güçlü bir maskeden uzak. http://t.co…;Positive
#turkcell adam gibi saatlerde mesaj atmayı öğren artık!;Negative
ya gece gece KsnsidnskmskMInajsnskmsknsks http://t.co/kCtCbmZXgX;Positive
Gece Olunca hep bi tweet atma isteği. Nerden geliyorsun böyle;Positive
Bahar cocuklari ) https://t.co/SxQKxQnKo9;Positive
Çok uzakta öyle bir yer var , o yerlerde #Mutluluk var .. 🎶🎶✔️;Positive
Herkes vicdanını dinlesin bir kere herkesin vicdani bu cocuk hakediyor dedirtir aksin…;Positive
vizeler bitti, evde bahar temizliği yapıldı ee ben bi gezmeyi hakettim dimi ama 🙈;Positive
RT @lastworld_d: Denizden gelen huzur... http://t.co/qyB9fxEeC8;Positive
Parkta Güzel Bir Gün.. Tiyatro çıkışı;Positive
Şu son avea reklamından etkilendim. 4 TL'ye 100 DK Her yöne.. çok iyi tarifeler var.;Positive
Ohaaa bedava dk kazandim la. Canim Turkcell.(Biri bu ani not etsin,bir daha bunu ayik kafayla demem) Onumuzdeki 4 Cumartesi 60 dk'm olacak ^^;Positive
ısık hızında oldugunu ıddıa ettıklerı ınternetı 8 gunde baglayamıyorlar;Negative
@coolruhikiziniz Bazı insanların varlığı bile mutluluk sebebi.;Positive
#hayatpaylasincaguzel 3G m calismiyor turkcell duy beni;Negative
Saygıdeğer sayın sevgili TURKCELL ailesine en guzel dıleklerımı yolladıktan sonra isteğimin onaylanması beni sevindirmedi değil yani :D;Positive
yarına gnctrkcll yok..uykum çok pahalıya geliyo zaman..;Positive
Kamil koç un Turkcell kornası güzel olmuş :);Positive
#aşk #ömür #mutluluk #ben #çok #özledim #bu #şapşiriği 😥 #burnumda #tütüyor #sevdiceğim #ömrüm…;Positive
#turkcell biraz daha bonkör olabilirsin.;Negative
Superonline beni sinir ettin.. yaa deli oldum :s;Negative
@Julietasdf gece gece bu yapılır mı be :);Negative
Ice tea icip zeytin yemek ne kafasi acaba?? Mal miyiz ki?;Negative
ölümün soğuk nefesi hissettim;Negative
yalarınıza mutluluk yağmurları yağsın bu geceGeceniz mutluluk,Kalbiniz huzur dolu olsun.;Positive
Ay su kadin resmen gece gece sinirimi bozdu :D;Negative
senin kisaltmalarini da twitter kullanmani da yeriim ama turkcell her turlu benim hic sulanma canim );Positive
:D kediyi getir gidelim türkcell bayiye :));Positive
Çok mutluluk verdi bana şu an bu olay hatta heycanlandım;Positive
RT @resithaylamaz: Kimse Yok Mu'nun faaliyetlerine terör demek, çılgın ruh halini gösteren bir vebaldir http://t.co/yHx8JCbAV9 @zamancomtr …;Negative
Gitsen de bir, kalsan da bir.;Negative
Ouuuvvvvv bahar gelmiş! Hiçbir şey yapmamak için harika! =));Positive
en doğru kararı vermiş olursun, turkcell ve superonlineden uzak durun. Soyup sovana çeviriyorlar. Ben kurtuldum dostum;Negative
Her kızda mutluluk aranmaz paşa dddd;Negative
Şimdi uzaklardasın... http://t.co/rhDIie6d…;Negative
Yarında Perşembeeee..oohhhhh çok şükür.. [gnctrkcll];Positive
yılbaşı için havalı bir görsel cep mesajı yollamış.. Aynı performansı dini bayramlarda da bekliyoruz..;Positive
Çok pisliksin türksel -.-;Negative
Özümle 47dk 13 snye konuştuk turkcell bize dua ediyodur şimdi :D;Positive
önce ttnet sonra Turkcell sinirden kafayı yedirttiniz be bana;Negative
RT @13burctahmin: ♏ AKREP : Etrafında seni çekemeyen başarılarına katlanamayan bir çok insan var. Her fırsatta ayağına dolaşan insanları ge…;Negative
kampanya iptali teyidi için 2 gün telefon etmesi beklenilen, sinirlenince hattı iptal etme başvurusunun 10. dk.sında arayan firma;Negative
Bahar Temizliği Yorgunluğun en büyüğü 😅😅;Negative
çünkü bende maalesef 11 yıl o kazıkçı operatörde (turkcell)kaldım ordan biliyorum:);Negative
RT @gamzelica: @berkayyksll iyiki doğdun yeni yaşın sana huzur neşe mutluluk sevgi versin kuzum canım benım iyi ki doğdun 🎁🎂😘💋❤️💝👑💎;Positive
Bahar alerjisi, sinuzit ve grip birlesti caresizlikten oksijen makinasina baglicam kendimi :/;Negative
RT @Rte_Mrt: ALLAH CC tüm kardeşlerime razı olacağı bir ömür nasip etsin, yolundan ayırmasın;Positive
Gece gece #azerbulbul yikasim gelir;Negative
Ona bir fırça daha attım. akşam akşam rahatladım :);Negative
ödediğimiz tel faturalarının %25'i KDV, %18'i de ÖİV. Yani devlet turkcell hep beraber geçiriyor anlayacağın.;Negative
Manga Konseri harikydı.Acun Ilıcalı'ya,Manga'ya ve Turkcell'e teşekkür ediyorum.;Positive
Güzel bir bahar gününde daha çalışmanın verdiği mutluluk ile enstitüyü terkedebilirim! #iştebunlarheptez;Positive
bir bahar akşamı sen diye öldüm ben;Negative
İş çıkışı cafe de bir yorgunluk kahvesi içmek güzel görünüyor deyilmi. Aslında bok gibi amnkym;Negative
bu gece üstümde titanikteki kemancı rahatlıgı var batmazsak amk;Negative
evet, guzel olmus.;Positive
RT @ZeugMadiLGBT: Kaos GL çalışanları, avukatlar ve hukuk öğrencileri ile Antep'te baharı kaçırmadık. #GökkuşağıKoalisyonu. http://t.co/hS…;Positive
Canım allah yukardan mutluluk indirdi galiba;Positive
Bir kediyi kafasından okla vurup öldürdükten sonra poz veren bir kadın veteriner, fotoğrafı internetten paylaşınc... #GeceGunduzTakipvar;Negative
RT @zamancomtr: Bank Asya hisseleri yatırımcıya bir haftada yüzde 45 kazandırdı;Positive
Bir kere olsun adresi şaşırda bana uğra be mutluluk..;Negative
gece gece milleti ne ispiyonladım la harbi çok ibneyim dafjdsfd;Negative
@sesicokguzel Gece gece çok iyi denk geldi :)));Positive
RT @yamanlar_kpasa: Baharın Gelişiyle Birlikte Okulumuz Bahçesindeki Kiraz Ağaçları Çiçeğe Durdu. http://t.co/MhzvHSZ1Bp;Positive
RT @10Bucuk: Son zamanlardaki en güzel @beyazshow bu gece idi hepinize tşk. @terziogluburcin #zara;Positive
RT @srplshbz: Çok güzel bir tatil olur inşallah...izmir yolculuğu başlasın :);Positive
boyle gece olmaz olsun aq #offline;Negative
Bunun adı film ise, biz her gün bunlardan 7-8 tane çekeriz.Türk sineması adına üzüldüm.;Negative
@Kalimdor2682 yapacak birşey yok. Ne sandilar o mükemmel insanlar ? Susacagimi mi ? Haksiz miyim abi ?;Negative
RT @theistumblr: Bu gidişle hiçbir şeyin yolunda gideceği yok.;Negative
MUTLU KEYİFLİ PAZARLAR İZMİR....;Positive
RT @Muraterdogan1: Hayatlarının baharında bir yaz aşkı bile yaşamadan hayalleri katledilen çocuklarımızdı onlar....;Negative
36 saat geçti hala bekliyorum aranmayı illa 4 olması gerek dimi çözüm merkezinin bana dönüş yapması için çok merak ettim !?!?;Negative
RT @Puslumaviatlasi: Sabahtan akşama dek simih hakaret etcek alay etcek tuncay susacak cevap vermeyecek varmı öyle bir dünya.. #cafegrubu #…;Negative
sagolasin el öpenlerin cok olsun mesaj hakkın Turkcell den Beles gelsin :D;Positive
canım cok sıkıldı benim gece gece uyunurmu ya sksosjdnls;Negative
Gece gece yine faşist zihniyet kaplamış twitter'ı.;Negative
Bazen ayrılık canınızı o kadar acıtır ki hiçbir zaman yüreğinizden yok olmaz…;Negative
Gece gece burun kanamasına kalktım o kadar şiddetli yani;Negative
neyse ben bu gece erkenciyim. 🙋 iyi geceler. 😘;Positive
Neyseki yarin tatil 🙌🙆🙋;Positive
#3kelimeyle2011 ocağımı kuruttun;Negative
Aykırı anlamlar arayıp durma;Negative
"RT @FatmaSahin: ""DOĞAYA AŞKIMIZI İLAN EDİYORUZ BAHAR ŞENLİĞİ"" BAŞLADI http://t.co/tYK6UpgLWf";Positive
Biliyorum yaptıklarım(ki nerdeyse hiçbir şey) #yetmiyor , ama napalım be zalimin kızı ?;Negative
kalite diyorum. herkese günaydın :);Positive
kamil koç-türkcell 1 bilet alana 1 bilet bedava kampanyası kocaman bir kandırmacadır...AYIP !!!;Negative
guneşin pembeliğiyle doğan saflığıyla süzülen herhkese nasip olmayan mutluluk denen o guzel duygunun hep seninle olması dileğiyle....;Positive
Gerçekten güzel mi bu hayat? Yoksa bahar geldi ondan mı?;Positive
RT @C_Sureyadizesi: Çok mu ayıp hala mutluluk istemek, neyse zaten hiç halim yok;Negative
+Hatta 999898989 tane senaryo yazdım kafamda...İçeride biri olsada açsa ama nerede,yok öyle bir dünya,kapıyı çalanda açanda ben olunca...:/;Negative
Fatmayı çok seviyorum ya iyi ki tanıdım lan bize yemek yapıyo o olmasa açlıktan ölürüz.;Positive
yok dava acmam terk ederim;Negative
RT @Hidrojan: Profiline gir ne yazmış bak, kimleri rtlemiş kontrol et, favorilerde sıkıntı var mı? Kimleri takip etmiş? Tebrikler kafayı ye…;Negative
RT @13burctahmin: ♉ BOĞA : İnsanları bir bakışta tanıyabilme özelliğine sahipsin. Yanılmıyorsun bu konuda. Kalbinde fesatlık barındıran ins…;Positive
RT @Ladyimam: sünnet çocuğunun ismini yatağın başına yazan aileler gibi bisikletin üstüne cb'nin adını yazmak nasıl bir kafadır;Negative
İyi gece üstü kapalı bir küfür gibi..;Negative
Gece oldu yine şarkılar evrim geçirmeye başladı;Positive
#superonline yalan atmasanız iyidi söz veriyosanız tutmalısınız isminiz çalışanlarınız yüzünden zarar görüyor .;Negative
RT @aktifegitim29: Genel başkanımız @obahce bey bu gece bizlerleydi. Kendisine ve katılımcı üyelerimize teşekkürler.;Positive
Hiçbir şeydim, en azından öyle hissediyordum.;Negative
Kesinlikle izleyin pişman olmassınız. Öncelikle görüntü yönetmenini tebrik etmek istiyorum gerçekçiliki açılar muhteşem tam bi görsel şölen.;Positive
RT @smtblks: bu gece alsancakta klarnet çalan dayılar çok iyiydi ama yaşlı teyze göt üstü düşmese iyiydi;Positive
#beyazshow gecenin hüznüne inat tek mutluluk;Positive
İçim daralıyor,ferahlık ver, huzur ver,sabır ver sen Allahım....;Negative
Ya ben bu kızı çok seviyorum!😄 nasıl bir mutluluk verdi bugün bana bir bilseniz... tekrar iyi ki… https://t.co/RxElbwYLR9;Positive
Gece geç saatte eve gelince golden retrivırların, eve hırsız giriyormuşçasına havlayıp milleti uyandırması desem? :(;Negative
RT @tarikosmanoglu: İsrail'e söverek, Rabia diyerek Filistin'e umut olduğunu zannedenler, siz gece yumuşak döşeklerde yatarken, @kimseyokmu…;Negative
Kamil Koç Turkcell'liler bir bilet alana bir bilet bedava kampanyası yapıyor.. Ama içeriğini bakınca sinir oldum..;Negative
superonline cok iyi hele ttnetten sonra baya iyi 3 aydir sorunsuz kullaniorm hic sıkntı cikarmadi;Positive
İnsanın evrim geçirerek ulaştığı en iyi organının mutsuzluk,en az evrim geçiren yerinin organının mutluluk vermesi ilginç.Evrime karşıyım...;Negative
Sabahlari biraz daha uyuyim diye gece gec yatmaya calisiyorum umarim basarili olurum bir insan 2 de yatip 7 de kalkarmi ya;Negative
Sabahtan akşama kadar esneyerek dolanıyorum. akşam eve gelince yine esniyorum ama gece olunca sanki tüm gün uyumuş gibi bi gram uyku yok.;Negative
#Turkcell cok gıcık oldum sana!!!!;Negative
RT @mandolinustasi: Mutlu bir güne sevdiklerinizle uyanın... http://t.co/uuk89wNMpK;Positive
İl Skm Açılışımız Büyük bir Coşku ile Gerçekleştiriliyor @avmustafakose @bahattinbyrktr @Yusufiseri07 http://t.co/BjVvl6rKMc;Positive
Nasılda özlemişim ya :) #nida #benim #dostum #canım #biriciğim :) 💗💝💟💖👠💄💄👠 bir kuzenden daha… https://t.co/TUSKmjTdRP;Positive
#parasineyseverelimde Şu turkcell reklamlarından kurtulalım be hacı !;Negative
#canimannem #canımkardeşim #mutluluk;Positive
1 sn de nobetci eczaneleri bulup 1 km yakındaki eczaneyi 1 saat aramaya gerek bırakmayan Turkcell pusula uygulaması seviyoruz seni;Positive
Fazla sevmeyeceksin abicim. Ben bunu der bunu bilirim. Aşk nefret gurur hırs mutluluk bunlardan hep bir tutam olacak.;Positive
bence bu film çok sıcak bir kardeşlik öyküsü.. ailesinde zihinsel engelli bir yakını olan herkezi etkileyebilecek çok önemli detaylara sahip.;Positive
unutmayalım ki perdeye düşen her Türk filmi ne zaman en az bir milyon seyirci toplar ise işte o zaman herkesin beğeneceği filimler çıkar;Positive
Git hadi git ciğerim yanıyor, son gece bu beni sevsen ne olur.;Negative
varamaz gecenin farkına varamaz uyuyanlar https://t.co/tdCZCD0rLT;Negative
Haram olan bişeyden mutluluk beklersen hayat sana koskoca bir nah çeker işte;Negative
RT @voltarenvultur1: Her Defasında İpleri Birbirine Dolayıp Elimde Tutamadığım Bir Uçurtma Misaliydi Mutluluk...Ya Ben Beceriksizdim,Yada R…;Negative
RT @GNCRSL: Memleketime bahar gelmiş her yer yeşillik insan etrafa baktıkça içi açılıyor hava mis;Positive
Bazı insanlar huzur kokuyormus;Positive
RT @BirDubLeRaki: Aslında mutluluk rakı kadehinin son damlası gibiydi, içtik ve bitti.;Negative
RT @13burrc: TERAZİ: Güzel gülebilen ender insanlardan birisin o suratının astıranlar utansın mutluluk kapında.;Positive
Bugün siyasete bahar geldi... Cumhurbaşkanı bisiklete bindi, Başbakan Galata Köprüsünde balık tuttu... böyle görüntülere ihtiyaç var;Positive
Abvsdfghjl akşam bunun yüzünden yemek yemedim ben pis iğrenç 😏@damla_atamer @Obeybi_SEVVAL;Negative
#SedefeÇözümDrİlteberBahadır Hiç doğmamayı isterdim ama bir kere doğmuşum ölmek yasak.;Negative
Evimdeyim oh mis huzur dinlenme (@ 🏡 💕 Petek home 💕 🏡 in Istanbul) https://t.co/CZGBtO8xrU;Positive
Keremin gülüşü kelimeler yetmez anlatmaya yazdıklarımı görsen keşke iyiki varsın? @KeremBursin #MutluluğunTekFormulü;Positive
#PazarlamaKonferansi Turkcell ile yine cok keyifli bir konferans baslamak uzere.;Positive
Yarama merhem olan sözleri vardı, şimdi ne sözü ne kendisi var. Velhasıl bıraktığı kocaman bir yara var, kabuk bağlamak bilmeyen.;Negative
Bi gün pişmanlık kapını çalarsa benden çaldığın mutluluk gelsin aklına;Negative
Gece gece gelen dis agrisindan daha buyuk bi aci olamaz, bilin istedim :(;Negative
Vizeler mi bitti uzun soluklu tatil başlasın o zaman :) http://t.co/SGsKRoXLE1;Positive
Ayyyy bahar gelmişş 🙈🙈 bak cidden bu sefer 😂;Positive
@nimetgonulal1 @66serdargokhan bizde bir tünel 3 defa açıldı normaldir;Negative
4ceker turkcell sanirim bi tek benim oldugum yerlerde cekmiyo..;Negative
Gece gece dolabı yedim be;Negative
çekirge ssk civarlarında türkcell sıçmış durumda tek diş hat var be utanç verici bir durum utandım ben şahsen:;Negative
Bizim köye bahar gelmis anne Zafer işareti🙌🍀 #papatya #bahar #pembe #huzur #burda @ Borlu, Manisa, Turkey https://t.co/EGfU0j7qG8;Positive
Bu Turkcell cok iyi lan.Durduk yere mesaj atıyor, kampanyalarıyla mutlu ediyor falan.Sevgilim gorup kıskanır umarım.;Positive
Benim teyzem gibisi yok bir bir bitane 💞💑 http://t.co/O87PdsEooC;Positive
Nihayet bahar geldi 👋😎☺️ #caddebostan #sahil #sunny #day #saturday #relaxation #beach #sea #weekend https://t.co/xDU5Ohfuyr;Positive
Hava miss.. Bahar kokuyor (@ Dragos in İstanbul, Türkiye) https://t.co/lq5oZBReIL;Positive
yok arasaniz ne olacak bilmiyorum 3 saattir baglanti kuramiyorum yine wifi deyim bir de vinn diyosunuz kanser olur insan;Negative
RT @motorlukiz: Karşim iyiki doğdun😊 Yeni yaşın sana sağlık, mutluluk ve bol handeli projeler getirsin😂🎊🎉🎂🎁🍻🍰 @adibileyok http://t.co/OvKH…;Positive
Gece gündüz hastane..primer acil.. önce sağlık.. sağlıklı geceler 🙏🙏;Negative
RT @bilemezdimki: Daha fazla güçlü görünmek zorunda olmadığım bir yerde uyandırın beni.;Negative
RT @Akparti_destek: Halkın %51 oyuyla gelmiş bir Başbakan ve hükümet ancak halkın oyuyla gider. Herkes sandığı kabullenmezse bu ülkede yaşa…;Negative
her gece annemden gizli ağlamaktan bıktım.;Negative
4- Hepsiburada'ya, KVK'ya, Turkcell'e, Vodafone'ye Sövesim geldi sövmedim. BlackBerry'e sövesim geliyor, sövmicem. Ben o Noel'inde ...;Negative
RT @lobteksab: Çok güzel bir gün oldu bütün tribüne teşekkürler :))))));Positive
:s bide heryerde 4 çeker diyorlar..;Negative
butun cuma gunleri boyle olsa.. :)) Turkcell #pazarlamakonferansi - Charlene Li;Positive
Her gece duaların da olan, deli gibi sevdiğin birini unutmak mümkün mü?;Positive
Çok şükür! superonline ile problemim çözüldü.;Negative
Ofsaytı biliyorum , pes oynamayı biliyorum , yemek-temizlik desen on numarayım eeee eksik olan ne ?😒😒;Positive
İşte karşınızda Turkcell'in ışık hızında 3G bağlantısı. Muhteşem!;Positive
RT @hatuncokiyi: Nutella kavanozunun dibi ne kadar hüzünlü bir manzara.;Negative
RT @stolgayucel: Bir deri ayakkabı mı insan yapar seni,yoksa elinde kitabı olan koskocaman yüreğe sahip bir adamın terliği mi?Gece sandığın…;Negative
En sevdiğimle, en sevdiğimiz yerde :) #sesimseninleolsun #bahar #papatyalar #seğmenler @ Seğmenler Parkı https://t.co/r5B4rAn4gV;Positive
Internetim hizli diye siniftakiler film/dizi indirttiriyor mesela. Useniyorum. Neyse yariladim zaten. Eheh yasasin Superonline!;Positive
Gece gece ciğköfte candır benzemez koma geneye😂 (@ MAYDA's HomE) https://t.co/qekz9E4414 http://t.co/31RtF4qrJU;Positive
RT @cigdematabek: Siyasette olduğu kadar spor dallarında da oldukça başarılı ve yetenekli bir Cumhurbaşkanımız var :) http://t.co/X0XsAFY1gx;Positive
superonline hayrına aramaz pek. bence aç yüzüne kapat :));Negative
Tıpkı bahar gibi tıpkı haziran gibi yılmadan. Direnmeye devam edicez;Positive
gece gece engelde yediğime göre rahat rahat uyuyabilirim;Negative
Öf sıkıcı bir gece amk;Negative
RT @hagi1453: Mustafa Destici'den çok güzel bir soru http://t.co/ZiCZhUmPL0;Positive
RT @Emtibieber: bu kızın fotoğrafları niye hep yemek yerken ak #ChosenMusicAwards #Beliebers;Negative
RT @nejatisleer: Sen bir kere gülüyorsun, benim bin kere aklıma geliyor.;Positive
RT @CeydaOgur: 🌲🌹🌲MUTLU AKŞAMLAR 🌲🌹🌲 Huzur mutluluk sevgi saygı dolu bir akşam dilerim. 🏡💖😊🙏 http://t.co/0Deu58gVi3;Positive
Bu gece twde kafa insanlar yok;Negative
bu gece herkes aşk acısı ve saçma sapan şeyler yazmak için mi giriş yaptı;Negative
#turkcellmuzik Konser İçin Çok Teşekkürler !;Positive
KAAC GECE AGLADIM, BOYLE GIZLICEEE;Negative
RT @SernurY: Bugün siyasete bahar geldi... Cumhurbaşkanı bisiklete bindi, Başbakan Galata Köprüsünde balık tuttu... böyle görüntülere ihtiy…;Positive
süperonline interneti ttnet e kiralıyormuş ben 2 ay önce geçtim süperonline a çok memnunum:);Positive
Erken yatmanin verdigi mutluluk 😊💤Tatli ruyalaaar;Positive
T @cografyaci0101: #yetmiyor atamasi yapilmamis ogretmenler 2 kez ankara eylemi yapti yetmiyor 3.ankara eylemini yapiyoruz 20 nisanda;Negative
Birgün pişmanlık kapını çalarsa, bana vermediğin mutluluk gelsin aklına.;Negative
EEvet lan :D ama abi türkcell cok kazık;Negative
of bu nasıl bi gece çok kötü ama en kötüsü değil;Negative
RT @EmreBuyukbudak: @eminonen Gönül almayı bilen olmak farklılık http://t.co/1QdoFBice4 seni seviyoruz özü bir sözü bir öz Urfalı http://t.…;Positive
oooffff.. gece gece naptın be @istanbulfm886 bu şarkı her defasında beni benden alıyor..;Negative
Öl turkcell, öl !;Negative
sen neleri cozmussun burası ne ki senin icin sekerim:)) bu arada Turkcell reklamı ve senin yorumun şahane..tebrikler canım..;Positive
la bebe siye gece gece uğraştırma beni;Negative
Gece gece bu ne laaan ortaklık ayağa kalkti allahtan bugün gitmemisim sainte :D;Negative
#3kelimeyle2011 Turkcell beni uzdu.;Negative
Gece gece yapılıcak en kötü şey eski mesajları okumak. Oturdum geçen yaz almanya zamanındaki sohbetleri okudum da, ağladım ağlıycam :(;Positive
Gece herkese gecede ben günlerdir uykusuzum... #KazımKoyuncu;Negative
:)) senin icin de sahane bi yil olsun selocan, bir de iyi haber, artik oyle dusunmuyorum, kesinlikle haklisin! :));Positive
@Himesovski Şadi: Mutluluk, sevinç :d;Positive
baharın ilk dondurmasıyla iyi gelmez mi hiç deniz havası😌🌊☀️💕 @ Agva Sahil https://t.co/orKbb7wzzg;Positive
RT @pedergusto: intihar ediyonuz amk bu ne mutluluk http://t.co/6raHx2w0Kg;Negative
Memleketime bahar gelmiş her yer yeşillik insan etrafa baktıkça içi açılıyor hava mis;Positive
Yav bi susun yeter yav,gece 2 oldu ne düğünmus be;Negative
#turkcell #avea Ariköy sitesi akkavak sokak no 11 uskumruköy sariyer'de telefon cekmiyo, 1 aydir ariyorum sizi bi vericiyi tamir edemediniz;Negative
Gündüz birasıyla bahar kutlu olmuştur😁😁😁;Positive
Bahar geldi.Hoşgeldi... http://t.co/nWJLLD7jyp;Positive
yeni aşk hayatında mutluluk filan dilemek mi bak sakın 🔫;Negative
Önce iletim raporu geliyo sonra bakıyorum iletilmedi beklemede. Turkcell sen benimle dalgamı geciyosun acebaa?;Negative
bu ilk bahar hiç bitmesin mutlu oluyorum;Positive
Çok içerlendim ya gece gece selena gomez kilo almış obez olmuş hayvan olmuş ama yüzü güzel hala güzel;Positive
Sabah olup erken kalkmam gerekince, bütün gece tweet okudum neden uyumadım diye çok üzülüyorum.;Negative
:)) 1,5 saat ise süper.. Normalde atatürkden gidiyorum ama turkcell sunexpress kampanyasından yararlandım ucuza geldi baya :)));Positive
#BeyazShow Neşe Eğlence Komedi Kahkaha Mutluluk Demek Beyazıt Demek adamın Hası O kadar net;Positive
#yeniyildanistegim yeni yıl TADIM ve TURKCELL reklamındaki gibi olsun :);Positive
Londra gibi bir sehir de metrolar neden sadece gece 12ye kadar? :(;Negative
RT @tuba_tmd: Özür dileyip pişman olanlara daha çok kızdığımız doğrudur. Bu gece de bu salaklara yakacağım bir adet sigara.;Negative
RT @DilsadSimsek: Canlarrrr @dmtzdmr @filizpakman Çilek Kokusu'nu sabırsızlıkla bekliyoruzzz👯👯😍🍓🍓Hayırlı uğurlu, uzun soluklu, bir arada ço…;Positive
@kozo1967 isyanlardayım gece çalışmaktan nefret ediyorum be kenks;Negative
Kapanmaz gülüşünün açtığı yara;Negative
Hoplaya zıplaya sevinilesi bir hava var 😄;Positive
@Gorkemozden_17 gece gece paylaşmak zorunda mıydın bunu😒😒😒😒;Negative
Doların artışı(dolar aldığım için)beklediğim hedefte değil bu bana #yetmiyor .hadi dolar!!!!! bana kızmayın.hukumetin suçu.;Negative
Gece gece iyi güldüm 😂😂😂😂😂😂;Positive
eğer ayın 26sında hala eline ulaşmayacaksa, 16sında geliyor diye reklam yapma turkcell.;Negative
Film olarak çok zayıf kalmış, bir yönetmenin yapması gerekenlerin hiçbirini yapamayarak projesine sahip çıkamamış.;Negative
Küçük ablamın kime çektiği konusunda hiç bir fikrim yok. Doğuştan memnuniyetsiz adam;Negative
#2012hayallerimin ilk sırasında aylardır söyleyip durduğum gibi numaramı Turkcell'e taşımak var. Hayal olarak kalmasın ama. Nioğğlur.;Positive
RT @samil_murat: Tabii ki, iyiyim,;Positive
Gece ölür insan ve sabah dirilir. Her yeni gün yeni başlangıçları getirir. Gününü şifalandır. Affet ve özgürleş. Nms;Positive
Reklamlarda turkcell ve coca colayi tek geciyorum;Positive
yada ceremesini ben çekiyorum. Sanırım artık 13 yıllık Turkcell hizmetini değiştirme vakti geldi. Vadafone haklı galiba.. Pess....;Negative
İzleyin en ağır eleştiriyi yapın, ama lütfen filmi görmeden yorum yapmayın. Çok ama çok güzel bir film olmuş.;Positive
Uykuyu bu kadar sevipte gece uykumuz geldiğinde ona direnmek ayrı bi manyaklık;Negative
Gece yarısı bir dua nice bin belayı def eder;Positive
gece gece bu ne mutluluk amk http://t.co/sWVYAwg1ly;Positive
RT @jsarieroglu: Etimesgutta kadin esnafimizin yogunlugu mutluluk vericiydi. Ak Parti ile kadinlar daha güçlü... http://t.co/zUfPfgCsUD;Positive
mutluluk deyince aklıma hiçbir şey gelmiyor;Negative
@Melissa_C33 melis naptın cnm gece gece beni mahvettin;Negative
Bahar geldi ve ben hastayım 😷😴💊;Negative
RT @MehmetYesiil: Büyük bahar temizliği vatanımıza milletimize hayırlı olsun! 1176 paralel emniyet müdürü emekli edildi. http://t.co/3wpi2…;Positive
@sopranoAT AĞAM ALLAH RAZI OLSUN.BU GECE NEFSİMLE BAŞBAŞA KALACAĞIM....;Positive
FAZLA ÖDEDİĞİM FATURAM HALA TURKCELL TARAFINDAN GERİ ODENMEDİ MŞT.HİZ ALDIĞIM CEVAP EFENDİM BİZ BU KONUDA YARDIMCI OLAMİYORUZ;Negative
En iyisi düşünmen bile vakit kaybı :D;Positive
Her gece dua eder oldum seni rüyamda görebilmek için be Yukarıyı gösteren işaret parmağı️;Positive
RT @Gaziantep27MHP: Karşımızda sadece AKP'li milletvekilleri adayları olursa, açıkçası ben bundan mutluluk duyarım.;Positive
Tedaşın yeni oyunu bu olsa gerek. Gece elektrik kesiyorlar Namussuzlar;Negative
çorlu merkezde 3g yayını var iken 24 ay abone olarak multivinn aldım.20 gün sonra 3g kesildi.nedenin sordum ? şu anda öyle dendi !;Negative
RT @KYMyetim: Tek silahı #sevgi olan 200 bin terörist! #ŞapkadanTerörÇıktı Bu #mutluluk #yetim kalmasın. http://t.co/JdmK0W8PEm;Positive
Film bir dizinin bir bölümü gibiydi.;Negative
Beni balık etli kadın yalanına inandırdınız hunharca yemek yemeye başladım. Evde kalırsam hepinizi keserim.;Negative
RT @JeieJey: Göklerde kartal gibiydim,kanatlarımdan vuruldum,mor çiçekli dal gibiydim,bahar vaktinde kırıldım :( http://t.co/RW733PQeXf;Negative
30TL yükledim diye dünya kadar mesaj gönderen Turkcell 100 TL yüklesem kapıma dayanacak, 200 TL yüklesem nikah kıyacak herhalde...;Negative
zuzu turkcell 2 gündür mesaj atmıyo kesin baska biri var :(;Negative
çok iyi tanırım kendisini.turkcell tim gürhan abi dedinmi bende akan sular durur.#turkcelltimgurhanabiyitanıyaninsanlartanıyorum.;Positive
RT @erkanzagal: #MutluluğunTekFormulü görme engelli adamlara yardım eden bu anne maymunun yüreğine sahip olmak http://t.co/pVeRx22JvN;Positive
#simdikiaklimla tim 'den taahhütlü cihaz almazdım...;Negative
Sonunda güzel bir icon yapabildim kendime 👍👍👍👍;Positive
Öğrenmek istediğiniz numara Turkcell numarası değildir diye bi mesaj geldi sanırsam numarası taşıyanlardan biri... siktir et uğraşamam ya...;Negative
#turkcell adinda bir telefon operatoru var.deli dumrul dan besbin beter.Para carpmanin adi #turkcell olmus.eline ver kolunu kurtaramiyorsun;Negative
Rakı muhabbet gerektirir:) o yüzden Twitter bugünlük için yeter.. Hepinize güzel ve keyifli bir gece olsun😊;Positive
Eğer düzenli olarak küfür etmek istiyosan ttneti seçebilirsin;Negative
Açlıktanda ölebilirim en son 3te yemek yedim;Positive
6 7 ay oldu rahatladim. Korkulu ruya gormektense uykusuz kalirim.;Negative
"Ne zaman yoğun şeyler yaşasan o an bi msj gelir , atan Turkcell'dir. #BuBoyledir""";Negative
#keske TURKCELL 2 ve 3 Gb internet paketlerini de hizmete sunsa da bende limitimi doldurdugum ve EKNET de alamadigim icin magdur olmasam!!!;Negative
soz verdigi gibi aradi, gorustuk. Tesekkurler Umarim en kisa zamanda cozume kavusur sorunumuz;Positive
Bu gecede bunla iyi geceler diyoruz :) esen kalın;Positive
Geçen yaz gün olur ararım diye otelden yürüttüğüm pamuk parçası bile anlık mutluluk sebebim oldu ya pes peeeees http://t.co/a2XvZLhLGm;Positive
Yine gece gece piçlik damarlarım kabarmaya başladı ☺😊😀😁😂😃😄😅😆😉😎;Negative
#parasineyseverelimde şu kubatın olduğu turkcell reklamları bi kalksın;Negative
#2011MARKA keske suan orada olsam:( Turkiye'de gerceklesn en degerli olusumlardan.Benim icin konferansn en degerlisi ise tabiki TURKCELL );Positive
@bifenodegil mutluluk gözyaşları bu sefer :D;Positive
bir van gogh'un yıldızlı gece tablosu bir de akşam güneşi vurmuş rakı kadehi..ikisi de muazzam sanat eseri gözümde..;Positive
tatil dediğin de göz açıp kapayıncaya kadar bitiyor bak. İyi Geceler;Negative
#2012tahminleri Turkcell'deki sesli komut anlama sistemi hayatın her alanına yayılacak.;Positive
#uydunet bu ay turkcell faturamı sen öde mümkünse... iki gündür ne tv var ne internet... turkcell e eğilmek zorunda kalıyoruz sayende....;Negative
Ben artık korkmuyorum, her şeyde bir hikmet var.. Gecenin sonu seher, kışın sonunda bahar......;Positive
3kelimeyle2011 Başarı, mutluluk, sağlık;Positive
#TURKCELL senden çok büyük şlikayetlerim var;Negative
RT @Batman_dark_: Oktay Kaynarca 15 yıl hapsi istenince açık konuştu: ''Gezi başlı başına bir hataydı'';Negative
zaten 4 çeker diyip metroda çekmeyen tek slogana sahip :(;Negative
hahaha turkcell beni seviyo :);Positive
film komik değil ama kendine has bir lezzeti var. Çok doğal çok gerçek.;Positive
bi turkcell mesaj atıyo bi de turkcell ve bi de turkcell :(;Negative
psikolojik gerilimi oldukça iyi yansıtan bir film.;Positive
Çözüm varmı bizde hala superonline çözüm bulamadı :);Negative
RT @melutimurtas: bahar gelince bey öğrencilerimizin italya modasına uygun giyinmesi çok hoş.;Positive
Büyüyünce geçer dedikleri mutluluk bence;Negative
İki biranın verdiği hal ne güzel. Sarhoş gibi değil ama bi adam sen decilik bi boşvermişlik bi hayat paylaşınca güzelcilik. Evet.;Positive
RT @TeyfikOnurlu: Bence mutluluk çok özlediğin insanı bir anda karşında görüp ona sarılmak.;Positive
Biz neden uyuyamiyoruz birisi aciklasin bunu belediyenin cop kamyonu soforleri gibiyiz ak gece gece dolaniyoruz;Negative
"RT @oncebidinle: Dün gece kulüplerde kucaktan kucağa gezen kızlar, ""hayırlı cumalar"" başlığı altında dua veya hadis paylaşmadı mı hala!?!";Negative
#turkcellfestival Harika Yorumlarından dolay model'e teşekkürler ve tabiki turkcell e :);Positive
Offf ulan offf mutluluk neden bu kadar uzak bana nedennnnn;Negative
yine bütün TİMlerin yepyeni tabelaları değişiyor. bu ne israf ya vergiden mi düşüyorsunuz napıyorsunuz ? anlamadım;Negative
#turkcellmuzik Bengü Hiç bitmesinn bu seni çok seviyorummm türkcell çok teşkkürler bize böyle bir anı yaşattıgın için;Positive
faturala, müsteri uyanık cıkıp hakkında ısrar ederse uzatmadan faturadan düş. Ben uzatmadım, cunku Türkiye'de artık;Negative
#3kelimeyle2011 Gelecek Güzel Gelecek;Positive
Erguvanlar da açmış... özledim bir bahar havasını çiçek kokularıyla süslemeyi...;Positive
Bugun turkcell bana kiyak geciyor :);Positive
evimde #turkcell hiç bir şekilde çekmiyor.. incelenmesi için ne yapmam gerekiyor acaba? teşekkürler.;Negative
Gece oldu mu her yeri her yeri yak. #sehabe;Negative
en kısa süRe içiNde supeRonLine iLe oLan iLişkimi biTiriyoruM,iLanen duyRuLur..;Negative
Bu hayatta en yakınım dediğin insan bile seni üzebiliyorsa bırakalım mutluluk kenarda kalsın;Negative
#turkcell mudo indirimin güzel olmuş valla ya.;Positive
Iyi yemek, iyi şarap ve şahane sohbetin peşinde bir gece daha 💟 #bağzıaksamlarçokbeirut biri #idealcumaakşamı mı dedi? 🙊 @sevdenurcagan;Positive
RT @13burctahmin: ♑ OĞLAK : Senin için boş vakit diye bir şey yok. Zamanını dolu dolu geçirmeyi çok seviyosun, gezmek ve eğlenmek yaşam fel…;Positive
Nihayet temiz ve akıcı bir canlı yayın izleyebiliyoruz. Tebrikler...;Positive
00.00'da mesaj atacam salak ne kadar sevinecek. -Turkcell;Negative
Gripten nasıl kurtuluruz?: Abdi İbrahim, baharın gelmesine rağmen artan grip vakalarına karşı… http://t.co/6lrPukLyLL #takipleselim;Positive
Sıkmayan , gayet neşeli ve güzel oyunculuğun olduğu iyi bir film.;Positive
ergenim ben tamam mı? Turkcell'in kalıplarına tüküreyim,o dedi. Bok mu vardı ki şimdi uğraştım? Tamam sakinim. Evet. :|;Negative
3 aydır turkcell den arıyolar inadına açmıyorum,yok sesli mesaj falan bırakmalar yemezler öyle kolay kolay.;Negative
Yorgun bir gece.;Negative
Bi turkcell calisani olarak soylemek istedim Superonline=Turkcell ,hizmet kalitemzden hic suphe yok:)tabiki superonline;Positive
RT @AtillaTasNet: Bu insanları gördükçe ne kadar doğru bir yerde durduğumu bir kez daha anlıyorum. Menfaat ne pis bir şey arkadaş! http://t…;Negative
Şafak Türküsü Gece Hüzne Eş. ..;Negative
00:00'da mesaj mı atılır lan? amına koyim turkcell!;Negative
en güzel kelimeleri bir araya getirip seni mutlu etmeyi de bilir bir Başak... ve… http://t.co/9nskYCSZ4z;Positive
Ya gece gece aglamak ne;Negative
Çin, Türkiye ekonomisine olan güvenini, için verdiği 250 milyon dolarlık krediyle kanıtlamış oldu.;Positive
OY VERSRSENİZ MAKBULE GEÇER GENÇLER :);Positive
Bir Acar dünyaya geldi bu gece :) Amcamın oğlu oldu allah analı babalı büyütsün inşallah ☺️☺️;Positive
Gece cok nays;Positive
O gece elimde ki sigaradan daha cok yanmıştı içim.;Negative
çalarken dinletlerde Blues müzikler niye yok?!;Negative
Yatakda cips yemek en büyük favorim 😄😄;Positive
3 gunde 1 gb nasil biter nasil pis turkcell:(;Negative
Çok muhteşem bir gece Cansu hanım da maşallah harika hazırlanmış.#gidengelmiyor;Positive
Kubat turkcell reklamının sonunu halkalı şekere bağlıyacak diye öylesine korkuyorum ki.;Negative
goturun bizi gidelim vallaaa GNCTRKCLL;Positive
15 dk'lığına meşhur olma olayını gerçekleştirdiğime göre huzur içinde ölebilirim <3;Positive
Birde sabah uyanınca sevdiğin insandan gelen uzun mesajın verdiği mutluluk var. Varmış yani ben bilmiyorum da duydum.;Positive
evett katılıyorum mehmetcim turkcell in cekeme gücü mükemmelll :( hic bi yerde cekmio..!!;Negative
#BuKutudaNeVar yayında inanılmaz VIZILTI var..teknik masa..lütfen çözün.....;Negative
Mutluluk bir rüyadan ibarettir, yalnız adı vardır, onu bulmak kolay değildir.(Voltaire);Negative
Gece gece bölümleri tekrar izleyip ağlamakta üzerime yok #LeylaİleMecnun;Negative
RT @KetcapliSumuk: Zayn'in perrie veya da nohutla deil de annesiyle katılması da ayrı bir mutluluk..;Positive
#IzmirAway i hic yazamıcak olmak bence mutluluk kaynağı. İzmirli olmak, Izmirde yasamak güzel. Nerden nereye bağladım konuyu :Dd;Positive
En pıtırcık mevsim bahar •°•°;Positive
KMal mısın tabiki de gece gece yemek yiyorum 😊🙈;Negative
@HatiCetin112 sen dur herşey daha güzel olucak bahar geliyo beni dinle yeter gene hain yaramaz planlarım vaaa:);Positive
RT @AnilCkc: Ben her gece ağlaya ağlaya sana kızarak uyudum. Ve her sabaha seni en başından severek uyandım. Bu canımı nasıl yakıyor biliyo…;Negative
RT @gokselserkan: Kardeşlerimiz Hiçbir Menfaati Olmadan,Gece Gündüz Demeden Ak Davaya Hizmet İçin Ellerinden Gelenin Fazlasını Yapmaktadır;Positive
RT @alpersenal: @berkayylmaazz mutlu musunuz amk gece gece canımız çekti;Negative
3G ve E kapismasi beni bazen cok yoruyo, hangisini kullanicama ben karar versem nasil olur sevgili #turkcell ?;Negative
RT @kardelenlericin: Bir ülke düşünün eğitim kongresinde öğretmenlerden söz edilmeyen!! O ülke ne yazık ki Türkiye!! @memursen1995 @EgitimB…;Negative
Kadikoyun ortasinda da 3G cekmiyorsa nerede cekecek, istanbulun gobegi kurtkoyde mi sevgili turkcell?!;Negative
Beklemedigin bir anda beklemedigin bir şarkıyla yüzünde bir tebessüm belirir de icine mutluluk dolar ya hanı iste dersin o zaman iyi ki :));Positive
Bir başka mutluluk müjdeliyor sanki çiçekler.;Positive
#SöyleyinOna gecenin bir yarisi ''napicam lan ben '' diyip ağladiginda anlayacak caresizligi.;Negative
#gercektenbiktim avea türkcell vodefone reklamların dan tiskindimm haaa;Negative
gece saat 01.24 bu kalp sana hasret be Cardozo;Negative
Sana ne kadar teşekkür etsem azdır Turkcell :);Positive
Yatak aldim, yorgan ve yastigi Turkcell verdi :);Positive
Gece gezmeleri 🚘 http://t.co/inda4xtmXl;Positive
Aile 😍👪😘 mutluluk☺ 💛💕💞💗 (@ Kastamonu in Kastamonu, Türkiye) https://t.co/V5ZnxLKKY9;Positive
ınternet paketım bıtmek uzere ya 1 ay bıle olmadı turkcell allah belanı versın;Negative
Isletme ogrencisine ancient Egypt diye ders koyana da, utanmadan sinavini yapana da guzelce sovdum bu gece...;Negative
Geceleri metabolizmam fazla çalışıyor benim yanlış ayarlanmış galiba gündüz acıkmıyorum gece olunca bir kuzu devircekmişim gibi;Positive
Bi turksel bi de dijiturkten cektigim kadaaar ....... :;Negative
Beyaz show da Zara mukemmelsin bu gece;Positive
Bu gece başka güzell 😊;Positive
:)Sevgilimi 'Turkcell' diye kaydettim. Kimse gelen mesajlara bakmıyo artık . Aklınızda bulunsun :-);Positive
yeni yılda daha uygun internet paketleri bekliyoruz turkcelden.;Negative
RT @elaa3535: .....Mutluluk avuçlarımdaydı yakalamıştım ama kaçtı :);Negative
Her izlediğimde bir film ne kadar mükemmel olabilir diye düşünüyorum daha da iyisini yapıyorlar ilginç;Positive
Öyle çok şey istemiyorum bi tutam sevgi ve birazcıkta mutluluk istiyorum artık yaaa;Negative
şimdi türkcell'de nereye yağ çekeceğini iyi biliyor :);Positive
Ben bişey yapmadım senin hatan baba dolaba pasta birakilirmi gece gece;Negative
allah belanızı versin.ulan acil işim olsa kanser edersiniz adamı ben ses tanıma kaydı yapmak zorundamıyım kardeşim.;Negative
teşekkürler başarılı ve akıcı bir film.;Positive
Üç günlük dünya için gayret üstüne gayret,Ebedi bir yaşam için gayret yok hayret.;Negative
Siz şimdi ikinci mesajı neden atmıyor diye üzülüyorsunuz ama ikinci mesaj her zaman mutluluk vermiyor.;Negative
#YeniYilKararlarim RT yapana masaüstü bişisi veriyoms.sen önce kazığı sok malum yere sonra takvim ver.ver allahım vr..tavaynan!;Negative
RT @zamancomtr: Kimse Yok Mu'nun faaliyetlerine terör demek, çılgın ruh halini gösteren bir vebaldir;Negative
:))) :((( hayat paylaşınca güzel mutlu olmak varken niye bizler kıymetini bilmeyiz;Positive
45dk da anca anlatabildim derdimi sonunda sistemimizde problem var dediniz. Saka misin??;Negative
ömrümü yiyen iki şeyden biri turkcell -.-;Negative
#turkcell çık hayatımdan.;Negative
RT @siyahBeyaz19903: AH MUTLULUK À... http://t.co/o0D3ZqCKpq;Positive
Parasi onemli degil turkcell iyi :D;Positive
İnadına yapar gibi ne kadar yemek reklamı varsa koymuşlar televizyona;Negative
Gece 12-1 maç mı olur amk;Negative
SİVAS'LI OLMAKTA AYRI BİR MUTLULUK.;Positive
@silveristans Bahar sevmiş sizi biraz.. hepsi bu :);Positive
Evet daha hızlı diye evimize ulaştınız ama daha 20 mbit in 4 ün üzerine çıktığını göremedik.;Negative
gördüğüm en adi şerefsiz kurumsunuz;Negative
mutluluk diye bişey yok;Negative
Mutsuzlukla yoğrulmuşuz mutluluk bize haram...;Negative
RT @akgenclikbeykz: Hem bir evlat babası, hemde tüm İstanbul Gençliğine Abi olmaya niyetli olan bir Başkan. Gençlik Kolları Başkanı'mız @me…;Positive
Bir gece daha kaybetim...;Negative
zamanında millet bbgyi kınardı özel yaşamı öldürdü diye şimdi herkes kendisini göstermenin derdinde çok ilginç =);Negative
Her gece bu saatlerde özlerim seni...;Positive
"""BereketLi bir Gün diLekLerimLe ... http://…";Positive
32 GB Gold paket gayet iyi :);Positive
@jajlafzen güzel şimdi uyu. Yemek yeme koca götlü olursun, sigara içme ölürsün(acı çekerek);Negative
4 çeken wınn ewde nie 1 çekiyo hep açık havadamı kullanıcaz turkcell bunu nasıl düşünemedin yaaa;Negative
Aminakoyim gece gece ne öfkelendim;Negative
Boyuna mazota,benzine gelen zami ,hunharca tırmanan doları dusunuyo insan,bir tatlı huzur bulamıyor ki;Negative
bu gece alsancakta klarnet çalan dayılar çok iyiydi ama yaşlı teyze göt üstü düşmese iyiydi;Positive
Karşim iyiki doğdun😊 Yeni yaşın sana sağlık, mutluluk ve bol handeli projeler getirsin😂🎊🎉🎂🎁🍻🍰 @adibileyok http://t.co/OvKHqjcLk8;Positive
Gece gece başladılar yine karamsarlığa daha 8 hafta var puan kaybeden tek takım biz değiliz her an her şey değişebilir az güvenin şu takıma;Positive
Keşke bu kadar iyi tanımasaydım da gerçekleri bu kadar net göremeseydim dediğim bir gece daha..;Negative
@diyet_bozan Siz her gece benim başıma bela mısınız ya? Bütün hayallerimi yıktınız!!!;Negative
4S'ime kavustum sonunda, eski meslektasim Sümeyye Öztürk sayesinde, harika bir Turkcell calisani:);Positive
Gece gökte yıldızlar da dinleyin dertlerimi;Negative
superonline a gec kafa rahat :);Positive
Fragmanlarını izlediğimde çok beğenmiştim. Şunu düşündüm bu film Amerika yapımı olsaydı Levet Üzümcü Oscar adayı olabilirdi;Positive
Özgecanımızı unuttun mu Fatih Abi Bu olanlara insanın aklı #yetmiyor dimi ?;Negative
Mutluluk sınırlarımı aştım resmen;Positive
Bütün gece ağlamaktan helak olup ertesi gün hiçbir şey olmamış gibi güne devam eden canlıya kadın denir...;Negative
Dışarıda şiddetli esen rüzgar sanki bir çatıyı alip benim uyuduğum odanın penceresinden girip kafamı koparacakmis gibi bir gece 🐳🏃;Negative
Ne sevimsiz bir gece bu gece yaa uyku 0 0 0 !;Negative
RT @korkubilgileri0: Gece 3ten sonra cinleri düşünmek veya onlardan bahsetmek iyi değildir.Bir nevi onları çağırırsınız. http://t.co/9XxddB…;Negative
RT @Berktopgul: Sabahlamak için güzel bi gece ama uykum daha güzel;Positive
434,00 tl ödemeyi nasıl yapacağım acaba süperonline a içime oturur ya;Negative
dağlarına bahar gelmiş memleketimin.;Positive
RTÜK bu gece beyaza kaydı 😂😂;Negative
Vize tatiline gideyim derken bahar temizligine gelmişim .;Negative
RT @hagi1453: 2002'deki bir asgari ücreti 10 çeyrek altın alım gücü varmış şimdiyse yarıya düşmüş resim bunu anlatıyor anlayana http://t.co…;Negative
Yarının cumartesi olması çok mutluluk veriyor 😂;Positive
RT @Muthaphukkin_G: Koyu bir Semih hayranı olarak söylemeliyim ki Tuncay'a yapılan bu pislik söylemi lanetliyorum. #semih #ütopya;Negative
RT @siraliharfler: bir başkadır bahar akşamında çay keyfi..;Positive
Hiçbir acının geçtiği falan yok. Sadece zamanla alıştığınız için artık görmezden gelebiliyorsunuz, hepsi bu.;Negative
Bir şey bekliyormuş gibi yapıp içime dünya kadar umudu sığdırmaktan da yoruldum.;Negative
RT @Didemknrn: Büyük bir coşku ile Antalya İl Skm açılışımızı Bakanımız @lutfielvan Katılımları ile Gerçekleştiriyorz @rizasumer http://t.c…;Positive
"Çok dogru :) "" Turkcell'in 3G hızı ABD'de deki 4G'den daha hızlı :)""";Positive
RT @TweetSuvarisi: Kahrolsun kafamda defalarca canlandırdığım ama hiçbir zaman gerçekleşmeyen konuşmalar.;Negative
En yeni en iyi iPhone 4S interneti ile birlikte 99 TL'den başlayan tekliflerle Turkcell farkıyla....;Positive
Hayattan 20lik dişi alin geriye huzur ve mutluluk kalir arkadaşlar. Net;Positive
Bugunku mutluluk sebebiiiii👯 http://t.co/uGhDKj0AyI;Positive
Kahve Dünyasından 1 kahve alınca 1 kahve bedavaymış. Sadece bana özel bir kampanyaymış. Nabza göre şerbet veren sevgili gibisin be turkcell.;Positive
yarısını kaçırdım @nevzatcicek inşallah tekrarı vardır bu gece.. yada yakında;Negative
Bi Turkcell , bi de Coca-Cola reklamları beni derinden etkliyo lan;Positive
Çekim aşaması çok sancılı geçmiş lakin bu film olmuş. Çekilen sancılara değmiş.;Positive
yok cnm Turkcell hep öyle malesef:S;Negative
Bana sen olmadikca mutluluk haram;Negative
Ulan twitterıma virüs girdi kendi kendine tivit falan atiyo nasıl sinirlendim gece gece iş çıkartıyolar;Negative
ön ödemede değil cekim gücünde sorun. Hayat cam kenarında telefonla konuşurken guzel;Negative
#superonline abone olmak isteyen arkadaslarim oncelikle benim tecrubelerime basvursunlar. Eminim cevirmeli modemle baglanacaklardir.;Negative
4 çekmez , turkcelli pencere kenarlarında ancak acı çeker...;Negative
#turkcell dogum günü hediyen için tesekkürler :);Positive
Yanlış düşündüğüm için mi her gece yanlız üşüdüm?;Negative
Sadece bir anlık mutluluk 👊;Positive
Size bir itirafta bulunabilir miyim bedensel engelli insanlardan AŞIRI rahatsız oluyorum;Negative
Yaşasın bahar... http://t.co/Pr9hyAaoXB;Positive
Sahan Gokbakarin oynadigi yeni Turkcell reklami baya iyi. Very sweet you, very beautiful;Positive
Başarılarılarını kıskanmadığınız aksine gerçekten mutluluk duyduğunuz insanlar sizinle olsun;Positive
RT @konukulas: Geniş ve güvenilir omuz mutluluk verir.;Positive
#turkcell her yerde 4 çeker diye hava atma hala Kinaliada açıklarında çekmiyor telefon;Negative
RT @alberk_: Bazı insanlar dua gibidir, huzur verir.;Positive
#3kelimeyle2011 askerlik, ayrılık, işsizlik;Negative
1-2 sene içinde whatsapp desteklemeyen telefon kalmıcak kimse sms yapmıcak görücen ebeni turkcell;Negative
#3kelimeyle2011 süper bir yıldı.;Positive
Uyku tutmayan bir gece daha;Negative
Huzur dolu yɑrınlɑrɑ berɑberce ulɑşɑbilmek ümidi ile iyi geceler millet! #uyumavakti;Positive
iki kez denedim bişeyi paylaşmayı sürekli hata verdi vay anasını! sıçıyım internetine türkcell;Negative
Uçurum olur cellat olur her gece..;Negative
#3kelimeyle2011 enbuyuk ask, sagLlk,en cok egLence (:;Positive
@tubaeftelya Yolunuz düşerse ben de sizi görmekten mutluluk duyarım :);Positive
RT @BellonaBaty: #KaraParaAskSezonUcistiyoruz #KaraParaAşk masalda mutluluk var;Positive
:) :) yanlızken kim mutlu olmuşki seen olasın? Kendini kandırma! Bak sertb abla ne diyo ? Hayat paylaşınca güzel !;Positive
Çok keyifli ama bir o kadarda hüzünlediren bir filmdi. Yılmaz erdoğan filmlerinin bambaşka bir tadı vardır, şiir tadında, bu da öyle olmuş.;Positive
#turkcell bu ay ki giderlerini bugun benden carptigi paralarla yapacakmis.;Negative
RT @bilemezdimki: Onca şey geldi başıma, bunların arasında bir sen yoktun.;Negative
Bu nasıl bir mutluluk Allah'ım şükürler olsun.;Positive
sen olmadan sarılamam zaten bitanem eksik kalır yok olurum hayat seninle paylaşınca güzel;Positive
#turkcell den tiksiniyorum 3G fln hak getire artik.. Reklam kampanyalariyla insan etkilemeye calismaktan bska bi ise yaradiklari yok!!biktik;Negative
Kontör yükleyince yalakalik yapan turkcell gibi insanlar var.;Negative
Okkalı küfürler etmek istediğim bir sürü isim var. Gece yine aklıma geldi.;Negative
RT @eyvallaa: Mutluluk deyince aklıma hiçbir şey gelmiyor.;Negative
Bugün kıyafetlerim ve ayakkabılarımda bahar temizliği yaptım anladım ki ben adam olmam bütün param çula çabuta gitmiş😂😂;Negative
zor olsada kabullendim;Positive
:))) en iyi çekim gücü turkcell de var yinede;Positive
#parasineyseverelimde türkcell boş yere ikide bir mesaj göndermesin!!!;Negative
#superonline çalışanıyla birde davalık oldum,tamamen usülsüz bilgilendirmeyi ses kaydıyla ispatladıgım için birde dava açtılar bana :);Negative
#mira'm iyiki doğdun hayatımıza neşe kattın mutluluk kattın gülüşünle aydınlattın hayatımızı. Allahım…;Positive
Tsk #Zara gece gece efkarlandırdınnn http://t.co/e9lfwevnLT;Negative
RT @masalperisiiiii: hahahahaha ay koptum gece gece bu tip ne böyle özenti gençlik gibi 😂 #ütopya http://t.co/DCxLue4LWD;Negative
RT @muratkorkmaz09: Kaç para ulan bi mutluluk;Negative
Her anımın tadını çıkarıyorum yok böyle bi mutluluk 😃😃;Positive
Birden mutluluk geldi;Positive
Film gerçekten çok güzeldi. Yapılmış en iyi Türk yapımlarından biriydi. Uzun zamandır bu tarz filmleri bekliyorduk.;Positive
tam böyle yatmaya hazırlanırken burnuna yemek kokuları gelir uyuyamazsin yaa iste en buyuk acı bu olsa gerek;Negative
RT @tarikosmanoglu: Osmanlı kostümleriyle onu dirilteceğini zannedip tuvalet açılışına kürsü koyanlar, padişahlar fetih dönüşü tevazudan ül…;Negative
Bu nedir arkadaş..;Negative
zaten iletişim kalitesi çok kötü. Ben hiç memnun kalmadım Avea dan. Türkcell pahalı hizmet iyi;Negative
yarının cumartesi olması mutluluk verici gercekten;Positive
Ne çok hasret saklıymış bir günde;Negative
alsana lan ne beklıyosun :D hatta yanında bıde hat al turkcell olursa sevınırım :D;Positive
RT @balzamicsirke: Gündüz dertlenebiliyorsan gerçekten dertlisindir. Gece herkes bi dertli bi dertli zaten.;Negative
faturali hattima hic bir indirim hediye alamazken 20 tl yukleyen hazirkartliya milyonlarca dakika hediye;Negative
arkadaşlar neden filme gidip sonra yorum yapmıyosunuz;Negative
ya öf gece gece iyi güldüm he jbdjbfbcbcbhxhhfbd;Positive
Gece gece korku filmi izlicezz :D;Positive
Sanki sonu biraz aceleye gelmiş gibi.;Negative
firma ciddiyetine inandığım türkcell maalesef 3 aydır öyle problemler yaşattıki,ve maalesef tek muhatabınız müşteri hizmetleri;Negative
En kötüsü de, sms olmadığı zaman telefonum defalarca öter. Olduğu zaman ise, sadece turkcell kontürlerimi yemek için kampanyalar sunar.;Negative
4S'in taahütsüz satışı var mı acaba? varsa fiyatı nedir? 3GS'i de sizden taahütsüz aldım.2buçuk senedir memnuniyetle kullanıyorum.;Positive
Sevimsiz bir gece bu yaaa;Negative
4 çeker aslan :);Positive
Gün geçmiyor ki bir gece daha uyuyamayalım.;Negative
Gece gece kanıt dizisi mi izlenir lan korkarım uyuyamam;Negative
Gece esen rüzgar gibisi yok;Positive
1 gb internet pakedim de bitti lanet turkcell.;Negative
Kendimizi kandırmayalım şimdi.. Dünyada herkese yetecek kadar mutluluk yok.;Negative
RT @maske3g: 17*Lan Salak Gökhan.! Seni İninden Çıkartacağız Bu Gece.! Haddini Bilmeyene Ne Yaparlar Oğlan Çocuğu.? Öperiz Seni.!! http://t…;Negative
geceleri moralim bozuksa yemek yiyorum, yemek yedikçe moralim bozuluyo. bu döngünün sonu 110 kiloya gider böyle.;Negative
Ayların yorgunluğunu atmanın verdiği bir sevinç, bir huzur, bir mutluluk😊;Positive
hattin ne? Turkcelli tavsiye ederim degilsen eger ben yeni tasittim direk memnunum :);Positive
Öyle bir yerdeyim ki şimdi ne seni sevebiliyorum ne senden başka birini.;Negative
Pazartesi ve Perşembe günleri film yorumları hurraaaa maşallah :) iyiki varsın turkcell :);Positive
RT @sarkifincani: @cagilkaya o mutluluk bize ait efendim, siz hep söyleyin şarkılarınızı, biz fincanlarımızı bu akşam size kaldırıyoruz! :));Positive
gece iyi gider @peraband;Positive
Levent Demirci'nin sakatlığı nedeniyle oynayamadığı karşılaşmada Esat Sinanoğlu iyi bir oyun ortaya koysa da Zirve'nin galibiyetine yetmedi.;Negative
Mutlulugu baskalarinda aradim bulamadim sonunda yine sana geldim Turkcell'cim,anladim senden baskasi yalanmis..;Positive
Kahve dünyası ile yaptığınız kampanya süper hiç bitmesinnn:seviyorum seni turkcell):):);Positive
Dünya bir yana sen bir yana:) http://t.co/2qVqCIrChu;Positive
RT @Lokman_Erturk: Büyük bir mücadele veren @kazanspor Takımı'mızı,Yönetimi ve Destek veren Taraftarımızı Can'ı Gönülden Tebrik ediyorum ht…;Positive
RT @mbatuan: Bayburt'un kuşbakışı bir görüntüsü. Muazzam... http://t.co/6cDBq0F6Zx;Positive
RT @KYMyetim: Yetimler teröre bulaşmasın diye sıcak yuvalar inşa ettik. Heyhat, #ŞapkadanTerörÇıktı! Bu #mutluluk #yetim kalmasın http://t…;Positive
Nerde mal var beni buluyo gece gece amk;Negative
03.15te mesaj atıp yüreğimi hoplatan turkcell'e sevgilerimi yolluyorum burdan;Negative
Öztürk tiplemesi bile Turkcell'i sevmemek için bir sebep aslında.;Negative
Bazende sorumluklarımla yüzleşmek yerine yemek yiyorum;Negative
RT @SamsungTurkiye: Hayalinin peşinden gidenleri sizinle paylaşmaktan mutluluk duyuyoruz! :) #LaunchingPeople http://t.co/lwHetW6bmk;Positive
Hiçbir şey, hiçbir zaman yeterli olmayacak.;Negative
eğlencenin dibine vurduk bu gece;Positive
#turkcell kampanyaları içerisndeki süpriz fatura #hayattansogutanseyler den biri olarak değerlendiriyorum konudan müzdarip var mı?;Negative
Gece ne kadar karanlık ve ürkütücü olsa da sabredersek gündüzü görebiliriz .. #FatihinEmanetiAyasofyaAçılsın;Positive
RT @senemkorkut: Ciceklerim mis gibi baharı getirdii:) @TweetinFatihi tesekkur ettim:) http://t.co/WEGoUj4kpp;Positive
vur uykuma zincirleri dursun anlar,;Negative
yeni yila hic bir sevdigimi arayamayarak muthis bi giris yapmami sagladiginiz icin tesekkurler. Acin artik hattimi ltf. Opt. Bye.;Negative
#turkcell amacın ne olum sapığım oldun her gece her gece arayıp duruyosun ben de ciddi bi şekilde açıyorum efendim diye bi git allasen ya;Negative
ağlatıcan gece gece aq kızı nasıl tivit o öyle;Negative
Çok abartıldığı kadar bir film değil. Hele kesinlikle Yılmaz Erdoğan ın en iyi filmi değil.;Negative
seni seviyorum Turkcell...:) iyi ki varsın...;Positive
#baharımınçiçekleri #papatyalarımcanlarım #bahargelmişhoşgelmiş #mutluolmakiçinsebebimçok…;Positive
Her yazdığı doğru çıkan @fuatavni_f ınbu gece yazdıklarini her vatansever okumalı, uyanmalı;Positive
Hiç bisey sikimde degil bu gece;Negative
Bu Turkcell pusula uygulaması iPhone kullanıcıları için büyük nimet. Oturduğum yerden nöbetçi eczane kaç metre ötemde bana söylüyor.;Positive
Bahar gelince bey öğrencilerimizin italyan modasına uygun giyinmeleri çok hoş diyen mericin agzını yicem;Positive
RT @IpekTpbs: Güzel iş çıkardınız Gençler😉👏🏼yorgunluk ve mutluluk birarada #meral #tuncay #serkan #harun #buket #cafegrubu #ütopya http://t…;Positive
Gece uzun uykusuz;Negative
evlilik ne güzel lan gece kavga et uyu sabaha sarılarak kalk;Positive
3tl durduk yere gitti Turkcell sürekli soyuyo;Negative
5 yıldır bekleyip umudumu kestiğim anda gelen hamilelik haberim 2011 in en iyisiydi. vee 2012 de kavuşacağım yavruma bu süperrrrrr;Positive
Ama öyle bi final var ki yerinize çivileyecek gerçekten böylesi bi durumda olup da bu kadar tarafsız olmalarını beklemezdim.;Positive
Sevgili Turkcell bu sana son mektubum. Sen bu mektubu okurken ben çoktan seni terk edip buralardan gitmiş olucam.;Negative
Biri var o varken buralar hep bahar;Positive
Ben onu bulana kadar aradım, ve bulduğum zaten geçmişi sildim. Fırsatçılık yapmaya çalışanlar (o kendini biliyor) SİE!!! gece gece ya;Negative
kameram bozuldu hafiza yerle bir oldu resim cekip gonderemiyorum lutfen bana bir cihaz hediye edin magduriyetimi arz ediyorum :);Negative
Önce bedava dakikan bitti dedin, sonra hiç eksilmeyen bir 589 dk. verdin, şimdi de 55 dakikan kaldı diyorsun.N'apmaya çalışıyorsun Turkcell?;Negative
allah belanı versinnn .;Negative
Halime bu gece çuval gitmiş. Bu giyiniş konuşmasını da etkilemiş. on cümle söyledi bir tanesinin bile anlamı yoktu.;Negative
RT @ozancihann: Bu gece Sadri Alışık Tiyatrosunda #Market oyununu izledim hala etkisindeyim valla bravo...;Positive
'lutfen bir turkcell ıletısım noktasına gidin' boş geziyoruz bızım ısımız gucumuz yok sankı kalkıp eve gidip fatura bulup sana kosucam!!;Negative
@MustafaGonden gece gece iyi geldi abi 😆;Positive
süperonline den denemekte yarar var ... onlar özel kablo dahi döşüyorlarmış!;Positive
RT @mdnsena: Defteri kapatmakla olmaz. Sayfalarını ucak yapıp atıcaksın mutluluk o zaman zevk vericek.;Positive
Yemek ayıran bir kocam olursa onu döverim. Hep çocuğa kötü örnek bak.;Negative
küçük kuzenime neden yere çöp attın diyip yararlı bir abla olmak istemiştim ki sana mı sorcam diyip arkasını döndü ve götünü salladı;Negative
İnternetime yaklaşık 2 haftadır dümdüz sövüyorum hemde öyle böyle değil,sanırım artık SuperOnline zamanı geldi.. Üzgünüm UyduNet;Negative
Bir kızın tipine bakarak instagramının kilitli olup olmadığını anlayabiliyorum;Positive
RT @theistumblr: Tam diyorum ki, tamam yokluğuna alıştım, iyiyim. Sonra karşıma bir şey çıkıyor, seni anımsatan herhangi bir şey. Ben yine …;Negative
RT @djfkdjfkfkdjfk: mutluluk diye bişey yok;Negative
#turkcell senin yüzünden sevglimle rahat konuşamıyorum -_- defol !;Negative
Bu gece şiir yazıcam evlatlarım bir ozan gibi bir şayir gibi dertlerimi haykırıcam;Negative
RT @ictihad: Sizli-bizli konuşmak beni çok yoruyor, ömrümden ömür, göğsümden neşe götürüyor.;Negative
Evet çok begendim;Positive
RT @KadinsalSozluk: Sinan Akçılın meşhur olduğu bir ülkede hala keşfedilmemem beni üzüyor;Negative
sizin için uyumadım gece taymlaynını bekledim gerizekalı gibisiniz şu an çok pişmanım;Negative
RT @utopyamrt: @altare_ @olympe___ bu gece varya çileden çıktım artık. insanlar bu kadar kör olamaz. pırıl pırıl insanları parmağında oyna…;Negative
RT @kulturistan: #akm yapılmaz, meydan düzenlenmez. #taksim Dünya'nın en derbeder meydanı. Intikamcı ve müptezel bir zihniyetin eseridir...;Negative
Sadece iki kelime icinde binlerce sevgi,saygi,mutluluk,huzur.... anlamlarini barindirabilir bazen.;Positive
Bugun turkcell cagri merkezini aradim, resmen buyulendim tebrikler #turkcell;Positive
444'lü numaraları aramanın en ucuz yolu THY ile 21.5 dakikalık konuşma sadece 40 kuruş tutmuş :);Positive
Bir parça tebessüm yıllarımı karşılar;Positive
RT @admrdmr: Ömür boyu mutluluk yamira #yamansürpriz;Positive
#Turkcell umarım bundan sonra kafasına sarı anten geçiren,mıy mıy konuşan v ayağına inşaat çizmesi giyen çocukları kullanmazsın reklamlarında;Negative
#2012istekleri Turkcell den kurtulmak bir an önce, şart oldu -alışkanlıklar bir kenara artık -;Negative
iki gündür vodafone internet testleri yapıyorum. Turkcell'in 3G sinyalinin olmadığı birçok yerdeki kalitesiyle beni adeta şok etti.;Positive
#Blackberry kaynaklı 3G sorunu çözülmek bilmiyor. de halledemedi, arkadaşlar çözmeye çalışıyor dedi. nedir sorun?;Negative
Playlist ne güzel yine bu gece !! 🎼🎶👏 simdi #Gökdelenler #HaykoCepkin & #Teoman #np;Positive
Sabah vapurlarında ücretsiz dağıtılan gazeteleri okuyanlar, 1 milyon kişiye ulaştı. Hayat okuduğunu paylaşınca güzel :);Positive
@kacsaattoldu İslamiyet in kime ne faydası olmuş şimdiye kadar! Hangi ülkeye mutluluk getirmiş!;Negative
yarın turkcell'i basalım o zaman;Negative
Hayatı zor olan adam sever huzur veren kadını.;Positive
neyse 1 saat sonra twit atarım gece saat 03.00 olsun da, ben projeme kaçar gençler :) 1 saatte gelirim artık :);Positive
RT @aeTaladro: Bugün Saniye annenin yemek tarifi gününde konuk ben oldum. Harika bir yayındı ve çok keyif aldım. Saniye annemize Allah uzun…;Positive
Kalp kalbe karşı, şimdi Superonline'ı aradım. Hizmet ve fiyat en iyi oradaymış.;Positive
Kaç yaşına girersen gir mutluluk hep seneyedir. #şiirsokakta;Negative
RT @AbbasGucluTR: öğretmen olmak zorlaşıyormuş!sanki şimdiye kadar kolaydı.atandıktan sonra,bir yıllık stajyerlik bitince müdürler karar ve…;Negative
Bahar kendini gösterdi! Bu güzel havayı sağlıklı bir yürüyüşle değerlendirmek lazım :);Positive
filmde kahkahalarla güldüm, ellerimi ağzıma kapatıp gerildim, hıçkırarak ağladım tüm bu duyguları aynı filme sığdıran tüm yapıma teşekkürler;Positive
Gece gece uyunur mu malmısınız siz.;Negative
Çok güzel bir film,hem güldürüyor hemde ağlatıyor.;Positive
RT @batuhanbatili: Mutsuzlukla yoğrulmuşuz mutluluk bize haram...;Negative
Bu gece uyuyamıyorum nedense .d;Negative
RT @Guzduell_: Harika bir gece 😢, iyiki varsiiiiiinnnnnnnn 😭❤️❤️❤️❤️❤️❤️❤️❤️❤️❤️❤️❤️. http://t.co/JVPWNdA69O;Positive
Ayy yine dört dörtlük bi gece;Positive
-Bir mesaj atsa! *Mesaj sesi* (şok ifadesi) Noooolur o olsun! + Sayın abonemiz... Amk turkcell:))));Negative
~ Mutluluk kaynağımsın FENERBAHÇE.;Positive
Bu gece hiç bişey güzel deyil;Negative
Bu gece düşlerim dehşetli güzel;Positive
EN İNANDIRICI MARKA YİNE TURKCELL HER ZAMAN TURKCELL;Positive
Yine gece gece aklıma delice şeyler geliyor.;Negative
"benden aldıklarını geri ver turkcell."" âmin";Negative
super musteri deneyimi icin onurlu ve gururluyuz. ( Turkcell Superonline);Positive
Nasıl diyim mutluluk kaynağım;Positive
@raziyeyukseel gece iki ulan Allahsiz işimiz gücümüz yok senle mi konuşak;Negative
büyüyünce geçer dedikleri şey mutluluk değil di dimi?;Negative
Bugün Turkcell tarafından çekilişe katıldığım için tebrik aldım. O zaman anladım ki benim içinz, için büyük bir adım atmışım.;Positive
#turkcell bi kendine gelsen artik! Normalde 3g ceken yerlerde neden edge?;Negative
Bu gece de kendimi düşüncelerle boğarak uykumu kaçırmayı becerdim.;Negative
Gece gece here comes to rain again çalış triplere sokuyolar adamı.;Negative
oooffff.. gece gece naptın be @istanbulfm886 bu şarkı her defasından beni benden alıyor..;Negative
#turkcell sayende 3 liraya film izliyoruz...;Positive
4 dakıka oldu hala beklıyorum... Cıdden agzını burnunu kırıcam turkcell.;Negative
Mutluluk bize haram aq;Negative
#MasqueradeClub Bu Gece İstanbul Bizden Sorulurrr :));Positive
1219834 senedir yaşadığım en adrenalinli gece desem abartmış olur muyum lan? yok ya olmam sanırım. başımda deli ağrılar.;Negative
RT @fuatavni_f: 4. Yezid, HDP'nin baraj altında kalmasını istiyor. Efkan'ı özel görevlendirdi. Efkan'ın karanlık ve kirli bir ekibi var.;Negative
#sahne #istanbul #sahneistanbul #eğlence #gece #devam #mutluluk #müzik #keyif #gülümseme https://t.co/yQzgHH4ZgF;Positive
RT @hatice353: Mutluluk bize yakışır.;Positive
Önce kız takımımız KPMG'yi 3-0 sonra da biz Unilever'i 3-1'le geçtik, süper bir gün oldu! #turkcellvoleybol #goturkcell #turkcell :));Positive
Hiç bir mutluluk sana kavuşmanın tadını vermiyor.;Negative
-İyi günler biz turkcell'den arıyoruz hakan uçarla mı görüşüyorum-hayır ben değilim-şöyle bi kampanyamız ıııhhhhıggıı ben daha sonra ulaşsam;Negative
Damarımıza dokunan bir konu. ama tarafsız işlemiş yönetmen konuyu. bence kesinlikle gidip izleyin. ve şunu da belirteyim, mutlaka sinemada izleyin.;Positive
Bu gece ben öldüm;Negative
RT @ecniafas: Bu gece gördüklerimiz bize yeter ) @ihsanhlc @serife_aydogan;Positive
Sizi bu saatte güldüren insanlara gülün.;Positive
Superonline fiberoptik, daha iyisi yok Türkiye'de.;Positive
Ciceklerim mis gibi baharı getirdii:) @TweetinFatihi tesekkur ettim:) http://t.co/WEGoUj4kpp;Positive
RT @ademyavuza: Manşetten YALAN yaz.ÖSYM'den açıklama gelsin görme.! Medya hiç bir dönem bu kadar rezil olmamıştı. http://t.co/KuktAPMjbr v…;Negative
gece gece öğrendim çok sevmenin suç olduğunu;Negative
en iyi 3G bende dıyorsun ama çekmiyor canım cekmiyooor!!! Sözleşmem bitsin 10 senelik müşterin gidiyor. Bilginize! #turkcell;Negative
Ya mevsimlerden baharı yok edelim yada ''Aşk'' denilen, tek başına, kendince kendi kendine yaşanmayan illet yok olsun..Aşk aşk aşkk 😎;Negative
Gece gece bana yine geldiler;Negative
RT @snapchat07: Kıza :D:D konu aç :DDd DD diyen erkek :D:D ne bileyim :D:D gerizekalı gibi bir şey :D:D;Negative
Özel hissettiren bir tasarım... http://t.co/nCfVkCrLqn #design #tesettürgiyim #tesettürmoda #hijabers #onlineshopping http://t.co/0EEI3i13Jt;Positive
#turkcell paylasinca guzel degil,carpinca guzel.;Negative
RT @02mslmgl: Birde sabah uyanınca sevdiğin insandan gelen uzun mesajın verdiği mutluluk var. Varmış yani ben bilmiyorum da duydum.;Positive
şu 3 günlük superonline deneyimim sonucu söyleyeyim: öyle bişey yok. :);Negative
Geride pişmanlıklar varsa , huzur içinde ölemezsin .;Negative
superonline candır :);Positive
Uykuya bile tutunamadık bu gece..;Negative
RT @banvelaa: Allah seni başımızdan eksik etmesin inşallah! Sen ne güzel bir insansın yaa. Çok şükür ki seninle büyüdük! http://t.co/Yda47f…;Positive
Öf be amip Turkcell sinirlerimi bozuyosun !;Negative
Ömrünün baharında yarım bırakılmış insanlar gibi... http://t.co/KVkpT2Zotw;Negative
aaaahhh aahh :-D;Positive
Özturkcell reklamı komedi yaa :D:D;Positive
RT @kimbuWANTED: mutluluk bize spam atmış;Negative
Özturkcell reklami cok iyi olmus abi ya :D suan Türkiye deee sadece 1 tane var :D;Positive
RT @ErsoyKubilay: #BeyazShow Neşe Eğlence Komedi Kahkaha Mutluluk Demek Beyazıt Demek adamın Hası O kadar net;Positive
#vodafone sosyal medyada bile sesi çıkmıyor turkcell ya da avea olsaydı çoktan dönmüştü;Positive
@berkayyksll iyiki doğdun yeni yaşın sana huzur neşe mutluluk sevgi versin kuzum canım benım iyi ki doğdun 🎁🎂😘💋❤️💝👑💎;Positive
bir kadın onca şeye rağmen her gece yastığa başını koyunca düşünüyorsa üstünü örtmüş müdür diye, gel artık be insafsız gel!;Negative
#Vodafone yeterince başarılı olabildi mi bilmiorum ama #Turkcell'den daha sinir bozucu reklam yapabilmekte epey başarılılar orası net..;Negative
RT @tarikbey: @5sekerlicola çocuğun emo olurda klavyesinde q w tuşları bozulur bunalıma girer umarım. Gece gece günah lan can bu da.;Negative
RT @songulunsall: Birgün pişmanlık kapını çalarsa, benden Çaldığın 'mutluluk' gelsin aklına...;Negative
RT @cedriginiz: Ben mutsuz olayım, sen mutlu ol. Yok öyle bir dünya, geber.;Negative
Kadinlar turkcell gibidir once vaad eder sonra çakar;Negative
çözüm merkezi lütfen duyun sesimi ve beni arayıp sorunumu çözün artık 48 saat olcak !!!;Negative
#ttnet 75tl fatura oduyorum ona uyuz oluyorum;Negative
Bi gece de rahat uyusam ya amk;Negative
#Turkcell sen varya adamsın lan adamın dibisin,ayrıca müşteri hizmetlerindeki o sesede belki aşık olmuş olabilirm jfhjgdhkg :D;Positive
Birkaç yıldır dinlemediğiniz bir şarkıyı duyduğunuz an gelen mutluluk hissi.;Positive
Nasıl bir mutluluk bu kalplerimiz bir atıyor ,bana sarıldığında sadece sen ve ben varız, aklım ,fikrim sende ...A.E.;Positive
+bir çok kötü bir tane iyi etmiyor maalesef.. bu uygulamaların hepsi çöp yığını.. shubuo'dan beri ders almadılar,çok beceriksizsin turkcell!;Negative
Güzel bir gece sonu... (@ Yenimahalle in Trabzon w/ @ugurmalkocogluu @mvolkanmemis @gurkannkurt) https://t.co/LqPVWKY5Pg;Positive
çekmeyenin reklamını Turkcell'i çekemeyenler yapsın :);Positive
Geldi bahar ayları gevşer gönül yayları :d;Positive
elbet bir gün öleceğiz...;Negative
Kimsin lan sen gece gece özelden arayıp beni uykumdan uyandıran karaktersiz;Negative
nolucak benim bu mikrofon merakim sonunda bunuda yaptim O SES TURKCELL de yarin aksam performans sergileyecegim bide kazanirsanm var ya:);Positive
film ızlıyordumm :( görmedim ve suan sinirlıyım turkcell oyalıyor hep beni;Negative
Mutluluk çok uzakta;Negative
Ne propoganda ne nefret var %100 gerçekler gerçekten uyuyanlar varsa bu film sizi uyandırcak yeni bir Nefes alcaksınız kesinlikle gidin.;Positive
RT @coskununyeri: Saatlerce konuştuğun biriyle şimdi hiç konuşamamak var bir de.;Negative
Kontür yüklemesem Turkcell'in mesaj atacağı yok hep benden bekliyor ilk adımı;Negative
@JimJin3 Baharın ve renklerin sıcaklığı...;Positive
@uyuyanguzeel gece gece taşak mı geçiyon ne diyon aQ:d;Negative
#Turkcell farketmeden yaptığın bedava konuşmalarını seviyorum devam et);Positive
Çüşşşşşşş turkcel sms paketını 14 tl yapmısssssss ohaaaa yanı napmaya calısıyosun sen turkcelll!;Negative
Allahim ne komik bir gece 😂😂😂😂;Positive
RT @edagol2: http://t.co/6BBXNd4To8 testine göre bebeğim bu kadar güzel mi olacak inşallah :D http://t.co/m7RjzSsLsL;Positive
Mutluluk bize kıçını dönmüş;Negative
RT @fuatavni_f: 1. Fidan görevinden ayrıldığı gün Yezid, 'Bana bir daha o adamdan bahsetmeyin' demişti. Yezid, Fidan'ı affetmiş değil.;Negative
kesinlikle cok iyi yapiyoruz! Ne demişler, hayat paylaşınca güzel :D aksam bissuru mama yicez Oley!;Positive
#Superonline'dan nasıl kurtuldum?;Negative
Sende neşe mutluluk var;Positive
Çaylar hazır, poğaçalar sıcacık! Gazeteler de yanımızda! Ohhh miiiisss.;Positive
aa ne sıkıcı bi gece;Negative
RT @t_arzumm: büyüyünce geçer dedikleri şey mutluluk değil di mi?;Negative
Özür dileyip pişman olanlara daha çok kızdığımız doğrudur. Bu gece de bu salaklara yakacağım bir adet sigara.;Negative
Sana gece dert olur yazmamak uyuyamazsın o da mışıl mışıl yatırır yastığa kafasını uyur. AMk böyle işin be usta!;Negative
Gece gezmelerindeyiz sizle ugrsmycm;Positive
#osesturkiye nurullh ya insana huzur veriyor sesin;Positive
Batman Güney kent Mahallesi'nde bir evde piknik tüpünün patlaması sonucu 15 yaşındaki Salih Demir, ağır yaralandı.;Negative
Iciiyooruuz her geceee her gece baska bir eglencee;Positive
:) :) dizileri iyi gibi duruo ( sanki hepsini izlicemde ) hahhahhahahahahahaha sen ole diosan oledir selocan :) :);Positive
Hep yalnız kalmak olsun alın yazımda ama bilemezler ki ben her gece senin hayalinle uyuyorum.;Negative
@demetezberci ne tam hasta olup yatak dösek yatiyorum ne iyilesebiliyorum arada sıkıstim :)) grip gibi bahar nezlesi gibi;Negative
00.00 da atarsa Türkcell mesaj atar yani;Negative
RT @snapchat07: Bir tane normal arkadaşım yok. Alayı manyak, kafayı yemiş, sıyrık ama seviyorum hepsini, seçilmiş insanlar gibiyiz lan biz.;Positive
@mxrat @edAsdfga Abi bırak. Elin ayağın titriyor, şekerim düştü bir şey yemem lazım deyip kaldırıma oturuyorsun. Duygusallık bu değil.;Negative
Beni affet bu gece;Positive
#superonline yine birincil dns sunucusu hatasi verdi baglanamiyorum;Negative
#TribünAnıları inönü'ye ilk gidiş 2004/2005 beşiktaş - samsun maçı carew'le el tokusmam ne biliyim mutluluk vericiydi :D;Positive
Gece gece bakkaldan sipariş vere vere jilet istedim ya la 😄😄;Negative
çok üzülüyorum sana bir bilsen sana özel iyi geceler mesajı atıcam;Negative
Bundan sonrasını onlar düşünsün biz gayet memnunuz vodofondan.;Positive
Hobi olarak bütün gün yemek yemeyip bu saatlerde acliktan geberirim .;Negative
kesinlikle superonline;Positive
RT @butterfly4850: #KaraParaAskSezonUcistiyoruz #KaraParaAşk masalda mutluluk var;Positive
Erol büyükburç'u ne zaman bir reklamda görsem Shubuo Turkcell reklamları aklıma geliyor.Zamaninda ne başarısız bir kampanya idi.;Negative
RT @footbalista_: Hleb: Saha içerisinde sürekli koşmamız ve belirledikleri basit taktikleri uygulamamız için bizi zorluyorlar. Hiçbir derin…;Negative
Böyle gece mi olur amk;Negative
Sinemada 2 kez arkadaşlarımla izledim filimi herkesin ortak görüşü aynıydı izlemesi keyifli ve çok başarılı bir film;Positive
Gece pes oynayanları kıskanıyorum 😞;Negative
eğer oturduğunuz bolgede varsa superonline fiber net geçmelisiniz.;Positive
zehir zıkkım bir gece daha;Negative
RT @Kimbuyagmurrr: Aq gece gece altıma sıçtım artık korkudan cin min töbe töbe ya 😂 bilgilere bak olmaz olsun öyle bilgiler kdkdkd;Negative
Gece de sessizlik, icim de bir burukluk, yuregimde huzun... Kelimeler sancili, cumleler yetersiz...;Negative
Havadaki bahar kokusu = mutluluk;Positive
Gece 12-1 de maç yapması da ayrı bi zevkli ha.;Positive
Ama sen nerden bileceksin;Negative
RT @karaoglu00: bunlar muhteşem bi çift yemin ederim biri güneş gözlüğü takmış diğeri şapka takmış gece bisiklet sürüyolar :))#cafegrubu #ü…;Positive
Gidin ve mutlaka izleyin. Recep ivedik ve kolpaçino severlerde uzak dursun çünkü bu film tarzı onların kapasitesini aşar...;Positive
İçimde bir mutluluk nedendir bilinmez :);Positive
Resmen mutluluk kaynagi ya 😍;Positive
Mesela yarin gorecegini bilerek uyanmak mutluluk sebebi.;Positive
@aygt1 : RT @gezginn55: #MutluluğunTekFormulü nedir bilmem. Hicbirimz bu kareyi görmek istemiyoruz Ama bu çocuklar cehennemi yaşıyor @gezginn55;Negative
Herşey bitti sandığımız yerde aslında yeni bir hayat başlıyor.;Positive
RT @slmbentarik: ya sende çekap yaptırsan bile çıkmayacak bir hastalığın var adı da şeref yetmezliği;Negative
32 dakikadır turkcell'in teknoloji uzmanıyla konuşuyordum bir türlü yapamadık mms ayarlarımı;Negative
Kokoreç asıl gece yenilince güzel.;Positive
RT @Marjinall_Hatun: Böyle gece mi olur amk;Negative
Sbh 07:30da şirkettin girişinde elinde şekerleriyle noel baba bizi karşiladi:)Turkcell seni sevyorum;Positive
İnternetim tarihinde hiç bu kadar yavaşlama görmemişti! Sağol Superonline gözlerinden öpüyorum!...;Negative
önerisi ile faturalı hatta gectim tarifem 500 dk 19,00 tl olduğu dışında bişey söylenmedi, Aralık 27 sinde 43,60 tl lik faturam;Negative
Olum gece gece çok hüzünlendim amk;Negative
mutluluğun sırrı = paylaşmak :) nede olsa hayat paylaşınca güzel );Positive
Görmemişin gözlüğü olmuş tutmuş onu gece bile takmiş yemin ederim fikra gibiler #ütopya;Negative
@knownartistt bu gece farkındalık yaratma gecesi oldu, lol.;Positive
Bi turkcell düşünüyo zaten :S;Negative
RT @gokaykandis: bahar akşamları vedat bir başkadır;Positive
@favlayankopek @busraarpagus DANİNO YEMEK ZEKASIZLIKSA BEN ZEKASIZIM;Negative
Ekonomi o kdar kötü durumda ki devlet sürekli sınav yapıyor ve sınav ücretlerni artırıyor.Demek toplanan paralar bütçeyi düzeltmeye #yetmiyor;Negative
RT @ankaaktas: Anadoluda Ermeni vahşetlerinden..Kars da diri diri ateşe atılıp yanmış halde canlı çıkan bir Türk kadını http://t.co/MdF141…;Negative
yaziklar olsun Turkcell yaziklar olsun Armes Group;Negative
Kamaşan gözü ovmak korneanın yapısını bozuyor: Bahar alerjisiyle birlikte artış gösteren göz… http://t.co/daJ6BGhtpj http://t.co/Z6PYHmWlFe;Negative
Hayatıma giren herkes bir mutluluk kattı, kimileri gelirken kimileri giderken;Positive
Halil Sezai dinle gece gece, bil ki depresyona giriyon;Negative
Allah belani versin , bikmadin mi durduk yere surekli para almaktan ?!;Negative
#hayatpaylasincaguzel : Dünyanın özel iletişime en çok vergi veren kerizi olmak istiyorsanız tabii ki adresiniz Turkcell olsun! :);Negative
#Turkcell'den yeni bir hizmet daha! Unutkanlık. Numaranızı verin, biz yine soralım. Hayat salladıkça güzel.;Negative
Bir ses bu kadar mı huzur verir;Positive
Bu Turkcell'de çok terbiyesiz ha , heryerde çekiyor.;Positive
uyumadan önce konuştuğum son kişisin,uyumadan önce konuştuğun son kişiyim,ya bu nasıl güzel bir gece😊;Positive
Öyle arkadaşlarım var ki ailem gibi ☺ #mutluluk #huzur #sahil #üsküdar #love #üsküdarsahil #arkadaş… https://t.co/k6PjCHo8Vj;Positive
RT @au_tiyatro: Açılışı yaptık ! Emeği geçen herkese teşekkür ediyor, tiyatro dolu, mutluluk dolu bir festival diliyoruz ! :) http://t.co/g…;Positive
Arkadaşlar fazla yemek yemiyim dedikçe daha çok yiyorum daha çok kilo alıyorum arkadaşlar yakında beni yuvarlarsınız artık bi zahmet ✋🏼😁;Negative
seni seviyorum turkcell ben tl derdine düşmüşken 600 dakikam oldu ,iyiki varsın;Positive
#3kelimeyle2011 Gemicik altıncık amerikacik;Negative
Geriye sevemeyen bir kalp kaldı https://t.co/NIMGtWxc4j;Negative
Sikik bi gece daha;Negative
#hayattansogutanseyler turkcellin çok pahalı olması.;Negative
sen geldin bahar geldi şehrime sevgilim.;Positive
#BiKezOlsun huzursuzluk degil huzur olsun hayatimda..;Negative
Sadace iki yıl hatta belkide bir yıl sonra Shawn en ünlü erkek şarkıcı olacak. Gerçekten acayip yetenekli. Çok gurur duyuyorum @ShawnMendes;Positive
Artık etrafımda gelişen olaylara ne haliniz varsa görün tarafından bakıyorum.;Negative
@nuhunankara #23Nisan23Armagan birgün değil her gün onların olsun,ömürleri mutluluk,sağlık,huzur dolsun.mutlulukla ışıldasınlar..;Positive
kafayı yemek üzereyim;Negative
#BeyazShow Süpersin sen ya rütük Yaşadı bu gece 😂😂;Positive
Mutluluk, gnctrkcll kampanyasını bilmeden iki kişi kahve dünyasına gidip, kahve içtikten sonra ikincisinin bedava olduğunu öğrenmekti bugün.;Positive
#osesturkiye Hol. The voice'daki Vodafone red roomdan sonra #Turkcell 'in sarı odası pek bir şahsiyetsiz kalmış.#Acun;Negative
insanların mutluluk ve huzur vereceği garantisi yok maalesef;Negative
Papatya kesinlikle dünyanın en güzel çiçeği. Hiçbir şey beklemeden, sadece baharı müjdelemek için açıyor.;Positive
