id;text;gold;hisnet_prediction;hisnet_positive_score;hisnet_negative_score;hisnet_correct;lexicon_coverage;sentiment_coverage;dependency_prediction;dependency_positive_score;dependency_negative_score;dependency_correct;prediction_changed;improved;degraded;changed_but_still_wrong;has_negation;has_modifier;has_contrast;has_suppression;scope_count;active_opinion_count;suppressed_count;opinions;targets;modifiers;negations;contrasts;operations
0;janiston nasıl böyle saçma bir sahneli film de rol aldı anlayamadım.;negative;negative;0.0;0.48749999999999993;True;0.8181818181818182;0.2727272727272727;negative;0.16666666666666666;0.3208333333333333;True;False;False;False;False;True;True;False;False;3;3;0;"[""saçma"", ""de"", ""al""]";"[""sahne"", ""film""]";"[""böyle"", ""nasıl""]";"[""anla""]";[];"[""modifier_detected"", ""negation_flip"", ""modifier_detected""]"
1;5puan verdim o da anistonun güzel yüzünün hatırına.;negative;positive;0.45454545454545453;0.022727272727272728;False;0.625;0.25;positive;0.45454545454545453;0.022727272727272728;False;False;False;False;False;False;False;False;False;2;2;0;"[""da"", ""güzel""]";"[""yüz""]";[];[];[];[]
2;son derece sıkıcı bir filim olduğunu söyleyebilirim.;negative;negative;0.0;1.125;True;0.8571428571428571;0.2857142857142857;negative;0.0;1.125;True;False;False;False;False;False;False;False;False;2;2;0;"[""son"", ""sıkıcı""]";"[""derece"", ""fil""]";[];[];[];[]
3;..saçma bir konuyu nasılda filim yapmışlar maşallah;negative;negative;0.08333333333333333;0.3;True;0.8571428571428571;0.2857142857142857;negative;0.0;0.3;True;False;False;False;False;False;False;False;False;1;1;0;"[""saçma""]";[];[];[];[];[]
4;bence hoş vakit geçirmek için seyredilebilir.;positive;neutral;0.0;0.0;False;0.6666666666666666;0.0;neutral;0.0;0.0;False;False;False;False;False;False;False;False;False;0;0;0;[];[];[];[];[];[]
5;hoş ve sevimli bir film.;positive;positive;0.25;0.0;True;1.0;0.2;positive;0.25;0.0;True;False;False;False;False;False;False;False;False;1;1;0;"[""sevimli""]";[];[];[];[];[]
6;eşcinsellere pek sempati duymamakla beraber bu filmde sanki onları sevimli göstermeye çalışmışlar gibi geldi.;neutral;positive;1.375;0.0;False;0.8571428571428571;0.21428571428571427;positive;1.375;0.0;False;False;False;False;False;False;True;False;False;3;3;0;"[""pek"", ""sempati"", ""sevimli""]";[];"[""pek""]";[];[];"[""modifier_detected""]"
7;itici bir film değildi sonuçta.;neutral;neutral;0.0;0.0;True;1.0;0.0;neutral;0.0;0.0;True;False;False;False;False;False;False;False;False;0;0;0;[];[];[];[];[];[]
8;seyrederken bu kadar sinirlendiğim film hatırlamıyorum.;negative;neutral;0.0;0.0;False;0.5;0.0;neutral;0.0;0.0;False;False;False;False;False;False;False;False;False;0;0;0;[];[];[];[];[];[]
9;J.Aniston ın hiç mi umut yok diye sorduğu sahnede kıracaktım televizyonu!;neutral;negative;0.375;0.7142857142857143;False;0.8333333333333334;0.25;negative;0.375;0.7142857142857143;False;False;False;False;False;False;True;False;False;3;3;0;"[""hiç"", ""umut"", ""yok""]";"[""aniston"", ""aniston"", ""aniston""]";"[""hiç""]";[];[];"[""modifier_detected""]"
10;kimse yazmamış ben yazıyım:);neutral;neutral;0.0;0.0;True;1.0;0.0;neutral;0.0;0.0;True;False;False;False;False;False;False;False;False;0;0;0;[];[];[];[];[];[]
11;güzel bi pazar günü şirin bi film izlemek isteyenler için çok güzel.;positive;positive;1.1590909090909092;0.0;True;0.6666666666666666;0.25;positive;1.1590909090909092;0.0;True;False;False;False;False;False;False;False;False;3;3;0;"[""güzel"", ""şirin"", ""güzel""]";"[""gün"", ""film""]";[];[];[];[]
12;. ama daha fazlası yok.;negative;negative;0.0;0.21428571428571427;True;1.0;0.25;negative;0.0;0.21428571428571427;True;False;False;False;False;False;False;True;False;1;1;0;"[""yok""]";[];[];[];"[""ama""]";"[""contrast_detected""]"
13;. biraz da durum orjinal işte.;neutral;negative;0.0;0.022727272727272728;False;0.8;0.2;negative;0.0;0.022727272727272728;False;False;False;False;False;False;False;False;False;1;1;0;"[""da""]";[];[];[];[];[]
14;Küfürsüz bel atına pek vurmayan kaliteli bir romantik komedi sıcak samimi bir film.;positive;positive;2.125;1.0;True;0.9230769230769231;0.3076923076923077;positive;2.0;1.125;True;False;False;False;False;True;False;False;False;4;4;0;"[""küfür"", ""pek"", ""kaliteli"", ""samimi""]";"[""bel"", ""komedi"", ""film""]";[];"[""vur""]";[];"[""negation_flip""]"
15;..adam sandler ve özellikle drew barrymore rollerinde harikalar hala izlemediyseniz kaçırmayın!;positive;positive;1.0;0.022727272727272728;True;0.5454545454545454;0.18181818181818182;negative;0.0;1.0227272727272727;False;True;False;True;False;True;False;False;False;2;2;0;"[""adam"", ""harika""]";[];[];"[""kaçır""]";[];"[""negation_flip""]"
16;Bence aldığı puanı kesinlikle haketmiş o kadar güldüm ki çok güzeldi;positive;positive;0.45454545454545453;0.16666666666666666;True;0.9090909090909091;0.18181818181818182;positive;0.45454545454545453;0.16666666666666666;True;False;False;False;False;False;True;False;False;2;2;0;"[""al"", ""güzel""]";[];"[""çok""]";[];[];"[""modifier_detected""]"
17;adam sandler harikaydı yine çooookkkkk komikkk izlemenizi tavsiye ederim :));positive;positive;1.125;0.022727272727272728;True;0.6666666666666666;0.3333333333333333;positive;1.125;0.022727272727272728;True;False;False;False;False;False;True;False;False;3;3;0;"[""adam"", ""harika"", ""tavsiye""]";"[""sandler"", ""sandler""]";"[""yine"", ""çooookkkkk""]";[];[];"[""modifier_detected""]"
18;Eğlenceli izlenebilir basit bir film.;positive;positive;0.1;0.0;True;0.6;0.2;positive;0.1;0.0;True;False;False;False;False;False;False;False;False;1;1;0;"[""basit""]";"[""film""]";[];[];[];[]
19;Abartılacak bir yanı yok bence.;neutral;negative;0.0;0.21428571428571427;False;0.8;0.2;negative;0.0;0.21428571428571427;False;False;False;False;False;False;False;False;False;1;1;0;"[""yok""]";[];[];[];[];[]
20;Bu kadar puanı herhalde oyuncularından dolayı almıştır diye düşünüyorum.;neutral;negative;0.0;0.16666666666666666;False;0.8888888888888888;0.1111111111111111;negative;0.0;0.16666666666666666;False;False;False;False;False;False;True;False;False;1;1;0;"[""al""]";"[""puan""]";"[""herhalde""]";[];[];"[""modifier_detected""]"
21;sirf oyuncu ismine puan veren arkadsslar yüzünden insanlar yanlis yönlendiriyolar gibime geliyor.;negative;neutral;0.0;0.0;False;0.4166666666666667;0.0;neutral;0.0;0.0;False;False;False;False;False;False;False;False;False;0;0;0;[];[];[];[];[];[]
22;bu film 6-7 arasinda bi puan alir daha fazla degil.;neutral;neutral;0.0;0.0;True;0.6363636363636364;0.0;neutral;0.0;0.0;True;False;False;False;False;False;False;False;False;0;0;0;[];[];[];[];[];[]
23;Hiç sıkmayan kaliteli bir seyirlik türünün en iyilerinden.;positive;positive;1.6111111111111112;0.5;True;1.0;0.375;positive;2.111111111111111;0.0;True;False;False;False;False;True;True;False;False;3;3;0;"[""hiç"", ""kaliteli"", ""iyi""]";"[""tür""]";"[""en""]";"[""sık""]";[];"[""negation_flip"", ""modifier_detected""]"
24;güzel vetatlı bir film.;positive;positive;0.45454545454545453;0.0;True;0.75;0.25;positive;0.45454545454545453;0.0;True;False;False;False;False;False;False;False;False;1;1;0;"[""güzel""]";"[""film""]";[];[];[];[]
25;pazar günü eşiniz yada sevgilinizle izlediğinizde tatlı bir tebessüm bırakan hoş bir film;positive;positive;1.125;0.0;True;0.8461538461538461;0.23076923076923078;positive;0.625;0.0;True;False;False;False;False;False;False;False;True;3;2;1;"[""sevgili"", ""tatlı"", ""tebessüm""]";"[""eş"", ""tebessüm""]";[];[];[];"[""suppressed_as_target""]"
26;Adam Sandler ın çoğu filminin olduğu gibi bu da iyiydi.;positive;positive;0.6111111111111112;0.045454545454545456;True;0.9;0.3;positive;0.6111111111111112;0.045454545454545456;True;False;False;False;False;False;False;False;False;3;3;0;"[""adam"", ""da"", ""iyi""]";"[""bu""]";[];[];[];[]
27;Drew Barrymore da ekstra güzellik katmış:;positive;positive;0.9375;0.022727272727272728;True;0.6666666666666666;0.3333333333333333;positive;0.9375;0.022727272727272728;True;False;False;False;False;False;False;False;False;2;2;0;"[""da"", ""güzellik""]";"[""drew""]";[];[];[];[]
28;) Özellikle uçakta geçen sahnelere bayıldım.;positive;neutral;0.0;0.0;False;0.8;0.0;neutral;0.0;0.0;False;False;False;False;False;False;False;False;False;0;0;0;[];[];[];[];[];[]
29;"""cok cok cok güzel bir film tahmin ediyorum 10kez izlemisimdir ama yine izlerim sikilmam mutlaka izleyin derim en az10/9""""""";positive;positive;0.45454545454545453;0.020833333333333332;True;0.6;0.1;positive;0.45454545454545453;0.020833333333333332;True;False;False;False;False;False;True;True;False;2;2;0;"[""güzel"", ""de""]";"[""film"", ""film""]";"[""cok"", ""cok"", ""az10/""]";[];"[""ama""]";"[""modifier_detected"", ""modifier_detected"", ""contrast_detected""]"
30;adam sandlerin 80lere damgasini vurmuş culture club şarkısını yorumlamasıda ayrı bi lezzet hele discoda new order blue monday şarkısını duymakta ayrı bir zevk;positive;positive;1.0;0.022727272727272728;True;0.43478260869565216;0.13043478260869565;positive;0.5;0.022727272727272728;True;False;False;False;False;False;True;False;True;3;2;1;"[""adam"", ""lezzet"", ""zevk""]";"[""lezzet""]";"[""hele""]";[];[];"[""suppressed_as_target"", ""modifier_detected""]"
31;adam sandler bu filmde sadece oyunculukta değil şarkı söylemede de ne kadar başarılı olduğunu gözler önüne sermiştir.;positive;positive;1.0;0.37689393939393934;True;0.8823529411764706;0.23529411764705882;positive;1.3333333333333333;0.043560606060606064;True;False;False;False;False;True;False;False;False;4;4;0;"[""adam"", ""oyunculuk"", ""de"", ""başarılı""]";"[""şarkı""]";[];"[""değil""]";[];"[""negation_flip""]"
32;. kesinlikle izlenmesi gereken bi film.;positive;neutral;0.0;0.0;False;0.6;0.0;neutral;0.0;0.0;False;False;False;False;False;False;False;False;False;0;0;0;[];[];[];[];[];[]
33;.. sakın adam sandlerin saç şekline bakıp izlememezlik etmeyin :;neutral;negative;0.0;0.7727272727272727;False;0.75;0.375;negative;0.0;0.75;False;False;False;False;False;False;False;False;True;3;2;1;"[""sakın"", ""adam"", ""bak""]";"[""adam""]";[];[];[];"[""suppressed_as_target""]"
34;drew berrymorun o sıcak gülüşüyle adam sandlerin muhteşem oyunculuğu biraraya gelirse ne olur?;positive;positive;0.5;0.356060606060606;True;0.6153846153846154;0.23076923076923078;positive;0.5;0.022727272727272728;True;False;False;False;False;False;False;False;True;3;2;1;"[""adam"", ""muhteşem"", ""oyunculuk""]";"[""oyunculuk""]";[];[];[];"[""suppressed_as_target""]"
35;işte böyle tatlı bir film olur.;positive;positive;0.25;0.0;True;1.0;0.16666666666666666;positive;0.25;0.0;True;False;False;False;False;False;False;False;False;1;1;0;"[""tatlı""]";"[""film""]";[];[];[];[]
36;İzlediğim en iyi üç romantik komediden biri.;positive;positive;0.6111111111111112;0.08333333333333333;True;0.8571428571428571;0.2857142857142857;positive;0.6111111111111112;0.08333333333333333;True;False;False;False;False;False;True;False;False;2;2;0;"[""iyi"", ""biri""]";"[""komedi""]";"[""en""]";[];[];"[""modifier_detected""]"
37;Başrol oyuncularının uyumu harika.;positive;positive;1.0;0.0;True;1.0;0.25;positive;1.0;0.0;True;False;False;False;False;False;False;False;False;1;1;0;"[""harika""]";"[""uyum""]";[];[];[];[]
38;İzlemenizi tavsiye ederim.;positive;positive;0.125;0.0;True;1.0;0.3333333333333333;positive;0.125;0.0;True;False;False;False;False;False;False;False;False;1;1;0;"[""tavsiye""]";[];[];[];[];[]
39;ya işte adam sandler ya yine harihaa yaa;positive;negative;0.0;0.022727272727272728;False;0.625;0.125;negative;0.0;0.022727272727272728;False;False;False;False;False;False;False;False;False;1;1;0;"[""adam""]";[];[];[];[];[]
40;kendini kabul ettiren çok eğlenceli bir romantik komedi.;positive;neutral;0.0;0.0;False;0.75;0.0;neutral;0.0;0.0;False;False;False;False;False;False;False;False;False;0;0;0;[];[];[];[];[];[]
41;aralarındaki samimiyet oldukça hoş ve gerçekten insanı doğru insan tanımı yapmaya zorluyor:;positive;positive;1.25;0.0;True;0.9166666666666666;0.16666666666666666;positive;1.25;0.0;True;False;False;False;False;False;False;False;False;2;2;0;"[""samimiyet"", ""doğru""]";"[""insan""]";[];[];[];[]
42;"""kendimi onunla yaşlanırken hayal edebileceğim birisi olmalı"""""""" derken.""";positive;negative;0.0;0.10416666666666666;False;0.875;0.25;negative;0.0;0.10416666666666666;False;False;False;False;False;False;False;False;False;2;2;0;"[""biri"", ""de""]";[];[];[];[];[]
43;.fakat asıl dikkat çeken acı bir yön ise çapkın bir playboy olan drew hanım kızın sevgiliciğinin onu garson olmasına rağmen yanında tutma gerekçesi.;negative;negative;0.5;1.0714285714285714;True;0.9130434782608695;0.21739130434782608;negative;0.5;1.0714285714285714;True;False;False;False;False;False;False;False;False;5;5;0;"[""acı"", ""hanım"", ""sevgili"", ""rağmen"", ""tutma""]";"[""yön"", ""o""]";[];[];[];[]
44;. çünkü garson olması aslında onun için sorun ama işte.;negative;negative;0.0;0.75;True;1.0;0.1111111111111111;negative;0.0;0.75;True;False;False;False;False;False;True;True;False;1;1;0;"[""sorun""]";[];"[""aslında"", ""işte""]";[];"[""ama""]";"[""modifier_detected"", ""contrast_detected""]"
45;. kendi açıklıyor bu kesim için oyunun kuralları böyle değil mi gerçekte de zaten?;neutral;negative;0.08333333333333333;0.12083333333333333;False;0.9230769230769231;0.23076923076923078;negative;0.08333333333333333;0.12083333333333333;False;False;False;False;False;False;False;False;False;3;3;0;"[""oyun"", ""gerçek"", ""de""]";[];[];[];[];[]
46;?izlenesi bir film iyi eğlenceler.;positive;positive;1.1944444444444446;0.0;True;0.8;0.4;positive;1.1944444444444446;0.0;True;False;False;False;False;False;False;False;False;2;2;0;"[""iyi"", ""eğlence""]";"[""eğlence"", ""film""]";[];[];[];[]
47;Bir Adam Sandler klasigi.;neutral;negative;0.0;0.022727272727272728;False;0.5;0.25;negative;0.0;0.022727272727272728;False;False;False;False;False;False;False;False;False;1;1;0;"[""adam""]";[];[];[];[];[]
48;kesinlikle izlenmeli cok komik bir romantik/komedi.;positive;positive;0.125;0.0;True;0.7142857142857143;0.14285714285714285;positive;0.125;0.0;True;False;False;False;False;False;True;False;False;1;1;0;"[""komik""]";"[""romantik""]";"[""cok""]";[];[];"[""modifier_detected""]"
49;bence kacirmamaniz gereken bir film.;positive;neutral;0.0;0.0;False;0.8;0.0;neutral;0.0;0.0;False;False;False;False;False;False;False;False;False;0;0;0;[];[];[];[];[];[]
50;Zaten Adam'in Spanglish ve Punch-Drunk Love disinda kotu filmini gormedim;neutral;neutral;0.0;0.0;True;0.36363636363636365;0.0;neutral;0.0;0.0;True;False;False;False;False;False;False;False;False;0;0;0;[];[];[];[];[];[]
51;(Bide Steve Martin'le Mixed Nuts fazla iyi degildi ama yinede bunlar kadar kotu degildi).;negative;positive;0.6111111111111112;0.0;False;0.5;0.07142857142857142;negative;0.0;0.6111111111111112;True;True;True;False;False;True;True;False;False;1;1;0;"[""iyi""]";"[""steve""]";"[""fazla""]";"[""degil""]";[];"[""negation_flip"", ""modifier_detected""]"
52;Bu kadını seviyorum harika güzel biri içimi ısıtıyor.;positive;positive;1.4545454545454546;0.08333333333333333;True;0.75;0.375;positive;1.4545454545454546;0.0;True;False;False;False;False;False;False;False;True;3;2;1;"[""harika"", ""güzel"", ""biri""]";"[""biri""]";[];[];[];"[""suppressed_as_target""]"
53;.. Filmde Drew ile bir numara oluyor.;positive;negative;0.0;0.125;False;0.8333333333333334;0.16666666666666666;negative;0.0;0.125;False;False;False;False;False;False;False;False;False;1;1;0;"[""numara""]";[];[];[];[];[]
54;film tam benim genç kızlık dönemimde geçiyor.;positive;positive;0.20833333333333334;0.05;True;1.0;0.2857142857142857;positive;0.20833333333333334;0.05;True;False;False;False;False;False;False;False;False;2;2;0;"[""tam"", ""genç""]";"[""film"", ""kızlık""]";[];[];[];[]
55;o yılların müziklerini filmde duymak çok hoşuma gitti.;positive;neutral;0.0;0.0;False;0.875;0.0;neutral;0.0;0.0;False;False;False;False;False;False;False;False;False;0;0;0;[];[];[];[];[];[]
56;bana nostalji yaptırdı bu film.;neutral;neutral;0.0;0.0;True;0.8;0.0;neutral;0.0;0.0;True;False;False;False;False;False;False;False;False;0;0;0;[];[];[];[];[];[]
57;o yılların saflığı sevgisi çok güzeldi.;positive;positive;1.4545454545454546;0.0;True;1.0;0.3333333333333333;positive;0.45454545454545453;0.0;True;False;False;False;False;False;True;False;True;2;1;1;"[""sevgi"", ""güzel""]";"[""sevgi""]";"[""çok""]";[];[];"[""suppressed_as_target"", ""modifier_detected""]"
58;sevdim bu filmi çok sıcak ve çok sevimli hoş bir filmdi;positive;positive;0.25;0.0;True;0.9090909090909091;0.09090909090909091;positive;0.25;0.0;True;False;False;False;False;False;False;False;False;1;1;0;"[""sevimli""]";[];[];[];[];[]
59;Gzüel izlenebilir bi film.;positive;neutral;0.0;0.0;False;0.25;0.0;neutral;0.0;0.0;False;False;False;False;False;False;False;False;False;0;0;0;[];[];[];[];[];[]
60;Akıcı klsik bi tarzda kurgusu var ii idare eder.;positive;positive;0.25;0.0;True;0.6666666666666666;0.1111111111111111;positive;0.25;0.0;True;False;False;False;False;False;False;False;False;1;1;0;"[""akıcı""]";"[""tarz""]";[];[];[];[]
61;80 lerin saçları bomba bunu bi kez daha hatırladım .;neutral;negative;0.0;0.25;False;0.6666666666666666;0.1111111111111111;negative;0.0;0.25;False;False;False;False;False;False;False;False;False;1;1;0;"[""bomba""]";"[""saç""]";[];[];[];[]
62;"""hehe :)""""""";positive;neutral;0.0;0.0;False;0.0;0.0;neutral;0.0;0.0;False;False;False;False;False;False;False;False;False;0;0;0;[];[];[];[];[];[]
63;"""birbirine çok yakışan iki oyuncunun birlikte ilk filmiizleyipte beğenmeyen kimse yoktur heralde yorumlar hep olumlu yöndefilmin müzikleride bi harika romantik film sevenler için kaçırılmaması gereken bi film """"""""somebody kill me please!""";positive;positive;1.25;0.21428571428571427;True;0.5806451612903226;0.0967741935483871;positive;1.25;0.21428571428571427;True;False;False;False;False;False;True;False;False;3;3;0;"[""yok"", ""olumlu"", ""harika""]";"[""kimse"", ""yöndefilmin"", ""film""]";"[""heralde""]";[];[];"[""modifier_detected""]"
64;"""!!!"""""""" ---->filmdeki şarkının sevdiim en güzel bölümü:""";positive;positive;0.45454545454545453;0.0;True;0.8333333333333334;0.16666666666666666;positive;0.45454545454545453;0.0;True;False;False;False;False;False;True;False;False;1;1;0;"[""güzel""]";"[""bölüm""]";"[""en""]";[];[];"[""modifier_detected""]"
65;tekrar tekrar izlenecek müthiş bir film ben en az 20 defa izlemişimdir pişman değilim izlettğim onca insandan sevmedim diyen çıkmadı daha çıkacağını da sanmıyorum;positive;negative;0.0;1.668560606060606;False;0.75;0.20833333333333334;positive;1.0;0.6685606060606061;True;True;True;False;False;True;True;False;False;5;5;0;"[""müthiş"", ""az"", ""pişman"", ""de"", ""da""]";"[""film"", ""ben"", ""film""]";"[""en""]";"[""değil"", ""sev"", ""çık""]";[];"[""modifier_detected"", ""negation_flip""]"
66;50 ilk öpücük filmine yaptığım tüm yorumları bu film içinde söylemek istiyorum.;neutral;positive;0.5;0.0;False;0.75;0.16666666666666666;positive;0.5;0.0;False;False;False;False;False;False;False;False;False;2;2;0;"[""öpücük"", ""tüm""]";[];[];[];[];[]
67;..eski bi film olmasına rağmen defalarca kendini izlettirebilen bi film.;positive;negative;0.0;0.6666666666666666;False;0.7;0.2;negative;0.0;0.6666666666666666;False;False;False;False;False;False;False;False;False;2;2;0;"[""eski"", ""rağmen""]";"[""film""]";[];[];[];[]
68;.. müzikler falan çok olmuş ciddende herkesin arşivinde yer alması gerken filmlerden.;positive;negative;0.015625;0.16666666666666666;False;0.8181818181818182;0.18181818181818182;negative;0.015625;0.16666666666666666;False;False;False;False;False;False;False;False;False;2;2;0;"[""yer"", ""al""]";[];[];[];[];[]
69;.şiddetle tavsiye ediyorum 8/10;positive;negative;0.125;0.16666666666666666;False;1.0;0.4;negative;0.125;0.16666666666666666;False;False;False;False;False;False;False;False;False;2;2;0;"[""şiddet"", ""tavsiye""]";[];[];[];[];[]
70;çook önceden izlediğim bu filme bayılmıştım.;positive;neutral;0.0;0.0;False;0.5;0.0;neutral;0.0;0.0;False;False;False;False;False;False;False;False;False;0;0;0;[];[];[];[];[];[]
71;adam sandler bu rolde çok şirin.;positive;positive;0.25;0.022727272727272728;True;0.8333333333333334;0.3333333333333333;positive;0.25;0.022727272727272728;True;False;False;False;False;False;True;False;False;2;2;0;"[""adam"", ""şirin""]";"[""sandler""]";"[""çok""]";[];[];"[""modifier_detected""]"
72;drew barrymore ile iyi bir ikili olmuşlar;positive;positive;0.6111111111111112;0.0;True;0.7142857142857143;0.14285714285714285;positive;0.6111111111111112;0.0;True;False;False;False;False;False;False;False;False;1;1;0;"[""iyi""]";"[""ikili""]";[];[];[];[]
73;Bu ikili bir araya gelir de filmleri kötü olur mu?;positive;negative;0.0;0.9208333333333334;False;1.0;0.2;negative;0.0;0.9208333333333334;False;False;False;False;False;False;False;False;False;2;2;0;"[""de"", ""kötü""]";"[""film""]";[];[];[];[]
74;?Mümkün diil müthiş bi film zaten birlikte son yaptıkları 50 ilk öpücük de inanılmaz güzel bi film bu ikiliye dikkat çok yakışıyolar birbirilerine!!:));positive;positive;1.7045454545454546;0.5208333333333334;True;0.782608695652174;0.2608695652173913;negative;0.25;1.975378787878788;False;True;False;True;False;True;False;False;False;6;6;0;"[""müthiş"", ""son"", ""öpücük"", ""de"", ""inanılmaz"", ""güzel""]";"[""film"", ""dikkat"", ""film""]";[];"[""inan"", ""inan""]";[];"[""negation_flip"", ""negation_flip""]"
75;Sandler ve Berrymore' ı yanılmıyorsan ilk kez karşılaştıran yapım birde 50 İlk Öpücük var ikisini de görmediyseniz görün derim.;positive;negative;0.25;1.0416666666666665;False;0.7368421052631579;0.21052631578947367;positive;1.25;0.041666666666666664;True;True;True;False;False;True;False;False;False;4;4;0;"[""öpücük"", ""de"", ""gör"", ""de""]";"[""yapım""]";[];"[""gör""]";[];"[""negation_flip""]"
76;Gerçi bu film biraz eski bulmanız zor olabilir.;neutral;negative;0.0;0.75;False;1.0;0.25;negative;0.0;0.75;False;False;False;False;False;False;True;False;False;2;2;0;"[""eski"", ""zor""]";"[""film""]";"[""biraz""]";[];[];"[""modifier_detected""]"
77;film pek tabii romantik komedi severlere ve Drew barrymore hayranlarına hitap ediyor bu bu koşulların ikisinede uyduğum için filmi oldukça zevkle seyretmiştim halende zaman zaman seyrederim.;positive;positive;1.2916666666666665;0.0;True;0.7692307692307693;0.15384615384615385;positive;1.2916666666666665;0.0;True;False;False;False;False;False;True;False;False;4;4;0;"[""pek"", ""tabii"", ""hayran"", ""zevk""]";"[""sever"", ""film"", ""film""]";"[""oldukça""]";[];[];"[""modifier_detected""]"
78;80'lerin naif havasını ve tüm hit parçalarını barındıran film bu açıdanda izlemeye değer bir yapım.;positive;positive;0.48214285714285715;0.10714285714285714;True;0.8666666666666667;0.26666666666666666;positive;0.375;0.10714285714285714;True;False;False;False;False;False;False;False;True;4;3;1;"[""naif"", ""hava"", ""tüm"", ""parça""]";"[""hava""]";[];[];[];"[""suppressed_as_target""]"
79;benim cok hosuma gitmisti adam sandler zaten süperdi bir de drew gelince.;positive;positive;0.5;0.043560606060606064;True;0.5;0.25;positive;0.5;0.043560606060606064;True;False;False;False;False;False;True;False;False;3;3;0;"[""adam"", ""süper"", ""de""]";"[""sandler"", ""sandler""]";"[""zaten""]";[];[];"[""modifier_detected""]"
80;ben tam bir drew hayranıyım onu her filminde çok hoş ve mükemmel bir oyunculukla görüyorum.;positive;positive;1.7083333333333335;1.3333333333333333;True;0.9333333333333333;0.3333333333333333;positive;1.7083333333333335;1.3333333333333333;True;False;False;False;False;False;False;False;False;5;5;0;"[""tam"", ""hayran"", ""mükemmel"", ""oyunculuk"", ""gör""]";"[""drew"", ""ben"", ""hayran"", ""hayran""]";[];[];[];[]
81;..kısaca o MÜKEMMEL!;positive;positive;1.0;0.0;True;1.0;0.3333333333333333;positive;1.0;0.0;True;False;False;False;False;False;False;False;False;1;1;0;"[""mükemmel""]";"[""..kısaca""]";[];[];[];[]
82;80li yılları hem görüntüsüyle hem de müziğiyle iyi yansıtan bir film.;positive;positive;0.6111111111111112;0.020833333333333332;True;0.9090909090909091;0.18181818181818182;positive;0.6111111111111112;0.020833333333333332;True;False;False;False;False;False;False;False;False;2;2;0;"[""de"", ""iyi""]";[];[];[];[];[]
83;.adam sandlerın sesi ve drewin şirinliği için izlemeye değer.;positive;positive;1.0;0.022727272727272728;True;0.7777777777777778;0.2222222222222222;positive;1.0;0.022727272727272728;True;False;False;False;False;False;False;False;False;2;2;0;"[""adam"", ""şirinlik""]";"["".adam""]";[];[];[];[]
84;"""güzel film oldukça hoş ve şirin türüne meraklıların göz ardı etmemesi gereken bir seyirlik""""""";positive;positive;0.7045454545454546;0.15;True;1.0;0.21428571428571427;positive;0.7045454545454546;0.15;True;False;False;False;False;False;False;False;False;3;3;0;"[""güzel"", ""şirin"", ""meraklı""]";[];[];[];[];[]
85;HAKKETTENDE ADAM SANDLER'IN SESİ GÜZEL .;positive;positive;0.45454545454545453;0.022727272727272728;True;0.6;0.4;positive;0.45454545454545453;0.022727272727272728;True;False;False;False;False;False;False;False;False;2;2;0;"[""adam"", ""güzel""]";"[""ses"", ""adam""]";[];[];[];[]
86;DREW BARRYMOORE MAKYAJ VE KIYAFETLER SAYESİNDE OLDUKÇA ŞİRİN BİR KIZA DÖNÜŞMÜŞ.;positive;positive;0.25;0.0;True;0.8181818181818182;0.09090909090909091;positive;0.25;0.0;True;False;False;False;False;False;True;False;False;1;1;0;"[""şirin""]";"[""kız""]";"[""oldukça""]";[];[];"[""modifier_detected""]"
87;çok şirin bir film.;positive;positive;0.25;0.0;True;1.0;0.25;positive;0.25;0.0;True;False;False;False;False;False;True;False;False;1;1;0;"[""şirin""]";"[""film""]";"[""çok""]";[];[];"[""modifier_detected""]"
88;özelliklede drew barrymoore:;positive;neutral;0.0;0.0;False;0.0;0.0;neutral;0.0;0.0;False;False;False;False;False;False;False;False;False;0;0;0;[];[];[];[];[];[]
89;))ah o 80ler müzikleri çok duygulamıştım izlerken.;positive;negative;0.0;0.16666666666666666;False;0.7142857142857143;0.14285714285714285;negative;0.0;0.16666666666666666;False;False;False;False;False;False;False;False;False;1;1;0;"[""ah""]";"[""müzik""]";[];[];[];[]
90;Her film güzeldir.;positive;positive;0.45454545454545453;0.0;True;1.0;0.3333333333333333;positive;0.45454545454545453;0.0;True;False;False;False;False;False;False;False;False;1;1;0;"[""güzel""]";"[""film""]";[];[];[];[]
91;bu filmde roswell'deki maria'nin kücüklügünü izleyebilirsiniz ama o kadar bizim mahoni de böyle filmlerden vazgecmiyo ne yapalim.;neutral;negative;0.0;0.020833333333333332;False;0.5882352941176471;0.058823529411764705;negative;0.0;0.020833333333333332;False;False;False;False;False;False;False;False;False;1;1;0;"[""de""]";[];[];[];[];[]
92;bıktık artık böyle filmlerden.;negative;neutral;0.0;0.0;False;0.75;0.0;neutral;0.0;0.0;False;False;False;False;False;False;False;False;False;0;0;0;[];[];[];[];[];[]
93;hala bizi aptal yerine koymaya çalışıyorlar.;negative;negative;0.015625;0.5;True;0.8333333333333334;0.3333333333333333;negative;0.015625;0.5;True;False;False;False;False;False;False;False;False;2;2;0;"[""aptal"", ""yer""]";"[""biz""]";[];[];[];[]
94;her şey güllük gülistanlık;positive;positive;0.5;0.0;True;1.0;0.25;positive;0.5;0.0;True;False;False;False;False;False;False;False;False;1;1;0;"[""gülistan""]";"[""güllük""]";[];[];[];[]
95;bu filmi izlemeniz mümkün değil.;neutral;neutral;0.0;0.0;True;0.8;0.0;neutral;0.0;0.0;True;False;False;False;False;False;False;False;False;0;0;0;[];[];[];[];[];[]
96;hatta yorumumu bile okuyamayacaksınız bu filmi istanbul film festivalinde izlemiştim duygu yüklü eşsiz bir filmdi.;positive;negative;0.0;0.15625;False;0.8666666666666667;0.06666666666666667;negative;0.0;0.15625;False;False;False;False;False;False;False;False;False;1;1;0;"[""yüklü""]";[];[];[];[];[]
97;11-12 yıl falan oluyor izleyeli.;neutral;neutral;0.0;0.0;True;0.8333333333333334;0.0;neutral;0.0;0.0;True;False;False;False;False;False;False;False;False;0;0;0;[];[];[];[];[];[]
98;.jean reno ya hasta olmuştum bu filmde.;positive;negative;0.0;0.6875;False;0.7142857142857143;0.14285714285714285;negative;0.0;0.6875;False;False;False;False;False;False;False;False;False;1;1;0;"[""hasta""]";"["".jean""]";[];[];[];[]
99;eğlenceli hoş vakit geçirilecek bir fim.;positive;neutral;0.0;0.0;False;0.5;0.0;neutral;0.0;0.0;False;False;False;False;False;False;False;False;False;0;0;0;[];[];[];[];[];[]
100;Filmi izlediğimde çok sevmiştim ama ben çekim yılının daha erken bi yıl olduğunu düşünüp böyle bi yapım yaptıkları için hayran kalmıştım sonra baktım 1997 .;positive;positive;0.5;0.25;True;0.7083333333333334;0.08333333333333333;positive;0.5;0.25;True;False;False;False;False;False;True;True;False;2;2;0;"[""hayran"", ""bak""]";"[""1997""]";"[""sonra""]";[];"[""ama""]";"[""contrast_detected"", ""modifier_detected""]"
101;..o yüzden biras sempatim düştü.;neutral;positive;1.0;0.0;False;0.8;0.2;positive;1.0;0.0;False;False;False;False;False;False;False;False;False;1;1;0;"[""sempati""]";[];[];[];[];[]
102;..genel olarak çok hoş bi film ama buradaki özetini okuduğumda aaa öylemiymiş dediğim çok şey oldu yani filmde anlatmak istediğini anlatamamış 10/7.;positive;negative;0.0;0.020833333333333332;False;0.6956521739130435;0.043478260869565216;negative;0.0;0.020833333333333332;False;False;False;False;False;False;False;False;False;1;1;0;"[""de""]";[];[];[];[];[]
103;.. vanessa paadise o zamanlar çok değişikmiş.;neutral;negative;0.0;0.1875;False;0.6666666666666666;0.16666666666666666;negative;0.0;0.1875;False;False;False;False;False;False;True;False;False;1;1;0;"[""değişik""]";"[""vanessa""]";"[""çok""]";[];[];"[""modifier_detected""]"
104;..yüzü güzel ve masum şimdi ise fazla gothic takılıo.;positive;positive;0.7878787878787878;0.0;True;0.7777777777777778;0.2222222222222222;positive;0.7878787878787878;0.0;True;False;False;False;False;False;False;False;False;2;2;0;"[""güzel"", ""masum""]";"[""..yüz"", ""..yüz""]";[];[];[];[]
105;güzel bir film vennessa paradisi överdim ama johnny depp'Le beraber olduğu için bunu gururuma yediremiyorum.;positive;positive;0.45454545454545453;0.125;True;0.6666666666666666;0.13333333333333333;positive;0.5795454545454546;0.0;True;False;False;False;False;True;False;True;False;2;2;0;"[""güzel"", ""gurur""]";"[""film"", ""bu""]";[];"[""ye""]";"[""ama""]";"[""negation_flip"", ""contrast_detected""]"
106;bu filmi o kadar çok izledim ki anlatamam .;positive;neutral;0.0;0.0;False;0.75;0.0;neutral;0.0;0.0;False;False;False;False;False;False;False;False;False;0;0;0;[];[];[];[];[];[]
107;Yine olsa izlerim.;positive;neutral;0.0;0.0;False;1.0;0.0;neutral;0.0;0.0;False;False;False;False;False;False;False;False;False;0;0;0;[];[];[];[];[];[]
108;Yalnız ben filmin adını cadının aşkı olarak biliyordum burda cadıca sevmek dio.;neutral;positive;1.7499999999999998;0.05;False;0.6666666666666666;0.4166666666666667;positive;1.7499999999999998;0.05;False;False;False;False;False;False;False;False;False;5;5;0;"[""yalnız"", ""ad"", ""cadı"", ""aşk"", ""cadı""]";"[""ben"", ""ben"", ""ben""]";[];[];[];[]
109;Ne iş anlamadım.;neutral;neutral;0.0;0.0;True;0.6666666666666666;0.0;neutral;0.0;0.0;True;False;False;False;False;False;False;False;False;0;0;0;[];[];[];[];[];[]
110;film çok eğlenceli bence herkes izlemeli.;positive;neutral;0.0;0.0;False;0.8333333333333334;0.0;neutral;0.0;0.0;False;False;False;False;False;False;False;False;False;0;0;0;[];[];[];[];[];[]
111;Bi ara TV.'de sık sık werilen we çok sempatik bi film olarak gördüüm izlenmesi gereken.;positive;positive;0.25;0.020833333333333332;True;0.5625;0.125;positive;0.25;0.020833333333333332;True;False;False;False;False;False;True;False;False;2;2;0;"[""de"", ""sempatik""]";"[""film""]";"[""çok""]";[];[];"[""modifier_detected""]"
112;..ya da gerkmeyen film!;negative;negative;0.0;0.022727272727272728;True;0.75;0.25;negative;0.0;0.022727272727272728;True;False;False;False;False;False;False;False;False;1;1;0;"[""da""]";[];[];[];[];[]
113;Bu arada $u an Vanessa Paradis çok sewgili Korsan Johnny Depp'in e$i rolündedir we 2 adet (!;positive;negative;0.0;0.6875;False;0.6470588235294118;0.058823529411764705;negative;0.0;0.6875;False;False;False;False;False;False;False;False;False;1;1;0;"[""korsan""]";[];[];[];[];[]
114;!!) çocukları wardır!;neutral;negative;0.0;0.03571428571428571;False;0.5;0.5;negative;0.0;0.03571428571428571;False;False;False;False;False;False;False;False;False;1;1;0;"[""çocuk""]";[];[];[];[];[]
115;Mutluluklar dileriz.;positive;positive;1.0;0.0;True;0.5;0.5;positive;1.0;0.0;True;False;False;False;False;False;False;False;False;1;1;0;"[""mutluluk""]";[];[];[];[];[]
116;eğ-lenceli hoş bi film;positive;neutral;0.0;0.0;False;0.4;0.0;neutral;0.0;0.0;False;False;False;False;False;False;False;False;False;0;0;0;[];[];[];[];[];[]
117;gill iyi iş çıkarmış.;positive;negative;0.6111111111111112;1.0;False;0.75;0.5;negative;0.6111111111111112;1.0;False;False;False;False;False;False;False;False;False;2;2;0;"[""iyi"", ""çıkar""]";"[""iş"", ""gill""]";[];[];[];[]
118;.pazar akşamı arkadaşlarınızla patlamış mısır yiyerek evde izlemek için ideal bir film.;positive;positive;0.5;0.0;True;0.75;0.08333333333333333;positive;0.5;0.0;True;False;False;False;False;False;False;False;False;1;1;0;"[""arkadaş""]";[];[];[];[];[]
119;eğlenceli..;positive;neutral;0.0;0.0;False;0.0;0.0;neutral;0.0;0.0;False;False;False;False;False;False;False;False;False;0;0;0;[];[];[];[];[];[]
120;Eğlenceli bir film.;positive;neutral;0.0;0.0;False;0.6666666666666666;0.0;neutral;0.0;0.0;False;False;False;False;False;False;False;False;False;0;0;0;[];[];[];[];[];[]
121;Ally Mcbeal'ın Billy'si burda baya iyi oynamış.;positive;positive;0.6111111111111112;0.0;True;0.2857142857142857;0.14285714285714285;positive;0.6111111111111112;0.0;True;False;False;False;False;False;False;False;False;1;1;0;"[""iyi""]";"[""billy'si""]";[];[];[];[]
122;usta ve sevilen oyuncuların da olması cabası.;positive;positive;1.1666666666666667;0.022727272727272728;True;1.0;0.42857142857142855;positive;1.1666666666666667;0.022727272727272728;True;False;False;False;False;False;False;False;False;3;3;0;"[""usta"", ""sevi"", ""da""]";"[""oyuncu""]";[];[];[];[]
123;güsel vakit geçirilinecek bi film.;positive;neutral;0.0;0.0;False;0.4;0.0;neutral;0.0;0.0;False;False;False;False;False;False;False;False;False;0;0;0;[];[];[];[];[];[]
124;arabayı o hale getirdiklerinde moral bozukluğuna uğrayabilirsiniz.;neutral;negative;0.0;0.45;False;0.8571428571428571;0.2857142857142857;negative;0.0;0.45;False;False;False;False;False;False;False;False;False;2;2;0;"[""hal"", ""bozukluk""]";"[""araba""]";[];[];[];[]
125;komik bir film Sabrinanın aşık olmuş versiyonu;positive;positive;0.125;0.0;True;0.8571428571428571;0.14285714285714285;positive;0.125;0.0;True;False;False;False;False;False;False;False;False;1;1;0;"[""komik""]";"[""film""]";[];[];[];[]
126;Korkunç tüyler ürpertici vee iğrenç sahneleri olan harika bir yapım.;positive;negative;1.0;2.25;False;0.9;0.4;negative;1.0;2.25;False;False;False;False;False;False;False;False;False;4;4;0;"[""korkunç"", ""ürpertici"", ""iğrenç"", ""harika""]";"[""tüy"", ""sahne"", ""yapım""]";[];[];[];[]
127;. Not:Bu filmi izleyipte hiçte korkunç değildi diyen arkadaşlar yalan söylerler adım gibi eminim.;neutral;negative;0.6875;2.520833333333333;False;0.8571428571428571;0.42857142857142855;negative;1.2083333333333333;1.5;False;False;False;False;False;True;True;False;True;6;5;1;"[""hiç"", ""korkunç"", ""de"", ""arkadaş"", ""yalan"", ""emin""]";"[""film"", ""arkadaş""]";"[""hiçte"", ""adım""]";"[""değil"", ""değil""]";[];"[""negation_flip"", ""modifier_detected"", ""negation_flip"", ""suppressed_as_target"", ""modifier_detected""]"
128;İzleyen herkesi etkileyecek bir film.;positive;neutral;0.0;0.0;False;0.6;0.0;neutral;0.0;0.0;False;False;False;False;False;False;False;False;False;0;0;0;[];[];[];[];[];[]
129;Kaçmamalı.;positive;neutral;0.0;0.0;False;1.0;0.0;neutral;0.0;0.0;False;False;False;False;False;False;False;False;False;0;0;0;[];[];[];[];[];[]
130;Konu güzel işlenmiş.;positive;positive;0.45454545454545453;0.0;True;0.6666666666666666;0.3333333333333333;positive;0.45454545454545453;0.0;True;False;False;False;False;False;False;False;False;1;1;0;"[""güzel""]";"[""konu""]";[];[];[];[]
131;.Aslında seri olarak güzel bir yapım izlenebilir.;positive;positive;0.45454545454545453;0.0;True;0.8571428571428571;0.14285714285714285;positive;0.45454545454545453;0.0;True;False;False;False;False;False;False;False;False;1;1;0;"[""güzel""]";"[""yapım""]";[];[];[];[]
132;Güzel bir filmdi.;positive;positive;0.45454545454545453;0.0;True;1.0;0.3333333333333333;positive;0.45454545454545453;0.0;True;False;False;False;False;False;False;False;False;1;1;0;"[""güzel""]";"[""film""]";[];[];[];[]
133;Bildiğim kadarıyla en son Wishmaster IV te kaldılar.;neutral;negative;0.0;0.125;False;0.5;0.125;negative;0.0;0.125;False;False;False;False;False;False;True;False;False;1;1;0;"[""son""]";"[""wishmaster""]";"[""en""]";[];[];"[""modifier_detected""]"
134;Devamı gelir.;neutral;neutral;0.0;0.0;True;1.0;0.0;neutral;0.0;0.0;True;False;False;False;False;False;False;False;False;0;0;0;[];[];[];[];[];[]
135;Film gerçekten güzel.;positive;positive;0.45454545454545453;0.0;True;1.0;0.3333333333333333;positive;0.45454545454545453;0.0;True;False;False;False;False;False;True;False;False;1;1;0;"[""güzel""]";"[""film""]";"[""gerçekten""]";[];[];"[""modifier_detected""]"
136;Filmde şiddet unsurlarından hiçmi hiç kaçınılmamış.;positive;negative;0.0;0.6666666666666666;False;0.6666666666666666;0.3333333333333333;positive;0.5;0.16666666666666666;True;True;True;False;False;True;False;False;False;2;2;0;"[""şiddet"", ""hiç""]";[];[];"[""kaçın""]";[];"[""negation_flip""]"
137;Hatta abartılmış.;negative;neutral;0.0;0.0;False;0.5;0.0;neutral;0.0;0.0;False;False;False;False;False;False;False;False;False;0;0;0;[];[];[];[];[];[]
138;Ama yinede yılına göre iyi film.;positive;positive;0.6111111111111112;0.0;True;0.8333333333333334;0.16666666666666666;positive;0.6111111111111112;0.0;True;False;False;False;False;False;False;True;False;1;1;0;"[""iyi""]";"[""film""]";[];[];"[""ama""]";"[""contrast_detected""]"
139;Bence güzel bir filmdi.;positive;positive;0.45454545454545453;0.0;True;1.0;0.25;positive;0.45454545454545453;0.0;True;False;False;False;False;False;False;False;False;1;1;0;"[""güzel""]";"[""film""]";[];[];[];[]
140;.. Bu film çıktığında bu kadar etkileyici hangi film varmış?;positive;positive;1.0;0.0;True;0.8888888888888888;0.1111111111111111;positive;1.0;0.0;True;False;False;False;False;False;False;False;False;1;1;0;"[""etkileyici""]";[];[];[];[];[]
141;:) İlk izlediğimde çok etkilenmiştim.;positive;neutral;0.0;0.0;False;0.5;0.0;neutral;0.0;0.0;False;False;False;False;False;False;False;False;False;0;0;0;[];[];[];[];[];[]
142;ben bu filmi çok beğenmiştim aldığı puanın üstünde bir film.;positive;positive;0.5;0.16666666666666666;True;0.9;0.2;positive;0.5;0.16666666666666666;True;False;False;False;False;False;False;False;False;2;2;0;"[""al"", ""üstün""]";"[""film""]";[];[];[];[]
143;yılına göre güzel bir film.;positive;positive;0.45454545454545453;0.0;True;1.0;0.2;positive;0.45454545454545453;0.0;True;False;False;False;False;False;False;False;False;1;1;0;"[""güzel""]";"[""film""]";[];[];[];[]
144;hoşş bi film ama amatorce yapılmış chook hata var mesela filmin konusu bence o kadar da etkileyici değil ama yinede bizim bütün kokru filimlerimizden daha kaliteli:;positive;positive;2.0;0.1893939393939394;True;0.6923076923076923;0.15384615384615385;negative;1.0;1.1893939393939394;False;True;False;True;False;True;True;True;False;4;4;0;"[""hata"", ""da"", ""etkileyici"", ""kaliteli""]";"[""konu""]";"[""yinede"", ""daha""]";"[""değil""]";"[""ama""]";"[""negation_flip"", ""modifier_detected"", ""contrast_detected""]"
145;Yani film mükemmel efektlere sahip değil ama izlettiriyor kendini en son 4.;positive;positive;1.0;0.125;True;0.9166666666666666;0.16666666666666666;positive;1.0;0.125;True;False;False;False;False;False;True;False;False;2;2;0;"[""mükemmel"", ""son""]";"[""efekt""]";"[""en""]";[];[];"[""modifier_detected""]"
146;ü sünü izledim o bile gayet iyiydi.;positive;positive;0.6111111111111112;0.0;True;0.7142857142857143;0.14285714285714285;positive;0.6111111111111112;0.0;True;False;False;False;False;False;True;False;False;1;1;0;"[""iyi""]";"[""o""]";"[""gayet""]";[];[];"[""modifier_detected""]"
147;Bence eski bir film olsada bu konuyla çekilmiş bir olmaması insanı cezbediyor.;positive;negative;0.0;0.16666666666666666;False;0.75;0.08333333333333333;negative;0.0;0.16666666666666666;False;False;False;False;False;False;False;False;False;1;1;0;"[""eski""]";"[""film""]";[];[];[];[]
148;güzel filmdi sonuda mantıklı bitti ben çok beğendim ama çok ta kötü deyil yani;neutral;negative;0.7045454545454546;0.9;False;0.7857142857142857;0.21428571428571427;negative;0.7045454545454546;0.9;False;False;False;False;False;False;False;True;False;3;3;0;"[""güzel"", ""mantıklı"", ""kötü""]";"[""film""]";[];[];"[""ama""]";"[""contrast_detected""]"
149;neden bu kadar sert eleştiriler yapılmış bilmiyorum ama ben filmi çıktığı sene izlediğimde tamamiyle ürpermiştim çok korkutucuydu:;neutral;negative;0.0;1.3888888888888888;False;0.6470588235294118;0.11764705882352941;positive;1.0;0.3888888888888889;False;True;False;False;True;True;True;True;False;2;2;0;"[""sert"", ""korkutucu""]";"[""eleştiri""]";"[""çok""]";"[""bil""]";"[""ama""]";"[""negation_flip"", ""modifier_detected"", ""contrast_detected""]"
150;)bazı yorum yazan arkadaşların da dediği gibi bence klasik korku filmlerinden bir tanesi.;neutral;negative;0.5;1.043560606060606;False;1.0;0.3076923076923077;negative;0.0;1.043560606060606;False;False;False;False;False;False;False;False;True;4;3;1;"[""arkadaş"", ""da"", ""de"", ""korku""]";"[""arkadaş""]";[];[];[];"[""suppressed_as_target""]"
151;#AD?;neutral;positive;0.08333333333333333;0.0;False;1.0;1.0;positive;0.08333333333333333;0.0;False;False;False;False;False;False;False;False;False;1;1;0;"[""ad""]";[];[];[];[];[]
152;... - 'Hayırrrrrrr bu olamaz bu olamaz.;neutral;neutral;0.0;0.0;True;0.8;0.0;neutral;0.0;0.0;True;False;False;False;False;False;False;False;False;0;0;0;[];[];[];[];[];[]
153;.!!!' Ve cin ait olduğu yere döner.;neutral;positive;0.265625;0.0;False;1.0;0.3333333333333333;positive;0.265625;0.0;False;False;False;False;False;False;False;False;False;2;2;0;"[""cin"", ""yer""]";[];[];[];[];[]
154;..Korkutucu bir paragrafla hikayesini açan Wishmaster zaman zaman boğduğu sahnelerle de adından söz ettirmişti hatırlayacaksınız.;neutral;negative;0.08333333333333333;1.3708333333333333;False;0.7333333333333333;0.3333333333333333;negative;0.08333333333333333;1.3708333333333333;False;False;False;False;False;False;False;False;False;5;5;0;"[""korkutucu"", ""aç"", ""de"", ""ad"", ""söz""]";"[""hikaye"", ""wishmaster"", ""wishmaster""]";[];[];[];[]
155;Fakat değeri devamlarının başarısızlığıyla bilindi.;negative;negative;0.0;0.75;True;0.8;0.2;negative;0.0;0.75;True;False;False;False;False;False;False;True;False;1;1;0;"[""başarısızlık""]";"[""değer""]";[];[];"[""fakat""]";"[""contrast_detected""]"
156;.Eğer Tılsım'a geçer dersem o da iki ayrı zamanlarda yapılan ve olayların hazin bir şekilde tekrarlanmış olduğu sahnelerden üzre gelir.;neutral;negative;0.0;1.0227272727272727;False;0.8;0.1;negative;0.0;1.0227272727272727;False;False;False;False;False;False;False;False;False;2;2;0;"[""da"", ""hazin""]";"[""şekil""]";[];[];[];[]
157;.Orta diyeyim en iyisi:;neutral;positive;0.6111111111111112;0.020833333333333332;False;1.0;0.5;positive;0.6111111111111112;0.020833333333333332;False;False;False;False;False;False;True;False;False;2;2;0;"[""de"", ""iyi""]";[];"[""en""]";[];[];"[""modifier_detected""]"
158;çok kotuydu;negative;neutral;0.0;0.0;False;1.0;0.0;neutral;0.0;0.0;False;False;False;False;False;False;False;False;False;0;0;0;[];[];[];[];[];[]
159;"""çok güzel sıkmayan filmlerden izleyeli 5 sene olduysada filmin finalinde kadının 3. dileğini unutmadım""""""";positive;positive;0.45454545454545453;0.0;True;0.7857142857142857;0.07142857142857142;negative;0.0;0.45454545454545453;False;True;False;True;False;True;True;False;False;1;1;0;"[""güzel""]";[];"[""\""çok""]";"[""sık""]";[];"[""negation_flip"", ""modifier_detected""]"
160;berbat bi film.;negative;neutral;0.0;0.0;False;0.6666666666666666;0.0;neutral;0.0;0.0;False;False;False;False;False;False;False;False;False;0;0;0;[];[];[];[];[];[]
161;zaman kaybındam başka bişi değil.;negative;neutral;0.0;0.0;False;0.8;0.0;neutral;0.0;0.0;False;False;False;False;False;False;False;False;False;0;0;0;[];[];[];[];[];[]
162;bence bu film artık bir klasik oldu.;positive;neutral;0.0;0.0;False;1.0;0.0;neutral;0.0;0.0;False;False;False;False;False;False;False;False;False;0;0;0;[];[];[];[];[];[]
163;ve bence çok iyi bir film.;positive;positive;0.6111111111111112;0.0;True;1.0;0.16666666666666666;positive;0.6111111111111112;0.0;True;False;False;False;False;False;True;False;False;1;1;0;"[""iyi""]";"[""film""]";"[""çok""]";[];[];"[""modifier_detected""]"
164;korku olarak geçsede ben bunu tam olarak korku kategorisinde değerlendirmek istemiyorum.;neutral;negative;0.20833333333333334;2.0;False;0.7272727272727273;0.2727272727272727;negative;0.20833333333333334;2.0;False;False;False;False;False;False;False;False;False;3;3;0;"[""korku"", ""tam"", ""korku""]";"[""bu""]";[];[];[];[]
165;çünkü bence bu film macer-korku ve konu olarak çok kaliteli.;positive;neutral;1.0;1.0;False;0.9090909090909091;0.18181818181818182;neutral;1.0;1.0;False;False;False;False;False;False;False;False;False;2;2;0;"[""korku"", ""kaliteli""]";"[""film"", ""film""]";[];[];[];[]
166;Film 1998 yılında çekildi ve vizyona girdi ben bu filmi sinemada izlemiştim aslına bakarsanız güzel bir konuya sahip ama görsel efekt yönünden sınıfta kalmış bir film makyajlar çok ama çok yapmacık fakat dediğim gibi senaryosu bir gerilim filmine göre hiç de başarısız sayılmaz saygılarımla .;positive;negative;1.2045454545454546;1.7916666666666665;False;0.9090909090909091;0.1590909090909091;negative;1.4545454545454546;1.5416666666666665;False;False;False;False;False;True;True;True;False;7;7;0;"[""bak"", ""güzel"", ""de"", ""hiç"", ""de"", ""başarısız"", ""saygı""]";"[""ben"", ""konu"", ""senaryo"", ""senaryo""]";"[""hiç""]";"[""say"", ""say""]";"[""ama"", ""fakat"", ""fakat""]";"[""contrast_detected"", ""negation_flip"", ""modifier_detected"", ""contrast_detected"", ""negation_flip"", ""contrast_detected""]"
167;filmi çok begendim kendini izleyiciye zorla seyrettirmiyor hikayesini çok güzel anlatıyor herkese özellikle cin karakteri filmin temel taşı bence;positive;positive;0.7045454545454546;0.0;True;0.7894736842105263;0.10526315789473684;positive;0.7045454545454546;0.0;True;False;False;False;False;False;True;False;False;2;2;0;"[""güzel"", ""cin""]";"[""hikaye""]";"[""çok""]";[];[];"[""modifier_detected""]"
168;cin haricinde son derece başarısız bir film.;negative;negative;0.25;1.125;True;1.0;0.42857142857142855;negative;0.25;1.125;True;False;False;False;False;False;True;False;False;3;3;0;"[""cin"", ""son"", ""başarısız""]";"[""derece"", ""film""]";"[""derece""]";[];[];"[""modifier_detected""]"
169;6-12 Yaş grubu filmlerden.;negative;negative;0.0;0.125;True;1.0;0.2;negative;0.0;0.125;True;False;False;False;False;False;False;False;False;1;1;0;"[""yaş""]";[];[];[];[];[]
170;"""Bunu sevdiyseniz size bir tavsiyem de """"""""13 Hayalet"""""""" dir.""";neutral;positive;0.125;0.020833333333333332;False;0.7777777777777778;0.2222222222222222;positive;0.125;0.020833333333333332;False;False;False;False;False;False;False;False;False;2;2;0;"[""tavsiye"", ""de""]";[];[];[];[];[]
171;BANA GORE MUKEMMEL HELE O ILK SAHNEDEKI FANTASTIK HAVA O PERS KRALLIGI ANLATIMI MUKEMMEL;positive;positive;0.10714285714285714;0.0;True;0.42857142857142855;0.07142857142857142;positive;0.10714285714285714;0.0;True;False;False;False;False;False;False;False;False;1;1;0;"[""hava""]";[];[];[];[];[]
172;Star 2 haftada bir veriyor boş ver sen onları.;neutral;negative;0.0;0.325;False;0.7777777777777778;0.1111111111111111;negative;0.0;0.325;False;False;False;False;False;False;False;False;False;1;1;0;"[""boş""]";"[""sen""]";[];[];[];[]
173;.Sanırım bu kadar çok izlemenin verdiği baygınlıktan olacak kötü eleştiriler yapmışsınız.;neutral;negative;0.0;1.9;False;0.8181818181818182;0.18181818181818182;negative;0.0;1.9;False;False;False;False;False;False;False;False;False;2;2;0;"[""baygınlık"", ""kötü""]";"[""eleştiri""]";[];[];[];[]
174;.ama wes craven'ın Nightmare On Elm Street'den sonraki en iyi filmidir.;positive;positive;0.6111111111111112;0.0;True;0.5454545454545454;0.09090909090909091;positive;0.6111111111111112;0.0;True;False;False;False;False;False;True;False;False;1;1;0;"[""iyi""]";"[""film""]";"[""en""]";[];[];"[""modifier_detected""]"
175;bakalım bu akşam star da veriyolar.;neutral;negative;0.0;0.2727272727272727;False;0.8333333333333334;0.3333333333333333;negative;0.0;0.2727272727272727;False;False;False;False;False;False;False;False;False;2;2;0;"[""bak"", ""da""]";[];[];[];[];[]
176;...önceden seyretmiştim ama tam bi korku filmi tadı alamamıştım.;neutral;negative;0.27083333333333337;1.1666666666666667;False;0.7777777777777778;0.4444444444444444;negative;0.375;1.0625;False;False;False;False;False;True;False;True;False;4;4;0;"[""tam"", ""korku"", ""tat"", ""al""]";"[""film"", ""film"", ""film""]";[];"[""al"", ""al""]";"[""ama"", ""ama""]";"[""negation_flip"", ""contrast_detected"", ""negation_flip"", ""contrast_detected""]"
177;..bi de bu filme bu kadar devam filmi çekilmesi bence gereksizdi yer yer güzel olmasına rağmen vasatı geçebilecek bi film değildi yani;neutral;negative;0.48579545454545453;0.8958333333333333;False;0.8636363636363636;0.3181818181818182;negative;0.48579545454545453;0.8958333333333333;False;False;False;False;False;True;False;False;False;7;7;0;"[""de"", ""gereksiz"", ""yer"", ""yer"", ""güzel"", ""rağmen"", ""vasat""]";"[""film""]";[];"[""gereksiz"", ""değil""]";[];[]
178;şahsen bu filme zamanımı vermem için çok boş zamanımın olması lazım.;neutral;negative;0.0;0.325;False;0.9090909090909091;0.09090909090909091;negative;0.0;0.325;False;False;False;False;False;False;True;False;False;1;1;0;"[""boş""]";"[""zaman""]";"[""çok""]";[];[];"[""modifier_detected""]"
179;.öle çok kötü diyemem ama neb biliyim.;neutral;negative;0.0;0.9208333333333334;False;0.8571428571428571;0.2857142857142857;positive;0.9208333333333334;0.0;False;True;False;False;True;True;True;False;False;2;2;0;"[""kötü"", ""de""]";[];"[""çok"", "".öle""]";"[""de"", ""de""]";[];"[""negation_flip"", ""modifier_detected"", ""negation_flip"", ""modifier_detected""]"
180;.saçmalamışlar.;negative;neutral;0.0;0.0;False;0.0;0.0;neutral;0.0;0.0;False;False;False;False;False;False;False;False;False;0;0;0;[];[];[];[];[];[]
181;bissuru devamı falanda cekıldı bu vasat fılmın yaklasmayın bence.;neutral;negative;0.0;0.125;False;0.5555555555555556;0.1111111111111111;negative;0.0;0.125;False;False;False;False;False;False;False;False;False;1;1;0;"[""vasat""]";"[""fılmın""]";[];[];[];[]
182;Açılış sahnesi çok iyiydi gerçekten insanların istediklerini dogru tanımlamamaları nelere yol açıyor görüyorsunuz bu filmde.;positive;negative;0.6111111111111112;1.3;False;0.7333333333333333;0.2;negative;0.6111111111111112;1.3;False;False;False;False;False;False;True;False;False;3;3;0;"[""iyi"", ""aç"", ""gör""]";"[""sahne"", ""yol""]";"[""çok""]";[];[];"[""modifier_detected""]"
183;ayrıca bu filmi izledikten sonra bi ara hep nasıl böyle bişey olsa dezavantajsız dilek dilerim diye baya kafa yordum.;neutral;negative;0.0;0.5;False;0.7368421052631579;0.05263157894736842;negative;0.0;0.5;False;False;False;False;False;False;False;False;False;1;1;0;"[""dezavantaj""]";"[""dilek""]";[];[];[];[]
184;yer yer iyi olmasına rağmen bazı bölümlerde adamları korkutacaz diye mide bulandırıcı sahneler koymuşlar.;negative;negative;0.6423611111111112;1.3977272727272727;True;0.9285714285714286;0.42857142857142855;negative;0.6267361111111112;1.3977272727272727;True;False;False;False;False;False;False;False;True;6;5;1;"[""yer"", ""yer"", ""iyi"", ""rağmen"", ""adam"", ""bulandırıcı""]";"[""yer"", ""yer""]";[];[];[];"[""suppressed_as_target""]"
185;"""üstelik korkutmuyor sadece eğlendiriyor""""""";neutral;neutral;0.0;0.0;True;0.75;0.0;neutral;0.0;0.0;True;False;False;False;False;False;False;False;False;0;0;0;[];[];[];[];[];[]
186;bu filmin 5 puan aldığına inanamıyorum.;positive;negative;0.0;0.16666666666666666;False;1.0;0.16666666666666666;positive;0.16666666666666666;0.0;True;True;True;False;False;True;False;False;False;1;1;0;"[""al""]";"[""film""]";[];"[""inan""]";[];"[""negation_flip""]"
187;o kadar aptal film 7 yi geçerken bu filme haksızlık yapılmış kesinlikle iyi bir film.;positive;negative;0.6111111111111112;1.5;False;0.9333333333333333;0.2;negative;0.6111111111111112;1.5;False;False;False;False;False;False;False;False;False;3;3;0;"[""aptal"", ""haksızlık"", ""iyi""]";"[""film"", ""film""]";[];[];[];[]
188;gerçekten müthiş bir film.;positive;negative;0.0;0.375;False;1.0;0.25;negative;0.0;0.375;False;False;False;False;False;False;False;False;False;1;1;0;"[""müthiş""]";"[""film""]";[];[];[];[]
189;diğer çekilen 2 bölümü de harika idi.;positive;positive;1.0;0.020833333333333332;True;0.8571428571428571;0.2857142857142857;positive;1.0;0.020833333333333332;True;False;False;False;False;False;False;False;False;2;2;0;"[""de"", ""harika""]";"[""bölüm""]";[];[];[];[]
190;efektlerini çok beğendim.;positive;neutral;0.0;0.0;False;0.6666666666666666;0.0;neutral;0.0;0.0;False;False;False;False;False;False;False;False;False;0;0;0;[];[];[];[];[];[]
191;yapma yaa..;neutral;neutral;0.0;0.0;True;0.0;0.0;neutral;0.0;0.0;True;False;False;False;False;False;False;False;False;0;0;0;[];[];[];[];[];[]
192;. bence rezalet bi filmdi.;negative;negative;0.0;1.0;True;0.75;0.25;negative;0.0;1.0;True;False;False;False;False;False;False;False;False;1;1;0;"[""rezalet""]";"[""film""]";[];[];[];[]
193;filmi hiç beyenmedim.;negative;negative;0.0;0.5;True;0.6666666666666666;0.3333333333333333;positive;0.5;0.0;False;True;False;True;False;True;False;False;False;1;1;0;"[""hiç""]";"[""film""]";[];"[""beyen""]";[];"[""negation_flip""]"
194;.travoltaya aldanarak dvdsini aldıım.;neutral;neutral;0.0;0.0;True;0.0;0.0;neutral;0.0;0.0;True;False;False;False;False;False;False;False;False;0;0;0;[];[];[];[];[];[]
195;. ancak çok durgun ve sade geçen bi film 4/10;negative;negative;0.0;0.1875;True;0.9;0.2;negative;0.0;0.1875;True;False;False;False;False;False;True;True;False;2;2;0;"[""ancak"", ""durgun""]";"[""film""]";"[""çok""]";[];"[""ancak"", ""ancak""]";"[""contrast_detected"", ""modifier_detected"", ""contrast_detected""]"
196;cok hos ve guzel bir film vede duygusal duygusal ve acikli filmleri hep severim 10/10;positive;neutral;0.0;0.0;False;0.625;0.0;neutral;0.0;0.0;False;False;False;False;False;False;False;False;False;0;0;0;[];[];[];[];[];[]
197;Hoş bir filmdi sonu biraz duygusaldı;positive;negative;0.0;0.125;False;1.0;0.16666666666666666;negative;0.0;0.125;False;False;False;False;False;False;False;False;False;1;1;0;"[""son""]";[];[];[];[];[]
198;Kesinlikle harika bir film!;positive;positive;1.0;0.0;True;1.0;0.25;positive;1.0;0.0;True;False;False;False;False;False;False;False;False;1;1;0;"[""harika""]";"[""film""]";[];[];[];[]
199;İzlediğim en iyi filmlerdendi.;positive;positive;0.6111111111111112;0.0;True;0.75;0.25;positive;0.6111111111111112;0.0;True;False;False;False;False;False;True;False;False;1;1;0;"[""iyi""]";[];"[""en""]";[];[];"[""modifier_detected""]"
200;Savaş dönemi yaşanan tüm pislikleri göz önüne seriyor.;neutral;positive;1.25;0.975;False;1.0;0.5;positive;1.25;0.975;False;False;False;False;False;False;False;False;False;4;4;0;"[""savaş"", ""yaşa"", ""tüm"", ""pislik""]";"[""dönem""]";[];[];[];[]
201;Bunu özellikle tarafsız olması gereken bir gazeteci yönünden anlatması daha da çarpıcı.;neutral;positive;0.375;0.022727272727272728;False;0.9166666666666666;0.16666666666666666;positive;0.375;0.022727272727272728;False;False;False;False;False;False;False;False;False;2;2;0;"[""da"", ""çarpıcı""]";[];[];[];[];[]
202;Bunu sevenler The Hunting Party yi ve Grbavica(the Land of My Dreams) i de seveceklerdir.;neutral;negative;0.0;1.0208333333333333;False;0.375;0.125;negative;0.0;1.0208333333333333;False;False;False;False;False;False;False;False;False;2;2;0;"[""of"", ""de""]";[];[];[];[];[]
203;Film ile ilgili yorum yazmak istemiyorum sadece bu iki alıntı ile filmin özetini yapmak istiyorum:;neutral;neutral;0.0;0.0;True;0.8;0.0;neutral;0.0;0.0;True;False;False;False;False;False;False;False;False;0;0;0;[];[];[];[];[];[]
204;""":""""""""Savaş Sarajevo'dur!""";neutral;negative;0.0;0.375;False;0.5;0.5;negative;0.0;0.375;False;False;False;False;False;False;False;False;False;1;1;0;"[""savaş""]";[];[];[];[];[]
205;Onun parçası değilsen rüyadasındır!;neutral;negative;0.0;0.10714285714285714;False;1.0;0.25;positive;0.10714285714285714;0.0;False;True;False;False;True;True;False;False;False;1;1;0;"[""parça""]";[];[];"[""değil""]";[];"[""negation_flip""]"
206;"""Ayni katliam müslümanlar yerine hristiyanlara yapilsaydi Batı bu soykırıma farklı yaklşırdı""""""""""""""";neutral;positive;0.015625;0.0;False;0.5454545454545454;0.09090909090909091;positive;0.015625;0.0;False;False;False;False;False;False;False;False;False;1;1;0;"[""yer""]";"[""katliam""]";[];[];[];[]
207;Bu şahane yapımı bu akşam tekrar Digiturk'de izleme şansım oldu ama o korkunç vahşete bir kez daha bakmaya yüreğim dayanmadı sadece 20-25 dakikasını izledim hani şu ER (acil servis) dizisinde ki Dr.;positive;negative;1.0416666666666665;1.5833333333333335;False;0.8787878787878788;0.15151515151515152;negative;0.875;1.1666666666666667;False;False;False;False;False;True;False;False;True;5;4;1;"[""şahane"", ""korkunç"", ""vahşet"", ""yürek"", ""er""]";"[""yapım"", ""vahşet"", ""yapım""]";[];"[""dayan""]";[];"[""suppressed_as_target"", ""negation_flip""]"
208;Kovac'ın ölümüne kadar olan bölümü izledim.;neutral;neutral;0.0;0.0;True;0.6666666666666666;0.0;neutral;0.0;0.0;True;False;False;False;False;False;False;False;False;0;0;0;[];[];[];[];[];[]
209;"""Daha önce Ayşe Kulin'in """"""""Sevdalinka"""""""" adlı romanını da okumuş ve Saraybosna'daki drama bu sayede şahit olmuştum ama olayın görsel yanı insanın yüreğini acıtıyor.""";neutral;negative;0.29166666666666663;0.5941558441558441;False;0.8260869565217391;0.17391304347826086;negative;0.125;0.5941558441558441;False;False;False;False;False;False;False;True;True;4;3;1;"[""da"", ""saye"", ""yürek"", ""acı""]";"[""drama"", ""yürek""]";[];[];"[""ama"", ""ama""]";"[""suppressed_as_target"", ""contrast_detected""]"
210;"""O öldürülen kundaktaki suçsuz günahsız bebeklerin yaşlıların kurşuna dizilen hayvanların ailesi hatta tüm akrabaları öldürülüp de dünyada bir başına kalan yetim çocukların dramı sürekli gözyaşlarımın sular seller gibi akmasına """"""""allahım bu nasıl bir vahşet"""""""" sözlerini ard arda tekrar etmeme neden oldu yine.""";negative;negative;1.6964285714285714;2.3773809523809524;True;0.8571428571428571;0.30952380952380953;negative;1.4964285714285714;2.1041666666666665;True;False;False;False;False;True;True;False;True;13;10;3;"[""suçsuz"", ""günahsız"", ""bebek"", ""hayvan"", ""tüm"", ""de"", ""yetim"", ""çocuk"", ""dram"", ""sel"", ""ak"", ""vahşet"", ""söz""]";"[""bebek"", ""bebek"", ""akrabalar"", ""çocuk"", ""dram"", ""dram"", ""\""allahım""]";"[""sürekli"", ""nasıl""]";"[""et""]";[];"[""suppressed_as_target"", ""suppressed_as_target"", ""suppressed_as_target"", ""modifier_detected"", ""modifier_detected"", ""negation_flip""]"
211;İnsanlar keskin nişancılar yüzünden cenazelerini bile öldürüldükleri yerlerden alamıyor su için çeşme başında sırada beklerken yolda yürürken veya evinin içinde dolaşırken bir keskin nişancı tarafından öldürülmemek büyük başarı.;negative;positive;0.390625;0.24999999999999997;False;0.8214285714285714;0.17857142857142858;negative;0.18229166666666666;0.4583333333333333;True;True;True;False;False;True;False;False;False;5;5;0;"[""keskin"", ""yer"", ""al"", ""keskin"", ""başarı""]";"[""nişancı"", ""insan"", ""insan"", ""tarafından""]";[];"[""öl"", ""al"", ""al"", ""al""]";[];"[""negation_flip"", ""negation_flip""]"
212;"""İnsanlar daha güvenli bir yerlere gitmek için savaş muhabirleri aracılığıyla seslerini dünyaya duyurmaya çalışırken gelen """"""""sözde devlet adamlarının"""""""" kocaman askeri kargo uçaklarıyla kimseyi kurtarmayıp bürokrasi engeline takılmaları insanı çileden çıkarıyor.""";negative;negative;0.715625;1.6477272727272727;True;0.8333333333333334;0.23333333333333334;positive;1.715625;0.6477272727272727;False;True;False;True;False;True;False;False;False;7;7;0;"[""güvenli"", ""yer"", ""savaş"", ""devlet"", ""adam"", ""engel"", ""takılma""]";"[""insan"", ""insan""]";[];"[""kurtar""]";[];"[""negation_flip""]"
213;Kosovalı kardeşlerimizin yaşadığı dramı son derece başarılı bir şekilde gözler önüne seren son derece iyi belgesel gibi bir yapım.;positive;positive;2.611111111111111;0.4375;True;0.9473684210526315;0.3157894736842105;positive;2.611111111111111;0.4375;True;False;False;False;False;False;False;False;False;6;6;0;"[""yaşa"", ""dram"", ""son"", ""başarılı"", ""son"", ""iyi""]";"[""kardeş"", ""şekil"", ""derece"", ""şekil"", ""derece"", ""belgesel""]";[];[];[];[]
214;Schindlerin Listesini izleyip beğenen vatandaşımız bu film içinde aynı şeyleri hissedip bu tarz yapımlara sahip çıkmalı.;neutral;negative;0.0;0.25;False;0.8125;0.0625;negative;0.0;0.25;False;False;False;False;False;False;False;False;False;1;1;0;"[""hisset""]";"[""şey""]";[];[];[];[]
215;"""Yarın birgün bizde yine terörle uğraşırken o Saraybosna da yaşananları bizde yaşamayalım diye Türk halkını belki """"""""toplumun azınlıkları arasında bölücülüğe yönelmesini engelleyebilecek"""""""" tarzda bir yapım bence.""";neutral;negative;2.0;2.0227272727272725;False;0.8076923076923077;0.23076923076923078;negative;0.25;2.7727272727272725;False;False;False;False;False;True;True;False;True;6;5;1;"[""terör"", ""uğraş"", ""da"", ""yaşa"", ""yaşa"", ""bölücülük""]";"[""yaşa"", ""yaşa""]";"[""birgün"", ""yine""]";"[""yaşa"", ""yaşa"", ""yaşa""]";[];"[""negation_flip"", ""modifier_detected"", ""suppressed_as_target"", ""negation_flip""]"
216;İzlemeyen herkese şiddetle tavsiye ederim.;positive;negative;0.125;0.16666666666666666;False;0.8;0.4;negative;0.125;0.16666666666666666;False;False;False;False;False;False;True;False;False;2;2;0;"[""şiddet"", ""tavsiye""]";[];"[""şiddet""]";[];[];"[""modifier_detected""]"
217;Çevremizde dünyamızda olup bitenlere bu kadar duyarsız kalmayalım hiç değilse bu tarz bağımsız yapımlar aracılığı ile savaş soykırım gibi önemli konularda sizlerde doğru fikir ve bilgi sahibi olun herkese iyi seyirler dilerim.;positive;negative;0.9444444444444445;1.125;False;0.96875;0.1875;positive;1.3611111111111112;0.625;True;True;True;False;False;True;True;False;True;6;5;1;"[""duyarsız"", ""hiç"", ""savaş"", ""doğru"", ""iyi"", ""seyir""]";"[""seyir"", ""fikir"", ""seyir""]";"[""hiç""]";"[""değil""]";[];"[""modifier_detected"", ""negation_flip"", ""suppressed_as_target""]"
218;Yakın geçmişe tanıklık eden ve gerçekleri tüm çıplaklıgıyla beyaz perdeye yansıtan başarılı bir dram.;positive;positive;1.3333333333333333;0.3375;True;0.8571428571428571;0.42857142857142855;positive;1.3333333333333333;0.15000000000000002;True;False;False;False;False;False;False;False;True;6;5;1;"[""geçmiş"", ""gerçek"", ""tüm"", ""perde"", ""başarılı"", ""dram""]";"[""dram""]";[];[];[];"[""suppressed_as_target""]"
219;.. Eger aksiyon ya da eğlenceli bireşey arıyorsanız sayfayı lütfen değiştirin;neutral;negative;0.0;0.14772727272727273;False;0.6;0.2;negative;0.0;0.14772727272727273;False;False;False;False;False;False;False;False;False;2;2;0;"[""da"", ""lütfen""]";"[""sayfa""]";[];[];[];[]
220;Eger tarihe tanıklık etmek istiyorsanız mutlaka izleyin;negative;neutral;0.0;0.0;False;0.5714285714285714;0.0;neutral;0.0;0.0;False;False;False;False;False;False;False;False;False;0;0;0;[];[];[];[];[];[]
221;Tek bir eksikliği var o da konunun kimleri için çok agır olabilmesi sizi biraz sıkabilir!;negative;negative;0.0;0.5227272727272727;True;0.9333333333333333;0.13333333333333333;negative;0.0;0.5227272727272727;True;False;False;False;False;False;False;False;False;2;2;0;"[""eksiklik"", ""da""]";[];[];[];[];[]
222;televizyonda bir iki kez izlemiştim eski zamanlarda;neutral;negative;0.0;0.16666666666666666;False;0.8571428571428571;0.14285714285714285;negative;0.0;0.16666666666666666;False;False;False;False;False;False;False;False;False;1;1;0;"[""eski""]";"[""zaman""]";[];[];[];[]
223;kötü bir film değil;positive;negative;0.0;0.9;False;1.0;0.25;negative;0.0;0.9;False;False;False;False;False;False;False;False;False;1;1;0;"[""kötü""]";"[""film""]";[];[];[];[]
224;bir pazar sabahı kalkarsınız kahvaltınızı edersiniz ve tvde zaplarken bunu görürsünüz oturun izleyin gençler pişman olmazsınız.;positive;negative;0.0;2.175;False;0.6875;0.25;positive;1.125;1.05;True;True;True;False;False;True;False;False;False;4;4;0;"[""gör"", ""genç"", ""pişman"", ""olmaz""]";"[""bu"", ""kahvaltı""]";[];"[""ol"", ""ol""]";[];"[""negation_flip"", ""negation_flip""]"
225;küçükken sürekli izlediğm bir filmdi.;neutral;neutral;0.0;0.0;True;0.8;0.0;neutral;0.0;0.0;True;False;False;False;False;False;False;False;False;0;0;0;[];[];[];[];[];[]
226;kanal dde sürekli verirlerdi.;neutral;neutral;0.0;0.0;True;0.75;0.0;neutral;0.0;0.0;True;False;False;False;False;False;False;False;False;0;0;0;[];[];[];[];[];[]
227;ama şimdi pek rastlamıyorum.;neutral;positive;0.125;0.0;False;0.75;0.25;negative;0.0;0.125;False;True;False;False;True;True;False;True;False;1;1;0;"[""pek""]";[];[];"[""rastla""]";"[""ama""]";"[""negation_flip"", ""contrast_detected""]"
228;ya ne denirki böyle bir filme?;negative;neutral;0.0;0.0;False;0.8333333333333334;0.0;neutral;0.0;0.0;False;False;False;False;False;False;False;False;False;0;0;0;[];[];[];[];[];[]
229;"""arada kanal d'de veriolar sanırım kareteye meraklı kardeşiniz varsa ufak koyun tv'nin önüne içeri gidip başka bi işle uğraşın""""""";negative;negative;0.0;0.2125;True;0.6842105263157895;0.10526315789473684;negative;0.0;0.2125;True;False;False;False;False;False;False;False;False;2;2;0;"[""meraklı"", ""ufak""]";"[""kardeş"", ""koyun""]";[];[];[];[]
230;yok artık dedım ne dümenler dönuyo ya;negative;negative;0.0;0.5476190476190476;True;0.7142857142857143;0.2857142857142857;negative;0.0;0.5476190476190476;True;False;False;False;False;False;True;False;False;2;2;0;"[""yok"", ""dümen""]";[];"[""artık""]";[];[];"[""modifier_detected""]"
231;Sosyal mesaj verme kaygısı ile çekilmiş anlatıldığı kadarda komik olmayan ama oyuncuların hatırına izleyebileceğiniz bir film.;positive;negative;0.125;1.0;False;0.75;0.125;negative;0.0;1.125;False;False;False;False;False;True;False;False;False;2;2;0;"[""kaygı"", ""komik""]";[];[];"[""ol""]";[];"[""negation_flip""]"
232;ben bu fiLmi cok begendim.;positive;neutral;0.0;0.0;False;0.6;0.0;neutral;0.0;0.0;False;False;False;False;False;False;False;False;False;0;0;0;[];[];[];[];[];[]
233;.. oyuncuLar da son derece kaLiteLi.;positive;positive;1.0;0.14772727272727273;True;1.0;0.6;positive;1.0;0.14772727272727273;True;False;False;False;False;False;False;False;False;3;3;0;"[""da"", ""son"", ""kaliteli""]";"[""derece"", ""oyuncu""]";[];[];[];[]
234;Yapılmış en iyi sistem eleştirilerinden biri.;positive;positive;0.6111111111111112;0.08333333333333333;True;0.8333333333333334;0.3333333333333333;positive;0.6111111111111112;0.08333333333333333;True;False;False;False;False;False;True;False;False;2;2;0;"[""iyi"", ""biri""]";"[""sistem""]";"[""en""]";[];[];"[""modifier_detected""]"
235;Bir olayın üstünün nasıl rahatlıkla örtülebileceğine ve medyanın gücüne dair bundan iyisini bulamazsınız.;positive;positive;1.8611111111111112;0.041666666666666664;True;0.9230769230769231;0.3076923076923077;positive;1.25;0.6527777777777778;True;False;False;False;False;True;False;False;False;4;4;0;"[""üstün"", ""rahatlıkla"", ""güç"", ""iyi""]";[];[];"[""bul""]";[];"[""negation_flip""]"
236;Sadece kurgusu iyi.;positive;positive;0.6111111111111112;0.0;True;1.0;0.3333333333333333;positive;0.6111111111111112;0.0;True;False;False;False;False;False;True;False;False;1;1;0;"[""iyi""]";"[""kurgu""]";"[""sadece""]";[];[];"[""modifier_detected""]"
237;Böyle kaliteli oyuncuların bu tür basit yapımlarda oynamasına bir anlam veremiyorum.;negative;positive;1.1;0.0;False;0.8181818181818182;0.18181818181818182;positive;1.1;0.0;False;False;False;False;False;False;False;False;False;2;2;0;"[""kaliteli"", ""basit""]";"[""oyuncu"", ""yapım""]";[];[];[];[]
238;Biraz daha seçici olmamalılar.;neutral;neutral;0.0;0.0;True;1.0;0.0;neutral;0.0;0.0;True;False;False;False;False;False;False;False;False;0;0;0;[];[];[];[];[];[]
239;Yer yer sıkıcı olmasına rağmen yıne de Robert De Nıro ve Dustın Hoffman gibi isimleri bir araya getirmesinden zaten izlenilebilir bir yapım olduğu anlaşılıyor.;negative;negative;0.03125;1.5416666666666665;True;0.7083333333333334;0.25;negative;0.015625;1.5416666666666665;True;False;False;False;False;False;False;False;True;6;5;1;"[""yer"", ""yer"", ""sıkıcı"", ""rağmen"", ""de"", ""de""]";"[""yer"", ""yer""]";[];[];[];"[""suppressed_as_target""]"
240;Senaryo çok ilginç ve yer yer sıkıcı olsa da sürükleyıcı.;neutral;negative;0.03125;1.0227272727272727;False;0.9;0.4;negative;0.03125;1.0227272727272727;False;False;False;False;False;False;False;False;False;4;4;0;"[""yer"", ""yer"", ""sıkıcı"", ""da""]";[];[];[];[];[]
241;Komedıye gelince sadece Woody Harrelsonun sahneleri komik.;positive;positive;0.125;0.0;True;0.42857142857142855;0.14285714285714285;positive;0.125;0.0;True;False;False;False;False;False;True;False;False;1;1;0;"[""komik""]";"[""sahne""]";"[""sadece""]";[];[];"[""modifier_detected""]"
242;filmin türü komedi yazıodu fakat ben nedense hiç gülmedim.;negative;negative;0.0;0.5;True;0.8888888888888888;0.1111111111111111;positive;0.5;0.0;False;True;False;True;False;True;False;True;False;1;1;0;"[""hiç""]";"[""ben""]";[];"[""gül""]";"[""fakat""]";"[""negation_flip"", ""contrast_detected""]"
243;sadece ben değil arkadaşlarında yorumları aynı oldu.;neutral;neutral;0.0;0.0;True;1.0;0.0;neutral;0.0;0.0;True;False;False;False;False;False;False;False;False;0;0;0;[];[];[];[];[];[]
244;sadece hoş diye bilirim daha fala bişey demek zor değişik ve farklı bir senaryo ve filim ama çok fazla bir beklemek biraz haytalcilik olabilir.;neutral;negative;0.0;0.7916666666666667;False;0.7916666666666666;0.125;negative;0.0;0.7916666666666667;False;False;False;False;False;False;False;False;False;3;3;0;"[""de"", ""zor"", ""değişik""]";"[""bişey"", ""senaryo""]";[];[];[];[]
245;ama genede izlenmesi gerek çünkü hoşbir konusu var ne olursa olsun.;positive;neutral;0.0;0.0;False;0.7272727272727273;0.0;neutral;0.0;0.0;False;False;False;False;False;False;False;False;False;0;0;0;[];[];[];[];[];[]
246;Helal olsun adamlara.;positive;positive;0.1875;0.022727272727272728;True;1.0;0.6666666666666666;positive;0.1875;0.0;True;False;False;False;False;False;False;False;True;2;1;1;"[""helal"", ""adam""]";"[""adam""]";[];[];[];"[""suppressed_as_target""]"
247;Müthiş bir film.;positive;negative;0.0;0.375;False;1.0;0.3333333333333333;negative;0.0;0.375;False;False;False;False;False;False;False;False;False;1;1;0;"[""müthiş""]";"[""film""]";[];[];[];[]
248;Gercekten filmi izlerken o kadar sıkıldım ki anlatamam.;negative;neutral;0.0;0.0;False;0.5;0.0;neutral;0.0;0.0;False;False;False;False;False;False;False;False;False;0;0;0;[];[];[];[];[];[]
249;.. Çok bayık bir film olaylar ilerlemek bilmiyor.;negative;neutral;0.0;0.0;False;0.5714285714285714;0.0;neutral;0.0;0.0;False;False;False;False;False;False;False;False;False;0;0;0;[];[];[];[];[];[]
250;.. Son derece sıkıcı.;negative;negative;0.0;1.125;True;1.0;0.6666666666666666;negative;0.0;1.125;True;False;False;False;False;False;False;False;False;2;2;0;"[""son"", ""sıkıcı""]";[];[];[];[];[]
251;. Böyle iki oyuncunun bir araya geldiği bir film böylesi sıkıcı olamaz ya.;negative;negative;0.0;1.0;True;0.9166666666666666;0.08333333333333333;positive;1.0;0.0;False;True;False;True;False;True;True;False;False;1;1;0;"[""sıkıcı""]";"[""film""]";"[""böylesi""]";"[""ol""]";[];"[""negation_flip"", ""modifier_detected""]"
252;şimdiye kadar izlediim yüzlerce film arasında izlediğim en keyifli filmlerden birisiydi.;positive;positive;1.0;0.08333333333333333;True;0.7272727272727273;0.18181818181818182;positive;1.0;0.08333333333333333;True;False;False;False;False;False;False;False;False;2;2;0;"[""keyifli"", ""biri""]";[];[];[];[];[]
253;. üstelik bu zamana kadar arşivime eklemediğim için de çok pişman oldum.;positive;negative;0.0;1.0208333333333333;False;0.9090909090909091;0.18181818181818182;positive;1.0208333333333333;0.0;True;True;True;False;False;True;True;False;False;2;2;0;"[""de"", ""pişman""]";[];"[""çok""]";"[""ekle"", ""ekle""]";[];"[""negation_flip"", ""negation_flip"", ""modifier_detected""]"
254;. oyuncular senaryo filmin akışı replikler müzik hepsi olağanüstüydü.;positive;positive;0.9880952380952381;0.0;True;1.0;0.25;positive;0.9880952380952381;0.0;True;False;False;False;False;False;False;False;False;2;2;0;"[""ak"", ""olağanüstü""]";"[""hepsi""]";[];[];[];[]
255;. dakikalar geçtikçe hayretler içinde kalarak gözümü ekrandan ayıramadım.;positive;positive;0.75;0.0;True;0.875;0.125;negative;0.0;0.75;False;True;False;True;False;True;False;False;False;1;1;0;"[""gözüm""]";[];[];"[""ayır""]";[];"[""negation_flip""]"
256;. filmi izlerken yaşananların içinde buluyosunuz kendinizi ve olaylara ayak uydurmak için beyninizde bir koşuşturmaca yaşıyor gibi hissediyorsunuz.;positive;positive;2.05;0.25;True;0.7647058823529411;0.23529411764705882;positive;2.05;0.25;True;False;False;False;False;False;False;False;False;4;4;0;"[""yaşa"", ""beyin"", ""yaşa"", ""hisset""]";"[""koşuştur"", ""kendi""]";[];[];[];[]
257;. kaçırmayın derim.;positive;negative;0.0;0.020833333333333332;False;0.5;0.5;positive;0.020833333333333332;0.0;True;True;True;False;False;True;False;False;False;1;1;0;"[""de""]";[];[];"[""kaçır""]";[];"[""negation_flip""]"
258;Hoffman var daha ne olsun yaaa değil mi ama.;positive;neutral;0.0;0.0;False;0.7777777777777778;0.0;neutral;0.0;0.0;False;False;False;False;False;False;False;False;False;0;0;0;[];[];[];[];[];[]
259;.bu adamın filmlerde duruşu bile yeter filmin izlenmesi için.;positive;positive;0.25;0.022727272727272728;True;0.8888888888888888;0.2222222222222222;positive;0.25;0.022727272727272728;True;False;False;False;False;False;False;False;False;2;2;0;"[""adam"", ""yeter""]";"[""duruş""]";[];[];[];[]
260;Amerikan rüyasının nasıl işlediğine göz atan çok önemli bir örnek.;positive;positive;0.20833333333333334;0.0;True;0.8;0.1;positive;0.20833333333333334;0.0;True;False;False;False;False;False;False;False;False;1;1;0;"[""örnek""]";[];[];[];[];[]
261;Mutlaka izleyin!;positive;neutral;0.0;0.0;False;0.5;0.0;neutral;0.0;0.0;False;False;False;False;False;False;False;False;False;0;0;0;[];[];[];[];[];[]
262;amerikan eleştirisiyle amerikan yandaşlığı yapan bir film.;neutral;neutral;0.0;0.0;True;0.8571428571428571;0.0;neutral;0.0;0.0;True;False;False;False;False;False;False;False;False;0;0;0;[];[];[];[];[];[]
263;devlete karşı devlet olma hayali gibi.;neutral;positive;0.4;0.0;False;1.0;0.3333333333333333;positive;0.4;0.0;False;False;False;False;False;False;False;False;False;2;2;0;"[""devlet"", ""devlet""]";[];[];[];[];[]
264;nasıl beğenilir anlamış değilim.;neutral;positive;1.0;0.0;False;0.75;0.25;positive;1.0;0.0;False;False;False;False;False;False;True;False;False;1;1;0;"[""beğenilir""]";[];"[""nasıl""]";[];[];"[""modifier_detected""]"
265;yoksa ben mi ne unuttuğumu unuttum.;neutral;neutral;0.0;0.0;True;0.6666666666666666;0.0;neutral;0.0;0.0;True;False;False;False;False;False;False;False;False;0;0;0;[];[];[];[];[];[]
266;Film çok hoş ve bence çok da önemli.;positive;negative;0.0;0.022727272727272728;False;1.0;0.125;negative;0.0;0.022727272727272728;False;False;False;False;False;False;False;False;False;1;1;0;"[""da""]";[];[];[];[];[]
267;Tabi bu film amerikan filmi oldugu için adamlar kendilerini eleştirmiş.;neutral;negative;0.0;0.022727272727272728;False;0.8;0.1;negative;0.0;0.022727272727272728;False;False;False;False;False;False;False;False;False;1;1;0;"[""adam""]";"[""kendi""]";[];[];[];[]
268;Ama bu taktiğin uygulandığı yer sadece amerika değil.;neutral;positive;0.015625;0.0;False;0.875;0.125;positive;0.015625;0.0;False;False;False;False;False;False;False;False;False;1;1;0;"[""yer""]";[];[];[];[];[]
269;Her ülkede var bu.;neutral;neutral;0.0;0.0;True;1.0;0.0;neutral;0.0;0.0;True;False;False;False;False;False;False;False;False;0;0;0;[];[];[];[];[];[]
270;İnsan beynini balık beyni ile özdeşleştirip suni gündem yaratarak olayları unutturma taktiği.;neutral;positive;0.1;0.0;False;0.75;0.16666666666666666;positive;0.05;0.0;False;False;False;False;False;False;False;False;True;2;1;1;"[""beyin"", ""beyin""]";"[""beyin""]";[];[];[];"[""suppressed_as_target""]"
271;Fena sonuçlar vermediğinden olacak ki her ülke zorda kaldıgında bunu dener:;neutral;negative;0.0;1.0416666666666667;False;0.7272727272727273;0.18181818181818182;negative;0.0;1.0416666666666667;False;False;False;False;False;False;False;False;False;2;2;0;"[""fena"", ""zor""]";"[""sonuç"", ""ülke""]";[];[];[];[]
272;Filmin başındaki köpek-kuyruk muhabbeti de dahiyaneydi.;positive;positive;1.0;0.5208333333333334;True;0.8571428571428571;0.42857142857142855;positive;1.0;0.5208333333333334;True;False;False;False;False;False;False;False;False;3;3;0;"[""köpek"", ""muhabbet"", ""de""]";[];[];[];[];[]
273;Sosyal hafıza medya seçimler kişisel menfaatler komplo teorileri gibi konulara merakları olanları tatmin edebilecek bir konusu var.;neutral;negative;0.16666666666666666;1.7083333333333333;False;1.0;0.23529411764705882;negative;0.16666666666666666;1.7083333333333333;False;False;False;False;False;False;False;False;False;4;4;0;"[""menfaat"", ""komplo"", ""merak"", ""tatmin""]";"[""konu""]";[];[];[];[]
274;Tabi ki dev oyuncu kadrosu da cabası.;neutral;negative;0.0;0.022727272727272728;False;1.0;0.14285714285714285;negative;0.0;0.022727272727272728;False;False;False;False;False;False;False;False;False;1;1;0;"[""da""]";[];[];[];[];[]
275;Tkıntı yaptıım ilk filmlerden biridir kendisi.;neutral;negative;0.0;0.08333333333333333;False;0.6666666666666666;0.16666666666666666;negative;0.0;0.08333333333333333;False;False;False;False;False;False;False;False;False;1;1;0;"[""biri""]";"[""kendi""]";[];[];[];[]
276;..geçen ay yine buldum filmi arşivime katmış oldum.;neutral;neutral;0.0;0.0;True;1.0;0.0;neutral;0.0;0.0;True;False;False;False;False;False;False;False;False;0;0;0;[];[];[];[];[];[]
277;hala çok sevdiimi farkettim.;positive;neutral;0.0;0.0;False;0.5;0.0;neutral;0.0;0.0;False;False;False;False;False;False;False;False;False;0;0;0;[];[];[];[];[];[]
278;güzeldi ama filmin büyük bi ksımını unuttum;positive;positive;0.45454545454545453;0.0;True;0.5714285714285714;0.14285714285714285;positive;0.45454545454545453;0.0;True;False;False;False;False;False;False;False;False;1;1;0;"[""güzel""]";[];[];[];[];[]
279;Senaryo ve kurgu harika olmuş.;positive;positive;1.0;0.0;True;1.0;0.2;positive;1.0;0.0;True;False;False;False;False;False;False;False;False;1;1;0;"[""harika""]";"[""senaryo""]";[];[];[];[]
280;Bir de filmde De Niro ve Hofmann var daha ne olsun.;positive;negative;0.0;0.041666666666666664;False;0.8181818181818182;0.18181818181818182;negative;0.0;0.041666666666666664;False;False;False;False;False;False;False;False;False;2;2;0;"[""de"", ""de""]";[];[];[];[];[]
281;güzel film.;positive;positive;0.45454545454545453;0.0;True;1.0;0.5;positive;0.45454545454545453;0.0;True;False;False;False;False;False;False;False;False;1;1;0;"[""güzel""]";"[""film""]";[];[];[];[]
282;...izleyin.;positive;neutral;0.0;0.0;False;0.0;0.0;neutral;0.0;0.0;False;False;False;False;False;False;False;False;False;0;0;0;[];[];[];[];[];[]
283;medyanın politikleşmesine dair literatüre girmiş bir film.;positive;neutral;0.0;0.0;False;0.8571428571428571;0.0;neutral;0.0;0.0;False;False;False;False;False;False;False;False;False;0;0;0;[];[];[];[];[];[]
284;""". abd de özellikle kamuoyunun ilgisini skandallardan başka yöne çekmek için iktidarın uyguladığı """"""""spin doctoring"""""""" i çok ince ve hafif alaycı şekilde anlatırken yönetmen mizahi bi anlatımı seçmiş.""";neutral;negative;0.1111111111111111;1.7518939393939392;False;0.7407407407407407;0.2222222222222222;negative;0.1111111111111111;1.7518939393939392;False;False;False;False;False;False;False;False;False;6;6;0;"[""abd"", ""de"", ""skandal"", ""ince"", ""hafif"", ""alaycı""]";"[""anlatım"", ""ilgi"", ""şekil""]";[];[];[];[]
285;filmi beğendim.;positive;neutral;0.0;0.0;False;0.5;0.0;neutral;0.0;0.0;False;False;False;False;False;False;False;False;False;0;0;0;[];[];[];[];[];[]
286;..özellikle o ince senaryosu hoş olmuş.;positive;positive;0.1111111111111111;0.0;True;1.0;0.16666666666666666;positive;0.1111111111111111;0.0;True;False;False;False;False;False;False;False;False;1;1;0;"[""ince""]";"[""senaryo""]";[];[];[];[]
287;izledigim en kötü dogal afet filmi;negative;negative;0.0;1.15;True;0.6666666666666666;0.3333333333333333;negative;0.0;0.9;True;False;False;False;False;False;True;False;True;2;1;1;"[""kötü"", ""afet""]";"[""afet""]";"[""en""]";[];[];"[""modifier_detected"", ""suppressed_as_target""]"
288;orada olmayan adam demişki:;neutral;negative;0.0;0.022727272727272728;False;0.75;0.25;positive;0.022727272727272728;0.0;False;True;False;False;True;True;False;False;False;1;1;0;"[""adam""]";[];[];"[""ol""]";[];"[""negation_flip""]"
289;biraz fazlaca fantastik görünsede zevkle izlenebilecek bir film yani amerikanın ortasında bir volkan bunu düşünen senaristi kutlamak lazım.:));positive;positive;0.5;0.0;True;0.7777777777777778;0.05555555555555555;positive;0.5;0.0;True;False;False;False;False;False;False;False;False;1;1;0;"[""zevk""]";[];[];[];[];[]
290;yorumunuza bayıldım doğrusu gerçekten çok hoş bir yorum olmuş size katılıyorum.;positive;positive;0.25;0.0;True;0.8181818181818182;0.09090909090909091;positive;0.25;0.0;True;False;False;False;False;False;False;False;False;1;1;0;"[""doğru""]";[];[];[];[];[]
291;Klişelerle bürünmüş bir felake filmi.;negative;negative;0.0;0.125;True;0.8;0.2;negative;0.0;0.125;True;False;False;False;False;False;False;False;False;1;1;0;"[""klişe""]";[];[];[];[];[]
292;Sadece zaman geçirmek ve de Tommy Lee Jones için izlenebilir.;negative;negative;0.0;0.020833333333333332;True;0.5;0.1;negative;0.0;0.020833333333333332;True;False;False;False;False;False;False;False;False;1;1;0;"[""de""]";[];[];[];[];[]
293;Yine de izlenmese daha iyi olabilecek bir film.;negative;positive;0.6111111111111112;0.020833333333333332;False;0.875;0.25;positive;0.6111111111111112;0.020833333333333332;False;False;False;False;False;False;True;False;False;2;2;0;"[""de"", ""iyi""]";[];"[""daha""]";[];[];"[""modifier_detected""]"
294;Baştan sona tam bir felaket filmi tanımlaması.;negative;negative;0.20833333333333334;0.4583333333333333;True;1.0;0.42857142857142855;negative;0.20833333333333334;0.4583333333333333;True;False;False;False;False;False;True;False;False;3;3;0;"[""son"", ""tam"", ""felaket""]";"[""film""]";"[""tam""]";[];[];"[""modifier_detected""]"
295;Bir film ancak bu kadar belli eder ne olduğunu.;negative;negative;0.0;0.0625;True;1.0;0.1111111111111111;negative;0.0;0.0625;True;False;False;False;False;False;False;False;False;1;1;0;"[""ancak""]";[];[];[];[];[]
296;Açılıştan çekimlere müzikten espirilere karakterlerden karekterlerin aile yapılarına kadar her şey olması gerektiği gibi duruyor.;positive;neutral;0.0;0.0;False;0.8666666666666667;0.0;neutral;0.0;0.0;False;False;False;False;False;False;False;False;False;0;0;0;[];[];[];[];[];[]
297;Gösterime girdiği tarihte belki her şey bu kadar ezbere oturmuş bir durumda değildi(belki de öyledi kimilerine göre) ancak şu an itibariyle filmdeki olayların gidişatı için Matrix'ten kahine başvurmaya gerek yok sanırım.;neutral;negative;0.0;0.2976190476190476;False;0.90625;0.09375;negative;0.0;0.2976190476190476;False;False;False;False;False;False;False;True;False;3;3;0;"[""de"", ""ancak"", ""yok""]";[];[];[];"[""ancak"", ""ancak""]";"[""contrast_detected"", ""contrast_detected""]"
298;bütün bir senaryo bilinen bir denklem üzerine kurulu yani.;positive;neutral;0.0;0.0;False;0.8888888888888888;0.0;neutral;0.0;0.0;False;False;False;False;False;False;False;False;False;0;0;0;[];[];[];[];[];[]
299;bu durumda geriye pek olasılık kalmıyor.;neutral;negative;0.125;0.1590909090909091;False;1.0;0.3333333333333333;positive;0.28409090909090906;0.0;False;True;False;False;True;True;False;False;False;2;2;0;"[""geri"", ""pek""]";"[""olasılık""]";[];"[""kal""]";[];"[""negation_flip""]"
300;finali tahmin edin örneğin.;neutral;neutral;0.0;0.0;True;0.75;0.0;neutral;0.0;0.0;True;False;False;False;False;False;False;False;False;0;0;0;[];[];[];[];[];[]
301;tam tamam kurtulduk derken yeniden bir olay patlak verir ve o işten kurtulduktan sonra da malum son kareler herkes kısmen de olsa mutlu mesut bir şekilde hayatına devam eder.;positive;positive;2.375;0.43939393939393934;True;0.896551724137931;0.3103448275862069;positive;2.375;0.43939393939393934;True;False;False;False;False;False;True;False;False;9;9;0;"[""tam"", ""tamam"", ""de"", ""patlak"", ""da"", ""son"", ""de"", ""mutlu"", ""mesut""]";"[""olay"", ""kare"", ""şekil""]";"[""yeniden""]";[];[];"[""modifier_detected""]"
302;bu hikaye de burda biter.;neutral;negative;0.0;0.020833333333333332;False;0.8;0.2;negative;0.0;0.020833333333333332;False;False;False;False;False;False;False;False;False;1;1;0;"[""de""]";[];[];[];[];[]
303;çocuk masalları gibi hepsi de aynı taşlar üzerine kurulu.;neutral;negative;0.0;0.5426587301587301;False;1.0;0.4444444444444444;negative;0.0;0.5426587301587301;False;False;False;False;False;False;False;False;False;4;4;0;"[""çocuk"", ""masal"", ""de"", ""taş""]";[];[];[];[];[]
304;sonuç;neutral;neutral;0.0;0.0;True;1.0;0.0;neutral;0.0;0.0;True;False;False;False;False;False;False;False;False;0;0;0;[];[];[];[];[];[]
305;biraz fazlaca fantastik görünsede zevkle izlenebilecek bir film yani amerikanın ortasında bir volkan bunu düşünen senaristi kutlamak lazım.;positive;positive;0.5;0.0;True;0.7777777777777778;0.05555555555555555;positive;0.5;0.0;True;False;False;False;False;False;False;False;False;1;1;0;"[""zevk""]";[];[];[];[];[]
306;los angeles'in tam ortasında bir volkan.;neutral;positive;0.20833333333333334;0.0;False;0.6666666666666666;0.16666666666666666;positive;0.20833333333333334;0.0;False;False;False;False;False;False;False;False;False;1;1;0;"[""tam""]";[];[];[];[];[]
307;Konu olarak akla ziyan bir film gibi görünsede görsel efektlerle oldukça etkileyici.;neutral;neutral;1.0;1.0;True;0.9166666666666666;0.16666666666666666;neutral;1.0;1.0;True;False;False;False;False;False;False;False;False;2;2;0;"[""ziyan"", ""etkileyici""]";[];[];[];[];[]
308;sürükleyici bir konusu da var.;positive;positive;0.125;0.022727272727272728;True;1.0;0.4;positive;0.125;0.022727272727272728;True;False;False;False;False;False;False;False;False;2;2;0;"[""sürükleyici"", ""da""]";[];[];[];[];[]
309;"""size de oturup patlamış mısırla beraber filmi izlemek düşer""""""";positive;negative;0.0;0.020833333333333332;False;0.6666666666666666;0.1111111111111111;negative;0.0;0.020833333333333332;False;False;False;False;False;False;False;False;False;1;1;0;"[""de""]";[];[];[];[];[]
310;Tv karşısında patlamış mısınızı alıp izlemek için bu film son derece güzel bir seçim olur heralde güzel bir film.;positive;positive;0.9090909090909091;0.29166666666666663;True;0.7368421052631579;0.21052631578947367;positive;0.9090909090909091;0.29166666666666663;True;False;False;False;False;False;True;False;False;4;4;0;"[""al"", ""son"", ""güzel"", ""güzel""]";"[""derece"", ""seçim"", ""film""]";"[""derece""]";[];[];"[""modifier_detected""]"
311;filmin sadece efektleri güzel ondan başka hiçbir şey yok.;neutral;positive;0.45454545454545453;0.21428571428571427;False;1.0;0.2222222222222222;positive;0.45454545454545453;0.21428571428571427;False;False;False;False;False;False;False;False;False;2;2;0;"[""güzel"", ""yok""]";"[""efekt""]";[];[];[];[]
312;bir iki efekt görmek için izlemeye değmeyecek film tommy lee jones da çok iyi diildi;negative;negative;0.6111111111111112;1.0227272727272727;True;0.6666666666666666;0.2;negative;0.6111111111111112;1.0227272727272727;True;False;False;False;False;False;False;False;False;3;3;0;"[""gör"", ""da"", ""iyi""]";"[""efekt"", ""lee""]";[];[];[];[]
313;çok basit bir film.;negative;positive;0.1;0.0;False;1.0;0.25;positive;0.1;0.0;False;False;False;False;False;False;True;False;False;1;1;0;"[""basit""]";"[""film""]";"[""çok""]";[];[];"[""modifier_detected""]"
314;. zaten doğal afet ile ilgili filmler gittikçe saçma olmaya başladı.;negative;negative;0.14285714285714285;0.55;True;0.9;0.3;negative;0.14285714285714285;0.55;True;False;False;False;False;False;True;False;False;3;3;0;"[""doğal"", ""afet"", ""saçma""]";"[""afet"", ""film""]";"[""gittikçe""]";[];[];"[""modifier_detected""]"
315;..İzlemeye hiç gerek yok.;negative;negative;0.0;0.7142857142857143;True;1.0;0.5;negative;0.0;0.7142857142857143;True;False;False;False;False;False;False;False;False;2;2;0;"[""hiç"", ""yok""]";[];[];[];[];[]
316;heyecan var ama efektlerinde pek iş yok.;neutral;negative;0.125;0.21428571428571427;False;1.0;0.2857142857142857;negative;0.125;0.21428571428571427;False;False;False;False;False;False;False;True;False;2;2;0;"[""pek"", ""yok""]";"[""iş""]";[];[];"[""ama""]";"[""contrast_detected""]"
317;bunuda seyredin bide pıerce bronan ın dante yanardağını seyredin.;neutral;neutral;0.0;0.0;True;0.3333333333333333;0.0;neutral;0.0;0.0;True;False;False;False;False;False;False;False;False;0;0;0;[];[];[];[];[];[]
318;farkı anlayın;neutral;neutral;0.0;0.0;True;0.5;0.0;neutral;0.0;0.0;True;False;False;False;False;False;False;False;False;0;0;0;[];[];[];[];[];[]
319;hepsini izlemedim çünkü sonunu filmin gidişini tahmin ediyosunuz.;negative;negative;0.0;0.125;True;0.75;0.125;negative;0.0;0.125;True;False;False;False;False;False;False;False;False;1;1;0;"[""son""]";[];[];[];[];[]
320;tek fark tommy lee o da kaynamış arada işte.;neutral;negative;0.0;0.022727272727272728;False;0.6666666666666666;0.1111111111111111;negative;0.0;0.022727272727272728;False;False;False;False;False;False;False;False;False;1;1;0;"[""da""]";"[""lee""]";[];[];[];[]
321;ARMAGEDDON-DERIN DARBE VE VOLCANO EMPERYALIZM HER ENGELI ASAR DIYO YANI.;neutral;negative;0.0;0.8333333333333334;False;0.45454545454545453;0.09090909090909091;negative;0.0;0.8333333333333334;False;False;False;False;False;False;False;False;False;1;1;0;"[""darbe""]";[];[];[];[];[]
322;Çok sürükleyici ve bol actionlı bir film tvde cıktıgında hiç kaçırmazdım bulabilirseniz filmi kesinlikle izleyin derim.;positive;negative;0.125;0.5208333333333334;False;0.6875;0.1875;positive;0.625;0.020833333333333332;True;True;True;False;False;True;False;False;False;3;3;0;"[""sürükleyici"", ""hiç"", ""de""]";[];[];"[""kaçır""]";[];"[""negation_flip""]"
323;Gayet güzel sonuna kadar sürükleyen bir aksiyon filmi.;positive;positive;0.45454545454545453;0.125;True;0.875;0.25;positive;0.45454545454545453;0.125;True;False;False;False;False;False;True;False;False;2;2;0;"[""güzel"", ""son""]";[];"[""gayet""]";[];[];"[""modifier_detected""]"
324;Jones Snipes ve Robert rollerini çok iyi oynamışlar.;positive;positive;0.6111111111111112;0.0;True;0.5;0.125;positive;0.6111111111111112;0.0;True;False;False;False;False;False;True;False;False;1;1;0;"[""iyi""]";"[""jones""]";"[""çok""]";[];[];"[""modifier_detected""]"
325;Bunun dışında temposuda hiç düşmüyor yorumların arasında kötü yorumlara rastlayınca şaşırdım doğrusu.;positive;negative;0.25;1.4;False;0.75;0.25;negative;0.75;0.9;False;False;False;False;False;True;False;False;False;3;3;0;"[""hiç"", ""kötü"", ""doğru""]";"[""yorum""]";[];"[""düş""]";[];"[""negation_flip""]"
326;bence çok güzel ve sürükleyici bir filim yani neden beğenilmediğini anlamdım.;positive;positive;0.5795454545454546;0.0;True;0.9090909090909091;0.18181818181818182;positive;0.5795454545454546;0.0;True;False;False;False;False;False;True;False;False;2;2;0;"[""güzel"", ""sürükleyici""]";"[""fil""]";"[""çok""]";[];[];"[""modifier_detected""]"
327;çok tempolu ve abartı olmayan bir filim.;positive;negative;0.0;0.25;False;1.0;0.14285714285714285;negative;0.0;0.25;False;False;False;False;False;False;False;False;False;1;1;0;"[""abartı""]";[];[];[];[];[]
328;Aslında o kadar abartılacak bi film değil ama yinede beğendim.;positive;neutral;0.0;0.0;False;0.6;0.0;neutral;0.0;0.0;False;False;False;False;False;False;False;False;False;0;0;0;[];[];[];[];[];[]
329;Robert Downey jr rolünü çok güzel oynamış.;positive;positive;0.45454545454545453;0.0;True;0.42857142857142855;0.14285714285714285;positive;0.45454545454545453;0.0;True;False;False;False;False;False;False;False;False;1;1;0;"[""güzel""]";"[""rol""]";[];[];[];[]
330;vasat bir film olmuş.;neutral;negative;0.0;0.125;False;1.0;0.25;negative;0.0;0.125;False;False;False;False;False;False;False;False;False;1;1;0;"[""vasat""]";"[""film""]";[];[];[];[]
331;yani harison fordun kacağı nerde bu nerde.;neutral;neutral;0.0;0.0;True;0.2857142857142857;0.0;neutral;0.0;0.0;True;False;False;False;False;False;False;False;False;0;0;0;[];[];[];[];[];[]
332;zaten ikisinide syreden hemen anlar.;neutral;neutral;0.0;0.0;True;0.4;0.0;neutral;0.0;0.0;True;False;False;False;False;False;False;False;False;0;0;0;[];[];[];[];[];[]
333;sınemada ızleme fırsatı bulamamıstım.;neutral;neutral;0.0;0.0;True;0.25;0.0;neutral;0.0;0.0;True;False;False;False;False;False;False;False;False;0;0;0;[];[];[];[];[];[]
334;dun tvde seyrettım.;neutral;negative;0.0;0.5;False;0.3333333333333333;0.3333333333333333;negative;0.0;0.5;False;False;False;False;False;False;False;False;False;1;1;0;"[""dun""]";"[""tv""]";[];[];[];[]
335;alısılmıs bır kacak fılmı senaryosu var dıger kacak fılmlerınden tek farkı bence aksıyonun ve heyecanın daha fazla yasanması!;positive;neutral;0.0;0.0;False;0.5555555555555556;0.0;neutral;0.0;0.0;False;False;False;False;False;False;False;False;False;0;0;0;[];[];[];[];[];[]
336;izlenebılecek bır fılm.;positive;neutral;0.0;0.0;False;0.0;0.0;neutral;0.0;0.0;False;False;False;False;False;False;False;False;False;0;0;0;[];[];[];[];[];[]
337;berbat bı film;negative;neutral;0.0;0.0;False;0.6666666666666666;0.0;neutral;0.0;0.0;False;False;False;False;False;False;False;False;False;0;0;0;[];[];[];[];[];[]
338;Oliver Stonenun bazılarınca pek sevilmeyen ama bana göre başyapıtlarından biri.;positive;negative;0.125;0.3333333333333333;False;0.7;0.3;positive;0.3333333333333333;0.125;True;True;True;False;False;True;True;True;False;3;3;0;"[""pek"", ""sevilmeyen"", ""biri""]";"[""oliver"", ""oliver"", ""oliver""]";"[""pek""]";"[""sev"", ""sev"", ""sev""]";"[""ama""]";"[""negation_flip"", ""negation_flip"", ""modifier_detected"", ""negation_flip"", ""contrast_detected""]"
339;"""Filmin özellikle """"""""Şans"""""""" hakkındaki vurgusu muhteşem.""";positive;positive;0.525;0.0;True;1.0;0.3333333333333333;positive;0.525;0.0;True;False;False;False;False;False;True;False;False;2;2;0;"[""hak"", ""muhteşem""]";"[""vurgu"", ""vurgu""]";"[""özellikle""]";[];[];"[""modifier_detected""]"
340;Bana göre 10 puanı fazlasıyla hakkediyor.;positive;neutral;0.0;0.0;False;0.8333333333333334;0.0;neutral;0.0;0.0;False;False;False;False;False;False;False;False;False;0;0;0;[];[];[];[];[];[]
341;Beklediğim kadar iyi bir film değil.;negative;positive;0.6111111111111112;0.0;False;0.8333333333333334;0.16666666666666666;positive;0.6111111111111112;0.0;False;False;False;False;False;False;False;False;False;1;1;0;"[""iyi""]";"[""film""]";[];[];[];[]
342;Filmin havası gidişatı biraz farklı.;neutral;positive;0.10714285714285714;0.0;False;0.8;0.2;positive;0.10714285714285714;0.0;False;False;False;False;False;False;False;False;False;1;1;0;"[""hava""]";[];[];[];[];[]
343;Bu farklılık bazı durumlarda iyi olmuş ama bana çoğunlukla kötü geldi.;negative;negative;0.6111111111111112;0.9;True;0.9090909090909091;0.18181818181818182;negative;0.6111111111111112;0.9;True;False;False;False;False;False;False;True;False;2;2;0;"[""iyi"", ""kötü""]";"[""farklılık""]";[];[];"[""ama""]";"[""contrast_detected""]"
344;Filmdeki en başarılı isim Bily Bob Thornton.;positive;positive;1.0;0.0;True;0.5714285714285714;0.14285714285714285;positive;1.0;0.0;True;False;False;False;False;False;True;False;False;1;1;0;"[""başarılı""]";"[""isim""]";"[""en""]";[];[];"[""modifier_detected""]"
345;"""Film tam bir hayalkırıklığı çok kötü bir film 3 puan""""""";negative;negative;0.20833333333333334;0.9;True;1.0;0.2;negative;0.20833333333333334;0.9;True;False;False;False;False;False;True;False;False;2;2;0;"[""tam"", ""kötü""]";"[""hayalkırıklığı"", ""film""]";"[""çok""]";[];[];"[""modifier_detected""]"
346;Billy Bob Thornton Nick Nolte ve Sean Penn gibi isimlerin kadroda bulunması yetmiyormuş gibi bide döktürdükleri film.;neutral;neutral;0.0;0.0;True;0.4117647058823529;0.0;neutral;0.0;0.0;True;False;False;False;False;False;False;False;False;0;0;0;[];[];[];[];[];[]
347;Film beni sıktı evet ama sadece psikolojik olarak.;negative;positive;0.0625;0.0;False;1.0;0.125;positive;0.0625;0.0;False;False;False;False;False;False;True;False;False;1;1;0;"[""psikolojik""]";"[""film""]";"[""sadece""]";[];[];"[""modifier_detected""]"
348;Kısacası başarılı bir kara film.;positive;positive;1.0;0.5;True;1.0;0.4;positive;1.0;0.5;True;False;False;False;False;False;False;False;False;2;2;0;"[""başarılı"", ""kara""]";"[""film"", ""film""]";[];[];[];[]
349;Oliver Stone un iyi işlerinden.;positive;positive;0.6111111111111112;0.0;True;0.6;0.2;positive;0.6111111111111112;0.0;True;False;False;False;False;False;False;False;False;1;1;0;"[""iyi""]";"[""iş""]";[];[];[];[]
350;3 defa izledim.;neutral;neutral;0.0;0.0;True;0.6666666666666666;0.0;neutral;0.0;0.0;True;False;False;False;False;False;False;False;False;0;0;0;[];[];[];[];[];[]
351;outofcomment adamım sen filmden anlamıyon bence.;neutral;negative;0.0;0.022727272727272728;False;0.6666666666666666;0.16666666666666666;positive;0.022727272727272728;0.0;False;True;False;False;True;True;False;False;False;1;1;0;"[""adam""]";"[""sen""]";[];"[""anla""]";[];"[""negation_flip""]"
352;Biraz geç de olsa izledim.;neutral;negative;0.0;0.020833333333333332;False;0.8;0.2;negative;0.0;0.020833333333333332;False;False;False;False;False;False;False;False;False;1;1;0;"[""de""]";[];[];[];[];[]
353;Fazlasıyla oturaklı bir film.;positive;positive;0.5;0.0;True;1.0;0.25;positive;0.5;0.0;True;False;False;False;False;False;False;False;False;1;1;0;"[""oturaklı""]";"[""film""]";[];[];[];[]
354;Hiçbir kargaşaya yer yok.;positive;negative;0.015625;0.4642857142857143;False;1.0;0.75;negative;0.0;0.4642857142857143;False;False;False;False;False;False;False;False;True;3;2;1;"[""kargaşa"", ""yer"", ""yok""]";"[""yer""]";[];[];[];"[""suppressed_as_target""]"
355;Sean Penn ve Nick Nolte iyi bir uyum.;positive;positive;0.6111111111111112;0.0;True;0.5;0.125;positive;0.6111111111111112;0.0;True;False;False;False;False;False;False;False;False;1;1;0;"[""iyi""]";"[""uyum""]";[];[];[];[]
356;Jennifer Lopez eh işte diyorum.;negative;negative;0.0;0.6458333333333334;True;0.6;0.4;negative;0.0;0.6458333333333334;True;False;False;False;False;False;True;False;False;2;2;0;"[""eh"", ""de""]";"[""jennifer""]";"[""işte""]";[];[];"[""modifier_detected""]"
357;Ve halen bu hatunun sinemada ne işi var diyorum.;negative;negative;0.0;0.020833333333333332;True;1.0;0.1111111111111111;negative;0.0;0.020833333333333332;True;False;False;False;False;False;True;False;False;1;1;0;"[""de""]";[];"[""halen""]";[];[];"[""modifier_detected""]"
358;Sean Penn harikulade bir oyunculuk.;positive;positive;1.0;0.3333333333333333;True;0.6;0.4;positive;1.0;0.3333333333333333;True;False;False;False;False;False;False;False;False;2;2;0;"[""harikulade"", ""oyunculuk""]";"[""oyunculuk"", ""sean""]";[];[];[];[]
359;Senaryo ve kurgu çok iyi.;positive;positive;0.6111111111111112;0.0;True;1.0;0.2;positive;0.6111111111111112;0.0;True;False;False;False;False;False;True;False;False;1;1;0;"[""iyi""]";"[""senaryo""]";"[""çok""]";[];[];"[""modifier_detected""]"
360;Benden helalinden 9.;positive;positive;0.25;0.0;True;1.0;0.3333333333333333;positive;0.25;0.0;True;False;False;False;False;False;False;False;False;1;1;0;"[""helalinden""]";[];[];[];[];[]
361;Lopez olmasa 10 olacaktı.;negative;neutral;0.0;0.0;False;0.75;0.0;neutral;0.0;0.0;False;False;False;False;False;False;False;False;False;0;0;0;[];[];[];[];[];[]
362;kesinlikle izlemeniz gereken bir film.;positive;neutral;0.0;0.0;False;0.8;0.0;neutral;0.0;0.0;False;False;False;False;False;False;False;False;False;0;0;0;[];[];[];[];[];[]
363;sizi en başından içine alıyor.;positive;negative;0.0;0.16666666666666666;False;1.0;0.2;negative;0.0;0.16666666666666666;False;False;False;False;False;False;False;False;False;1;1;0;"[""al""]";"[""siz""]";[];[];[];[]
364;bu film daha fazla puanı hakediyordu bence.;positive;neutral;0.0;0.0;False;0.8571428571428571;0.0;neutral;0.0;0.0;False;False;False;False;False;False;False;False;False;0;0;0;[];[];[];[];[];[]
365;izlerken aklınızdan geçen tek fikir bu filmi kapatıp başka bi filme geçmek olacak!;negative;neutral;0.0;0.0;False;0.7692307692307693;0.0;neutral;0.0;0.0;False;False;False;False;False;False;False;False;False;0;0;0;[];[];[];[];[];[]
366;! yorumlara veya oyuncu kadrosuna aldırmayın iğrenç ötesi bir film.;negative;negative;0.0;1.0;True;0.8888888888888888;0.1111111111111111;negative;0.0;1.0;True;False;False;False;False;False;False;False;False;1;1;0;"[""iğrenç""]";[];[];[];[];[]
367;müthiş bir film olaylar beklenmedik bir şekilde gelişyor mekanlar mükemmel Pean ve Lopezin oyunculukları çok iyi final sahnesi harika.;positive;positive;2.861111111111111;0.7083333333333333;True;0.8421052631578947;0.3157894736842105;positive;2.861111111111111;0.7083333333333333;True;False;False;False;False;False;True;False;False;6;6;0;"[""müthiş"", ""beklenmedik"", ""mükemmel"", ""oyunculuk"", ""iyi"", ""harika""]";"[""film"", ""şekil"", ""pean"", ""sahne"", ""sahne""]";"[""çok""]";[];[];"[""modifier_detected""]"
368;..izleyin diyorum.;positive;negative;0.0;0.020833333333333332;False;0.5;0.5;negative;0.0;0.020833333333333332;False;False;False;False;False;False;False;False;False;1;1;0;"[""de""]";[];[];[];[];[]
369;Stone üstattan bir şaheser daha.;positive;positive;0.5;0.0;True;0.8;0.2;positive;0.5;0.0;True;False;False;False;False;False;False;False;False;1;1;0;"[""şaheser""]";"[""stone""]";[];[];[];[]
370;Lopez ve Pennin çıkardıkları iş muhteşem bir bileşen oluşturmuş.;positive;positive;0.5;0.0;True;0.5555555555555556;0.1111111111111111;positive;0.5;0.0;True;False;False;False;False;False;False;False;False;1;1;0;"[""muhteşem""]";"[""bileşen""]";[];[];[];[]
371;Sonuna kadar hem daralıp hem heyecanlanarak izleyeceğiniz bir film ilk izlediğimde çok beğenmiştim.;positive;negative;0.0;0.125;False;0.6153846153846154;0.07692307692307693;negative;0.0;0.125;False;False;False;False;False;False;False;False;False;1;1;0;"[""son""]";[];[];[];[];[]
372;Oliver Stone başlı başına bir referans olmayı hak ediyor zaten.;positive;positive;0.025;0.0;True;0.8;0.1;positive;0.025;0.0;True;False;False;False;False;False;True;False;False;1;1;0;"[""hak""]";"[""oliver""]";"[""zaten""]";[];[];"[""modifier_detected""]"
373;bir çok filmi ve film ortamını tanımlamak için kullanılabilecek bir film.;neutral;negative;0.0;0.08333333333333333;False;0.8181818181818182;0.09090909090909091;negative;0.0;0.08333333333333333;False;False;False;False;False;False;False;False;False;1;1;0;"[""ortam""]";[];[];[];[];[]
374;çölün ortasında bir kasaba sürekli çıkmaz sokak.;neutral;neutral;0.0;0.0;True;1.0;0.0;neutral;0.0;0.0;True;False;False;False;False;False;False;False;False;0;0;0;[];[];[];[];[];[]
375;çok fazla seyretmek adamın ruh sağlığını bile bozabilir.;neutral;positive;0.4375;0.022727272727272728;False;0.875;0.25;positive;0.4375;0.022727272727272728;False;False;False;False;False;False;False;False;False;2;2;0;"[""adam"", ""sağlık""]";[];[];[];[];[]
376;seyredilmemesi hata olacak filmlerden!;positive;negative;0.0;0.16666666666666666;False;0.75;0.25;positive;0.16666666666666666;0.0;True;True;True;False;False;True;False;False;False;1;1;0;"[""hata""]";[];[];"[""seyret""]";[];"[""negation_flip""]"
377;Son 20 dakikaya kadar hadi bitsin dediğiniz film final bölümünde müthiş bir hız gerilim ve şaşırtan sahneler ile dolu bir yapıma dönüşüyor.;positive;negative;0.0;0.5208333333333334;False;0.9545454545454546;0.13636363636363635;negative;0.0;0.5208333333333334;False;False;False;False;False;False;False;False;False;3;3;0;"[""son"", ""de"", ""müthiş""]";"[""hız""]";[];[];[];[]
378;Genel manada başından sonuna kadar kaliteli bir film izlenimi verdiğide gerçek.;positive;positive;1.0833333333333333;0.125;True;0.9090909090909091;0.2727272727272727;positive;1.0833333333333333;0.125;True;False;False;False;False;False;False;False;False;3;3;0;"[""son"", ""kaliteli"", ""gerçek""]";"[""izlenim"", ""film""]";[];[];[];[]
379;.Harika olarak nitelendirilemesede 10/8 hakediyor bence.;positive;positive;1.0;0.0;True;0.7142857142857143;0.14285714285714285;positive;1.0;0.0;True;False;False;False;False;False;False;False;False;1;1;0;"[""harika""]";[];[];[];[];[]
380;tam bir oliver stone filmi.;neutral;positive;0.20833333333333334;0.0;False;0.6;0.2;positive;0.20833333333333334;0.0;False;False;False;False;False;False;False;False;False;1;1;0;"[""tam""]";[];[];[];[];[]
381;suç şiddet sex entrika hepsi var.;neutral;negative;0.0;1.6666666666666665;False;0.8333333333333334;0.5;negative;0.0;1.1666666666666667;False;False;False;False;False;False;False;False;True;3;2;1;"[""suç"", ""şiddet"", ""entrika""]";"[""suç""]";[];[];[];"[""suppressed_as_target""]"
382;güzel müzikler ve manzaralar eşliğinde çok güzel bir suç filmi mutlaka izleyin.;positive;positive;0.9090909090909091;0.5;True;0.9166666666666666;0.25;positive;0.9090909090909091;0.5;True;False;False;False;False;False;True;False;False;3;3;0;"[""güzel"", ""güzel"", ""suç""]";"[""müzik"", ""film""]";"[""çok""]";[];[];"[""modifier_detected""]"
383;hadi beee aslında gzl ama konu fena degıldı ama su bı gercek fılm cok kotuydu;negative;negative;0.0;0.4583333333333333;True;0.5333333333333333;0.06666666666666667;negative;0.0;0.4583333333333333;True;False;False;False;False;False;False;False;False;1;1;0;"[""fena""]";"[""konu""]";[];[];[];[]
384;Güzel ve Şaşırtıcı bir film bence Bu adam harika bir oyuncu en güzel ve ya en kötü filmi bile izlenir sean penn benim faforim;positive;positive;2.159090909090909;0.9227272727272727;True;0.8333333333333334;0.25;positive;2.159090909090909;0.9227272727272727;True;False;False;False;False;False;True;False;False;6;6;0;"[""güzel"", ""şaşırtıcı"", ""adam"", ""harika"", ""güzel"", ""kötü""]";"[""film"", ""oyuncu"", ""film"", ""film""]";"[""en"", ""en""]";[];[];"[""modifier_detected"", ""modifier_detected""]"
385;bu filmin türkçe karşılığı u dönüşü olması gerekmiyor mu ?;neutral;neutral;0.0;0.0;True;0.7777777777777778;0.0;neutral;0.0;0.0;True;False;False;False;False;False;False;False;False;0;0;0;[];[];[];[];[];[]
386;iyi bir film ama 10 numara değil bence;positive;positive;0.6111111111111112;0.125;True;1.0;0.25;positive;0.6111111111111112;0.125;True;False;False;False;False;False;False;False;False;2;2;0;"[""iyi"", ""numara""]";"[""film""]";[];[];[];[]
387;Baştan sona şaşırtmaca üzerine kurulu bu ilginç Oliver Stone filminde Bobby Cooper'ın kasabada gitgide ne kadar çaresiz bir duruma düştüğünü izliyoruz.;positive;negative;0.0;0.7083333333333334;False;0.7619047619047619;0.09523809523809523;negative;0.0;0.7083333333333334;False;False;False;False;False;False;True;False;False;2;2;0;"[""son"", ""çaresiz""]";"[""kurulu"", ""durum""]";"[""gitgide""]";[];[];"[""modifier_detected""]"
388;Film özellikle son 15 dakikasında adının hakkını veriyor.;positive;negative;0.10833333333333334;0.125;False;0.875;0.375;negative;0.10833333333333334;0.125;False;False;False;False;False;False;True;False;False;3;3;0;"[""son"", ""ad"", ""hak""]";"[""film""]";"[""özellikle""]";[];[];"[""modifier_detected""]"
389;10 numara bir fılm mutlaka izlenmeli bu arada jennifer lopez oyunculuktan şarkıcılıga gecmiştir o zaten oyuncu yani iyidir de;positive;positive;0.6111111111111112;0.47916666666666663;True;0.6842105263157895;0.21052631578947367;positive;0.6111111111111112;0.47916666666666663;True;False;False;False;False;False;True;False;False;4;4;0;"[""numara"", ""oyunculuk"", ""iyi"", ""de""]";"[""fılm"", ""jennifer"", ""oyuncu"", ""oyuncu""]";"[""zaten""]";[];[];"[""modifier_detected""]"
390;yorumları okudum hep jennifer lopez bile diye cümleller kurulmus jennifer lopez oyunculuktan şarkıcılıga gecmıstir yani oyunculugu şarkıcılıgından oncedır ve de çok iyi oynamış diyer oyuncuları soylemeye zaten gerek yok hepsi usta fılm sızı bırıncı dakkıdadan ıtıbaren ıcıne alıyor ve sonuna kadar buyuk bır merak ve heyecan icinde goturuyor mutlaka ızlenmesı gereken arşivlik bir film 2 saatin nasıl gectigini anlamayacaksınız;positive;negative;0.7777777777777778;2.1101190476190474;False;0.5423728813559322;0.15254237288135594;negative;0.9444444444444444;1.068452380952381;False;False;False;False;False;True;True;False;True;9;8;1;"[""oyunculuk"", ""de"", ""iyi"", ""yok"", ""usta"", ""sızı"", ""al"", ""son"", ""merak""]";"[""jennifer"", ""gerek"", ""fılm"", ""sızı""]";"[""çok"", ""yok""]";"[""anla""]";[];"[""modifier_detected"", ""suppressed_as_target"", ""negation_flip"", ""modifier_detected""]"
391;abartısız harika seneryo yönetmenlıkde harıka sean başlı basına bi adam cok ıyı oynuyo ızlenir;positive;positive;1.0;0.022727272727272728;True;0.42857142857142855;0.14285714285714285;positive;1.0;0.022727272727272728;True;False;False;False;False;False;False;False;False;2;2;0;"[""harika"", ""adam""]";"[""seneryo""]";[];[];[];[]
392;muhakkak izlenmesi gerekn bir filim.;positive;neutral;0.0;0.0;False;0.6;0.0;neutral;0.0;0.0;False;False;False;False;False;False;False;False;False;0;0;0;[];[];[];[];[];[]
393;.okadar hızlıki çoğu zaman yetişmekte zorlanıyorsunuz.;positive;neutral;0.0;0.0;False;0.5;0.0;neutral;0.0;0.0;False;False;False;False;False;False;False;False;False;0;0;0;[];[];[];[];[];[]
394;.jennifer bile iyi iş çıkarmış.;positive;negative;0.6111111111111112;1.0;False;0.8;0.4;negative;0.6111111111111112;1.0;False;False;False;False;False;False;False;False;False;2;2;0;"[""iyi"", ""çıkar""]";"[""iş"", "".jennifer""]";[];[];[];[]
395;zeki sahneler role oturan oyuncu kadrosu bu filimi zamanında nasıl tutulmadı hayret ediyorum.;positive;positive;0.75;0.0;True;0.9230769230769231;0.07692307692307693;positive;0.75;0.0;True;False;False;False;False;False;False;False;False;1;1;0;"[""zeki""]";"[""sahne""]";[];[];[];[]
396;.filimin gerçek adı u dönüşü.;neutral;positive;0.16666666666666666;0.0;False;0.8;0.4;positive;0.08333333333333333;0.0;False;False;False;False;False;False;False;False;True;2;1;1;"[""gerçek"", ""ad""]";"[""ad""]";[];[];[];"[""suppressed_as_target""]"
397;bir adam gittiği kasabadan nasıl ayrılamaz:;neutral;negative;0.0;0.022727272727272728;False;0.6666666666666666;0.16666666666666666;negative;0.0;0.022727272727272728;False;False;False;False;False;False;False;False;False;1;1;0;"[""adam""]";[];[];[];[];[]
398;) işte konu bu;neutral;neutral;0.0;0.0;True;1.0;0.0;neutral;0.0;0.0;True;False;False;False;False;False;False;False;False;0;0;0;[];[];[];[];[];[]
399;Oliver Stone'un çektiği zamanlarda ilgi görmemiş hatta en kötüler arasında gösterilmiş -bildiğim kadarıyla ahududuna aday olmuştu ya da almışta olabilir- daha sonra kıymeti bilinmiş ancak günümüzde unutulmaya yüz tutmuş bir film;positive;negative;0.0;0.8352272727272727;False;0.7096774193548387;0.0967741935483871;positive;0.75;0.08522727272727273;True;True;True;False;False;True;False;True;False;3;3;0;"[""görmemiş"", ""da"", ""ancak""]";[];[];"[""gör""]";"[""ancak""]";"[""negation_flip"", ""contrast_detected""]"
400;çok güzel bir kurgu inanılmaz bir film hele sonu harika;positive;positive;2.4545454545454546;0.125;True;1.0;0.4;negative;0.45454545454545453;1.125;False;True;False;True;False;True;True;False;False;3;3;0;"[""güzel"", ""inanılmaz"", ""son""]";"[""kurgu"", ""kurgu"", ""film""]";"[""çok""]";"[""inan""]";[];"[""modifier_detected"", ""negation_flip""]"
401;harıka bır fılm sınemada ızledıgım we way canına dedıgım bır fılımdı alın ızleyın alısıla gelmısın dısında bır fılm.;positive;positive;0.2222222222222222;0.16666666666666666;True;0.1111111111111111;0.1111111111111111;positive;0.2222222222222222;0.16666666666666666;True;False;False;False;False;False;False;False;False;2;2;0;"[""can"", ""al""]";"[""we""]";[];[];[];[]
402;...sean pean dokturuor herzamankı gıbı.;positive;neutral;0.0;0.0;False;0.0;0.0;neutral;0.0;0.0;False;False;False;False;False;False;False;False;False;0;0;0;[];[];[];[];[];[]
403;tarantino severler bu film tam size göre.;positive;positive;0.20833333333333334;0.0;True;0.8571428571428571;0.14285714285714285;positive;0.20833333333333334;0.0;True;False;False;False;False;False;False;False;False;1;1;0;"[""tam""]";"[""film""]";[];[];[];[]
404;...yeteri kadar değer verilmemiş filmler arasında yer almış.;positive;positive;0.265625;0.16666666666666666;True;0.875;0.375;positive;0.265625;0.16666666666666666;True;False;False;False;False;False;False;False;False;3;3;0;"[""yeter"", ""yer"", ""al""]";[];[];[];[];[]
405;..nadide bir film.;positive;neutral;0.0;0.0;False;1.0;0.0;neutral;0.0;0.0;False;False;False;False;False;False;False;False;False;0;0;0;[];[];[];[];[];[]
406;..hele o çöl ortamı yokmu tam bana göre.;neutral;positive;0.20833333333333334;0.08333333333333333;False;0.875;0.25;positive;0.20833333333333334;0.08333333333333333;False;False;False;False;False;False;False;False;False;2;2;0;"[""ortam"", ""tam""]";[];[];[];[];[]
407;konu bakımından ilginç değişik bir film.;neutral;negative;0.0;0.1875;False;1.0;0.16666666666666666;negative;0.0;0.1875;False;False;False;False;False;False;True;False;False;1;1;0;"[""değişik""]";"[""film""]";"[""ilginç""]";[];[];"[""modifier_detected""]"
408;gerçekten izlenmesi gerekir.;positive;neutral;0.0;0.0;False;0.6666666666666666;0.0;neutral;0.0;0.0;False;False;False;False;False;False;False;False;False;0;0;0;[];[];[];[];[];[]
409;her anı sürprizlerle dolu konu ve mekan bakımından oldukça değişik ve aynı zamanda da sürükleyici bir film.;positive;negative;0.125;0.21022727272727273;False;1.0;0.17647058823529413;negative;0.125;0.21022727272727273;False;False;False;False;False;False;True;False;False;3;3;0;"[""değişik"", ""da"", ""sürükleyici""]";"[""film""]";"[""oldukça""]";[];[];"[""modifier_detected""]"
410;zamanın nasıl geçtiğini insan anlamıyor.;positive;neutral;0.0;0.0;False;0.8;0.0;neutral;0.0;0.0;False;False;False;False;False;False;False;False;False;0;0;0;[];[];[];[];[];[]
411;..filmdeki adamların hepsi insanı katil edecek türden.;neutral;negative;0.0;0.6893939393939393;False;1.0;0.2857142857142857;negative;0.0;0.6893939393939393;False;False;False;False;False;False;False;False;False;2;2;0;"[""adam"", ""katil""]";"[""hepsi""]";[];[];[];[]
412;..sonuda kötüler cezasını bulur tarzında.;neutral;neutral;0.0;0.0;True;0.6;0.0;neutral;0.0;0.0;True;False;False;False;False;False;False;False;False;0;0;0;[];[];[];[];[];[]
413;..herkes filmde iyi iş çıkarmış.;positive;negative;0.6111111111111112;1.0;False;1.0;0.4;negative;0.6111111111111112;1.0;False;False;False;False;False;False;False;False;False;2;2;0;"[""iyi"", ""çıkar""]";"[""iş"", ""..herkes""]";[];[];[];[]
414;ama özellikle lopez ve sean penn mükemmeldi.;positive;positive;1.0;0.0;True;0.5714285714285714;0.14285714285714285;positive;1.0;0.0;True;False;False;False;False;False;False;True;False;1;1;0;"[""mükemmel""]";"[""lopez""]";[];[];"[""ama""]";"[""contrast_detected""]"
415;ben böyle bir filmin neden hala meşhur olmadığını çözemedim.;positive;neutral;0.0;0.0;False;1.0;0.0;neutral;0.0;0.0;False;False;False;False;False;False;False;False;False;0;0;0;[];[];[];[];[];[]
416;arkadaşlar bu tür filmler her zaman bulunmaz bence ne yapıp edin ve bu filmi izleyin.;positive;positive;0.5;0.0;True;0.8;0.06666666666666667;negative;0.0;0.5;False;True;False;True;False;True;False;False;False;1;1;0;"[""arkadaş""]";"[""film""]";[];"[""bulun""]";[];"[""negation_flip""]"
417;Filmdeki bütün karekterler ya kötü ya defolu.;negative;negative;0.0;1.65;True;0.8571428571428571;0.2857142857142857;negative;0.0;0.9;True;False;False;False;False;False;False;False;True;2;1;1;"[""kötü"", ""defolu""]";"[""defolu""]";[];[];[];"[""suppressed_as_target""]"
418;.Sonu da ilahi adalet budur denilen türden.;neutral;positive;0.25;0.16856060606060608;False;1.0;0.5714285714285714;positive;0.25;0.16856060606060608;False;False;False;False;False;False;False;False;False;4;4;0;"[""son"", ""da"", ""ilahi"", ""de""]";"[""adalet""]";[];[];[];[]
419;Gişede iş yapmadı ama bence sinema tarihininin en iyilerinden;positive;positive;0.6111111111111112;0.0;True;0.7777777777777778;0.1111111111111111;negative;0.0;0.6111111111111112;False;True;False;True;False;True;True;True;False;1;1;0;"[""iyi""]";"[""iş""]";"[""en""]";"[""yap""]";"[""ama""]";"[""negation_flip"", ""modifier_detected"", ""contrast_detected""]"
420;film farklı tarzı ile hemen kendini belli ediyor gerçekten güzel bir film.;positive;positive;0.45454545454545453;0.0;True;0.9166666666666666;0.08333333333333333;positive;0.45454545454545453;0.0;True;False;False;False;False;False;False;False;False;1;1;0;"[""güzel""]";"[""film""]";[];[];[];[]
421;usta yönetmeni sean penn ve nick nolte de iyi oyunculuğuyla desteklemiş bu arada lopez'de oldukça iyi iş çıkarmış hiç sırıtmıyor filmde;positive;negative;1.3888888888888888;1.8541666666666665;False;0.6666666666666666;0.3333333333333333;positive;2.888888888888889;0.35416666666666663;True;True;True;False;False;True;True;False;False;7;7;0;"[""usta"", ""de"", ""iyi"", ""oyunculuk"", ""iyi"", ""çıkar"", ""hiç""]";"[""yönetmen"", ""oyunculuk"", ""sean"", ""iş"", ""iş""]";"[""oldukça""]";"[""sırı"", ""sırı""]";[];"[""modifier_detected"", ""negation_flip"", ""negation_flip""]"
422;Amerikada gişede ikiseksen yatan üstüne üstlük yılın en kötülerine verilen geleneksel ahududu ödülünün sahibi.;positive;positive;0.75;0.0;True;0.7142857142857143;0.07142857142857142;positive;0.75;0.0;True;False;False;False;False;False;False;False;False;1;1;0;"[""ödül""]";[];[];[];[];[]
423;.. Ama gerek insanı sürekli şaşırtan olay örgüsü gereksede yarattığı atmosfer ve karakrterleriyle(sırf o oto tamircisi için bile görlmeye değer)sonderece ilginç bir film.;positive;positive;0.125;0.0;True;0.7083333333333334;0.041666666666666664;positive;0.125;0.0;True;False;False;False;False;False;True;False;False;1;1;0;"[""tamirci""]";[];"[""sırf""]";[];[];"[""modifier_detected""]"
424;Benimde çok sevdiğim filmlerden biri.;positive;negative;0.0;0.08333333333333333;False;0.8;0.2;negative;0.0;0.08333333333333333;False;False;False;False;False;False;False;False;False;1;1;0;"[""biri""]";[];[];[];[];[]
425;kaçırmayın izleyin derim.;positive;negative;0.0;0.020833333333333332;False;0.3333333333333333;0.3333333333333333;positive;0.020833333333333332;0.0;True;True;True;False;False;True;False;False;False;1;1;0;"[""de""]";[];[];"[""kaçır""]";[];"[""negation_flip""]"
426;Harika bir film ya.;positive;positive;1.0;0.0;True;1.0;0.25;positive;1.0;0.0;True;False;False;False;False;False;False;False;False;1;1;0;"[""harika""]";"[""film""]";[];[];[];[]
427;Tipik Oliver Stone filmi.;neutral;neutral;0.0;0.0;True;0.5;0.0;neutral;0.0;0.0;True;False;False;False;False;False;False;False;False;0;0;0;[];[];[];[];[];[]
428;Atmosferi görünce direk oliver stone filmi olduunu anlıyorsunuz.;neutral;negative;0.0;1.0;False;0.5;0.125;negative;0.0;1.0;False;False;False;False;False;False;False;False;False;1;1;0;"[""gör""]";"[""atmosfer""]";[];[];[];[]
429;Kaçırılmaması gereken bir yapım;positive;neutral;0.0;0.0;False;0.75;0.0;neutral;0.0;0.0;False;False;False;False;False;False;False;False;False;0;0;0;[];[];[];[];[];[]
430;..-ama bu 56 mustang in radyatör hortumu !;neutral;neutral;0.0;0.0;True;0.8571428571428571;0.0;neutral;0.0;0.0;True;False;False;False;False;False;False;False;False;0;0;0;[];[];[];[];[];[]
431;bill bob thornton ve sean penn arasında geçen çok enteresan bi diyaloğ.;neutral;neutral;0.0;0.0;True;0.4166666666666667;0.0;neutral;0.0;0.0;True;False;False;False;False;False;False;False;False;0;0;0;[];[];[];[];[];[]
432;..-karısını öldürüp hayat sigortasından para almak isteyen bir pisliksin.;neutral;negative;0.0;0.7666666666666666;False;0.7777777777777778;0.2222222222222222;negative;0.0;0.7666666666666666;False;False;False;False;False;False;False;False;False;2;2;0;"[""al"", ""pislik""]";[];[];[];[];[]
433;.-sende onu para için öldürmeyi göze alan bir piçsin.;neutral;negative;0.0;1.3;False;1.0;0.2222222222222222;negative;0.0;1.3;False;False;False;False;False;False;False;False;False;2;2;0;"[""öldürme"", ""piç""]";"[""o""]";[];[];[];[]
434;..nick nolte ve sean penn arasındaki bir başka diyalog.;neutral;neutral;0.0;0.0;True;0.5555555555555556;0.0;neutral;0.0;0.0;True;False;False;False;False;False;False;False;False;0;0;0;[];[];[];[];[];[]
435;.çok akıcı eglenceli en sevdiğim olıver stone filmi.;positive;positive;0.25;0.0;True;0.5;0.125;positive;0.25;0.0;True;False;False;False;False;False;True;False;False;1;1;0;"[""akıcı""]";"[""eglence""]";"["".çok""]";[];[];"[""modifier_detected""]"
436;..başyapıt değil belki ancak ben sean penn için izlemiştim filmi ve kurgu oyunculuk görüntüler mükemmel her zaman izlemeye değer.;positive;positive;1.0;0.3958333333333333;True;0.8421052631578947;0.15789473684210525;positive;1.0;0.3958333333333333;True;False;False;False;False;False;False;True;False;3;3;0;"[""ancak"", ""oyunculuk"", ""mükemmel""]";"[""ben"", ""görüntü""]";[];[];"[""ancak""]";"[""contrast_detected""]"
437;Tek kelimeyle Muhtesem bir kurgu.;positive;neutral;0.0;0.0;False;0.8;0.0;neutral;0.0;0.0;False;False;False;False;False;False;False;False;False;0;0;0;[];[];[];[];[];[]
438;.. Aradiginiz herseyi bu filmede bulanilirsiniz!;positive;neutral;0.0;0.0;False;0.2;0.0;neutral;0.0;0.0;False;False;False;False;False;False;False;False;False;0;0;0;[];[];[];[];[];[]
439;.. Komedi kara mizah drama psikolojik celiskiler insanin ic dünyasinin net bir sekilde anlatimi.;neutral;negative;0.25;0.5;False;0.6923076923076923;0.23076923076923078;negative;0.25;0.5;False;False;False;False;False;False;False;False;False;3;3;0;"[""kara"", ""psikolojik"", ""net""]";"[""mizah"", ""sekil""]";[];[];[];[]
440;Oliver stone'un en iyi filmlerinden biri.;positive;positive;0.6111111111111112;0.08333333333333333;True;0.6666666666666666;0.3333333333333333;positive;0.6111111111111112;0.08333333333333333;True;False;False;False;False;False;True;False;False;2;2;0;"[""iyi"", ""biri""]";"[""film""]";"[""en""]";[];[];"[""modifier_detected""]"
441;Şiddeti anlatmada ve mekan olarak gözlerden uzak bir cöl kasabasını seçerek ustalıgını konusturmus.;neutral;negative;0.0;0.29166666666666663;False;0.6153846153846154;0.15384615384615385;negative;0.0;0.29166666666666663;False;False;False;False;False;False;False;False;False;2;2;0;"[""şiddet"", ""uzak""]";"[""kasaba""]";[];[];[];[]
442;Bu calısmada ihanet ve cinayet konuları ön plana cıkartılmış.;neutral;negative;0.0;1.3333333333333333;False;0.7777777777777778;0.2222222222222222;negative;0.0;1.3333333333333333;False;False;False;False;False;False;False;False;False;2;2;0;"[""ihanet"", ""cinayet""]";[];[];[];[];[]
443;Baskı altında bir insanın neler yapabilecegi gözler önüne seriliyor.;neutral;negative;0.0;0.0625;False;0.7777777777777778;0.1111111111111111;negative;0.0;0.0625;False;False;False;False;False;False;False;False;False;1;1;0;"[""baskı""]";[];[];[];[];[]
444;Oyunculardan çok yönetmenin ön plana çıktığı bir film hava günlük güneşlik ama Penn bi damla bişey içemedi en çok ona üzüldüm tamircinin ve kör adamın perfornmasları superdi.;positive;positive;0.23214285714285715;0.09415584415584416;True;0.7407407407407407;0.14814814814814814;positive;0.23214285714285715;0.07142857142857142;True;False;False;False;False;False;False;False;True;4;3;1;"[""hava"", ""tamirci"", ""kör"", ""adam""]";"[""adam""]";[];[];[];"[""suppressed_as_target""]"
445;bu çok ilginç ve bir o kadar da ürkütücü bir film Penn kadar Nick Nolte de şairane bir performans sergilemiş yan rollerde bir çok iyi isim var Joaquin Phonex Claire Danes Liv Tyler da minik bir sahnede var.;positive;positive;1.6111111111111112;0.31628787878787873;True;0.7368421052631579;0.15789473684210525;positive;1.6111111111111112;0.31628787878787873;True;False;False;False;False;False;True;False;False;6;6;0;"[""da"", ""ürkütücü"", ""de"", ""iyi"", ""da"", ""minik""]";"[""isim"", ""sahne""]";"[""çok""]";[];[];"[""modifier_detected""]"
446;""".. Ama asıl sürprizi Lopez yapıyor ortalamanın üzerinde bir oyunculuk sergilemiş""""""";positive;negative;0.0;0.3333333333333333;False;0.7;0.1;negative;0.0;0.3333333333333333;False;False;False;False;False;False;False;True;False;1;1;0;"[""oyunculuk""]";[];[];[];"[""ama""]";"[""contrast_detected""]"
447;SÜPER EĞLENCELİ BİR FİLM.;positive;positive;0.5;0.0;True;0.75;0.25;positive;0.5;0.0;True;False;False;False;False;False;False;False;False;1;1;0;"[""süper""]";"[""film""]";[];[];[];[]
448;kAÇIRMAYIN DERİM.;positive;negative;0.0;0.020833333333333332;False;0.5;0.5;positive;0.020833333333333332;0.0;True;True;True;False;False;True;False;False;False;1;1;0;"[""de""]";[];[];"[""şarış""]";[];"[""negation_flip""]"
449;Penn her zaman ki gibi karizmasını konuşturmuş.;neutral;positive;0.25;0.0;False;0.7142857142857143;0.14285714285714285;positive;0.25;0.0;False;False;False;False;False;False;False;False;False;1;1;0;"[""karizma""]";"[""penn""]";[];[];[];[]
450;Lopezi sevmem ama eyi oynamış.;positive;neutral;0.0;0.0;False;0.2;0.0;neutral;0.0;0.0;False;False;False;False;False;False;False;False;False;0;0;0;[];[];[];[];[];[]
451;Kahinin sözlerine dikkat edin.;neutral;negative;0.0;0.05;False;0.75;0.25;negative;0.0;0.05;False;False;False;False;False;False;False;False;False;1;1;0;"[""söz""]";[];[];[];[];[]
452;filmi çok beğendim ama şurası burası güzel diye anlatamayacağım çünkü başlı başına müthiş bi film çok seveceksiniz mutlaka izlenmeli.;positive;positive;0.45454545454545453;0.375;True;0.7368421052631579;0.10526315789473684;negative;0.0;0.8295454545454546;False;True;False;True;False;True;False;True;False;2;2;0;"[""güzel"", ""müthiş""]";"[""burası"", ""film""]";[];"[""anlat""]";"[""ama""]";"[""negation_flip"", ""contrast_detected""]"
453;öyle böyle degil süpersonik film sürpriz sonları sevenler kacırmasın diyecem gerci film baslı basına bi sürpriz.;positive;negative;0.0;0.125;False;0.5625;0.0625;negative;0.0;0.125;False;False;False;False;False;False;False;False;False;1;1;0;"[""son""]";[];[];[];[];[]
454;film güzeldi fakat dün gece sonunu merak edip uyumamak için kendimi zor tuttum ama değdi diyemem;positive;negative;0.45454545454545453;1.1041666666666667;False;0.875;0.3125;negative;0.020833333333333332;1.537878787878788;False;False;False;False;False;True;False;True;False;5;5;0;"[""güzel"", ""son"", ""merak"", ""zor"", ""de""]";"[""film"", ""kendi"", ""kendi"", ""film""]";[];"[""de"", ""de""]";"[""ama""]";"[""negation_flip"", ""negation_flip"", ""contrast_detected""]"
455;Bahtsız insan Sean Penn.;neutral;negative;0.0;1.0;False;0.5;0.25;negative;0.0;1.0;False;False;False;False;False;False;False;False;False;1;1;0;"[""bahtsız""]";"[""insan""]";[];[];[];[]
456;Bir insan bu kadar mı şanssız olur bu filmde göreceksiniz.;neutral;negative;0.0;2.0;False;1.0;0.2;negative;0.0;2.0;False;False;False;False;False;False;False;False;False;2;2;0;"[""şanssız"", ""gör""]";"[""insan""]";[];[];[];[]
457;Filmin adı bahtsız bedevi filan olmalıydı:);neutral;negative;0.08333333333333333;1.0;False;1.0;0.3333333333333333;negative;0.08333333333333333;1.0;False;False;False;False;False;False;False;False;False;2;2;0;"[""ad"", ""bahtsız""]";"[""bedevi""]";[];[];[];[]
458;"""HİÇBİR SAHNESİNİ ÖNCEDEN TAHMİN EDEMEYECEĞİNİZ SERT ÇARPICI BANGIR BANGIR """"""""BEN BİR OLIVER STONE FİLMİYİM"""""""" DİYE BAĞIRAN MUHTEŞEM BİR MACERA FİLMİ!""";positive;positive;1.0;0.3888888888888889;True;0.8;0.2;positive;1.0;0.3888888888888889;True;False;False;False;False;False;False;False;False;4;4;0;"[""sert"", ""çarpıcı"", ""muhteşem"", ""macera""]";"[""bangır"", ""bangır"", ""macera"", ""bangır""]";[];[];[];[]
459;İNSANI BİLMEDİĞİ BİR YERE GİTMEKTEN KORKUTAN BİR FİLM.;neutral;positive;0.015625;0.0;False;0.75;0.125;negative;0.0;0.015625;False;True;False;False;True;True;False;False;False;1;1;0;"[""yer""]";[];[];"[""bilme""]";[];"[""negation_flip""]"
460;OLIVER STONE'UN BAŞYAPITI!;positive;neutral;0.0;0.0;False;0.3333333333333333;0.0;neutral;0.0;0.0;False;False;False;False;False;False;False;False;False;0;0;0;[];[];[];[];[];[]
461;KESİNLİKLE KENDİSİNİN EN İYİ FİLMLERİNDEN BİR TANESİ.;positive;positive;0.6111111111111112;0.0;True;1.0;0.14285714285714285;positive;0.6111111111111112;0.0;True;False;False;False;False;False;True;False;False;1;1;0;"[""iyi""]";"[""film""]";"[""en""]";[];[];"[""modifier_detected""]"
462;'musmus' sonu nasıl bitiyo daha detaylı bilgi verseydin?;neutral;negative;0.0;0.125;False;0.625;0.125;negative;0.0;0.125;False;False;False;False;False;False;False;False;False;1;1;0;"[""son""]";[];[];[];[];[]
463;bi de iyi seyirler demiş şaka gibi yaw :);neutral;positive;0.6944444444444445;0.041666666666666664;False;0.75;0.5;positive;0.6111111111111112;0.041666666666666664;False;False;False;False;False;False;True;False;True;4;3;1;"[""de"", ""iyi"", ""seyir"", ""de""]";"[""seyir"", ""seyir""]";"[""bir""]";[];[];"[""suppressed_as_target"", ""modifier_detected""]"
464;Usta bir yönetmen mükemmel oyuncular ve muhteşem bir film.;positive;positive;1.6666666666666667;0.0;True;1.0;0.3333333333333333;positive;1.6666666666666667;0.0;True;False;False;False;False;False;False;False;False;3;3;0;"[""usta"", ""mükemmel"", ""muhteşem""]";"[""yönetmen"", ""oyuncu"", ""film""]";[];[];[];[]
465;harika bi film oyunculuklar süper sadece sean penn değil özllikle thothona yeniden hayran oldum ama ben bu filmin türkçe adına çok takıldım bence bu ad film hakkında film başlamadan film konusu hakkında ciddi tahminler yapmamıza sebep oluyo;neutral;positive;2.216666666666667;0.3611111111111111;False;0.7567567567567568;0.24324324324324326;positive;2.025;0.5527777777777778;False;False;False;False;False;True;True;True;False;9;9;0;"[""harika"", ""oyunculuk"", ""süper"", ""hayran"", ""ad"", ""ad"", ""hak"", ""hak"", ""ciddi""]";"[""film"", ""film"", ""film"", ""thothona"", ""ben"", ""film"", ""film"", ""tahmin"", ""tahmin""]";"[""yeniden""]";"[""değil"", ""değil"", ""başla""]";"[""ama""]";"[""negation_flip"", ""negation_flip"", ""modifier_detected"", ""contrast_detected"", ""negation_flip""]"
466;oliver stone ve oynayan tüm oyuncuların en iyi filmleri bence.;positive;positive;0.8611111111111112;0.0;True;0.7;0.2;positive;0.8611111111111112;0.0;True;False;False;False;False;False;True;False;False;2;2;0;"[""tüm"", ""iyi""]";"[""film""]";"[""en""]";[];[];"[""modifier_detected""]"
467;Oliver Stone'dan beklenmedik türde bir yapım.;neutral;positive;0.25;0.0;False;0.6666666666666666;0.16666666666666666;positive;0.25;0.0;False;False;False;False;False;False;False;False;False;1;1;0;"[""beklenmedik""]";"[""tür""]";[];[];[];[]
468;..Ama tür ne olursa olsun tarzında değişiklik yok.;neutral;negative;0.0;0.21428571428571427;False;1.0;0.125;negative;0.0;0.21428571428571427;False;False;False;False;False;False;False;False;False;1;1;0;"[""yok""]";"[""değişiklik""]";[];[];[];[]
469;Senaryo üzerinde iyi oynanmış oyuncu performansları üst düzeyde ve kamera kullanımı da her zamanki gibi sizi mekana çekecek kadar usta elinden çıkmış.;positive;positive;0.7777777777777778;0.022727272727272728;True;0.9090909090909091;0.13636363636363635;positive;0.7777777777777778;0.022727272727272728;True;False;False;False;False;False;False;False;False;3;3;0;"[""iyi"", ""da"", ""usta""]";"[""el""]";[];[];[];[]
470;Bana biraz tarantino tarzını hatırlatsa da büyük keyif aldığım bir film oldu.;positive;negative;0.17857142857142858;0.1893939393939394;False;0.8333333333333334;0.25;negative;0.0;0.1893939393939394;False;False;False;False;False;False;False;False;True;3;2;1;"[""da"", ""keyif"", ""al""]";"[""tarz"", ""keyif""]";[];[];[];"[""suppressed_as_target""]"
471;Bu kadar zaman nasıl izlememişim diye de hayıflandım !;positive;negative;0.0;0.020833333333333332;False;0.75;0.125;negative;0.0;0.020833333333333332;False;False;False;False;False;False;False;False;False;1;1;0;"[""de""]";[];[];[];[];[]
472;"""!!Sean penn ve Nick Nolte döktürmüş bence :o))""""""";positive;neutral;0.0;0.0;False;0.375;0.0;neutral;0.0;0.0;False;False;False;False;False;False;False;False;False;0;0;0;[];[];[];[];[];[]
473;iyi bir film jennifer'yeni yeni sinemada boy gösterdiği bi film;positive;positive;0.6111111111111112;0.0;True;0.7;0.1;positive;0.6111111111111112;0.0;True;False;False;False;False;False;False;False;False;1;1;0;"[""iyi""]";"[""film""]";[];[];[];[]
474;Kaybedenler veya u dönüşü bence Oliver Stone un çoğu filminde anlatmak isfhytediği Amerikan toplumunun ahlakının çöküşünü gösteren üst düzey bir film.;neutral;positive;0.625;0.5;False;0.6666666666666666;0.09523809523809523;positive;0.625;0.5;False;False;False;False;False;False;False;False;False;2;2;0;"[""ahlak"", ""çöküş""]";[];[];[];[];[]
475;Bir millet düşünün ki Dünya da süper güç olmuş ama insanlarının birbirleriyle ilişkilerinde dibe vurmuş bir toplum.;neutral;positive;0.5;0.06439393939393939;False;0.8235294117647058;0.17647058823529413;positive;0.5;0.06439393939393939;False;False;False;False;False;False;False;False;False;3;3;0;"[""da"", ""süper"", ""güç""]";"[""dünya""]";[];[];[];[]
476;Ahlak anlayışının yerin dibine girmiş.;neutral;positive;0.640625;0.0;False;0.8;0.4;positive;0.640625;0.0;False;False;False;False;False;False;False;False;False;2;2;0;"[""ahlak"", ""yer""]";[];[];[];[];[]
477;Aslında film bir tezatlığıda gösteriyor.;neutral;neutral;0.0;0.0;True;0.6;0.0;neutral;0.0;0.0;True;False;False;False;False;False;False;False;False;0;0;0;[];[];[];[];[];[]
478;Adeta Amerikan misyonerliği yapan Holywood un aynı zamanda kendi toplumun çöküşünü beyaz perdeye yansıtıyor.;neutral;negative;0.0;0.6;False;0.7857142857142857;0.14285714285714285;negative;0.0;0.6;False;False;False;False;False;False;False;False;False;2;2;0;"[""çöküş"", ""perde""]";"[""holywood"", ""holywood""]";[];[];[];[]
479;Film bir kasabanın kaybeden değil tüm ABD nin aslında kaybedenler arasında olduğunu gösteriyor.;neutral;negative;0.25;0.3333333333333333;False;0.7692307692307693;0.15384615384615385;negative;0.25;0.3333333333333333;False;False;False;False;False;False;False;False;False;2;2;0;"[""tüm"", ""abd""]";[];[];[];[];[]
480;"""Bu arada filmin adını Türkçeye """"""""Kaybedenler"""""""" diye çevirmişler.""";neutral;positive;0.08333333333333333;0.0;False;0.625;0.125;positive;0.08333333333333333;0.0;False;False;False;False;False;False;False;False;False;1;1;0;"[""ad""]";[];[];[];[];[]
481;"""Bu çeviri üzerine kadim dostum Arda'yı anmadan edemeyeceğim.:)))""""""";neutral;positive;0.3;0.0;False;0.875;0.125;negative;0.0;0.3;False;True;False;False;True;True;False;False;False;1;1;0;"[""dost""]";"[""arda'yı""]";[];"[""an""]";[];"[""negation_flip""]"
482;Bir perişan oluşun öyküsü.;neutral;negative;0.0;0.375;False;1.0;0.25;negative;0.0;0.375;False;False;False;False;False;False;False;False;False;1;1;0;"[""perişan""]";"[""oluş""]";[];[];[];[]
483;Kadınlar ve para birleştiği zaman zaten perişan olmamak mümkün mü :);neutral;negative;0.0;0.375;False;0.9;0.1;positive;0.375;0.0;False;True;False;False;True;True;False;False;False;1;1;0;"[""perişan""]";[];[];"[""ol""]";[];"[""negation_flip""]"
484;Oliver Stone'un çok sevdiğim filmlerinden birisi.;positive;negative;0.0;0.08333333333333333;False;0.5;0.16666666666666666;negative;0.0;0.08333333333333333;False;False;False;False;False;False;False;False;False;1;1;0;"[""biri""]";[];[];[];[];[]
485;Beğenenler için bişey diyemicam ama ben zor atmıştım kendimi sinemadan.;neutral;negative;0.0;0.5833333333333334;False;0.7;0.1;negative;0.0;0.5833333333333334;False;False;False;False;False;False;False;True;False;1;1;0;"[""zor""]";"[""ben""]";[];[];"[""ama""]";"[""contrast_detected""]"
486;nolte ve penn in kariyeri oyunculukları hakkında hiçbişey denemez.;positive;negative;0.025;0.3333333333333333;False;0.5555555555555556;0.2222222222222222;negative;0.0;0.35833333333333334;False;False;False;False;False;True;False;False;False;2;2;0;"[""oyunculuk"", ""hak""]";"[""hiçbişey""]";[];"[""de""]";[];"[""negation_flip""]"
487;belki de insanlara bu filmi sevdiren onların bu filmde rol almasıdır;positive;negative;0.0;0.1875;False;0.9090909090909091;0.18181818181818182;negative;0.0;0.020833333333333332;False;False;False;False;False;False;False;False;False;1;1;0;"[""de""]";[];[];[];[];[]
488;Adeta bir kaosun içinde oluyorsunuz harika.;positive;positive;1.0;0.5;True;1.0;0.3333333333333333;positive;1.0;0.5;True;False;False;False;False;False;False;False;False;2;2;0;"[""kaos"", ""harika""]";[];[];[];[];[]
489;BÖYLE BİR KADRODAN NASIL BİR FİLM ÇIKAR SİZCE?;neutral;negative;0.0;1.0;False;1.0;0.125;negative;0.0;1.0;False;False;False;False;False;False;True;False;False;1;1;0;"[""çıkar""]";"[""film""]";"[""nasil""]";[];[];"[""modifier_detected""]"
490;?? SÜPER SÜPER SÜPER BİR FİLM.;positive;positive;1.5;0.0;True;1.0;0.6;positive;1.5;0.0;True;False;False;False;False;False;False;False;False;3;3;0;"[""süper"", ""süper"", ""süper""]";"[""film"", ""film""]";[];[];[];[]
491;..KLİP GİBİ BİR FİLM.;neutral;neutral;0.0;0.0;True;1.0;0.0;neutral;0.0;0.0;True;False;False;False;False;False;False;False;False;0;0;0;[];[];[];[];[];[]
492;..OLIVER STONE BU İŞİ İYİ BİLİYOR.;positive;positive;0.6111111111111112;0.0;True;0.5;0.16666666666666666;positive;0.6111111111111112;0.0;True;False;False;False;False;False;False;False;False;1;1;0;"[""iyi""]";"[""..""]";[];[];[];[]
493;..GÖRSEL ŞÖLEN DENİLECEK ENDER FİLMLERDEN.;neutral;positive;0.125;0.020833333333333332;False;1.0;0.4;negative;0.0;0.020833333333333332;False;True;False;False;True;False;False;False;True;2;1;1;"[""şölen"", ""de""]";"[""şölen""]";[];[];[];"[""suppressed_as_target""]"
494;..ARŞİVİNİZDE OLMASI GEREKEN FİLMLERDEN.;positive;neutral;0.0;0.0;False;1.0;0.0;neutral;0.0;0.0;False;False;False;False;False;False;False;False;False;0;0;0;[];[];[];[];[];[]
495;..SİNEMA MERAKLILARINA.;positive;negative;0.0;0.15;False;1.0;0.5;negative;0.0;0.15;False;False;False;False;False;False;False;False;False;1;1;0;"[""meraklı""]";[];[];[];[];[]
496;caresız kalan bırının neler yapabılecegı.;neutral;neutral;0.0;0.0;True;0.4;0.0;neutral;0.0;0.0;True;False;False;False;False;False;False;False;False;0;0;0;[];[];[];[];[];[]
497;.sınırları zorlamak ne demek gormek ıstıyosanız;neutral;negative;0.0;0.020833333333333332;False;0.6666666666666666;0.16666666666666666;negative;0.0;0.020833333333333332;False;False;False;False;False;False;False;False;False;1;1;0;"[""de""]";"["".sınır""]";[];[];[];[]
498;mükemmel;positive;positive;1.0;0.0;True;1.0;1.0;positive;1.0;0.0;True;False;False;False;False;False;False;False;False;1;1;0;"[""mükemmel""]";[];[];[];[];[]
499;fon da arizona inanılmaz entrikalar sean penn lopez ha bir de tabi ki ring of fire.;neutral;negative;1.0;2.043560606060606;False;0.75;0.3125;negative;1.0;2.043560606060606;False;False;False;False;False;True;False;False;False;5;5;0;"[""da"", ""inanılmaz"", ""entrika"", ""de"", ""of""]";"[""arizona""]";[];"[""inan"", ""inan""]";[];"[""negation_flip"", ""negation_flip""]"
500;Bence tam bir tarz filmi olmuş.;neutral;positive;0.20833333333333334;0.0;False;1.0;0.16666666666666666;positive;0.20833333333333334;0.0;False;False;False;False;False;False;False;False;False;1;1;0;"[""tam""]";[];[];[];[];[]
501;Buram buram Oliver Stone kokuyor.;neutral;neutral;0.0;0.0;True;0.6;0.0;neutral;0.0;0.0;True;False;False;False;False;False;False;False;False;0;0;0;[];[];[];[];[];[]
502;Kötü diyemem ama izleseniz iyi olur.;positive;negative;0.6111111111111112;0.9208333333333334;False;0.8333333333333334;0.5;positive;1.5319444444444446;0.0;True;True;True;False;False;True;False;True;False;3;3;0;"[""kötü"", ""de"", ""iyi""]";[];[];"[""de"", ""de""]";"[""ama""]";"[""negation_flip"", ""negation_flip"", ""contrast_detected""]"
503;Ben bu filmi cidden seviyorum hos vakit gecirtiyo insana ayrica Ray Liotta da harika bir performans sergilemis ki bir digeri hostes kiz olan Lauren Holly.;positive;positive;1.0;0.022727272727272728;True;0.6;0.08;positive;1.0;0.022727272727272728;True;False;False;False;False;False;False;False;False;2;2;0;"[""da"", ""harika""]";"[""performans""]";[];[];[];[]
504;ben ucak fılmlerını cok sevıyorum bana bu tur fılmlerı sevdıren fılmlerden bırı dıye bılırım;positive;neutral;0.0;0.0;False;0.2857142857142857;0.0;neutral;0.0;0.0;False;False;False;False;False;False;False;False;False;0;0;0;[];[];[];[];[];[]
505;berbat bi film filmdeki tek iyi şey liotta nın muhteşem performansıydı hatta film bile denilemiyecek bi yapım;negative;positive;1.1111111111111112;0.0;False;0.7058823529411765;0.11764705882352941;positive;1.1111111111111112;0.0;False;False;False;False;False;False;False;False;False;2;2;0;"[""iyi"", ""muhteşem""]";"[""şey"", ""performans""]";[];[];[];[]
506;klasik bir facia filmi ancak vakit geçirmek için izlenebilir;negative;negative;0.0;0.0625;True;0.7777777777777778;0.1111111111111111;negative;0.0;0.0625;True;False;False;False;False;False;False;False;False;1;1;0;"[""ancak""]";"[""film""]";[];[];[];[]
507;ben bu uçakta ki terör filmleri seyretmekten bıktım yapımcılar milyon dolarlar verip bunun gibi filmler yapmaktan bıkmadılar.;negative;negative;0.0;1.0;True;0.7058823529411765;0.058823529411764705;negative;0.0;1.0;True;False;False;False;False;False;False;False;False;1;1;0;"[""terör""]";[];[];[];[];[]
508;berbatta olsa bu alanda en iyisi turbulence;neutral;positive;0.6111111111111112;0.0;False;0.8571428571428571;0.14285714285714285;positive;0.6111111111111112;0.0;False;False;False;False;False;False;True;False;False;1;1;0;"[""iyi""]";"[""turbulence""]";"[""en""]";[];[];"[""modifier_detected""]"
509;birkaç aksiyon sahnesi gerçekten insanı heyecanlandırıyor.;positive;neutral;0.0;0.0;False;0.8333333333333334;0.0;neutral;0.0;0.0;False;False;False;False;False;False;False;False;False;0;0;0;[];[];[];[];[];[]
510;belirli bir ivmenin altına düşmeyen film kendini izletebiliyor.;positive;neutral;0.0;0.0;False;0.875;0.0;neutral;0.0;0.0;False;False;False;False;False;False;False;False;False;0;0;0;[];[];[];[];[];[]
511;evet allatki arkadaşın dediği doğru kırılmayan cam olarak bildiğimiz camlar mermiylee kırıldı ama film çok güzeldi.;positive;positive;1.2045454545454546;0.020833333333333332;True;0.6875;0.25;positive;0.47537878787878785;0.25;True;False;False;False;False;True;True;True;True;4;3;1;"[""arkadaş"", ""de"", ""doğru"", ""güzel""]";"[""arkadaş"", ""film""]";"[""çok""]";"[""kır"", ""kır""]";"[""ama""]";"[""suppressed_as_target"", ""negation_flip"", ""negation_flip"", ""modifier_detected"", ""contrast_detected""]"
512;yani bondun bu kez siyasi bir düşmanı var.;neutral;negative;0.0;0.3333333333333333;False;0.875;0.125;negative;0.0;0.3333333333333333;False;False;False;False;False;False;False;False;False;1;1;0;"[""düşman""]";"[""bondun""]";[];[];[];[]
513;şu fazla harika dövüş tekniklerinide saymazsak tamamdır hem teri hatcherda var!;neutral;positive;1.1666666666666667;0.5;False;0.8181818181818182;0.2727272727272727;positive;1.1666666666666667;0.5;False;False;False;False;False;False;False;False;False;3;3;0;"[""harika"", ""dövüş"", ""tamam""]";"[""tekniklerinide""]";[];[];[];[]
514;süper bond filmi daha izlerken aksiyonun sürekli devam ettiği bir film izledim ve iyi bir puanı hak ediyor;positive;positive;1.136111111111111;0.0;True;0.8333333333333334;0.16666666666666666;positive;1.136111111111111;0.0;True;False;False;False;False;False;False;False;False;3;3;0;"[""süper"", ""iyi"", ""hak""]";"[""film"", ""puan"", ""puan""]";[];[];[];[]
515;Dün tnt de izledim ve rahat bir şekilde en kötü bond filmi olduğunu söyleyebilirim.;negative;negative;0.041666666666666664;0.9208333333333334;True;0.7142857142857143;0.21428571428571427;negative;0.041666666666666664;0.9208333333333334;True;False;False;False;False;False;True;False;False;3;3;0;"[""de"", ""rahat"", ""kötü""]";"[""şekil"", ""film""]";"[""en""]";[];[];"[""modifier_detected""]"
516;Kötü karakter gerçekten çok kötü.;negative;negative;0.0;1.8;True;1.0;0.4;negative;0.0;1.8;True;False;False;False;False;False;True;False;False;2;2;0;"[""kötü"", ""kötü""]";"[""karakter"", ""karakter""]";"[""gerçekten"", ""çok""]";[];[];"[""modifier_detected""]"
517;Ben bu kadar karizmadan uzak bir kötü bond karakteri görmedim.;negative;negative;0.25;2.025;True;0.9;0.4;positive;1.25;1.025;False;True;False;True;False;True;False;False;False;4;4;0;"[""karizma"", ""uzak"", ""kötü"", ""gör""]";"[""karakter"", ""bond"", ""ben""]";[];"[""gör""]";[];"[""negation_flip""]"
518;Bond kızımız gayet çirkin ve yapmacık.;negative;negative;0.0;0.16666666666666666;True;0.8333333333333334;0.16666666666666666;negative;0.0;0.16666666666666666;True;False;False;False;False;False;True;False;False;1;1;0;"[""çirkin""]";"[""kız""]";"[""gayet""]";[];[];"[""modifier_detected""]"
519;Filmde mantık hataları zaten bir torba dolusu.;negative;negative;0.0;0.16666666666666666;True;1.0;0.14285714285714285;negative;0.0;0.16666666666666666;True;False;False;False;False;False;False;False;False;1;1;0;"[""hata""]";[];[];[];[];[]
520;Balyozla kırılmayan camlar mermiyle indi vay vay.;neutral;negative;0.0;0.5;False;0.8571428571428571;0.2857142857142857;negative;0.0;0.5;False;False;False;False;False;False;False;False;False;2;2;0;"[""vay"", ""vay""]";"[""cam"", ""cam""]";[];[];[];[]
521;.. İzlemenizi önermem;neutral;neutral;0.0;0.0;True;0.5;0.0;neutral;0.0;0.0;True;False;False;False;False;False;False;False;False;0;0;0;[];[];[];[];[];[]
522;Brosnan'lı en zayıf Bond filmi.;negative;negative;0.0;0.3055555555555556;True;0.6;0.2;negative;0.0;0.3055555555555556;True;False;False;False;False;False;True;False;False;1;1;0;"[""zayıf""]";"[""bond""]";"[""en""]";[];[];"[""modifier_detected""]"
523;Jonathan Pryce'ın canlandırdığı Elliot Carver en zayıf ve en karikatürize edilmiş Bond kötülerinden biri.;negative;negative;0.0;0.3888888888888889;True;0.5;0.14285714285714285;negative;0.0;0.3888888888888889;True;False;False;False;False;False;True;False;False;2;2;0;"[""zayıf"", ""biri""]";"[""karikatürize""]";"[""en"", ""en""]";[];[];"[""modifier_detected""]"
524;Motosikletle kaçış sahnesini söyleyebilirim artı hanesine yazılanlara.;neutral;negative;0.0;0.25;False;0.7142857142857143;0.14285714285714285;negative;0.0;0.25;False;False;False;False;False;False;False;False;False;1;1;0;"[""kaçış""]";[];[];[];[];[]
525;Sonuç olarak yine de ''Hiçbir Bond filmi kötü olmaz''.;positive;negative;0.0;0.9208333333333334;False;0.8888888888888888;0.2222222222222222;positive;0.9;0.020833333333333332;True;True;True;False;False;True;False;False;False;2;2;0;"[""de"", ""kötü""]";"[""film""]";[];"[""ol""]";[];"[""negation_flip""]"
526;puanının niye düşük olduğunu doğrusu merak ediyorum bond filmleri içinde ilk 5 te yer alabilecek bir film izlemelisiniz;positive;negative;0.265625;0.6845238095238094;False;0.8888888888888888;0.2777777777777778;negative;0.265625;0.6845238095238094;False;False;False;False;False;False;True;False;False;5;5;0;"[""düşük"", ""doğru"", ""merak"", ""yer"", ""al""]";"[""puan"", ""film""]";"[""niye""]";[];[];"[""modifier_detected""]"
527;tartışmasız en iyi bond filmlerinden biri aksiyon dur durak bilmiyor pierce brosnan'a tebrikler hem çok iyi oynuyor hemde çok karizmatik.;positive;positive;2.5972222222222223;0.08333333333333333;True;0.75;0.25;positive;2.2222222222222223;0.08333333333333333;True;False;False;False;False;False;True;False;True;5;4;1;"[""iyi"", ""biri"", ""tebrik"", ""iyi"", ""karizmatik""]";"[""film"", ""tebrik"", ""tebrik""]";"[""en"", ""çok"", ""çok""]";[];[];"[""modifier_detected"", ""suppressed_as_target"", ""modifier_detected"", ""modifier_detected""]"
528;araya sıkıştırılmış espriler de çok güzeldi.;positive;positive;0.7045454545454546;0.020833333333333332;True;0.8333333333333334;0.5;positive;0.45454545454545453;0.020833333333333332;True;False;False;False;False;False;True;False;True;3;2;1;"[""espri"", ""de"", ""güzel""]";"[""espri""]";"[""çok""]";[];[];"[""suppressed_as_target"", ""modifier_detected""]"
529;Filmi başarılı bulsam da diğer 3 Brosnan filmi kadar başarılı değil bana göre.;positive;positive;2.0;0.022727272727272728;True;0.9230769230769231;0.23076923076923078;negative;1.0;1.0227272727272727;False;True;False;True;False;True;False;False;False;3;3;0;"[""başarılı"", ""da"", ""başarılı""]";"[""film"", ""film""]";[];"[""değil""]";[];"[""negation_flip""]"
530;bence filmi beyndim kesinlikle izlenebilir;positive;neutral;0.0;0.0;False;0.6;0.0;neutral;0.0;0.0;False;False;False;False;False;False;False;False;False;0;0;0;[];[];[];[];[];[]
531;Hiç tartışmasız şu ana kadar yapılmış en iyi bond filmi böyle heycanlı sürükleyici film az bulunur kesinlikle izleyin.;positive;positive;0.8611111111111112;0.75;True;0.7222222222222222;0.2777777777777778;positive;0.8611111111111112;0.75;True;False;False;False;False;False;True;False;False;5;5;0;"[""hiç"", ""ana"", ""iyi"", ""sürükleyici"", ""az""]";"[""film"", ""film""]";"[""en""]";[];[];"[""modifier_detected""]"
532;tv de izledim ve gülmekten yerlere yattım.;positive;negative;0.015625;0.020833333333333332;False;0.7142857142857143;0.2857142857142857;negative;0.015625;0.020833333333333332;False;False;False;False;False;False;False;False;False;2;2;0;"[""de"", ""yer""]";[];[];[];[];[]
533;Kesinlikle komedi filmi bence.;positive;neutral;0.0;0.0;False;1.0;0.0;neutral;0.0;0.0;False;False;False;False;False;False;False;False;False;0;0;0;[];[];[];[];[];[]
534;ya adamlar teknoloji konusunda ilerlemekle bile kalmamışlar.;neutral;negative;0.0;0.022727272727272728;False;0.8571428571428571;0.14285714285714285;positive;0.022727272727272728;0.0;False;True;False;False;True;True;False;False;False;1;1;0;"[""adam""]";[];[];"[""kal""]";[];"[""negation_flip""]"
535;bi de bond un yaralandığı hiç olmadı sanırım.;neutral;negative;0.0;0.5208333333333334;False;0.625;0.25;positive;0.5;0.020833333333333332;False;True;False;False;True;True;False;False;False;2;2;0;"[""de"", ""hiç""]";[];[];"[""ol""]";[];"[""negation_flip""]"
536;adam çeliktenn!;neutral;negative;0.0;0.022727272727272728;False;0.5;0.5;negative;0.0;0.022727272727272728;False;False;False;False;False;False;False;False;False;1;1;0;"[""adam""]";[];[];[];[];[]
537;yok ya böle film kaçmaz:D:D;positive;negative;0.0;0.21428571428571427;False;1.0;0.14285714285714285;positive;0.21428571428571427;0.0;True;True;True;False;False;True;False;False;False;1;1;0;"[""yok""]";"[""film""]";[];"[""kaç""]";[];"[""negation_flip""]"
538;konusu digerlerine gore daha yaratıcı brosnanın bu rolde sov yaptıgı enfes bir film.;positive;neutral;0.0;0.0;False;0.6153846153846154;0.0;neutral;0.0;0.0;False;False;False;False;False;False;False;False;False;0;0;0;[];[];[];[];[];[]
539;izlenmeli;positive;neutral;0.0;0.0;False;0.0;0.0;neutral;0.0;0.0;False;False;False;False;False;False;False;False;False;0;0;0;[];[];[];[];[];[]
540;aksiyon yonunden Brosnan'in oynadigi diger Bond filmlerine bir parca fark atiyor.;neutral;neutral;0.0;0.0;True;0.36363636363636365;0.0;neutral;0.0;0.0;True;False;False;False;False;False;False;False;False;0;0;0;[];[];[];[];[];[]
541;İzlediğim en iyi Bond filmi;positive;positive;0.6111111111111112;0.0;True;0.6;0.2;positive;0.6111111111111112;0.0;True;False;False;False;False;False;True;False;False;1;1;0;"[""iyi""]";"[""bond""]";"[""en""]";[];[];"[""modifier_detected""]"
542;Bence en güzel film TİTANİK;positive;positive;0.45454545454545453;0.0;True;0.8;0.2;positive;0.45454545454545453;0.0;True;False;False;False;False;False;True;False;False;1;1;0;"[""güzel""]";"[""film""]";"[""en""]";[];[];"[""modifier_detected""]"
543;Benim favorilerimde hep en başta yer almış bir filmdir.;positive;negative;0.015625;0.16666666666666666;False;1.0;0.2222222222222222;negative;0.015625;0.16666666666666666;False;False;False;False;False;False;True;False;False;2;2;0;"[""yer"", ""al""]";[];"[""hep""]";[];[];"[""modifier_detected""]"
544;bende her filmde ağlamam ama Titanic'te özellikle Jack'in öldüğü ve sulara gömüldüğü bölümde ağlamıştım.;neutral;neutral;0.0;0.0;True;0.6428571428571429;0.0;neutral;0.0;0.0;True;False;False;False;False;False;False;False;False;0;0;0;[];[];[];[];[];[]
545;Kaç ere olursa olsun bıkmadan ve artık ezberlediğim halde sonunu merakla izlediğim bir film :)))))));positive;negative;0.20833333333333334;0.575;False;0.7857142857142857;0.2857142857142857;negative;0.20833333333333334;0.575;False;False;False;False;False;False;False;False;False;4;4;0;"[""er"", ""hal"", ""son"", ""merak""]";[];[];[];[];[]
546;süPer bir film her zaman izlesem de sıkılmam:;positive;positive;0.5;0.020833333333333332;True;0.75;0.25;positive;0.5;0.020833333333333332;True;False;False;False;False;False;False;False;False;2;2;0;"[""süper"", ""de""]";"[""film"", ""film""]";[];[];[];[]
547;Titanic;neutral;neutral;0.0;0.0;True;0.0;0.0;neutral;0.0;0.0;True;False;False;False;False;False;False;False;False;0;0;0;[];[];[];[];[];[]
548;Kate Winslet ve Leonardo DiCaprio'nun yıldızını parlatan Titanic sinemalarda yer aldığı dönemde inanılmaz bir ilgi görmüş hiç sinemaya gitmediğini bildiğim insanları peşinden sinemaya sürüklemiş bir filmdir.;positive;negative;1.015625;1.6666666666666667;False;0.6538461538461539;0.19230769230769232;positive;1.515625;1.1666666666666667;True;True;True;False;False;True;False;False;False;5;5;0;"[""yer"", ""al"", ""inanılmaz"", ""gör"", ""hiç""]";"[""ilgi""]";[];"[""inan"", ""git"", ""git""]";[];"[""negation_flip"", ""negation_flip"", ""negation_flip""]"
549;Nitekim bu durum filmin beğenilmesi kadar reklamının iyi yapıldığına da işarettir.;positive;positive;0.6111111111111112;0.022727272727272728;True;0.8181818181818182;0.18181818181818182;positive;0.6111111111111112;0.022727272727272728;True;False;False;False;False;False;False;False;False;2;2;0;"[""iyi"", ""da""]";"[""reklam"", ""reklam""]";[];[];[];[]
550;Tüm bunlara rağmen favorilerim arasına hiçbirzaman girememiştir.;positive;negative;0.25;0.5;False;0.7142857142857143;0.2857142857142857;negative;0.25;0.5;False;False;False;False;False;False;False;False;False;2;2;0;"[""tüm"", ""rağmen""]";[];[];[];[];[]
551;geminin batıcağını bile bile izledik be :;neutral;neutral;0.0;0.0;True;0.5;0.0;neutral;0.0;0.0;True;False;False;False;False;False;False;False;False;0;0;0;[];[];[];[];[];[]
552;P harika bir yapıt;positive;positive;1.0;0.0;True;1.0;0.25;positive;1.0;0.0;True;False;False;False;False;False;False;False;False;1;1;0;"[""harika""]";"[""yapı""]";[];[];[];[]
553;allegra ya katılıyorum bende bir film için ağlayacak bir insan değilim fakat titanic filminde dayanamayıp ağlamıştım;neutral;neutral;0.0;0.0;True;0.625;0.0;neutral;0.0;0.0;True;False;False;False;False;False;False;False;False;0;0;0;[];[];[];[];[];[]
554;hayatımda izlediğim en güzel filmdi.;positive;positive;0.45454545454545453;0.0;True;0.8;0.2;positive;0.45454545454545453;0.0;True;False;False;False;False;False;True;False;False;1;1;0;"[""güzel""]";"[""film""]";"[""en""]";[];[];"[""modifier_detected""]"
555;gerçekten izledikten sonra insan bir süre etkisinden kurtulamıyor.;positive;neutral;0.0;0.0;False;0.75;0.0;neutral;0.0;0.0;False;False;False;False;False;False;False;False;False;0;0;0;[];[];[];[];[];[]
556;bu filmi ilk seyrettiğimde hayatımda ilk defa bir film yüzünden ağlamıştım :(;positive;neutral;0.0;0.0;False;0.8181818181818182;0.0;neutral;0.0;0.0;False;False;False;False;False;False;False;False;False;0;0;0;[];[];[];[];[];[]
557;ne desem az gelir mükemmel ötesi bir film.;positive;positive;1.0;0.2708333333333333;True;1.0;0.375;positive;1.0;0.2708333333333333;True;False;False;False;False;False;False;False;False;3;3;0;"[""de"", ""az"", ""mükemmel""]";"[""ne"", ""film"", ""film""]";[];[];[];[]
558;çook güzel bir film;positive;positive;0.45454545454545453;0.0;True;0.75;0.25;positive;0.45454545454545453;0.0;True;False;False;False;False;False;True;False;False;1;1;0;"[""güzel""]";"[""film""]";"[""çook""]";[];[];"[""modifier_detected""]"
559;Bu kadar ödül ve puanı hakeden bir filme nasıl yorum yapılır bilmem ki?;positive;positive;0.75;0.0;True;0.7692307692307693;0.07692307692307693;positive;0.75;0.0;True;False;False;False;False;False;False;False;False;1;1;0;"[""ödül""]";[];[];[];[];[]
560;Ne hayatların ne umutların ne servetlerin oksanusun derinliklerine kayıp gittiği böylesi bir gemi kazası bile düşündükçe tüylerimizi diken diken etmeye yetiyor zaten.;neutral;neutral;0.375;0.375;True;0.8181818181818182;0.13636363636363635;negative;0.0;0.375;False;True;False;True;False;False;False;False;True;3;2;1;"[""umut"", ""kayıp"", ""etme""]";"[""umut"", ""tüy""]";[];[];[];"[""suppressed_as_target""]"
561;.Senaryoya bir aşk hikayesini işleyerek nefes kesen bir film yapabilmek izlenme rekoru kırmak ve ödüller alabilmek için ne kadar büyük bir zeka yetenek ve emek.;positive;positive;1.75;0.16666666666666666;True;0.88;0.12;positive;1.0;0.16666666666666666;True;False;False;False;False;False;False;False;True;3;2;1;"[""aşk"", ""ödül"", ""al""]";"[""ödül""]";[];[];[];"[""suppressed_as_target""]"
562;..Filmin konusu 1912 yılında ilk seferine çıkacak olan o dönemde dünyanın en büyük gemisi Titanic için batmaz denilmektedir.;neutral;negative;0.0;0.020833333333333332;False;0.8333333333333334;0.05555555555555555;positive;0.020833333333333332;0.0;False;True;False;False;True;True;False;False;False;1;1;0;"[""de""]";[];[];"[""bat""]";[];"[""negation_flip""]"
563;.Gemide zengin ve diğer sınıflardan da yolcular da var ve her yolcu sınıfına göre seyahat etmektedir.;neutral;positive;0.8125;0.045454545454545456;False;1.0;0.1875;positive;0.8125;0.045454545454545456;False;False;False;False;False;False;False;False;False;3;3;0;"[""zengin"", ""da"", ""da""]";"[""yolcu""]";[];[];[];[]
564;.Jack gemiye son anda binen resimler yapan yakışıklı hayat dolu ama fakir gençtir.;neutral;negative;0.5;0.5750000000000001;False;0.8461538461538461;0.3076923076923077;negative;0.5;0.5750000000000001;False;False;False;False;False;False;False;True;False;4;4;0;"[""son"", ""yakışıklı"", ""fakir"", ""genç""]";"[""an"", ""hayat""]";[];[];"[""ama"", ""ama""]";"[""contrast_detected"", ""contrast_detected""]"
565;Gemide üst tabakadan zengin Rose ile tanışırlar ve birbirlerine aşık olurlar.;neutral;positive;0.8125;0.0;False;0.8181818181818182;0.09090909090909091;positive;0.8125;0.0;False;False;False;False;False;False;False;False;False;1;1;0;"[""zengin""]";"[""rose""]";[];[];[];[]
566;.Her zaman ki gibi sınıf ayrılığı olması ve imkansız aşk hoş karşılanmayacaktır.;neutral;positive;1.0;0.25;False;0.9166666666666666;0.16666666666666666;negative;0.0;0.25;False;True;False;False;True;False;False;False;True;2;1;1;"[""imkansız"", ""aşk""]";"[""aşk""]";[];[];[];"[""suppressed_as_target""]"
567;.Rose ile evlenmek isteyen zengin genç ve ailesi durumdan haberdar olunca bu aşka karşı çıkar bu ilişkiyi bitirmek için ellerinden geleni yaparlar.;positive;positive;1.8125;1.05;True;0.7272727272727273;0.18181818181818182;positive;1.8125;1.05;True;False;False;False;False;False;False;False;False;4;4;0;"[""zengin"", ""genç"", ""aşk"", ""çıkar""]";"[""durum""]";[];[];[];[]
568;.Bundan sonrası iki genç için sıkıntılı saatler başlar.;neutral;negative;0.0;1.05;False;0.875;0.25;negative;0.0;1.05;False;False;False;False;False;False;False;False;False;2;2;0;"[""genç"", ""sıkıntılı""]";"[""saat"", ""saat""]";[];[];[];[]
569;.Leonardo Di Capio ve Kate Winsletin oyunculukları bir harikaydı.;positive;positive;1.0;0.3333333333333333;True;0.5555555555555556;0.2222222222222222;positive;1.0;0.0;True;False;False;False;False;False;False;False;True;2;1;1;"[""oyunculuk"", ""harika""]";"[""oyunculuk""]";[];[];[];"[""suppressed_as_target""]"
570;.En iyi filmleriydi Titanic.;positive;positive;0.6111111111111112;0.0;True;0.75;0.25;positive;0.6111111111111112;0.0;True;False;False;False;False;False;True;False;False;1;1;0;"[""iyi""]";"[""film""]";"[""en""]";[];[];"[""modifier_detected""]"
571;.Ondan sonraki filmlerinde bu kadar başarı sağlayamadılar zaten böyle bir filmde yapılabilirmi bilemiyorum.;neutral;positive;0.375;0.0;False;0.7692307692307693;0.07692307692307693;negative;0.0;0.375;False;True;False;False;True;True;False;False;False;1;1;0;"[""başarı""]";[];[];"[""sağla""]";[];"[""negation_flip""]"
572;.1912 yılının havasını veren dekorlar kostumler eşyalar ve görüntüleride yansıtmak ayrı bir başarıydı.;positive;positive;0.48214285714285715;0.0;True;0.6153846153846154;0.15384615384615385;positive;0.48214285714285715;0.0;True;False;False;False;False;False;False;False;False;2;2;0;"[""hava"", ""başarı""]";"[""kostumler""]";[];[];[];[]
573;..Benim 10/10 luk arşivimin nadide filmidir.;positive;neutral;0.0;0.0;False;0.8571428571428571;0.0;neutral;0.0;0.0;False;False;False;False;False;False;False;False;False;0;0;0;[];[];[];[];[];[]
574;..iyi seyirler.;positive;positive;0.6944444444444445;0.0;True;1.0;1.0;positive;0.6944444444444445;0.0;True;False;False;False;False;False;False;False;False;2;2;0;"[""iyi"", ""seyir""]";[];[];[];[];[]
575;Yrorumlar bir film için çok kısaysa o film ya çok iyidir yada çok kötü.;neutral;negative;0.6111111111111112;0.9;False;0.9285714285714286;0.14285714285714285;negative;0.6111111111111112;0.9;False;False;False;False;False;False;True;False;False;2;2;0;"[""iyi"", ""kötü""]";"[""film"", ""film""]";"[""çok"", ""çok""]";[];[];"[""modifier_detected"", ""modifier_detected""]"
576;Titanik se tam bir başyapıt.;positive;positive;0.20833333333333334;0.0;True;0.8;0.2;positive;0.20833333333333334;0.0;True;False;False;False;False;False;False;False;False;1;1;0;"[""tam""]";"[""titanik""]";[];[];[];[]
577;Atmosfer oyunculuklar efektler her şey mükemmel.;positive;positive;1.0;0.3333333333333333;True;1.0;0.3333333333333333;positive;1.0;0.3333333333333333;True;False;False;False;False;False;False;False;False;2;2;0;"[""oyunculuk"", ""mükemmel""]";"[""efekt""]";[];[];[];[]
578;İzlemeyen varsa bence ölmeden mutlaka izlesin.;positive;neutral;0.0;0.0;False;0.6666666666666666;0.0;neutral;0.0;0.0;False;False;False;False;False;False;False;False;False;0;0;0;[];[];[];[];[];[]
579;tüm zamanların en güzel filmi.;positive;positive;0.7045454545454546;0.0;True;1.0;0.4;positive;0.7045454545454546;0.0;True;False;False;False;False;False;True;False;False;2;2;0;"[""tüm"", ""güzel""]";"[""film""]";"[""en""]";[];[];"[""modifier_detected""]"
580;.. diğer filmlerin güzelliğini titaniğe göre yaparım.;positive;positive;0.9375;0.0;True;0.6666666666666666;0.16666666666666666;positive;0.9375;0.0;True;False;False;False;False;False;False;False;False;1;1;0;"[""güzellik""]";[];[];[];[];[]
581;başyapıttanda öte bir film.;positive;neutral;0.0;0.0;False;0.75;0.0;neutral;0.0;0.0;False;False;False;False;False;False;False;False;False;0;0;0;[];[];[];[];[];[]
582;aşık olmaya aşık oldurur bu film.;positive;neutral;0.0;0.0;False;1.0;0.0;neutral;0.0;0.0;False;False;False;False;False;False;False;False;False;0;0;0;[];[];[];[];[];[]
583;..izlemekten asla bıkmayacağım bir baş yapıt.;positive;neutral;0.0;0.0;False;0.6666666666666666;0.0;neutral;0.0;0.0;False;False;False;False;False;False;False;False;False;0;0;0;[];[];[];[];[];[]
584;ölmeden önce yapılacaklar arasında bu filmi izlemek olmalı;positive;neutral;0.0;0.0;False;0.75;0.0;neutral;0.0;0.0;False;False;False;False;False;False;False;False;False;0;0;0;[];[];[];[];[];[]
585;james cameron gerçek bir usta gerek titanic olsun gerek terminatör olsun gerek avatar olsun hepsi birer tenoloji harikası gerçekten sinemada james cameron gibi ustalar ve senerastler oldukça sinema her zaman yükselir hiç bir zaman gerilemez sinemanın ustalara ihtiyacı var;positive;positive;1.5833333333333335;0.75;True;0.717948717948718;0.1794871794871795;positive;1.8333333333333333;0.16666666666666666;True;False;False;False;False;True;False;False;True;7;5;2;"[""gerçek"", ""usta"", ""harika"", ""usta"", ""hiç"", ""usta"", ""ihtiyaç""]";"[""usta"", ""titanic"", ""usta""]";[];"[""ger"", ""ger"", ""ger""]";[];"[""suppressed_as_target"", ""negation_flip"", ""negation_flip"", ""suppressed_as_target"", ""negation_flip""]"
586;aşk filmi mi felaket filmi mi belli değil ama finali iyi çekilmişti;positive;positive;1.6111111111111112;0.3333333333333333;True;0.9166666666666666;0.25;positive;1.6111111111111112;0.3333333333333333;True;False;False;False;False;False;False;True;False;3;3;0;"[""aşk"", ""felaket"", ""iyi""]";"[""film"", ""final""]";[];[];"[""ama""]";"[""contrast_detected""]"
587;bu film hakkında söyleyebileceğim fazla bir yorum yok.;neutral;negative;0.025;0.21428571428571427;False;0.875;0.25;negative;0.025;0.21428571428571427;False;False;False;False;False;False;False;False;False;2;2;0;"[""hak"", ""yok""]";"[""yorum""]";[];[];[];[]
588;tek kelimeyle efsane.;positive;neutral;0.0;0.0;False;1.0;0.0;neutral;0.0;0.0;False;False;False;False;False;False;False;False;False;0;0;0;[];[];[];[];[];[]
589;başından sonuna kadar 3 saatlik enfes bir macera;positive;neutral;0.125;0.125;False;1.0;0.25;negative;0.0;0.125;False;True;False;False;True;False;False;False;True;2;1;1;"[""son"", ""macera""]";"[""macera""]";[];[];[];"[""suppressed_as_target""]"
590;Süper bir klasik bu filmin yanına kimse yaklaşamaz.;positive;positive;0.5;0.0;True;0.875;0.125;positive;0.5;0.0;True;False;False;False;False;False;False;False;False;1;1;0;"[""süper""]";[];[];[];[];[]
591;Uzun ama kesinlikle sıkmayan bir hikaye.;positive;neutral;0.0;0.0;False;1.0;0.0;neutral;0.0;0.0;False;False;False;False;False;False;False;False;False;0;0;0;[];[];[];[];[];[]
592;Ve bence içinde romantizmden çok aksiyon var.;positive;neutral;0.0;0.0;False;1.0;0.0;neutral;0.0;0.0;False;False;False;False;False;False;False;False;False;0;0;0;[];[];[];[];[];[]
593;Özellikle son bölümlerde.;neutral;negative;0.0;0.125;False;1.0;0.3333333333333333;negative;0.0;0.125;False;False;False;False;False;False;False;False;False;1;1;0;"[""son""]";"[""bölüm""]";[];[];[];[]
594;süper bi filmdi keşke öle filmler yine yapılsa çok beğendiğim ve severek islediğim filmdi yapımcısına yönetmenine oyuncularına başarılar dilerim :;positive;positive;0.875;0.0;True;0.6842105263157895;0.10526315789473684;positive;0.875;0.0;True;False;False;False;False;False;False;False;False;2;2;0;"[""süper"", ""başarı""]";"[""film""]";[];[];[];[]
595;Tek kelimelyle muhteşem bi filmm.;positive;positive;0.5;0.0;True;0.4;0.2;positive;0.5;0.0;True;False;False;False;False;False;False;False;False;1;1;0;"[""muhteşem""]";"[""filmm""]";[];[];[];[]
596;. Bence başka söze gerek yok.:);positive;negative;0.0;0.2642857142857143;False;1.0;0.4;negative;0.0;0.2642857142857143;False;False;False;False;False;False;False;False;False;2;2;0;"[""söz"", ""yok""]";[];[];[];[];[]
597;titanic ımdb de belki puan alamıyo ama nedense avatardan sonra en çok gişe yapan film ve 13 yıl önce bu kadar hasılat yaptı bunuda unutmamak lazım.;positive;negative;0.0;0.020833333333333332;False;0.6923076923076923;0.038461538461538464;negative;0.0;0.020833333333333332;False;False;False;False;False;False;False;False;False;1;1;0;"[""de""]";[];[];[];[];[]
598;bazı arkadaşlar filmin senaryosunun basit olduğunu söylemiş önemli olan böyle bir senaryodan bile yönetmenin harika bir başyapıt yaratmiş olduğudur.;positive;positive;1.6;0.0;True;0.8947368421052632;0.15789473684210525;positive;1.6;0.0;True;False;False;False;False;False;False;False;False;3;3;0;"[""arkadaş"", ""basit"", ""harika""]";"[""senaryo"", ""başyapıt""]";[];[];[];[]
599;gişe başarısı ortada aldığı ödüller ortada daha ne olması gerek.;positive;positive;1.125;0.16666666666666666;True;1.0;0.3;positive;1.125;0.16666666666666666;True;False;False;False;False;False;False;False;False;3;3;0;"[""başarı"", ""al"", ""ödül""]";"[""ne""]";[];[];[];[]
600;Bu film benim film zevkime göre 10/7 hak ediyor o kadarda abartılı yapıldıki belkide bekletilerim çoktu ondan beni sarmadı.;positive;positive;0.525;0.25;True;0.75;0.15;positive;0.525;0.25;True;False;False;False;False;False;False;False;False;3;3;0;"[""zevk"", ""hak"", ""abartılı""]";"[""film"", ""film"", ""hak""]";[];[];[];[]
601;hayatımın filmi.;positive;neutral;0.0;0.0;False;1.0;0.0;neutral;0.0;0.0;False;False;False;False;False;False;False;False;False;0;0;0;[];[];[];[];[];[]
602;keşke tekrar sinemedada oynasa.;positive;neutral;0.0;0.0;False;0.5;0.0;neutral;0.0;0.0;False;False;False;False;False;False;False;False;False;0;0;0;[];[];[];[];[];[]
603;orda izlemek çok farklı;neutral;neutral;0.0;0.0;True;0.25;0.0;neutral;0.0;0.0;True;False;False;False;False;False;False;False;False;0;0;0;[];[];[];[];[];[]
604;ayrıca arkadaşın birisi demiş imdb top 250 de ilk 5 de nası olmaz diye.;neutral;positive;0.5;0.14583333333333331;False;0.8571428571428571;0.35714285714285715;positive;0.5208333333333334;0.041666666666666664;False;False;False;False;False;True;True;False;True;5;4;1;"[""arkadaş"", ""biri"", ""de"", ""de"", ""de""]";"[""biri""]";"[""ayrıca""]";"[""ol""]";[];"[""suppressed_as_target"", ""negation_flip"", ""modifier_detected""]"
605;.arkadaş bırak 5 i 250 de yok.;neutral;positive;0.5;0.23511904761904762;False;0.7142857142857143;0.42857142857142855;positive;0.5;0.23511904761904762;False;False;False;False;False;False;False;False;False;3;3;0;"[""arkadaş"", ""de"", ""yok""]";"["".arkadaş""]";[];[];[];[]
606;.ayrıca sen esaretin bedeli godfather iyi kötü çirkin schindlerin listesiyle mi kıyasladın bu filmi anlayamadım.;neutral;negative;0.6111111111111112;1.7333333333333334;False;0.7333333333333333;0.26666666666666666;negative;0.6111111111111112;1.7333333333333334;False;False;False;False;False;False;False;False;False;4;4;0;"[""esaret"", ""iyi"", ""kötü"", ""çirkin""]";"[""godfather"", ""schindlerin"", ""schindlerin""]";[];[];[];[]
607;. o listeye göre 7.3 almış sıradan bi film bu.;neutral;negative;0.0;0.16666666666666666;False;0.9;0.1;negative;0.0;0.16666666666666666;False;False;False;False;False;False;False;False;False;1;1;0;"[""al""]";[];[];[];[];[]
608;bana göre daha iyisi var .((notebook));neutral;positive;0.6111111111111112;0.0;False;1.0;0.16666666666666666;positive;0.6111111111111112;0.0;False;False;False;False;False;False;True;False;False;1;1;0;"[""iyi""]";[];"[""daha""]";[];[];"[""modifier_detected""]"
609;sinema kültürü olan insanlar icin bu film kesinlikle basyapit olamaz tarihte okadar basyapit varken.;neutral;neutral;0.0;0.0;True;0.7142857142857143;0.0;neutral;0.0;0.0;True;False;False;False;False;False;False;False;False;0;0;0;[];[];[];[];[];[]
610;imdb 250 listesinde bile bu film yok.;neutral;negative;0.0;0.21428571428571427;False;0.7142857142857143;0.14285714285714285;negative;0.0;0.21428571428571427;False;False;False;False;False;False;False;False;False;1;1;0;"[""yok""]";"[""film""]";[];[];[];[]
611;her filmi abartmayi birakin en fazla 7/10;neutral;neutral;0.0;0.0;True;0.75;0.0;neutral;0.0;0.0;True;False;False;False;False;False;False;False;False;0;0;0;[];[];[];[];[];[]
612;daha iyisi izleyen varsa söylesin 10 üzerinden 10 vereceğim tek film;positive;positive;0.6111111111111112;0.0;True;0.7272727272727273;0.09090909090909091;positive;0.6111111111111112;0.0;True;False;False;False;False;False;True;False;False;1;1;0;"[""iyi""]";[];"[""daha""]";[];[];"[""modifier_detected""]"
613;avatarın bu filmi gectıgıne ınanamıyorum ıkısınıde ızlemiş bırı olarak sonucun bu olmaması gerektıgını dusunuyorum.;neutral;neutral;0.0;0.0;True;0.42857142857142855;0.0;neutral;0.0;0.0;True;False;False;False;False;False;False;False;False;0;0;0;[];[];[];[];[];[]
614;söylenecek söz yok.;neutral;negative;0.0;0.2642857142857143;False;0.6666666666666666;0.6666666666666666;negative;0.0;0.21428571428571427;False;False;False;False;False;False;False;False;True;2;1;1;"[""söz"", ""yok""]";"[""söz""]";[];[];[];"[""suppressed_as_target""]"
615;hele o müzikler o aşk muhteşem herşeyiyle mükemmel.;positive;positive;2.5;0.0;True;0.875;0.375;positive;2.5;0.0;True;False;False;False;False;False;True;False;False;3;3;0;"[""aşk"", ""muhteşem"", ""mükemmel""]";"[""herşeyiyle"", ""müzik""]";"[""hele""]";[];[];"[""modifier_detected""]"
616;gerçekten böyle gerçekçi bir aşk olamaz keşke dicaprioyla winslet gerçekte birlikte olsalar filmde öyle oynamışlarki oynarken yaşamışlar böyle bir film yok ve olmaz.;positive;positive;2.083333333333333;0.21428571428571427;True;0.8260869565217391;0.17391304347826086;positive;1.2976190476190474;1.0;True;False;False;False;False;True;False;False;False;4;4;0;"[""aşk"", ""gerçek"", ""yaşa"", ""yok""]";"[""film"", ""film""]";[];"[""ol"", ""ol""]";[];"[""negation_flip"", ""negation_flip""]"
617;bir kadının yüreği sırlarla dolu bir okyanustur=Rose Dawson.;neutral;positive;0.16666666666666666;0.0;False;0.7777777777777778;0.1111111111111111;positive;0.16666666666666666;0.0;False;False;False;False;False;False;False;False;False;1;1;0;"[""yürek""]";[];[];[];[];[]
618;hayatım boyumca bir çok film izledim en heyecan verici film titanik izlerken hala ilk heyacın tadıyorum;positive;positive;0.125;0.0;True;0.75;0.125;positive;0.0625;0.0;True;False;False;False;False;False;False;False;False;1;1;0;"[""verici""]";[];[];[];[];[]
619;Avatarın hasılat olarak bu filmi geçmesine inanamyorm.;neutral;neutral;0.0;0.0;True;0.7142857142857143;0.0;neutral;0.0;0.0;True;False;False;False;False;False;False;False;False;0;0;0;[];[];[];[];[];[]
620;.Belki nedeni yeni nesilin sinemaya daha çok ilgi göstermesidr.;neutral;neutral;0.0;0.0;True;0.7777777777777778;0.0;neutral;0.0;0.0;True;False;False;False;False;False;False;False;False;0;0;0;[];[];[];[];[];[]
621;. Ama kıyaslanamıcak kadar büyük fark var aralarında .;neutral;neutral;0.0;0.0;True;0.8571428571428571;0.0;neutral;0.0;0.0;True;False;False;False;False;False;False;False;False;0;0;0;[];[];[];[];[];[]
622;. Titanic tamamiyle farklı.;positive;neutral;0.0;0.0;False;0.0;0.0;neutral;0.0;0.0;False;False;False;False;False;False;False;False;False;0;0;0;[];[];[];[];[];[]
623;. İzledğm en güzel film diyebilirim.;positive;positive;0.45454545454545453;0.020833333333333332;True;0.8;0.4;positive;0.45454545454545453;0.020833333333333332;True;False;False;False;False;False;True;False;False;2;2;0;"[""güzel"", ""de""]";"[""film"", ""film""]";"[""en""]";[];[];"[""modifier_detected""]"
624;9.2 den çok çok daha fazlasını hakeden bi başyapıt .;positive;negative;0.0;0.020833333333333332;False;0.8;0.1;negative;0.0;0.020833333333333332;False;False;False;False;False;False;False;False;False;1;1;0;"[""de""]";[];[];[];[];[]
625;izlediğiniz diğer filmlerin boş olduğunu gösteren film gelmiş geçmiş en iyi film rahatlıkla diyebilirim yüzlerce film izlememe rağmen üstelik izlediklermin çoğuda kült kategorisi olmasına rağmen.;positive;negative;1.3611111111111112;1.3958333333333333;False;0.8;0.28;negative;1.3611111111111112;1.3958333333333333;False;False;False;False;False;False;True;False;False;7;7;0;"[""boş"", ""geçmiş"", ""iyi"", ""rahatlıkla"", ""de"", ""rağmen"", ""rağmen""]";"[""film"", ""film"", ""film"", ""film"", ""film"", ""film"", ""kategori""]";"[""en""]";[];[];"[""modifier_detected""]"
626;Bir filmi James Cameron yönetir de vurucu olmaz mı.;neutral;negative;0.0;0.020833333333333332;False;0.6666666666666666;0.1111111111111111;negative;0.0;0.020833333333333332;False;False;False;False;False;False;False;False;False;1;1;0;"[""de""]";"[""james""]";[];[];[];[]
627;.. Ne söylense az.;neutral;negative;0.0;0.25;False;0.6666666666666666;0.3333333333333333;negative;0.0;0.25;False;False;False;False;False;False;False;False;False;1;1;0;"[""az""]";[];[];[];[];[]
628;Böyle bir film bir daha gelmez.;positive;neutral;0.0;0.0;False;0.8333333333333334;0.0;neutral;0.0;0.0;False;False;False;False;False;False;False;False;False;0;0;0;[];[];[];[];[];[]
629;Teşekkürler James Cameron sinema dağarcığımıza böyle müthiş bir eser kazandırdığın için.;positive;positive;1.0;0.375;True;0.8181818181818182;0.18181818181818182;positive;1.0;0.375;True;False;False;False;False;False;True;False;False;2;2;0;"[""teşekkür"", ""müthiş""]";"[""eser""]";"[""böyle""]";[];[];"[""modifier_detected""]"
630;seyrettiğim en gerçekçi film;positive;neutral;0.0;0.0;False;0.75;0.0;neutral;0.0;0.0;False;False;False;False;False;False;False;False;False;0;0;0;[];[];[];[];[];[]
631;Bu film anlatılabilir mi?;neutral;neutral;0.0;0.0;True;0.75;0.0;neutral;0.0;0.0;True;False;False;False;False;False;False;False;False;0;0;0;[];[];[];[];[];[]
632;inanılmaz abartılan avatardan milyon kat daha iyi bir film.;positive;positive;1.6111111111111112;0.0;True;0.7777777777777778;0.2222222222222222;negative;0.6111111111111112;1.0;False;True;False;True;False;True;False;False;False;2;2;0;"[""inanılmaz"", ""iyi""]";"[""film""]";[];"[""inan""]";[];"[""negation_flip""]"
633;james cameron ın bu derece şöhret sahibi olmasına yaraması dışında bir insanda tüm duyguları uyandıran içine hiç çıkmayacak şekilde işleyen ölene kadar unutamaycağınız ve belkide seyrederken en katımızın bile ağlayabileceği sahnelerle dolu bir başyapıt.;positive;negative;0.25;1.1428571428571428;False;0.7352941176470589;0.11764705882352941;positive;0.8928571428571428;0.5;True;True;True;False;False;True;True;False;False;4;4;0;"[""yara"", ""tüm"", ""hiç"", ""katı""]";"[""james""]";"[""en""]";"[""çık"", ""ağla""]";[];"[""negation_flip"", ""negation_flip"", ""modifier_detected""]"
634;bu filmi geçebilecek bir film bilmiyorum.;positive;neutral;0.0;0.0;False;0.8333333333333334;0.0;neutral;0.0;0.0;False;False;False;False;False;False;False;False;False;0;0;0;[];[];[];[];[];[]
635;puanı 9.2 bile olmamalı 10 olmalı.;positive;neutral;0.0;0.0;False;1.0;0.0;neutral;0.0;0.0;False;False;False;False;False;False;False;False;False;0;0;0;[];[];[];[];[];[]
636;çünkü eksik hiçbir şey yok.;positive;negative;0.0;0.3392857142857143;False;1.0;0.4;negative;0.0;0.3392857142857143;False;False;False;False;False;False;False;False;False;2;2;0;"[""eksik"", ""yok""]";[];[];[];[];[]
637;kusursuz.oyunculuklar görüntü senaryo her şey kusursuz.;positive;positive;2.0;0.3333333333333333;True;1.0;0.42857142857142855;positive;2.0;0.0;True;False;False;False;False;False;False;False;True;3;2;1;"[""kusursuz"", ""oyunculuk"", ""kusursuz""]";"[""oyunculuk"", ""senaryo""]";[];[];[];"[""suppressed_as_target""]"
638;avatarla aynı puanda olması hakaret olmuş biraz.;positive;neutral;0.0;0.0;False;0.8571428571428571;0.0;neutral;0.0;0.0;False;False;False;False;False;False;False;False;False;0;0;0;[];[];[];[];[];[]
639;Adaletisiz dünyanın yarattığı sosyal farklılıkların küçük bir kapanda doğal seleksiyonu.;neutral;negative;0.14285714285714285;0.5;False;0.8;0.2;negative;0.14285714285714285;0.5;False;False;False;False;False;False;False;False;False;2;2;0;"[""kapan"", ""doğal""]";"[""seleksiyon""]";[];[];[];[]
640;bu filmi anlatmaya kelimeler yeter mi ?;positive;positive;0.25;0.0;True;0.8333333333333334;0.16666666666666666;positive;0.25;0.0;True;False;False;False;False;False;False;False;False;1;1;0;"[""yeter""]";[];[];[];[];[]
641;james jameronun en iyi eseri avatardan da iyi bence;positive;positive;1.2222222222222223;0.022727272727272728;True;0.6666666666666666;0.3333333333333333;positive;1.2222222222222223;0.022727272727272728;True;False;False;False;False;False;True;False;False;3;3;0;"[""iyi"", ""da"", ""iyi""]";"[""eser"", ""eser""]";"[""en""]";[];[];"[""modifier_detected""]"
642;İzlediğim en iyi film diyebilirim.;positive;positive;0.6111111111111112;0.020833333333333332;True;0.8;0.4;positive;0.6111111111111112;0.020833333333333332;True;False;False;False;False;False;True;False;False;2;2;0;"[""iyi"", ""de""]";"[""film"", ""film""]";"[""en""]";[];[];"[""modifier_detected""]"
643;Bir film aşkı bu kadar güzel anlatabilir.;positive;positive;1.4545454545454546;0.0;True;0.8571428571428571;0.2857142857142857;positive;1.4545454545454546;0.0;True;False;False;False;False;False;False;False;False;2;2;0;"[""aşk"", ""güzel""]";"[""film"", ""film""]";[];[];[];[]
644;Tek kelimeyle mükemmmel.;positive;neutral;0.0;0.0;False;0.6666666666666666;0.0;neutral;0.0;0.0;False;False;False;False;False;False;False;False;False;0;0;0;[];[];[];[];[];[]
645;insanın içine işleyen ömrü boyunca unutamayacağı bir film.;positive;positive;0.5;0.0;True;0.75;0.125;positive;0.5;0.0;True;False;False;False;False;False;False;False;False;1;1;0;"[""ömür""]";[];[];[];[];[]
646;... izlemeyen varsa hala muhakkak izlesin lütfen.;positive;negative;0.0;0.125;False;0.6666666666666666;0.16666666666666666;negative;0.0;0.125;False;False;False;False;False;False;False;False;False;1;1;0;"[""lütfen""]";[];[];[];[];[]
647;bu filmle en çok üzenlendiğim tek film olarak tarihe geçen tek yapım 10 üzerinden 10 tek kelimeyle tarihe adını yazdırmış dram ve aşk dolu filmdir;positive;positive;1.0833333333333333;0.1875;True;0.96;0.12;positive;1.0833333333333333;0.1875;True;False;False;False;False;False;False;False;False;3;3;0;"[""ad"", ""dram"", ""aşk""]";[];[];[];[];[]
648;Tek kelimeyle muhteşem.;positive;positive;0.5;0.0;True;1.0;0.3333333333333333;positive;0.5;0.0;True;False;False;False;False;False;False;False;False;1;1;0;"[""muhteşem""]";[];[];[];[];[]
649;İmkansız bir aşk.;positive;positive;1.0;0.25;True;1.0;0.6666666666666666;negative;0.0;0.25;False;True;False;True;False;False;False;False;True;2;1;1;"[""imkansız"", ""aşk""]";"[""aşk""]";[];[];[];"[""suppressed_as_target""]"
650;Ama imkansız her zaman imkansız mıdır?;neutral;negative;0.0;0.5;False;1.0;0.3333333333333333;negative;0.0;0.5;False;False;False;False;False;False;False;True;False;2;2;0;"[""imkansız"", ""imkansız""]";[];[];[];"[""ama"", ""ama""]";"[""contrast_detected"", ""contrast_detected""]"
651;Deafalarca izledim ama çok güzel.;positive;positive;0.45454545454545453;0.0;True;0.6;0.2;positive;0.45454545454545453;0.0;True;False;False;False;False;False;True;True;False;1;1;0;"[""güzel""]";"[""deafalarca""]";"[""çok""]";[];"[""ama""]";"[""modifier_detected"", ""contrast_detected""]"
652;Gelde bu filme yorum yap şimdi.;neutral;neutral;0.0;0.0;True;0.6666666666666666;0.0;neutral;0.0;0.0;True;False;False;False;False;False;False;False;False;0;0;0;[];[];[];[];[];[]
653;Bu film değilki bu başka bir şey.;positive;neutral;0.0;0.0;False;0.8571428571428571;0.0;neutral;0.0;0.0;False;False;False;False;False;False;False;False;False;0;0;0;[];[];[];[];[];[]
654;Sadece basit 3 harften oluşan bir kelime (aşk) ancak bu kadar yüceltilebilir heralde.;neutral;positive;1.1;0.0625;False;0.8461538461538461;0.23076923076923078;positive;1.1;0.0625;False;False;False;False;False;False;True;False;False;3;3;0;"[""basit"", ""aşk"", ""ancak""]";"[""harf"", ""kelime""]";"[""sadece""]";[];[];"[""modifier_detected""]"
655;bir filmin üzerinden tam 13 sene geçmesine rağmen hala o filmle ilgili yorum yapılıyosa zaten söylenecek birşey yok lütfen mümkünse bu film hakkında yorum bile yapmayalım.;positive;negative;0.23333333333333334;0.8392857142857143;False;0.8846153846153846;0.19230769230769232;negative;0.44761904761904764;0.625;False;False;False;False;False;True;True;False;False;5;5;0;"[""tam"", ""rağmen"", ""yok"", ""lütfen"", ""hak""]";"[""birşey"", ""birşey""]";"[""zaten""]";"[""yap""]";[];"[""negation_flip"", ""modifier_detected""]"
656;hele o son sahnede ağlamayan insan varsa insani duygularında eksiklik var demektir zaten.;neutral;negative;0.0;0.6458333333333334;False;0.9230769230769231;0.23076923076923078;negative;0.0;0.6458333333333334;False;False;False;False;False;False;True;False;False;3;3;0;"[""son"", ""eksiklik"", ""de""]";"[""sahne""]";"[""hele""]";[];[];"[""modifier_detected""]"
657;tek kelimeyle mükemmel bir film;positive;positive;1.0;0.0;True;1.0;0.2;positive;1.0;0.0;True;False;False;False;False;False;False;False;False;1;1;0;"[""mükemmel""]";"[""film""]";[];[];[];[]
658;"""Denize indirilirken """"""""Tanrı bile batıramaz"""""""" denmişti.""";neutral;negative;0.0;0.020833333333333332;False;0.6666666666666666;0.16666666666666666;positive;0.020833333333333332;0.0;False;True;False;False;True;True;False;False;False;1;1;0;"[""de""]";[];[];"[""batır""]";[];"[""negation_flip""]"
659;.. Bu filmin akademik değeriyle birlikte gerçek tarihinide iyi analiz etmek gerek.;neutral;positive;0.6944444444444445;0.0;False;0.9090909090909091;0.18181818181818182;positive;0.6944444444444445;0.0;False;False;False;False;False;False;False;False;False;2;2;0;"[""gerçek"", ""iyi""]";"[""tarihinide"", ""analiz""]";[];[];[];[]
660;bu filmin imdb sıramasında ılk 5te olmaması bu sıralamanın ne kadar sacma oldugunu gosterıyor.;positive;positive;0.25;0.0;True;0.5;0.07142857142857142;positive;0.25;0.0;True;False;False;False;False;False;False;False;False;1;1;0;"[""sıralama""]";[];[];[];[];[]
661;"""titanic e yapılmış büyük bir ayıp""""""";neutral;negative;0.0;0.8333333333333334;False;0.6666666666666666;0.16666666666666666;negative;0.0;0.8333333333333334;False;False;False;False;False;False;False;False;False;1;1;0;"[""ayıp""]";[];[];[];[];[]
662;sinema tarihinin en iyi filmlernden olduğu kuşku götürmz bi gerçek.;positive;positive;0.6944444444444445;0.0;True;0.7;0.2;positive;0.6111111111111112;0.08333333333333333;True;False;False;False;False;True;True;False;False;2;2;0;"[""iyi"", ""gerçek""]";"[""filmlernden"", ""kuşku""]";"[""en""]";"[""götür""]";[];"[""modifier_detected"", ""negation_flip""]"
663;snaryosu biraz sığ olsada yinede teknik olarak kusursuzluğuyla çok iyi bir film.;positive;positive;1.6111111111111112;0.25;True;0.75;0.25;positive;1.6111111111111112;0.25;True;False;False;False;False;False;True;False;False;3;3;0;"[""sığ"", ""kusursuz"", ""iyi""]";"[""snaryosu"", ""film""]";"[""biraz""]";[];[];"[""modifier_detected""]"
664;bu filmi telvizyonda belkide 50 defa verdiler ve ben en azından bunun 40 ını izlemşimdir bütün ailecek.;positive;negative;0.0;0.25;False;0.7647058823529411;0.058823529411764705;negative;0.0;0.25;False;False;False;False;False;False;True;False;False;1;1;0;"[""az""]";"[""izlemşi""]";"[""en""]";[];[];"[""modifier_detected""]"
665;arşivimdede yeri war.;positive;positive;0.015625;0.0;True;0.3333333333333333;0.3333333333333333;positive;0.015625;0.0;True;False;False;False;False;False;False;False;False;1;1;0;"[""yer""]";[];[];[];[];[]
666;we gelmiş geçmiş en iyi aşk filmlerinden bi tanesidir ve sonunda beni ağlatan 5 filmden biridir.;positive;positive;1.6111111111111112;0.13333333333333333;True;0.75;0.25;positive;1.6111111111111112;0.13333333333333333;True;False;False;False;False;False;True;False;False;4;4;0;"[""geçmiş"", ""iyi"", ""aşk"", ""biri""]";"[""film""]";"[""en""]";[];[];"[""modifier_detected""]"
667;14 dalda akademiye aday olup 11 ini almıştır ama o 14 dalda aday olduğu katgoride n iyi senaryo dalında 2 sindede adaylığı yok yhani akademide bunun farkındaymış ama yinede her şyiyle iyi filmdir her zaman benm ilk 100 giriş yapacaktır.;positive;positive;1.2222222222222223;0.38095238095238093;True;0.825;0.1;positive;1.2222222222222223;0.38095238095238093;True;False;False;False;False;False;False;True;False;4;4;0;"[""al"", ""iyi"", ""yok"", ""iyi""]";"[""senaryo"", ""adaylık"", ""film""]";[];[];"[""ama""]";"[""contrast_detected""]"
668;ve bişeyden daha söz etmek istiorm bu film imdb 7.;positive;negative;0.0;0.05;False;0.7;0.1;negative;0.0;0.05;False;False;False;False;False;False;True;False;False;1;1;0;"[""söz""]";"[""bişeyden""]";"[""daha""]";[];[];"[""modifier_detected""]"
669;3 puanda :S çok acımazısca yhani n azından 200-250 arasında olsaymış.;positive;negative;0.0;0.25;False;0.75;0.08333333333333333;negative;0.0;0.25;False;False;False;False;False;False;False;False;False;1;1;0;"[""az""]";"[""yhani""]";[];[];[];[]
670;sil baştan gibi amelie gibi filmlr ilk 50 de ama bu sanat eseri ilk 250 de yoqq :;neutral;negative;0.0;0.041666666666666664;False;0.7058823529411765;0.11764705882352941;negative;0.0;0.041666666666666664;False;False;False;False;False;False;False;False;False;2;2;0;"[""de"", ""de""]";"[""filmlr""]";[];[];[];[]
671;s.yazık.;negative;negative;0.0;0.75;True;1.0;0.5;negative;0.0;0.75;True;False;False;False;False;False;False;False;False;1;1;0;"[""yazık""]";[];[];[];[];[]
672;dddddjıı;neutral;neutral;0.0;0.0;True;0.0;0.0;neutral;0.0;0.0;True;False;False;False;False;False;False;False;False;0;0;0;[];[];[];[];[];[]
673;Şimdi gelde yazma.;neutral;negative;0.0;0.15;False;0.6666666666666666;0.3333333333333333;negative;0.0;0.15;False;False;False;False;False;False;False;False;False;1;1;0;"[""yazma""]";[];[];[];[];[]
674;...1990 yılından itibaren kurgu dalında oscar ödülü almış bazı filmler aşağıda listelenmektedir.;neutral;positive;0.75;0.22916666666666666;False;0.75;0.25;negative;0.0;0.22916666666666666;False;True;False;False;True;False;False;False;True;3;2;1;"[""ödül"", ""al"", ""aşağı""]";"[""ödül"", ""film""]";[];[];[];"[""suppressed_as_target""]"
675;1992 Unforgiven (Affedilmeyen)1993 Schindlers List (Schindlerin Listesi)1994 Forrest Gump1996 The English Patient (İngiliz Hasta)1998 Saving Private Ryan (Er ryanı kurtarmak)2000 Traffic (Trafik)2002 Chicago2004 The Aviator (Göklerin Hakimi)2005 Crash (Çarpışma)2006 The Departed (Köstebek)Şimdi bu yukarıda saydığım filmlerden hangibirinin Memento (Akıl defteri)adlı filmden daha iyi bir kurgusu olduğunu söyleyebilirsiniz ?;neutral;negative;0.9631944444444445;1.1875;False;0.39285714285714285;0.10714285714285714;negative;0.9631944444444445;1.1875;False;False;False;False;False;False;True;False;False;6;6;0;"[""hasta"", ""er"", ""hakim"", ""köstebek"", ""yukarı"", ""iyi""]";"[""kurgu""]";"[""daha""]";[];[];"[""modifier_detected""]"
676;Mementoyu geçtim direkt olarak baktığınızda şu yukarıda sayılan filmlerden hangisinin çıkışında yahu kurguda süperdi diye bir cümle sarfedersiniz ?;neutral;positive;0.55;0.3611111111111111;False;0.8333333333333334;0.2222222222222222;positive;0.55;0.3611111111111111;False;False;False;False;False;False;False;False;False;4;4;0;"[""bak"", ""yukarı"", ""çıkış"", ""süper""]";"[""cümle"", ""cümle""]";[];[];[];[]
677;-Belki 1 belki 2 bazılarınız ise hiçbirisinin kurgusunun mükemmel olduğunu düşünmemektedir.;neutral;positive;1.0;0.0;False;0.8181818181818182;0.09090909090909091;positive;1.0;0.0;False;False;False;False;False;False;False;False;False;1;1;0;"[""mükemmel""]";"[""kurgu""]";[];[];[];[]
678;Peki burdan anlaşılan şey nedir ?;neutral;neutral;0.0;0.0;True;0.8;0.0;neutral;0.0;0.0;True;False;False;False;False;False;False;False;False;0;0;0;[];[];[];[];[];[]
679;Birde not düşelim Mementoda aslında bu ödülü alamamıştır.;neutral;positive;0.75;0.16666666666666666;False;0.875;0.25;negative;0.16666666666666666;0.75;False;True;False;False;True;True;True;False;False;2;2;0;"[""ödül"", ""al""]";"[""mementoda"", ""mementoda""]";"[""birde"", ""aslında""]";"[""al"", ""al""]";[];"[""negation_flip"", ""negation_flip"", ""modifier_detected""]"
680;Onun yerine kara şahin düştü en iyi kurgu dalında oscara laik görülmüştür izleyemediğim için net birşey söyleyemeyeceğim bu film hakkında.;neutral;negative;0.8392361111111112;1.5;False;0.85;0.3;negative;0.8142361111111112;1.525;False;False;False;False;False;True;True;False;False;6;6;0;"[""yer"", ""kara"", ""iyi"", ""gör"", ""net"", ""hak""]";"[""dal"", ""kurgu"", ""birşey""]";"[""en""]";"[""söyle""]";[];"[""modifier_detected"", ""negation_flip""]"
681;Titanic yorum sayfasında bu denli titanicden uzak bilgileri verdiğim için üzgünüm ama yapılan ilginç eleştiriler olduğu sürece ben her daim bu tarz bilgilendirme ve yorumlama yöntemi ile cevap vereceğimi söylemek isterim.;neutral;negative;0.125;1.125;False;0.7741935483870968;0.0967741935483871;negative;0.125;1.125;False;False;False;False;False;False;False;False;False;3;3;0;"[""denli"", ""uzak"", ""üzgün""]";"[""titanicden"", ""bilgi""]";[];[];[];[]
682;gelmiş geçmiş en iyi film!;positive;positive;0.6111111111111112;0.05;True;0.8;0.4;positive;0.6111111111111112;0.05;True;False;False;False;False;False;True;False;False;2;2;0;"[""geçmiş"", ""iyi""]";"[""film""]";"[""en""]";[];[];"[""modifier_detected""]"
683;!!evt güzel bir aşk filmi ve küçükken ilk kez izlediğimde bana da öle geliyodu.;positive;positive;1.4545454545454546;0.022727272727272728;True;0.7857142857142857;0.21428571428571427;positive;0.45454545454545453;0.022727272727272728;True;False;False;False;False;False;True;False;True;3;2;1;"[""güzel"", ""aşk"", ""da""]";"[""aşk""]";"[""evt""]";[];[];"[""modifier_detected"", ""suppressed_as_target""]"
684;evet en iyi film bu bundan iyisi yapılamaz.;positive;positive;1.2222222222222223;0.0;True;0.875;0.25;neutral;0.6111111111111112;0.6111111111111112;False;True;False;True;False;True;True;False;False;2;2;0;"[""iyi"", ""iyi""]";"[""film"", ""bu""]";"[""en""]";"[""yap""]";[];"[""modifier_detected"", ""negation_flip""]"
685;ama is değişti sinemaya ilgi duyup kült diye tabir edilen filmleri izledikten sonra aslında nasıl sıradan bir film olduğunu anlamış bulunhvyuyorum.;neutral;neutral;0.0;0.0;True;0.8571428571428571;0.0;neutral;0.0;0.0;True;False;False;False;False;False;False;False;False;0;0;0;[];[];[];[];[];[]
686;çok basit bir hikaye sıradan bir kurgu.;neutral;positive;0.1;0.0;False;1.0;0.14285714285714285;positive;0.1;0.0;False;False;False;False;False;False;True;False;False;1;1;0;"[""basit""]";"[""hikaye""]";"[""çok""]";[];[];"[""modifier_detected""]"
687;bizim eski yeşilçam filmlerinin modern hali ve bana artık o kadar etkileyici gelmiyor.;neutral;positive;1.0;0.16666666666666666;False;0.7692307692307693;0.15384615384615385;positive;1.0;0.16666666666666666;False;False;False;False;False;False;False;False;False;2;2;0;"[""eski"", ""etkileyici""]";"[""film""]";[];[];[];[]
688;gelmiş geçmiş en iyi diyenlere ise sadece gülüyorum.;neutral;positive;0.6111111111111112;0.07083333333333333;False;0.875;0.375;positive;0.6111111111111112;0.05;False;False;False;False;False;False;True;False;True;3;2;1;"[""geçmiş"", ""iyi"", ""de""]";"[""de""]";"[""en""]";[];[];"[""modifier_detected"", ""suppressed_as_target""]"
689;Dev bir yolcu gemisi.;neutral;neutral;0.0;0.0;True;1.0;0.0;neutral;0.0;0.0;True;False;False;False;False;False;False;False;False;0;0;0;[];[];[];[];[];[]
690;Birbirlerine aşık olan iki kişi.;neutral;neutral;0.0;0.0;True;0.8;0.0;neutral;0.0;0.0;True;False;False;False;False;False;False;False;False;0;0;0;[];[];[];[];[];[]
691;Bu yasak aşkı engellemek için elinden geleni ardına koymayan zengin bir ailenin oğlu.;neutral;positive;1.8125;0.75;False;0.8461538461538461;0.23076923076923078;positive;1.8125;0.75;False;False;False;False;False;False;False;False;False;3;3;0;"[""yasak"", ""aşk"", ""zengin""]";"[""aile""]";[];[];[];[]
692;Ve büyük felaket.;negative;negative;0.0;0.3333333333333333;True;1.0;0.3333333333333333;negative;0.0;0.3333333333333333;True;False;False;False;False;False;False;False;False;1;1;0;"[""felaket""]";[];[];[];[];[]
693;Kulağıma çok tipik geliyor.;neutral;neutral;0.0;0.0;True;0.75;0.0;neutral;0.0;0.0;True;False;False;False;False;False;False;False;False;0;0;0;[];[];[];[];[];[]
694;Alacakaranlığı izlemedim henüz.;neutral;neutral;0.0;0.0;True;0.6666666666666666;0.0;neutral;0.0;0.0;True;False;False;False;False;False;False;False;False;0;0;0;[];[];[];[];[];[]
695;Ama yorumları okudum şöyle bir durum var.;neutral;neutral;0.0;0.0;True;0.8571428571428571;0.0;neutral;0.0;0.0;True;False;False;False;False;False;False;False;False;0;0;0;[];[];[];[];[];[]
696;Hem film hem de kitabı çok ilgi görmesine ve sevenleri çok olmasına rağmen birileri çıkıp film basitti kötüydü zayıftı vs. diyebiliyor.;neutral;negative;0.1;2.8305555555555553;False;0.8571428571428571;0.38095238095238093;negative;1.3263888888888888;1.6041666666666665;False;False;False;False;False;True;True;False;False;8;8;0;"[""de"", ""gör"", ""rağmen"", ""biri"", ""basit"", ""kötü"", ""zayıf"", ""de""]";"[""ilgi"", ""film"", ""film""]";"[""kötüydü""]";"[""zayıf"", ""de"", ""zayıf"", ""zayıf"", ""de""]";[];"[""negation_flip"", ""negation_flip"", ""modifier_detected"", ""negation_flip""]"
697;Ama aynı şeyi hiç kimse Titanik için yapmıyor.;positive;negative;0.0;0.5;False;0.75;0.125;positive;0.5;0.0;True;True;True;False;False;True;False;True;False;1;1;0;"[""hiç""]";"[""kimse""]";[];"[""yap""]";"[""ama""]";"[""negation_flip"", ""contrast_detected""]"
698;Bu filme de benzer yorumların yapılmasını dilerdim ama görünen o ki iş Titaniğe gelince herkes her şeyi unutuyor sanki.;neutral;negative;0.0;0.020833333333333332;False;0.7368421052631579;0.05263157894736842;negative;0.0;0.020833333333333332;False;False;False;False;False;False;False;False;False;1;1;0;"[""de""]";[];[];[];[];[]
699;Yine o artık duymaktan bıktığınız şeyi söyleyeceğim zevkler ve renkler tartışılmaz.;neutral;positive;0.5;0.0;False;0.8181818181818182;0.09090909090909091;negative;0.0;0.5;False;True;False;False;True;True;False;False;False;1;1;0;"[""zevk""]";"[""o""]";[];"[""tartış""]";[];"[""negation_flip""]"
700;Doğru. Titaniğin konusunu okuyunca dedim ya çok tipik geliyor bana.;neutral;positive;0.25;0.020833333333333332;False;0.7;0.2;positive;0.25;0.020833333333333332;False;False;False;False;False;False;False;False;False;2;2;0;"[""doğru"", ""de""]";[];[];[];[];[]
701;Yani hani bir uçak kaçırılır bir özel tim oluşturulur ve hava korsanlarını etkisiz hale getirmek için harekete geçilir.;neutral;negative;0.20714285714285713;0.7625;False;0.7777777777777778;0.2222222222222222;negative;0.20714285714285713;0.7625;False;False;False;False;False;False;False;False;False;4;4;0;"[""özel"", ""hava"", ""korsan"", ""hal""]";"[""tim""]";[];[];[];[]
702;Ne kadar sıradan değil mi?;neutral;neutral;0.0;0.0;True;1.0;0.0;neutral;0.0;0.0;True;False;False;False;False;False;False;False;False;0;0;0;[];[];[];[];[];[]
703;İşte Titaniğin konusunu okuyunca da ben aynı şeyi düşünüyorum.;neutral;negative;0.0;0.022727272727272728;False;0.6666666666666666;0.1111111111111111;negative;0.0;0.022727272727272728;False;False;False;False;False;False;False;False;False;1;1;0;"[""da""]";"[""konu""]";[];[];[];[]
704;Ama bu kadarla kalmıyor.;neutral;neutral;0.0;0.0;True;0.75;0.0;neutral;0.0;0.0;True;False;False;False;False;False;False;False;False;0;0;0;[];[];[];[];[];[]
705;Benim gözümde Terminator filmleri ile yönetmenlerin şahı olan James Cameron da bu filmde sıradan.;positive;positive;0.95;0.022727272727272728;True;0.7857142857142857;0.21428571428571427;positive;0.95;0.022727272727272728;True;False;False;False;False;False;False;False;False;3;3;0;"[""gözüm"", ""şah"", ""da""]";"[""film""]";[];[];[];[]
706;Televizyonda gösterilen herhangi bir pembe diziden bir farkı yok filmin yönetim ve görsellik olarak.;neutral;negative;0.0;0.21428571428571427;False;0.9285714285714286;0.07142857142857142;negative;0.0;0.21428571428571427;False;False;False;False;False;False;False;False;False;1;1;0;"[""yok""]";"[""fark""]";[];[];[];[]
707;Bir genç kız gelip Titanik filmini çok sevdiğini söylese anlarım derim hem Leonardo var belki aşıktır veya filmdeki aşk hikayesi ona hoş gelmiştir.;neutral;positive;1.0;0.07083333333333333;False;0.6956521739130435;0.13043478260869565;positive;1.0;0.07083333333333333;False;False;False;False;False;False;False;False;False;3;3;0;"[""genç"", ""de"", ""aşk""]";[];[];[];[];[]
708;Ama sinema tarihinin çoğu klasiğini izlemiş bir kimse gelip Titanik 10 numara dünyanın en iyi filmidir derse bu beni derbeder yapar yollara düşerim.;negative;positive;0.6111111111111112;0.125;False;0.8260869565217391;0.08695652173913043;positive;0.6111111111111112;0.125;False;False;False;False;False;False;True;False;False;2;2;0;"[""numara"", ""iyi""]";"[""film""]";"[""en""]";[];[];"[""modifier_detected""]"
709;Ağlama konusuna gelince evet itiraf edeyim benim de gözlerim doldu finalde çok dokunaklıydı ama bir filmin sizi ağlatması demek o filmin çok iyi olduğu anlamına mı gelir bunu bir düşünmek gerek.;neutral;negative;0.6111111111111112;0.7916666666666667;False;0.8709677419354839;0.12903225806451613;positive;1.3611111111111112;0.041666666666666664;False;True;False;False;True;True;True;False;False;4;4;0;"[""ağlama"", ""de"", ""de"", ""iyi""]";"[""film""]";"[""çok""]";"[""ağla""]";[];"[""negation_flip"", ""modifier_detected""]"
710;Bu filmdeki aşk dillere destan bir aşktır diyenleri anlayamadığım için üzülüyorum keşke hak verebilseydim.;neutral;positive;2.025;0.020833333333333332;False;0.7857142857142857;0.2857142857142857;positive;1.0458333333333332;0.0;False;False;False;False;False;True;True;False;True;4;3;1;"[""aşk"", ""aşk"", ""de"", ""hak""]";"[""aşk""]";"[""keşke""]";"[""anla""]";[];"[""suppressed_as_target"", ""negation_flip"", ""modifier_detected""]"
711;Benim için şöyle rastgele açılmış bir Yeşilçam filmindeki aşk öyküsü bile buradakinden daha iyidir.;negative;positive;1.6111111111111112;0.3;False;0.9285714285714286;0.21428571428571427;positive;1.6111111111111112;0.3;False;False;False;False;False;False;False;False;False;3;3;0;"[""aç"", ""aşk"", ""iyi""]";"[""öykü""]";[];[];[];[]
712;Bu filme hayatımın filmi diyen seyirciler o muhteşem filmleri seyretmedi mi acaba diyorum ama yok seyretmişler besbelli.;neutral;positive;0.5;0.25595238095238093;False;0.8823529411764706;0.23529411764705882;positive;0.5208333333333334;0.23511904761904762;False;False;False;False;False;True;False;True;False;4;4;0;"[""de"", ""muhteşem"", ""de"", ""yok""]";"[""film"", ""film""]";[];"[""seyret""]";"[""ama""]";"[""negation_flip"", ""contrast_detected""]"
713;Buna rağmen fikirleri değişmemiş.;neutral;negative;0.0;0.5;False;1.0;0.25;negative;0.0;0.5;False;False;False;False;False;False;False;False;False;1;1;0;"[""rağmen""]";[];[];[];[];[]
714;Bu da anlamadığım bir diğer mesele.;neutral;negative;0.0;0.356060606060606;False;0.8333333333333334;0.3333333333333333;positive;0.3333333333333333;0.022727272727272728;False;True;False;False;True;True;False;False;False;2;2;0;"[""da"", ""mesele""]";"[""bu""]";[];"[""anla""]";[];"[""negation_flip""]"
715;Yani yine hatırlatıyorum zevkler ve renkler meselesini ama Leon u Cesur Yüreği Er Ryan ı Kurtarmak ı veya 12 Kızgın Adamı izleyen bir insan nasıl olur da bu filmlerin Titanikten daha zayıf olduğunu düşünür?;neutral;positive;1.25;0.6843434343434343;False;0.7941176470588235;0.23529411764705882;positive;1.25;0.6843434343434343;False;False;False;False;False;False;True;False;False;8;8;0;"[""zevk"", ""mesele"", ""cesur"", ""yürek"", ""er"", ""adam"", ""da"", ""zayıf""]";"[""er"", ""mesele"", ""insan"", ""film""]";"[""daha""]";[];[];"[""modifier_detected""]"
716;En iyi kurgu ödülü.;positive;positive;1.3611111111111112;0.0;True;1.0;0.5;positive;1.3611111111111112;0.0;True;False;False;False;False;False;True;False;False;2;2;0;"[""iyi"", ""ödül""]";"[""kurgu""]";"[""en""]";[];[];"[""modifier_detected""]"
717;Titaniğin kurgusunun ne kadar sıradan olduğunu görmek için Mementoyu hatırlayın.;neutral;negative;0.0;1.0;False;0.7;0.1;negative;0.0;1.0;False;False;False;False;False;False;False;False;False;1;1;0;"[""gör""]";"[""mementoyu""]";[];[];[];[]
718;En iyi sinematografi (görsellik) Titaniğin görselliğinin ne kadar sıradan olduğunu görmek için Otomatik Portakalı hatırlayın.;neutral;negative;0.6111111111111112;1.0;False;0.8666666666666667;0.13333333333333333;negative;0.6111111111111112;1.0;False;False;False;False;False;False;True;False;False;2;2;0;"[""iyi"", ""gör""]";"[""sinematografi"", ""portakal""]";"[""en""]";[];[];"[""modifier_detected""]"
719;En iyi kostüm dizaynı.;neutral;positive;0.6111111111111112;0.0;False;1.0;0.25;positive;0.6111111111111112;0.0;False;False;False;False;False;False;True;False;False;1;1;0;"[""iyi""]";"[""kostüm""]";"[""en""]";[];[];"[""modifier_detected""]"
720;Ceket pantalon ve gece elbisesine oskar verildiğini ilk kez bu filmde gördük.;neutral;negative;0.0;1.0;False;0.8333333333333334;0.08333333333333333;negative;0.0;1.0;False;False;False;False;False;False;True;False;False;1;1;0;"[""gör""]";[];"[""kez""]";[];[];"[""modifier_detected""]"
721;En iyi sanat yönetimi ödülü.;positive;positive;1.3611111111111112;0.0;True;1.0;0.4;positive;1.3611111111111112;0.0;True;False;False;False;False;False;True;False;False;2;2;0;"[""iyi"", ""ödül""]";"[""yönetim""]";"[""en""]";[];[];"[""modifier_detected""]"
722;Moulin Rouge ile mi karıştırdılar acaba?;neutral;neutral;0.0;0.0;True;0.5;0.0;neutral;0.0;0.0;True;False;False;False;False;False;False;False;False;0;0;0;[];[];[];[];[];[]
723;Geçen gün siteden acting7 ile bu filmi son kez yeniden tartıştık.;neutral;negative;0.0;0.125;False;0.9090909090909091;0.09090909090909091;negative;0.0;0.125;False;False;False;False;False;False;False;False;False;1;1;0;"[""son""]";[];[];[];[];[]
724;Sonra bende gidip filmi kiralayıp yeniden izleyeyim dedim.;neutral;negative;0.0;0.020833333333333332;False;0.625;0.125;negative;0.0;0.020833333333333332;False;False;False;False;False;False;False;False;False;1;1;0;"[""de""]";[];[];[];[];[]
725;Puanım daha da düştü.;negative;negative;0.0;0.022727272727272728;True;1.0;0.25;negative;0.0;0.022727272727272728;True;False;False;False;False;False;False;False;False;1;1;0;"[""da""]";[];[];[];[];[]
726;Bu arada tartışmada bir filmin iyi olması için illa sıradışı olması gerekmez gibi bir sonuca vardık.;neutral;positive;0.6111111111111112;0.0;False;1.0;0.0625;positive;0.6111111111111112;0.0;False;False;False;False;False;False;False;False;False;1;1;0;"[""iyi""]";"[""film""]";[];[];[];[]
727;Doğrudur.;neutral;positive;0.25;0.0;False;1.0;1.0;positive;0.25;0.0;False;False;False;False;False;False;False;False;False;1;1;0;"[""doğru""]";[];[];[];[];[]
728;Demek ki etki meselesi.;neutral;negative;0.0;0.35416666666666663;False;1.0;0.5;negative;0.0;0.35416666666666663;False;False;False;False;False;False;True;False;False;2;2;0;"[""de"", ""mesele""]";[];"[""demek""]";[];[];"[""modifier_detected""]"
729;11 oskar ödülüne gelince akademi hiç mi yanlış karar veremez hatırlayın ki Er Ryan dururken gidip aşık Shakespeare e ödül veren bir jüri topluluğu bu.;neutral;positive;1.75;0.9375;False;0.68;0.24;positive;1.7083333333333335;0.9791666666666666;False;False;False;False;False;True;True;False;False;6;6;0;"[""ödül"", ""hiç"", ""yanlış"", ""karar"", ""er"", ""ödül""]";"[""akademi"", ""karar"", ""akademi"", ""bu""]";"[""hiç""]";"[""ver""]";[];"[""negation_flip"", ""modifier_detected""]"
730;Yorumsuz bırakıyorum.;neutral;neutral;0.0;0.0;True;0.5;0.0;neutral;0.0;0.0;True;False;False;False;False;False;False;False;False;0;0;0;[];[];[];[];[];[]
731;Kısaca Titanik bana göre heyecanlı olmayan bir macera filmi çarpıcı olmayan bir aşk filmi hiçbir şekilde James Cameron filmine benzemeyen bir James Cameron filmi.;negative;positive;1.5;0.08333333333333333;False;0.75;0.16666666666666666;positive;1.2083333333333333;0.375;False;False;False;False;False;True;False;False;False;4;4;0;"[""heyecanlı"", ""macera"", ""çarpıcı"", ""aşk""]";"[""film""]";[];"[""ol"", ""ol""]";[];"[""negation_flip"", ""negation_flip""]"
732;"""Puanım 5.""""""";neutral;neutral;0.0;0.0;True;1.0;0.0;neutral;0.0;0.0;True;False;False;False;False;False;False;False;False;0;0;0;[];[];[];[];[];[]
733;Finalinde ağladığım tek yabancı sinema.;neutral;negative;0.0;0.041666666666666664;False;0.8;0.2;negative;0.0;0.041666666666666664;False;False;False;False;False;False;False;False;False;1;1;0;"[""yabancı""]";"[""sinema""]";[];[];[];[]
734;hikaye basit olmasına rağmen bnce halen en iyi aşk filmidir.;positive;positive;1.7111111111111112;0.5;True;0.9;0.4;positive;0.7111111111111111;0.5;True;False;False;False;False;False;True;False;True;4;3;1;"[""basit"", ""rağmen"", ""iyi"", ""aşk""]";"[""hikaye"", ""hikaye"", ""aşk""]";"[""en""]";[];[];"[""modifier_detected"", ""suppressed_as_target""]"
735;akademi ödülü ise abartılı.;neutral;positive;0.75;0.25;False;1.0;0.5;positive;0.75;0.25;False;False;False;False;False;False;False;False;False;2;2;0;"[""ödül"", ""abartılı""]";[];[];[];[];[]
736;her film oscar alır.;neutral;negative;0.0;0.16666666666666666;False;0.75;0.25;negative;0.0;0.16666666666666666;False;False;False;False;False;False;False;False;False;1;1;0;"[""al""]";"[""film""]";[];[];[];[]
737;her filmler her yıl en iyi olarak seçilir.;neutral;positive;0.6111111111111112;0.0;False;0.875;0.125;positive;0.6111111111111112;0.0;False;False;False;False;False;False;True;False;False;1;1;0;"[""iyi""]";"[""film""]";"[""en""]";[];[];"[""modifier_detected""]"
738;ama titanic yeri herzaman başkadır.;positive;positive;0.015625;0.0;True;0.6;0.2;positive;0.015625;0.0;True;False;False;False;False;False;False;True;False;1;1;0;"[""yer""]";[];[];[];"[""ama""]";"[""contrast_detected""]"
739;hangi film en güzel seçilmiş bile olsa titanic herzaman başkadır başka kalıcaktır.;positive;positive;0.45454545454545453;0.0;True;0.75;0.08333333333333333;positive;0.45454545454545453;0.0;True;False;False;False;False;False;True;False;False;1;1;0;"[""güzel""]";"[""film""]";"[""en""]";[];[];"[""modifier_detected""]"
740;11 oscar çok abartı filmin imdb puanı olan 7.;neutral;negative;0.0;0.25;False;0.7777777777777778;0.1111111111111111;negative;0.0;0.25;False;False;False;False;False;False;False;False;False;1;1;0;"[""abartı""]";"[""film""]";[];[];[];[]
741;3 de gereğinden fazla düşük.;neutral;negative;0.0;0.1636904761904762;False;1.0;0.4;negative;0.0;0.1636904761904762;False;False;False;False;False;False;True;False;False;2;2;0;"[""de"", ""düşük""]";[];"[""fazla""]";[];[];"[""modifier_detected""]"
742;Film konu olarak hiç bir yenilik getirmiyor.;negative;negative;0.125;0.5;True;0.8571428571428571;0.2857142857142857;negative;0.0;0.625;True;False;False;False;False;True;True;False;False;2;2;0;"[""hiç"", ""yenilik""]";[];"[""hiç""]";"[""getir""]";[];"[""negation_flip"", ""modifier_detected""]"
743;Klişe bir zengin kız fakir erkek aşkı.;negative;positive;1.8125;0.525;False;1.0;0.5714285714285714;positive;1.8125;0.525;False;False;False;False;False;False;False;False;False;4;4;0;"[""klişe"", ""zengin"", ""fakir"", ""aşk""]";[];[];[];[];[]
744;Ya da zengin erkek fakir kız da olabilirdi.;neutral;positive;0.8125;0.44545454545454544;False;1.0;0.5;positive;0.8125;0.44545454545454544;False;False;False;False;False;False;False;False;False;4;4;0;"[""da"", ""zengin"", ""fakir"", ""da""]";[];[];[];[];[]
745;Fakat bu klişe konu bundan daha iyi de çekilemezdi heralde.;neutral;positive;0.6111111111111112;0.14583333333333334;False;0.8;0.3;negative;0.0;0.7569444444444445;False;True;False;False;True;True;False;True;False;3;3;0;"[""klişe"", ""iyi"", ""de""]";"[""konu""]";[];"[""çek""]";"[""fakat""]";"[""negation_flip"", ""contrast_detected""]"
746;Sinema tarihinin en iyi filmlerinden biri olup olmadığı tartışılır ki bence değil.;neutral;positive;0.6111111111111112;0.08333333333333333;False;1.0;0.16666666666666666;positive;0.6111111111111112;0.08333333333333333;False;False;False;False;False;False;True;False;False;2;2;0;"[""iyi"", ""biri""]";"[""film""]";"[""en""]";[];[];"[""modifier_detected""]"
747;The Godfather The Godfather part 2 Guguk Kuşu Esaretin Bedeli Fight Club Memento Prestij se7en American History x Cinema Paradiso 21 Gram gibi filmler ( bu liste daha da uzayabilir ) Titanicden çok daha üstündürler.;negative;positive;1.0;0.6893939393939393;False;0.5151515151515151;0.12121212121212122;positive;1.0;0.6893939393939393;False;False;False;False;False;False;True;False;False;4;4;0;"[""esaret"", ""prestij"", ""da"", ""üstün""]";"[""film""]";"[""daha""]";[];[];"[""modifier_detected""]"
748;ya bu nasıl bir filimdir hayatımda izlediğim en muhteşem filim 10 üzerinde 100 veriyorum burdaki puanı biraz düşük kalmış;positive;positive;0.5;0.14285714285714285;True;0.8421052631578947;0.10526315789473684;positive;0.5;0.14285714285714285;True;False;False;False;False;False;True;False;False;2;2;0;"[""muhteşem"", ""düşük""]";"[""fil"", ""kalmı""]";"[""en""]";[];[];"[""modifier_detected""]"
749;Leonardo DiCaprioyla ilgili her şeyi bulabileceğiniz bir site.;neutral;neutral;0.0;0.0;True;0.75;0.0;neutral;0.0;0.0;True;False;False;False;False;False;False;False;False;0;0;0;[];[];[];[];[];[]
750;Mutlaka uğrayın.;positive;neutral;0.0;0.0;False;1.0;0.0;neutral;0.0;0.0;False;False;False;False;False;False;False;False;False;0;0;0;[];[];[];[];[];[]
751;Titanic için söylenecek söz yok zaten :);positive;negative;0.0;0.2642857142857143;False;0.6666666666666666;0.3333333333333333;negative;0.0;0.21428571428571427;False;False;False;False;False;False;True;False;True;2;1;1;"[""söz"", ""yok""]";"[""söz""]";"[""zaten""]";[];[];"[""suppressed_as_target"", ""modifier_detected""]"
752;çok iyi filmdi ama eskidi artık;positive;positive;0.6111111111111112;0.16666666666666666;True;1.0;0.3333333333333333;positive;0.6111111111111112;0.16666666666666666;True;False;False;False;False;False;True;True;False;2;2;0;"[""iyi"", ""eski""]";[];"[""çok"", ""artık""]";[];"[""ama""]";"[""modifier_detected"", ""modifier_detected"", ""contrast_detected""]"
753;Hayatımın filmi.;positive;neutral;0.0;0.0;False;1.0;0.0;neutral;0.0;0.0;False;False;False;False;False;False;False;False;False;0;0;0;[];[];[];[];[];[]
754;.. en az 10 kere izlenmiş tek film :)));positive;negative;0.0;0.25;False;0.8571428571428571;0.14285714285714285;negative;0.0;0.25;False;False;False;False;False;False;True;False;False;1;1;0;"[""az""]";[];"[""en""]";[];[];"[""modifier_detected""]"
755;ya 9.2 nedir ya neden 10/10 değil film.;positive;neutral;0.0;0.0;False;1.0;0.0;neutral;0.0;0.0;False;False;False;False;False;False;False;False;False;0;0;0;[];[];[];[];[];[]
756;.100den fazla izlediğime adım gibi eminim(abartmıyorum)nasıl bu film 9.;positive;positive;0.1875;0.0;True;0.7272727272727273;0.09090909090909091;negative;0.0;0.1875;False;True;False;True;False;True;True;False;False;1;1;0;"[""emin""]";[];"[""adım""]";"[""abar""]";[];"[""negation_flip"", ""modifier_detected""]"
757;2 de kalır yaa.;neutral;negative;0.0;0.020833333333333332;False;0.75;0.25;negative;0.0;0.020833333333333332;False;False;False;False;False;False;False;False;False;1;1;0;"[""de""]";[];[];[];[];[]
758;.replikleri müzikleri kıyafetleri oyuncuları görselleri dekorlar vs vs herşey iyle harika herşey iyle 1 numara.;positive;positive;1.0;0.125;True;0.6;0.13333333333333333;positive;1.0;0.125;True;False;False;False;False;False;False;False;False;2;2;0;"[""harika"", ""numara""]";"[""herşey""]";[];[];[];[]
759;bir titanic daha olsa da izlesek =);positive;negative;0.0;0.022727272727272728;False;0.6666666666666666;0.16666666666666666;negative;0.0;0.022727272727272728;False;False;False;False;False;False;False;False;False;1;1;0;"[""da""]";[];[];[];[];[]
760;Doğru söze ne gerek ?;positive;positive;0.25;0.05;True;1.0;0.5;positive;0.25;0.05;True;False;False;False;False;False;False;False;False;2;2;0;"[""doğru"", ""söz""]";"[""söz"", ""ne""]";[];[];[];[]
761;tam 137 kez izledim replikleri saniye saniye ezberimde bu filmi anlatacak kelime yok;positive;negative;0.20833333333333334;0.21428571428571427;False;0.7692307692307693;0.15384615384615385;negative;0.20833333333333334;0.21428571428571427;False;False;False;False;False;False;False;False;False;2;2;0;"[""tam"", ""yok""]";"[""kez"", ""kelime""]";[];[];[];[]
762;İzlediğim en muhteşem filmdi.;positive;positive;0.5;0.0;True;0.75;0.25;positive;0.5;0.0;True;False;False;False;False;False;True;False;False;1;1;0;"[""muhteşem""]";"[""film""]";"[""en""]";[];[];"[""modifier_detected""]"
763;Çok görkemli bir yapıt.;positive;positive;0.625;0.0;True;1.0;0.25;positive;0.625;0.0;True;False;False;False;False;False;False;False;False;1;1;0;"[""görkemli""]";[];[];[];[];[]
764;Listeme bir numaradan giriş yapan nadir filmlerden biri.;positive;negative;0.0;0.20833333333333331;False;0.875;0.25;negative;0.0;0.20833333333333331;False;False;False;False;False;False;False;False;False;2;2;0;"[""numara"", ""biri""]";[];[];[];[];[]
765;. James Camerondan da bu beklenirdi.;positive;negative;0.0;0.022727272727272728;False;0.4;0.2;negative;0.0;0.022727272727272728;False;False;False;False;False;False;False;False;False;1;1;0;"[""da""]";[];[];[];[];[]
766;Kesinlikle izlenmeli.;positive;neutral;0.0;0.0;False;0.5;0.0;neutral;0.0;0.0;False;False;False;False;False;False;False;False;False;0;0;0;[];[];[];[];[];[]
767;Tüm zamanların en iyi filmi;positive;positive;0.8611111111111112;0.0;True;1.0;0.4;positive;0.8611111111111112;0.0;True;False;False;False;False;False;True;False;False;2;2;0;"[""tüm"", ""iyi""]";"[""film""]";"[""en""]";[];[];"[""modifier_detected""]"
768;tam bir yasanmıslık ask sevgi dram hüzün çaresizlik ne ararsan var.;neutral;negative;1.2083333333333333;2.1875;False;0.9090909090909091;0.45454545454545453;negative;1.2083333333333333;2.1875;False;False;False;False;False;False;False;False;False;5;5;0;"[""tam"", ""sevgi"", ""dram"", ""hüzün"", ""çaresizlik""]";"[""yasanmıslık""]";[];[];[];[]
769;..her zaman favori film listemde unutulmaz klasiklerden;positive;neutral;0.0;0.0;False;0.8571428571428571;0.0;neutral;0.0;0.0;False;False;False;False;False;False;False;False;False;0;0;0;[];[];[];[];[];[]
770;bu benim hayatımda izlemiş olduğum en iyi film.;positive;positive;0.6111111111111112;0.0;True;0.875;0.125;positive;0.6111111111111112;0.0;True;False;False;False;False;False;True;False;False;1;1;0;"[""iyi""]";"[""film""]";"[""en""]";[];[];"[""modifier_detected""]"
771;10:10 değil 100 Ü hakeden bir film bir başyapıt.;positive;neutral;0.0;0.0;False;0.9;0.0;neutral;0.0;0.0;False;False;False;False;False;False;False;False;False;0;0;0;[];[];[];[];[];[]
772;şunu da söyleyeim arkadaşlar:;neutral;positive;0.5;0.022727272727272728;False;0.75;0.5;positive;0.5;0.022727272727272728;False;False;False;False;False;False;False;False;False;2;2;0;"[""da"", ""arkadaş""]";"[""şu""]";[];[];[];[]
773;the ghost and the darkness(hayaletler ve karanlık)bu filmi izlemeyen varsa mutlaka izlesin.;neutral;negative;0.0;0.4166666666666667;False;0.5;0.07142857142857142;negative;0.0;0.4166666666666667;False;False;False;False;False;False;False;False;False;1;1;0;"[""karanlık""]";[];[];[];[];[]
774;1997 nin filmi olması lazım ama mutlaka izleyin.;neutral;neutral;0.0;0.0;True;0.75;0.0;neutral;0.0;0.0;True;False;False;False;False;False;False;False;False;0;0;0;[];[];[];[];[];[]
775;o da bi başyapıt niteliğinde bi film ve hayatta yaşanmış bi olay.;neutral;positive;1.0;0.022727272727272728;False;0.75;0.16666666666666666;positive;1.0;0.022727272727272728;False;False;False;False;False;False;False;False;False;2;2;0;"[""da"", ""yaşa""]";"[""film""]";[];[];[];[]
776;michael dougles hayranlarının kaçırmaması gereken mükemmel bi film.;neutral;positive;1.5;0.0;False;0.5;0.25;positive;1.0;0.5;False;False;False;False;False;True;False;False;False;2;2;0;"[""hayran"", ""mükemmel""]";"[""film""]";[];"[""kaçır""]";[];"[""negation_flip""]"
777;titanic 2nin fragmanı tam bir fake fragman aldanmayın.;neutral;positive;0.20833333333333334;0.0;False;0.5;0.125;positive;0.20833333333333334;0.0;False;False;False;False;False;False;False;False;False;1;1;0;"[""tam""]";"[""fake""]";[];[];[];[]
778;iyidir abartılmaması lazım gelir;positive;positive;0.6111111111111112;0.0;True;0.75;0.25;positive;0.6111111111111112;0.0;True;False;False;False;False;False;False;False;False;1;1;0;"[""iyi""]";[];[];[];[];[]
779;t_tanjunarkadaşım asıl sende akıl fikir yok titanik 2 nin fragmanı internette araştırırsan bulursun.;neutral;negative;0.0;0.21428571428571427;False;0.7142857142857143;0.07142857142857142;negative;0.0;0.21428571428571427;False;False;False;False;False;False;False;False;False;1;1;0;"[""yok""]";"[""akıl""]";[];[];[];[]
780;sanırım 10 15 defa izledim :);positive;neutral;0.0;0.0;False;0.8;0.0;neutral;0.0;0.0;False;False;False;False;False;False;False;False;False;0;0;0;[];[];[];[];[];[]
781;daha iyisi yapılana dek(ki hic sanmıyorum) en iyi bu;positive;positive;1.2222222222222223;0.0;True;0.8;0.2;neutral;0.6111111111111112;0.6111111111111112;False;True;False;True;False;True;True;False;False;2;2;0;"[""iyi"", ""iyi""]";"[""bu""]";"[""daha"", ""en""]";"[""san""]";[];"[""modifier_detected"", ""negation_flip"", ""modifier_detected""]"
782;küçükken izlemiş beğenmiştim titanici şimdi düşünüyorum da film bu kadar övülecek salya sümük ağlanacak göklere çıkarılacak başyapıt değil.;neutral;negative;0.0;0.022727272727272728;False;0.6111111111111112;0.05555555555555555;negative;0.0;0.022727272727272728;False;False;False;False;False;False;False;False;False;1;1;0;"[""da""]";[];[];[];[];[]
783;izlenebilir mi ?;negative;neutral;0.0;0.0;False;0.5;0.0;neutral;0.0;0.0;False;False;False;False;False;False;False;False;False;0;0;0;[];[];[];[];[];[]
784;evet ama ne bir başyapıt ne de muhteşem bir film.;neutral;positive;0.5;0.020833333333333332;False;1.0;0.2;positive;0.5;0.020833333333333332;False;False;False;False;False;False;False;True;False;2;2;0;"[""de"", ""muhteşem""]";"[""film""]";[];[];"[""ama""]";"[""contrast_detected""]"
785;Vasat yeşilçam havasında büyük bütçeli amerikan filmi.;neutral;negative;0.10714285714285714;0.125;False;0.8571428571428571;0.2857142857142857;negative;0.0;0.125;False;False;False;False;False;False;False;False;True;2;1;1;"[""vasat"", ""hava""]";"[""hava""]";[];[];[];"[""suppressed_as_target""]"
786;Ya sırf Titanic2nin çıkacağına inanan insanlar için yorum yapıorum:;neutral;neutral;0.0;0.0;True;0.6666666666666666;0.0;neutral;0.0;0.0;True;False;False;False;False;False;False;False;False;0;0;0;[];[];[];[];[];[]
787;"""D Allah aşkına arkadaşlar hiç mi akıl fikir yok :D?""""""";neutral;negative;0.5;0.7142857142857143;False;1.0;0.3;negative;0.5;0.7142857142857143;False;False;False;False;False;False;True;False;False;3;3;0;"[""arkadaş"", ""hiç"", ""yok""]";"[""fikir"", ""arkadaş"", ""arkadaş""]";"[""diri"", ""hiç""]";[];[];"[""modifier_detected""]"
788;bence 90lar ın verdiği film örneklerinin bazıları yerinde.;neutral;positive;0.22395833333333334;0.0;False;0.75;0.25;positive;0.22395833333333334;0.0;False;False;False;False;False;False;False;False;False;2;2;0;"[""örnek"", ""yer""]";"[""bazı""]";[];[];[];[]
789;..Titanik iyi bir film kabul.;positive;positive;0.6111111111111112;0.0;True;0.8;0.2;positive;0.6111111111111112;0.0;True;False;False;False;False;False;False;False;False;1;1;0;"[""iyi""]";"[""film""]";[];[];[];[]
790;..ama bazı filmler var ki en az Titanik kadar iyi.;neutral;positive;0.6111111111111112;0.25;False;0.9;0.2;positive;0.6111111111111112;0.25;False;False;False;False;False;False;True;False;False;2;2;0;"[""az"", ""iyi""]";"[""film""]";"[""en"", ""az""]";[];[];"[""modifier_detected"", ""modifier_detected""]"
791;.belki de daha iyi.;neutral;positive;0.6111111111111112;0.020833333333333332;False;1.0;0.5;positive;0.6111111111111112;0.020833333333333332;False;False;False;False;False;False;True;False;False;2;2;0;"[""de"", ""iyi""]";[];"[""daha""]";[];[];"[""modifier_detected""]"
792;..Godfather Er Ryanı kurtarmak örnek bile verilebilir.;neutral;positive;0.4166666666666667;0.0;False;0.42857142857142855;0.2857142857142857;positive;0.4166666666666667;0.0;False;False;False;False;False;False;False;False;False;2;2;0;"[""er"", ""örnek""]";"[""godfather""]";[];[];[];[]
793;..film yorumuma gelecek olursak film aşk üzerine kurulu.;neutral;positive;1.0;0.0;False;1.0;0.125;positive;1.0;0.0;False;False;False;False;False;False;False;False;False;1;1;0;"[""aşk""]";[];[];[];[];[]
794;..kurgu yerinde.;neutral;positive;0.015625;0.0;False;1.0;0.5;positive;0.015625;0.0;False;False;False;False;False;False;False;False;False;1;1;0;"[""yer""]";[];[];[];[];[]
795;..fakir genç-zengin kız aşkı ve kötü adam.;neutral;positive;1.8125;1.3727272727272728;False;1.0;0.75;positive;1.8125;1.35;False;False;False;False;False;False;False;False;True;6;5;1;"[""fakir"", ""genç"", ""zengin"", ""aşk"", ""kötü"", ""adam""]";"[""adam""]";[];[];[];"[""suppressed_as_target""]"
796;..bu çok iyi bir şekilde anlatılmış.;neutral;positive;0.6111111111111112;0.0;False;0.8333333333333334;0.16666666666666666;positive;0.6111111111111112;0.0;False;False;False;False;False;False;True;False;False;1;1;0;"[""iyi""]";"[""şekil""]";"[""çok""]";[];[];"[""modifier_detected""]"
797;..oyunculuklara da lafım olamaz.;positive;negative;0.0;0.45606060606060606;False;1.0;0.75;negative;0.1;0.356060606060606;False;False;False;False;False;True;False;False;False;3;3;0;"[""oyunculuk"", ""da"", ""laf""]";[];[];"[""ol""]";[];"[""negation_flip""]"
798;..ama sırf aşk üzerine kurulu dram üzerine kurulu.;positive;positive;1.0;0.1875;True;1.0;0.25;positive;1.0;0.1875;True;False;False;False;False;False;False;False;False;2;2;0;"[""aşk"", ""dram""]";"[""kurulu""]";[];[];[];[]
799;..Geminin batışı değil iki gencin aşkı öne çıkarılmış bence.;neutral;positive;1.0;0.0;False;0.8888888888888888;0.1111111111111111;positive;1.0;0.0;False;False;False;False;False;False;False;False;False;1;1;0;"[""aşk""]";[];[];[];[];[]
800;..Jack ve Rose konuşuluyor genelde.;neutral;neutral;0.0;0.0;True;0.6;0.0;neutral;0.0;0.0;True;False;False;False;False;False;False;False;False;0;0;0;[];[];[];[];[];[]
801;..Senaristler biraz daha özen gösterse daha iyi olurdu gibime geliyor.;neutral;positive;0.6111111111111112;0.0;False;0.7;0.1;positive;0.6111111111111112;0.0;False;False;False;False;False;False;True;False;False;1;1;0;"[""iyi""]";"[""özen""]";"[""daha""]";[];[];"[""modifier_detected""]"
802;..neyse (8 / 10) veriyorum.;neutral;neutral;0.0;0.0;True;0.75;0.0;neutral;0.0;0.0;True;False;False;False;False;False;False;False;False;0;0;0;[];[];[];[];[];[]
803;..ve birşey daha.;neutral;neutral;0.0;0.0;True;1.0;0.0;neutral;0.0;0.0;True;False;False;False;False;False;False;False;False;0;0;0;[];[];[];[];[];[]
804;..yanlış anlaşılmasın demek istediğim.;neutral;negative;0.0;0.4583333333333333;False;0.5;0.5;negative;0.020833333333333332;0.4375;False;False;False;False;False;True;False;False;False;2;2;0;"[""yanlış"", ""de""]";[];[];"[""anlaş""]";[];"[""negation_flip""]"
805;..film hakkındaki yorumum hakkında sert tepkiler gelebilir.;neutral;negative;0.05;0.3888888888888889;False;0.8571428571428571;0.42857142857142855;negative;0.05;0.3888888888888889;False;False;False;False;False;False;False;False;False;3;3;0;"[""hak"", ""hak"", ""sert""]";"[""yorum"", ""tepki"", ""tepki""]";[];[];[];[]
806;..yerden yere vurulmak da istemem.;neutral;positive;0.03125;0.022727272727272728;False;0.6;0.6;positive;0.03125;0.022727272727272728;False;False;False;False;False;False;False;False;False;3;3;0;"[""yer"", ""yer"", ""da""]";[];[];[];[];[]
807;..forumlarda bazı üyelerin sinemasever olarak değil de taraftar-holigan gibi davrandıklarını gördüm.;neutral;negative;0.0;1.0208333333333333;False;0.8333333333333334;0.16666666666666666;negative;0.020833333333333332;1.0;False;False;False;False;False;True;False;False;False;2;2;0;"[""de"", ""gör""]";[];[];"[""değil""]";[];"[""negation_flip""]"
808;..eleştirenlere demediklerini bırakmayanları gördüm.;neutral;negative;0.0;1.0208333333333333;False;0.5;0.5;negative;0.020833333333333332;1.0;False;False;False;False;False;True;False;False;False;2;2;0;"[""de"", ""gör""]";[];[];"[""de""]";[];"[""negation_flip""]"
809;..herkesin yorumuna saygı duyarım.;neutral;positive;0.75;0.0;False;1.0;0.25;positive;0.75;0.0;False;False;False;False;False;False;False;False;False;1;1;0;"[""saygı""]";[];[];[];[];[]
810;..bu yazdıklarım da benim görüşümdür.;neutral;negative;0.0;0.022727272727272728;False;1.0;0.2;negative;0.0;0.022727272727272728;False;False;False;False;False;False;False;False;False;1;1;0;"[""da""]";[];[];[];[];[]
811;Bu filmde leonardo ya aşık olmuştum ) ahhhh ahhh;neutral;neutral;0.0;0.0;True;0.625;0.0;neutral;0.0;0.0;True;False;False;False;False;False;False;False;False;0;0;0;[];[];[];[];[];[]
812;ahmetsevinç titanik 2 diye bişey yok.;neutral;negative;0.0;0.21428571428571427;False;0.5;0.16666666666666666;negative;0.0;0.21428571428571427;False;False;False;False;False;False;False;False;False;1;1;0;"[""yok""]";"[""ahmetsevinç""]";[];[];[];[]
813;.90lar görüşüne tamamen katılmıyorum.;neutral;neutral;0.0;0.0;True;0.5;0.0;neutral;0.0;0.0;True;False;False;False;False;False;False;False;False;0;0;0;[];[];[];[];[];[]
814;.Verdiğin film örnekleri titaniğe göre çok saçma allahtan oscar görevlileri senin kafandan değilde aldık 11 oscarı;neutral;negative;0.20833333333333334;0.4666666666666667;False;0.6875;0.1875;negative;0.0;0.4666666666666667;False;False;False;False;False;False;True;False;True;3;2;1;"[""örnek"", ""saçma"", ""al""]";"[""örnek"", ""örnek""]";"[""çok""]";[];[];"[""suppressed_as_target"", ""modifier_detected""]"
815;muhteşem bir film puanı 10 olmlydı ayrıca alllh aşkına hiç titnc 2 die bşy olablrmi yha 12 yıl gçmş aradan we ck saçma olrdu ztn;neutral;negative;0.5;0.8;False;0.52;0.12;negative;0.5;0.8;False;False;False;False;False;False;False;False;False;3;3;0;"[""muhteşem"", ""hiç"", ""saçma""]";"[""film""]";[];[];[];[]
816;arkadaslar titanik 2 cıkcak diye bişe yok fragman leonardo dicaprionun eski filmlerinden alısnmıs parca parca sahneler.;neutral;negative;0.0;0.38095238095238093;False;0.4375;0.125;negative;0.0;0.38095238095238093;False;False;False;False;False;False;False;False;False;2;2;0;"[""yok"", ""eski""]";"[""bişe"", ""film""]";[];[];[];[]
817;fragmanın altyazısında hepsinisölüo bnları zaten filmlerin ismini bile sölüo.;neutral;neutral;0.0;0.0;True;0.6666666666666666;0.0;neutral;0.0;0.0;True;False;False;False;False;False;False;False;False;0;0;0;[];[];[];[];[];[]
818;zaten öle bişe olmasıda sacmalık olur.;neutral;neutral;0.0;0.0;True;0.5;0.0;neutral;0.0;0.0;True;False;False;False;False;False;False;False;False;0;0;0;[];[];[];[];[];[]
819;fazla yoruma gerek olmayan muhteşem bir film 9/10;positive;positive;0.5;0.0;True;1.0;0.1111111111111111;positive;0.5;0.0;True;False;False;False;False;False;False;False;False;1;1;0;"[""muhteşem""]";"[""film""]";[];[];[];[]
820;Titanik vurdulu kırdılı gürültülü patırtılı filmleri seven yani çoğunlukla erkeklerin belli ölçüde sevdiği duygusal filmleri aşk filmlerini seven yani bayan izleyicilerin ise sinema tarihinin en iyi on beş filminden biri hatta birincisi olarak gördüğü bir film gibi gözüksede kadın erkek dinlemeden çok sevilen bir film.;positive;negative;2.611111111111111;2.708333333333333;False;0.8222222222222222;0.15555555555555556;negative;1.6111111111111112;3.708333333333333;False;False;False;False;False;True;True;False;False;7;7;0;"[""gürültülü"", ""patırtılı"", ""aşk"", ""iyi"", ""biri"", ""gör"", ""sevi""]";"[""film"", ""film"", ""film"", ""film""]";"[""en"", ""çok""]";"[""dinle""]";[];"[""modifier_detected"", ""negation_flip"", ""modifier_detected""]"
821;Film özellikle final sahnesinde kolay kolay ağlamayan birini bile ağlatır.;neutral;positive;0.6666666666666666;0.08333333333333333;False;0.8;0.3;positive;0.41666666666666663;0.3333333333333333;False;False;False;False;False;True;False;False;False;3;3;0;"[""kolay"", ""kolay"", ""biri""]";"[""film""]";[];"[""ağla"", ""ağla""]";[];"[""negation_flip"", ""negation_flip""]"
822;Gemi battıktan sonraki bölümler yani (çiftin) hayatta kalma çabaları en dokunaklı sahneler.;neutral;neutral;0.0;0.0;True;0.9166666666666666;0.0;neutral;0.0;0.0;True;False;False;False;False;False;False;False;False;0;0;0;[];[];[];[];[];[]
823;Fakat kimse kusurabakmasın ama birincisi 11 oskar çok ama çok fazla.;positive;neutral;0.0;0.0;False;0.8181818181818182;0.0;neutral;0.0;0.0;False;False;False;False;False;False;False;False;False;0;0;0;[];[];[];[];[];[]
824;Fakir oğlan zengin kız aşkı ne yazık ki gerçekçi değil.;neutral;positive;1.8125;1.3375;False;1.0;0.5;negative;0.8125;2.3375;False;True;False;False;True;True;False;False;False;5;5;0;"[""fakir"", ""oğlan"", ""zengin"", ""aşk"", ""yazık""]";"[""ne""]";[];"[""değil""]";[];"[""negation_flip""]"
825;Zengin kötü kalpli oğlanımızda var.;neutral;negative;0.8125;1.0875;False;1.0;0.6;negative;0.8125;0.9;False;False;False;False;False;False;False;False;True;3;2;1;"[""zengin"", ""kötü"", ""oğlan""]";"[""oğlan"", ""oğlan""]";[];[];[];"[""suppressed_as_target""]"
826;Hollywoodun aşka bakış açısı işte.;neutral;positive;1.0;0.0;False;0.8;0.2;positive;1.0;0.0;False;False;False;False;False;False;False;False;False;1;1;0;"[""aşk""]";[];[];[];[];[]
827;Ne aşklar var gerek bizim edebiyatımızda gerekse filmlerde onun için buradaki aşk öylesine bir aşk diye düşünüyorum.;neutral;positive;3.0;0.08333333333333333;False;0.8823529411764706;0.23529411764705882;positive;3.0;0.08333333333333333;False;False;False;False;False;False;True;False;False;4;4;0;"[""aşk"", ""edebiyat"", ""aşk"", ""aşk""]";"[""aşk"", ""aşk""]";"[""öyle""]";[];[];"[""modifier_detected""]"
828;Çok daha orijinal olabilirdi bu film.;neutral;positive;0.0625;0.0;False;1.0;0.16666666666666666;positive;0.0625;0.0;False;False;False;False;False;False;True;False;False;1;1;0;"[""orijinal""]";"[""film""]";"[""çok"", ""daha""]";[];[];"[""modifier_detected""]"
829;Film iyice saçma sapan bi hale gircek gemi batmış artık titanicin daha nesini devam ettiriolar;negative;negative;0.125;0.375;True;0.7333333333333333;0.2;negative;0.125;0.375;True;False;False;False;False;False;False;False;False;3;3;0;"[""iyice"", ""saçma"", ""hal""]";"[""film""]";[];[];[];[]
830;evet titanik 2 cıkacak.;neutral;neutral;0.0;0.0;True;0.5;0.0;neutral;0.0;0.0;True;False;False;False;False;False;False;False;False;0;0;0;[];[];[];[];[];[]
831;.fragmanı bile var.;neutral;neutral;0.0;0.0;True;1.0;0.0;neutral;0.0;0.0;True;False;False;False;False;False;False;False;False;0;0;0;[];[];[];[];[];[]
832;.filmde jack tekrar hayata dönüyor gecmiste olanları öğreniyor vs vs vs iyice suyunu cıkardılar isin.;negative;positive;0.125;0.0;False;0.4666666666666667;0.06666666666666667;positive;0.125;0.0;False;False;False;False;False;False;False;False;False;1;1;0;"[""iyice""]";"[""su""]";[];[];[];[]
833;..rezil edecekler filmi;negative;negative;0.0;1.0;True;1.0;0.3333333333333333;negative;0.0;1.0;True;False;False;False;False;False;False;False;False;1;1;0;"[""rezil""]";[];[];[];[];[]
834;gerçekten çok muhteşem bir film.;positive;positive;0.5;0.0;True;1.0;0.2;positive;0.5;0.0;True;False;False;False;False;False;True;False;False;1;1;0;"[""muhteşem""]";"[""film""]";"[""çok""]";[];[];"[""modifier_detected""]"
835;.anlatılması tarif edilmesi imkansız.;positive;negative;0.0;0.25;False;0.75;0.25;negative;0.0;0.25;False;False;False;False;False;False;False;False;False;1;1;0;"[""imkansız""]";[];[];[];[];[]
836;.izlemekten asla bıkmadığım filmlerde birisi.;positive;negative;0.0;0.08333333333333333;False;0.6;0.2;negative;0.0;0.08333333333333333;False;False;False;False;False;False;False;False;False;1;1;0;"[""biri""]";[];[];[];[];[]
837;..Titanik 2 çıkacak deniliyor.;neutral;negative;0.0;0.020833333333333332;False;0.5;0.25;negative;0.0;0.020833333333333332;False;False;False;False;False;False;False;False;False;1;1;0;"[""de""]";"[""..titanik""]";[];[];[];[]
838;..Acaba bir bilgisi olan?;neutral;neutral;0.0;0.0;True;1.0;0.0;neutral;0.0;0.0;True;False;False;False;False;False;False;False;False;0;0;0;[];[];[];[];[];[]
839;bu film gibi aşk filmi yapılmadı!;positive;positive;1.0;0.0;True;0.8333333333333334;0.16666666666666666;positive;1.0;0.0;True;False;False;False;False;False;False;False;False;1;1;0;"[""aşk""]";[];[];[];[];[]
840;o yüzden bu kadr çok beğenildi.;positive;neutral;0.0;0.0;False;0.6666666666666666;0.0;neutral;0.0;0.0;False;False;False;False;False;False;False;False;False;0;0;0;[];[];[];[];[];[]
841;.bnce halen en iyi aşk filmi titanik;positive;positive;1.6111111111111112;0.0;True;0.7142857142857143;0.2857142857142857;positive;0.6111111111111112;0.0;True;False;False;False;False;False;True;False;True;2;1;1;"[""iyi"", ""aşk""]";"[""aşk""]";"[""en""]";[];[];"[""modifier_detected"", ""suppressed_as_target""]"
842;sinemada önyargili olarak izledigim bir filmdi.;neutral;neutral;0.0;0.0;True;0.6666666666666666;0.0;neutral;0.0;0.0;True;False;False;False;False;False;False;False;False;0;0;0;[];[];[];[];[];[]
843;yine de cok hosuma gitmisti.;positive;negative;0.0;0.020833333333333332;False;0.4;0.2;negative;0.0;0.020833333333333332;False;False;False;False;False;False;False;False;False;1;1;0;"[""de""]";[];[];[];[];[]
844;ama aradan yillar gectikce film sanki daha hos gelmeye basladi bana.;positive;neutral;0.0;0.0;False;0.6363636363636364;0.0;neutral;0.0;0.0;False;False;False;False;False;False;False;False;False;0;0;0;[];[];[];[];[];[]
845;defalarca izledim ve suna karar verdim.;neutral;positive;0.041666666666666664;0.0;False;0.6666666666666666;0.16666666666666666;positive;0.041666666666666664;0.0;False;False;False;False;False;False;True;False;False;1;1;0;"[""karar""]";[];"[""suna""]";[];[];"[""modifier_detected""]"
846;bu film bir kere izlenip kenara atilacak türden bir film degil.;neutral;neutral;0.0;0.0;True;0.7272727272727273;0.0;neutral;0.0;0.0;True;False;False;False;False;False;False;False;False;0;0;0;[];[];[];[];[];[]
847;en az 10-15 kere izlemek gerek.;neutral;negative;0.0;0.25;False;0.8571428571428571;0.14285714285714285;negative;0.0;0.25;False;False;False;False;False;False;True;False;False;1;1;0;"[""az""]";[];"[""en""]";[];[];"[""modifier_detected""]"
848;gercekten cok iyi is cikarmislar.;positive;positive;0.6111111111111112;0.0;True;0.4;0.2;positive;0.6111111111111112;0.0;True;False;False;False;False;False;True;False;False;1;1;0;"[""iyi""]";"[""is""]";"[""cok""]";[];[];"[""modifier_detected""]"
849;bu filme 10un altında puan verenlere inanamıyorum :))))));positive;neutral;0.0;0.0;False;0.7142857142857143;0.0;neutral;0.0;0.0;False;False;False;False;False;False;False;False;False;0;0;0;[];[];[];[];[];[]
850;Hayatımda izlediğim en etkileyi en güzel filmlerden bir tanesi.;positive;positive;0.45454545454545453;0.0;True;0.7777777777777778;0.1111111111111111;positive;0.45454545454545453;0.0;True;False;False;False;False;False;True;False;False;1;1;0;"[""güzel""]";"[""film""]";"[""en""]";[];[];"[""modifier_detected""]"
851;Hayat boyu hiç bıkmadan izlenebilecek ve hep etkileyecek bir şaheser.;positive;neutral;0.5;0.5;False;0.7;0.2;positive;1.0;0.0;True;True;True;False;False;True;False;False;False;2;2;0;"[""hiç"", ""şaheser""]";"[""boy""]";[];"[""bık""]";[];"[""negation_flip""]"
852;"""Özellikle filmin son bir saatini açıklayabilecek bir laf bulamıyorum ve """"""""işte sinema"""""""" diyorum.""";positive;negative;0.0;0.24583333333333335;False;0.9230769230769231;0.23076923076923078;negative;0.12083333333333333;0.125;False;False;False;False;False;True;False;False;False;3;3;0;"[""son"", ""laf"", ""de""]";"[""saat""]";[];"[""bul"", ""bul""]";[];"[""negation_flip"", ""negation_flip""]"
853;mükemmel bir film.;positive;positive;1.0;0.0;True;1.0;0.3333333333333333;positive;1.0;0.0;True;False;False;False;False;False;False;False;False;1;1;0;"[""mükemmel""]";"[""film""]";[];[];[];[]
854;Bu filme diyecek bir şey bulamıyorum.;positive;negative;0.0;0.020833333333333332;False;1.0;0.16666666666666666;negative;0.0;0.020833333333333332;False;False;False;False;False;False;False;False;False;1;1;0;"[""de""]";[];[];[];[];[]
855;Anlatılacak bir şey deqil.;positive;neutral;0.0;0.0;False;0.5;0.0;neutral;0.0;0.0;False;False;False;False;False;False;False;False;False;0;0;0;[];[];[];[];[];[]
856;Mükemmel ve ötesi !;positive;positive;1.0;0.0;True;1.0;0.3333333333333333;positive;1.0;0.0;True;False;False;False;False;False;False;False;False;1;1;0;"[""mükemmel""]";[];[];[];[];[]
857;Film gusel ama sonu ne kadarda sacma sapan bıttı bole gusel bı fılme yakısmadı sonu hemde ıkısı aynı anda bınebılırdı o tahtaya!:(;neutral;negative;0.0;0.25;False;0.5454545454545454;0.09090909090909091;neutral;0.125;0.125;True;True;True;False;False;True;False;True;False;2;2;0;"[""son"", ""son""]";"[""fılme""]";[];"[""yakıs""]";"[""ama""]";"[""contrast_detected"", ""negation_flip""]"
858;yınede fılm gusel ızleyın;positive;neutral;0.0;0.0;False;0.0;0.0;neutral;0.0;0.0;False;False;False;False;False;False;False;False;False;0;0;0;[];[];[];[];[];[]
859;çok güzeldi leonardo ve kate winslet çok iyi oynamışlar en çok beğendiğim filimler arasındadır puanım(10);positive;positive;1.0656565656565657;0.0;True;0.6875;0.125;positive;1.0656565656565657;0.0;True;False;False;False;False;False;True;False;False;2;2;0;"[""güzel"", ""iyi""]";"[""leonardo""]";"[""çok""]";[];[];"[""modifier_detected""]"
860;defalarca izlediğim hiç bıkmıycam bir film zaman;positive;negative;0.0;0.5;False;0.7142857142857143;0.14285714285714285;positive;0.5;0.0;True;True;True;False;False;True;False;False;False;1;1;0;"[""hiç""]";"[""film""]";[];"[""bık""]";[];"[""negation_flip""]"
861;bencede filme yorum yapmaya gerek yok;positive;negative;0.0;0.21428571428571427;False;0.6666666666666666;0.16666666666666666;negative;0.0;0.21428571428571427;False;False;False;False;False;False;False;False;False;1;1;0;"[""yok""]";[];[];[];[];[]
862;Bu Film İçin Denicek Birşey Yok Sanırım Gerçekten Çok Güzel Bir Film Film 17 defa izledim ve filmi izlerken hala sıkılmıyorum.;positive;positive;0.45454545454545453;0.21428571428571427;True;0.8095238095238095;0.09523809523809523;positive;0.6688311688311688;0.0;True;False;False;False;False;True;True;False;False;2;2;0;"[""yok"", ""güzel""]";"[""film""]";"[""gerçekten"", ""çok""]";"[""sıkıl""]";[];"[""negation_flip"", ""modifier_detected""]"
863;.. film harika 2 si gelicek dediler bekliyoruz hala :);positive;positive;1.0;0.020833333333333332;True;0.75;0.25;positive;1.0;0.020833333333333332;True;False;False;False;False;False;False;False;False;2;2;0;"[""harika"", ""de""]";[];[];[];[];[]
864;ama 2 si bunun kadar güzel olucağını pek sanmıyorum Bu Filmi Çoğu kişi izlemişdir ama izlemiyenlere tavsiyem kesinlikle izlemeleridir.;positive;positive;0.7045454545454546;0.0;True;0.8421052631578947;0.15789473684210525;positive;0.7045454545454546;0.0;True;False;False;False;False;False;False;True;False;3;3;0;"[""güzel"", ""pek"", ""tavsiye""]";[];[];[];"[""ama""]";"[""contrast_detected""]"
865;izleyinnnnnnnnnnnnn;positive;neutral;0.0;0.0;False;0.0;0.0;neutral;0.0;0.0;False;False;False;False;False;False;False;False;False;0;0;0;[];[];[];[];[];[]
866;titanic 2 nin fragmanını izlediniz mi jacki buzdağından çıkarıyolar hala genç kalmış biçimde çok deişik bi olay olmuş:s;neutral;negative;0.0;0.05;False;0.631578947368421;0.05263157894736842;negative;0.0;0.05;False;False;False;False;False;False;False;False;False;1;1;0;"[""genç""]";[];[];[];[];[]
867;titanik filmi gerçek yaşanmış bir film izledim gerçekten çok etkilendim mutlaka izlenmeli;positive;positive;1.0833333333333333;0.0;True;0.6666666666666666;0.16666666666666666;positive;1.0833333333333333;0.0;True;False;False;False;False;False;False;False;False;2;2;0;"[""gerçek"", ""yaşa""]";[];[];[];[];[]
868;bu filmi ilq 14 yasımnda izlemiştim o zaman izledigimde cok hoşuma gitmişti ama cocuqluq aklı unutuyordum filmleri ama su an 17 yasındayım izledigimde aqlayacak oluyorum gözlerim doluyor böle filmi herkes yapamas filmdeqi adıylada jack ve rosa da hayranım 2 side süper kişiliqli yeteneqli oyuncular tebriq ederim ellerine saqlıq bu filmi yayalım izlemeyen arqadaslarımıza ulaştırmaya calısalım cünqü bilinmesi qereken cok qüsel filmlerden birisi örneq alıcagım kişiliq war içinde tşqler.;positive;positive;1.0;0.10606060606060605;True;0.5294117647058824;0.058823529411764705;positive;1.0;0.10606060606060605;True;False;False;False;False;False;False;False;False;4;4;0;"[""da"", ""hayran"", ""süper"", ""biri""]";"[""oyuncu"", ""kişiliq""]";[];[];[];[]
869;bayıldım sinemada izleyemedim ama cd sini aldım;neutral;negative;0.0;0.16666666666666666;False;0.7142857142857143;0.14285714285714285;positive;0.16666666666666666;0.0;False;True;False;False;True;True;False;True;False;1;1;0;"[""al""]";"[""cd""]";[];"[""izle""]";"[""ama""]";"[""negation_flip"", ""contrast_detected""]"
870;hayatımın aşk filmi.;positive;positive;1.0;0.0;True;1.0;0.3333333333333333;positive;1.0;0.0;True;False;False;False;False;False;False;False;False;1;1;0;"[""aşk""]";[];[];[];[];[]
871;en son 3 yıl önce yazmışım bu konudaki yorumu mu heralde her 3 yılda bir de yazıcam galiba dediim gibi insana bu kadar yıldan sonra bile yorum yapma istegi veriosa bi film bu başka bişey heralde sadece kendim için demiorum her gün yazılan mesajlar başkalarınında aynı fikirde oldugunu gösteriyor yıl 2009 forever titanic.;positive;negative;0.0;0.14583333333333334;False;0.6981132075471698;0.03773584905660377;negative;0.0;0.14583333333333334;False;False;False;False;False;False;True;False;False;2;2;0;"[""son"", ""de""]";"[""yıl""]";"[""en""]";[];[];"[""modifier_detected""]"
872;Tüm zamanların en iyi romantik/dram filmi görüşlerini katılıyorum.;positive;positive;0.8611111111111112;0.1875;True;0.8888888888888888;0.3333333333333333;positive;0.8611111111111112;0.1875;True;False;False;False;False;False;True;False;False;3;3;0;"[""tüm"", ""iyi"", ""dram""]";"[""film""]";"[""en""]";[];[];"[""modifier_detected""]"
873;Müziğiyle atmosferiyle gerilimiyle romantizmiyle.;neutral;neutral;0.0;0.0;True;1.0;0.0;neutral;0.0;0.0;True;False;False;False;False;False;False;False;False;0;0;0;[];[];[];[];[];[]
874;.o bir efsane.;positive;neutral;0.0;0.0;False;1.0;0.0;neutral;0.0;0.0;False;False;False;False;False;False;False;False;False;0;0;0;[];[];[];[];[];[]
875;.Yıllarca unutlmayacak yapımlardan.;positive;neutral;0.0;0.0;False;0.6666666666666666;0.0;neutral;0.0;0.0;False;False;False;False;False;False;False;False;False;0;0;0;[];[];[];[];[];[]
876;tüm zamanların en iyi romantik ve dram filmidir.;positive;positive;0.8611111111111112;0.1875;True;1.0;0.375;positive;0.8611111111111112;0.1875;True;False;False;False;False;False;True;False;False;3;3;0;"[""tüm"", ""iyi"", ""dram""]";"[""film""]";"[""en""]";[];[];"[""modifier_detected""]"
877;..müzikte süperrrrr;positive;neutral;0.0;0.0;False;0.5;0.0;neutral;0.0;0.0;False;False;False;False;False;False;False;False;False;0;0;0;[];[];[];[];[];[]
878;Yorumlar zevkler kişiden kişiye değişir tabi ama bu film bana göre sinema tarihinin en romantik ve en dramatik filmi.;positive;positive;0.5;0.1875;True;1.0;0.10526315789473684;positive;0.5;0.1875;True;False;False;False;False;False;True;False;False;2;2;0;"[""zevk"", ""dramatik""]";[];"[""en""]";[];[];"[""modifier_detected""]"
879;Bundan sonra da böyle bi film izliyeceğimi zannetmiyorum.;positive;negative;0.0;0.022727272727272728;False;0.625;0.125;negative;0.0;0.022727272727272728;False;False;False;False;False;False;False;False;False;1;1;0;"[""da""]";[];[];[];[];[]
880;arkadaşlar bu filme yorum yazmaya gerek yok ztn böle bir filmde yok olamazda bu derece aşk ı dram ı romantizmi bir araya getirmiş bir film daha olduğunu sanmıyorum böle filmler eskimez.;positive;positive;1.5;1.0577380952380953;True;0.9354838709677419;0.25806451612903225;positive;1.125;0.9327380952380951;True;False;False;False;False;True;True;False;True;8;7;1;"[""arkadaş"", ""yazma"", ""yok"", ""yok"", ""olamaz"", ""aşk"", ""dram"", ""eski""]";"[""yorum"", ""arkadaş"", ""gerek"", ""gerek"", ""film""]";"[""yok""]";"[""ol"", ""eski"", ""ol"", ""eski"", ""san""]";[];"[""suppressed_as_target"", ""negation_flip"", ""modifier_detected""]"
881;harika bir film hep izliyorum yine olsa yine izlerim;positive;positive;1.0;0.0;True;0.8888888888888888;0.1111111111111111;positive;1.0;0.0;True;False;False;False;False;False;False;False;False;1;1;0;"[""harika""]";"[""film""]";[];[];[];[]
882;çok güzel harika çok beğendim;positive;positive;1.4545454545454546;0.0;True;0.8;0.4;positive;1.4545454545454546;0.0;True;False;False;False;False;False;True;False;False;2;2;0;"[""güzel"", ""harika""]";[];"[""çok""]";[];[];"[""modifier_detected""]"
883;Evet ben de ilk 2006 senesinde görmüştüm Titanic 2 nin fragmanını.;neutral;negative;0.0;1.0208333333333333;False;0.8181818181818182;0.18181818181818182;negative;0.0;1.0208333333333333;False;False;False;False;False;False;False;False;False;2;2;0;"[""de"", ""gör""]";"[""ben""]";[];[];[];[]
884;İlk izlediğimde gerçek bir film fragmanı olmadığını da anlamıştım.;neutral;positive;0.08333333333333333;0.022727272727272728;False;0.7777777777777778;0.2222222222222222;positive;0.10606060606060605;0.0;False;False;False;False;False;True;False;False;False;2;2;0;"[""gerçek"", ""da""]";"[""film"", ""fragman""]";[];"[""ol""]";[];"[""negation_flip""]"
885;Leonardonun bütün filmlerinden bazı bölümler kullanılarak yapılmış bir fragman.;neutral;neutral;0.0;0.0;True;0.6666666666666666;0.0;neutral;0.0;0.0;True;False;False;False;False;False;False;False;False;0;0;0;[];[];[];[];[];[]
886;Kesinlikle aldanmayın.;neutral;neutral;0.0;0.0;True;0.5;0.0;neutral;0.0;0.0;True;False;False;False;False;False;False;False;False;0;0;0;[];[];[];[];[];[]
887;..Tüm Dicaprio sevenlerini siteme bekliyorum.;neutral;neutral;0.25;0.25;True;0.4;0.4;neutral;0.25;0.25;True;False;False;False;False;False;False;False;False;2;2;0;"[""tüm"", ""sitem""]";"[""sev""]";[];[];[];[]
888;hala şu titanic 2 olayını yutanlar var uyanın artık!;neutral;neutral;0.0;0.0;True;0.6666666666666666;0.0;neutral;0.0;0.0;True;False;False;False;False;False;False;False;False;0;0;0;[];[];[];[];[];[]
889;arkadaşlar titanic 2 diye bi film çıkmicak o fragmanı dikkatli izlerseniz leonado di caprionun çevirdiği filmlerden alıntıla yapılark hazırlanmış bi fragman yani gerçek film değil hem olsa bile duyardık imdb felan.;neutral;positive;0.7083333333333334;0.0;False;0.5806451612903226;0.0967741935483871;positive;0.7083333333333334;0.0;False;False;False;False;False;False;False;False;False;3;3;0;"[""arkadaş"", ""dikkatli"", ""gerçek""]";"[""film"", ""fragman"", ""film""]";[];[];[];[]
890;yani kanmayın hemen heyecanlanmayın hem çıksa bile saçmalık yani.;neutral;negative;0.0;0.16666666666666666;False;0.7777777777777778;0.1111111111111111;negative;0.0;0.16666666666666666;False;False;False;False;False;False;True;False;False;1;1;0;"[""saçmalık""]";[];"[""bile""]";[];[];"[""modifier_detected""]"
891;bu film böyle çok daha iyi çıkarmaya gerek yok 2.sini.;neutral;positive;0.6111111111111112;0.21428571428571427;False;1.0;0.18181818181818182;positive;0.6111111111111112;0.21428571428571427;False;False;False;False;False;False;True;False;False;2;2;0;"[""iyi"", ""yok""]";"[""2.sin""]";"[""çok"", ""daha""]";[];[];"[""modifier_detected""]"
892;eğer bu bu filmin 2. gelirse almış olduğu 12 oscarın hiç bir anlamı kalmaz bence.;neutral;negative;0.0;0.6666666666666666;False;0.8666666666666667;0.13333333333333333;negative;0.0;0.6666666666666666;False;False;False;False;False;False;False;False;False;2;2;0;"[""al"", ""hiç""]";"[""film""]";[];[];[];[]
893;ve saygısızlık olur.;neutral;neutral;0.0;0.0;True;1.0;0.0;neutral;0.0;0.0;True;False;False;False;False;False;False;False;False;0;0;0;[];[];[];[];[];[]
894;"""Dikkatli izlediğinizde Tıtanıc 2 kes yapıştır gibi duruyor :)))""""""";neutral;positive;0.125;0.0;False;0.625;0.125;positive;0.125;0.0;False;False;False;False;False;False;False;False;False;1;1;0;"[""dikkatli""]";[];[];[];[];[]
895;Tıtanıc 2 nin fragmanını izlediğime inanamıyorum.;neutral;neutral;0.0;0.0;True;0.6666666666666666;0.0;neutral;0.0;0.0;True;False;False;False;False;False;False;False;False;0;0;0;[];[];[];[];[];[]
896;. Şoktayım şu an .;neutral;negative;0.0;1.0;False;1.0;0.3333333333333333;negative;0.0;1.0;False;False;False;False;False;False;False;False;False;1;1;0;"[""şok""]";[];[];[];[];[]
897;Sabırsızlıkla bekliyorum .;neutral;negative;0.0;0.25;False;0.5;0.5;negative;0.0;0.25;False;False;False;False;False;False;False;False;False;1;1;0;"[""sabırsızlık""]";[];[];[];[];[]
898;Harika bir film .;positive;positive;1.0;0.0;True;1.0;0.3333333333333333;positive;1.0;0.0;True;False;False;False;False;False;False;False;False;1;1;0;"[""harika""]";"[""film""]";[];[];[];[]
899;arkadaşlarrr mutlu bir haber vereceğimm sizeeee!;neutral;positive;1.0;0.0;False;0.5;0.16666666666666666;positive;1.0;0.0;False;False;False;False;False;False;False;False;False;1;1;0;"[""mutlu""]";"[""haber""]";[];[];[];[]
900;!!titanic hayranları titanic 2 geliyor eğer bana inanmıyorsanızzz youtubeye titanic 2 yazın fragmanı çıkacaaakkkk çoook mutluyum yhaaaaaa yazın sinemada olacak ewt Jack donmuş bir vaziyette hayata geri döneceeeeeek yine leonardo dicaprio oynayacak ama magyajla gençleştirecekler benden bu kadar detaylar için bana e-mail atabilirsiniz tabi biliyorsanız!!!!;positive;positive;1.5;0.1590909090909091;True;0.6086956521739131;0.06521739130434782;positive;1.5;0.1590909090909091;True;False;False;False;False;False;True;False;False;3;3;0;"[""hayran"", ""mutlu"", ""geri""]";"[""fragman"", ""jack""]";"[""çıkacaaakkkk"", ""çok"", ""yhaaaaa""]";[];[];"[""modifier_detected""]"
901;Titanik 2 nin gelmesi zaten çok saçma olurdu rsmen bu kült filme hakaret sayılırdı en iyisi oldu gelmemesi.;negative;positive;0.6111111111111112;0.3;False;0.7777777777777778;0.1111111111111111;positive;0.6111111111111112;0.3;False;False;False;False;False;False;True;False;False;2;2;0;"[""saçma"", ""iyi""]";[];"[""çok"", ""en""]";[];[];"[""modifier_detected"", ""modifier_detected""]"
902;titanik 2 malesef gelmiyor arkadaslar yapımcılarıyla görüştüm o fragram 97 li yıllarda çekilmiş 2.si yolda olduğunu göstermek için ama sonra dan senaryonun önünü bağlayamadıkları için çekememişler :);neutral;neutral;0.0;0.0;True;0.6296296296296297;0.0;neutral;0.0;0.0;True;False;False;False;False;False;False;False;False;0;0;0;[];[];[];[];[];[]
903;tıtanıc 2bu yaz sınemalarda gosterımde olcak.;neutral;neutral;0.0;0.0;True;0.16666666666666666;0.0;neutral;0.0;0.0;True;False;False;False;False;False;False;False;False;0;0;0;[];[];[];[];[];[]
904;fragmanı cıktı bıle.;neutral;neutral;0.0;0.0;True;0.3333333333333333;0.0;neutral;0.0;0.0;True;False;False;False;False;False;False;False;False;0;0;0;[];[];[];[];[];[]
905;jack dawson donmus bır sekılde bulunacak ve hayata dondurulcek.;neutral;neutral;0.0;0.0;True;0.2222222222222222;0.0;neutral;0.0;0.0;True;False;False;False;False;False;False;False;False;0;0;0;[];[];[];[];[];[]
906;bu kadar ipucu yeter:DDD ılk fılmi izlediğimde 14 yasımdaydım ve hala etkısınde oldugumu soyleyebılırım.;neutral;positive;0.25;0.0;False;0.5333333333333333;0.06666666666666667;positive;0.25;0.0;False;False;False;False;False;False;False;False;False;1;1;0;"[""yeter""]";"[""ipucu""]";[];[];[];[]
907;kelimlerle anlatılmaz bu film;positive;neutral;0.0;0.0;False;0.5;0.0;neutral;0.0;0.0;False;False;False;False;False;False;False;False;False;0;0;0;[];[];[];[];[];[]
908;titanic 2 çıkıcakmış.;neutral;neutral;0.0;0.0;True;0.3333333333333333;0.0;neutral;0.0;0.0;True;False;False;False;False;False;False;False;False;0;0;0;[];[];[];[];[];[]
909;Gerçekten harika bir film .;positive;positive;1.0;0.0;True;1.0;0.25;positive;1.0;0.0;True;False;False;False;False;False;False;False;False;1;1;0;"[""harika""]";"[""film""]";[];[];[];[]
910;. Abartıldığı filan yok .;neutral;negative;0.0;0.21428571428571427;False;0.6666666666666666;0.3333333333333333;negative;0.0;0.21428571428571427;False;False;False;False;False;False;False;False;False;1;1;0;"[""yok""]";[];[];[];[];[]
911;. Film izliyorum diyen birisi varsa önce bu filmi izlemeli :);positive;negative;0.0;0.10416666666666666;False;0.8888888888888888;0.2222222222222222;negative;0.0;0.10416666666666666;False;False;False;False;False;False;False;False;False;2;2;0;"[""de"", ""biri""]";[];[];[];[];[]
912;abartılıyor mu hah abartıldığının hakkını veren bi film çok güzel bi aşk filmi sahneleri ezberledim artık ama hala izleyebilirim.;positive;positive;2.2295454545454545;0.0;True;0.631578947368421;0.21052631578947367;positive;2.2295454545454545;0.0;True;False;False;False;False;False;True;False;False;4;4;0;"[""hah"", ""hak"", ""güzel"", ""aşk""]";"[""film""]";"[""çok""]";[];[];"[""modifier_detected""]"
913;i-n-a-n-ı-l-m-a-z bir filmbaşyapıt kötü diyen arkadaşlar lütfen film izlemeyi bıraksın11 oscar 14 aday daha neolsun;positive;negative;0.5;1.0458333333333334;False;0.782608695652174;0.17391304347826086;negative;0.0;1.0458333333333334;False;False;False;False;False;False;False;False;True;4;3;1;"[""kötü"", ""de"", ""arkadaş"", ""lütfen""]";"[""i"", ""i"", ""arkadaş""]";[];[];[];"[""suppressed_as_target""]"
914;iyi bir film ama çok abartılıyor.;positive;positive;0.6111111111111112;0.0;True;0.8333333333333334;0.16666666666666666;positive;0.6111111111111112;0.0;True;False;False;False;False;False;False;False;False;1;1;0;"[""iyi""]";"[""film""]";[];[];[];[]
915;iLk izLedigimde cok begenmistim hatta gozyasi dokmustum arsiwLik bir caLisma.;positive;neutral;0.0;0.0;False;0.3;0.0;neutral;0.0;0.0;False;False;False;False;False;False;False;False;False;0;0;0;[];[];[];[];[];[]
916;filmi bu akşam bir kez daha izledim sanki ilk izlemişim gibi heyecanlıydım.;positive;negative;0.0;0.08333333333333333;False;0.8333333333333334;0.08333333333333333;negative;0.0;0.08333333333333333;False;False;False;False;False;False;True;False;False;1;1;0;"[""heyecanlı""]";"[""film""]";"[""sanki""]";[];[];"[""modifier_detected""]"
917;süper bir aşk hikayesi.;positive;positive;1.5;0.0;True;1.0;0.5;positive;0.5;0.0;True;False;False;False;False;False;False;False;True;2;1;1;"[""süper"", ""aşk""]";"[""aşk""]";[];[];[];"[""suppressed_as_target""]"
918;bu film 100 kez de izlesem hiç canım sıkılmadan izlerim.;positive;negative;0.2222222222222222;0.5208333333333334;False;0.8;0.3;negative;0.0;0.7430555555555556;False;False;False;False;False;True;True;False;False;3;3;0;"[""de"", ""hiç"", ""can""]";[];"[""hiç""]";"[""sıkıl""]";[];"[""negation_flip"", ""modifier_detected""]"
919;sinema tarihinde şimdiye kadar izlediğim en süper film bu.;positive;positive;0.5;0.0;True;0.7777777777777778;0.1111111111111111;positive;0.5;0.0;True;False;False;False;False;False;True;False;False;1;1;0;"[""süper""]";"[""film""]";"[""en""]";[];[];"[""modifier_detected""]"
920;bence izlemeyen kimse kalmasın.;positive;neutral;0.0;0.0;False;0.75;0.0;neutral;0.0;0.0;False;False;False;False;False;False;False;False;False;0;0;0;[];[];[];[];[];[]
921;hala izliyorum kaçıncı izleyişim hiç sayamadm.;positive;negative;0.0;0.5;False;0.5;0.16666666666666666;positive;0.5;0.0;True;True;True;False;False;True;False;False;False;1;1;0;"[""hiç""]";[];[];"[""say""]";[];"[""negation_flip""]"
922;""".fazla söze gerek yok sanırım:)""""""";positive;negative;0.0;0.2642857142857143;False;1.0;0.4;negative;0.0;0.2642857142857143;False;False;False;False;False;False;False;False;False;2;2;0;"[""söz"", ""yok""]";[];[];[];[];[]
923;ilk izlediğimde sanırım 14 yaşındaydım.;neutral;negative;0.0;0.125;False;0.8;0.2;negative;0.0;0.125;False;False;False;False;False;False;False;False;False;1;1;0;"[""yaş""]";[];[];[];[];[]
924;sonrasında biçok kez izledim.;neutral;neutral;0.0;0.0;True;0.5;0.0;neutral;0.0;0.0;True;False;False;False;False;False;False;False;False;0;0;0;[];[];[];[];[];[]
925;bıkmadan.;positive;neutral;0.0;0.0;False;0.0;0.0;neutral;0.0;0.0;False;False;False;False;False;False;False;False;False;0;0;0;[];[];[];[];[];[]
926;alkışı ve ödülü fazlasıyla hak ediyor.;positive;positive;0.775;0.0;True;1.0;0.3333333333333333;positive;0.775;0.0;True;False;False;False;False;False;False;False;False;2;2;0;"[""ödül"", ""hak""]";"[""alkış""]";[];[];[];[]
927;özellikle o döneme damgasını vurdu.;neutral;negative;0.0;0.25;False;0.8;0.2;negative;0.0;0.25;False;False;False;False;False;False;True;False;False;1;1;0;"[""damga""]";[];"[""özellikle""]";[];[];"[""modifier_detected""]"
928;gerçek bir trajediyi beyazperdeye yaşıdı.;neutral;negative;0.08333333333333333;0.5;False;0.8;0.4;positive;0.08333333333333333;0.0;False;True;False;False;True;False;False;False;True;2;1;1;"[""gerçek"", ""trajedi""]";"[""trajedi""]";[];[];[];"[""suppressed_as_target""]"
929;ağladığım ender filmlerden.;neutral;neutral;0.0;0.0;True;0.6666666666666666;0.0;neutral;0.0;0.0;True;False;False;False;False;False;False;False;False;0;0;0;[];[];[];[];[];[]
930;Filmin imdb puanının 7 olmasını çoğu kişi filmin sıradan olmasına bağladı.;neutral;neutral;0.0;0.0;True;0.8181818181818182;0.0;neutral;0.0;0.0;True;False;False;False;False;False;False;False;False;0;0;0;[];[];[];[];[];[]
931;Peki size soruyorum madem sıradan bir film 1)Neden imdb dışındaki film sitelerinde 8-9 puan altında görmek mümkün değil?;neutral;negative;0.0;1.0;False;0.9;0.05;negative;0.0;1.0;False;False;False;False;False;False;False;False;False;1;1;0;"[""gör""]";[];[];[];[];[]
932;2)Neden kazandığı seneki oscar adayları şu anda titanicten daha fazla imdb puanı almış?;neutral;negative;0.0;0.16666666666666666;False;0.7857142857142857;0.07142857142857142;negative;0.0;0.16666666666666666;False;False;False;False;False;False;False;False;False;1;1;0;"[""al""]";"[""aday""]";[];[];[];[]
933;Akademinin seçimlerini beğenmiyor olabilirsiniz ama akademi neden gidip adaylar arasındaki en düşük imdb puanlı filmi özellikle seçsin?;neutral;negative;0.0;0.14285714285714285;False;0.7647058823529411;0.058823529411764705;negative;0.0;0.14285714285714285;False;False;False;False;False;False;True;False;False;1;1;0;"[""düşük""]";"[""film""]";"[""en""]";[];[];"[""modifier_detected""]"
934;Bu durumda bir gariplik yok mu?;neutral;negative;0.0;0.21428571428571427;False;1.0;0.16666666666666666;negative;0.0;0.21428571428571427;False;False;False;False;False;False;False;False;False;1;1;0;"[""yok""]";"[""gariplik""]";[];[];[];[]
935;Örn: Son zamanlarda Hababam sınıfı top 250de neden bir kaç günden fazla kalamadı?;neutral;negative;0.0;0.125;False;0.7692307692307693;0.07692307692307693;negative;0.0;0.125;False;False;False;False;False;False;False;False;False;1;1;0;"[""son""]";"[""zaman""]";[];[];[];[]
936;Yabancılar tarafından 1 puan yağmuruna tutulduğunu anlamamamak mümkün değil.;neutral;negative;0.0;0.041666666666666664;False;0.7777777777777778;0.1111111111111111;negative;0.0;0.041666666666666664;False;False;False;False;False;False;False;False;False;1;1;0;"[""yabancı""]";[];[];[];[];[]
937;Puanındaki ani değişimi herkes görmüştür.;neutral;negative;0.0;1.0;False;1.0;0.2;negative;0.0;1.0;False;False;False;False;False;False;False;False;False;1;1;0;"[""gör""]";"[""herkes""]";[];[];[];[]
938;Yani halk titanik i beğenmedi demek yerine neden beğenmeyenler toplaşıp puanını düşürdü diyemiyoruz?;neutral;negative;0.015625;0.041666666666666664;False;0.6153846153846154;0.23076923076923078;positive;0.05729166666666666;0.0;False;True;False;False;True;True;False;False;False;3;3;0;"[""de"", ""yer"", ""de""]";"[""puan""]";[];"[""beğen"", ""de""]";[];"[""negation_flip"", ""negation_flip""]"
939;Belki de en önemlisi dünya genelinde en çok izlenen film değil mi?;positive;negative;0.0;0.020833333333333332;False;0.9166666666666666;0.08333333333333333;negative;0.0;0.020833333333333332;False;False;False;False;False;False;False;False;False;1;1;0;"[""de""]";[];[];[];[];[]
940;İnsanlar 7 puan aldığını görüp mü izlediler yoksa film hepsinin ortak beğenisini topladığı için mi bu kadar hasılat yaptı?;neutral;negative;0.0;1.1666666666666667;False;0.8947368421052632;0.10526315789473684;negative;0.0;1.1666666666666667;False;False;False;False;False;False;False;False;False;2;2;0;"[""al"", ""gör""]";"[""insan""]";[];[];[];[]
941;Devam ediyorum madem sıradan bir film 3)Neden vizyona girdikten bir sene sonra bile hâlâ titanik konuşuluyordu?;neutral;neutral;0.0;0.0;True;0.8235294117647058;0.0;neutral;0.0;0.0;True;False;False;False;False;False;False;False;False;0;0;0;[];[];[];[];[];[]
942;Ayrıca filmin 11 oscarının çoğu teknik dalda olabilir ama acaba evinizin vitrininde 11 oscar olduğu için mi bu kadar rahat konuşuyorsunuz?;positive;positive;0.041666666666666664;0.0;True;0.9047619047619048;0.047619047619047616;positive;0.041666666666666664;0.0;True;False;False;False;False;False;False;True;False;1;1;0;"[""rahat""]";[];[];[];"[""ama""]";"[""contrast_detected""]"
943;İnsanlar filmi 8-10 defa izlediler sonra beğenmediler de 1 puan verdiler öyle mi?;negative;negative;0.0;0.020833333333333332;True;0.7857142857142857;0.07142857142857142;positive;0.020833333333333332;0.0;False;True;False;True;False;True;False;False;False;1;1;0;"[""de""]";[];[];"[""beğen""]";[];"[""negation_flip""]"
944;Titanik sıradan bir film değil.;neutral;neutral;0.0;0.0;True;0.8;0.0;neutral;0.0;0.0;True;False;False;False;False;False;False;False;False;0;0;0;[];[];[];[];[];[]
945;O imdb puanı 7 olan bir başyapıt.;positive;neutral;0.0;0.0;False;0.8571428571428571;0.0;neutral;0.0;0.0;False;False;False;False;False;False;False;False;False;0;0;0;[];[];[];[];[];[]
946;james cameronun inanılmaz dehası Winslet ve Caprionun inanılmaz performansıyla birleşen mükemmel bir başyapıt.;positive;positive;3.0;0.0;True;0.6153846153846154;0.23076923076923078;positive;2.0;1.0;True;False;False;False;False;True;False;False;False;3;3;0;"[""inanılmaz"", ""inanılmaz"", ""mükemmel""]";"[""deha"", ""başyapıt""]";[];"[""inan""]";[];"[""negation_flip""]"
947;tam 12 yıl sonra izledim tekrar tekrar.;neutral;positive;0.20833333333333334;0.0;False;0.8571428571428571;0.14285714285714285;positive;0.20833333333333334;0.0;False;False;False;False;False;False;False;False;False;1;1;0;"[""tam""]";[];[];[];[];[]
948;hiç bi filmde bu kadar çok ağlamıyorum ben tek kelimeyle muhteşem bir film.;positive;neutral;0.5;0.5;False;0.8461538461538461;0.15384615384615385;neutral;0.5;0.5;False;False;False;False;False;False;False;False;False;2;2;0;"[""hiç"", ""muhteşem""]";"[""film""]";[];[];[];[]
949;her sahnesinde ayrı düşündürüp hüzünlendirip sevindiriyor insanı.;positive;neutral;0.0;0.0;False;0.5714285714285714;0.0;neutral;0.0;0.0;False;False;False;False;False;False;False;False;False;0;0;0;[];[];[];[];[];[]
950;bir kaç gün yine etkisinden çıkamıcam gibi (:;positive;neutral;0.0;0.0;False;0.8571428571428571;0.0;neutral;0.0;0.0;False;False;False;False;False;False;False;False;False;0;0;0;[];[];[];[];[];[]
951;kate winslet ve leonardo di caprionun aralarındaki yaş farkının çok fazla olmasına rağmen o kadar iyi oynuyorlarki izlerken size hissettirmiyorlar bile.;neutral;negative;0.6111111111111112;0.625;False;0.6666666666666666;0.14285714285714285;negative;0.6111111111111112;0.625;False;False;False;False;False;False;False;False;False;3;3;0;"[""yaş"", ""rağmen"", ""iyi""]";"[""fark""]";[];[];[];[]
952;tabiki 10 üzerinden 10luk bir film;positive;neutral;0.0;0.0;False;0.6666666666666666;0.0;neutral;0.0;0.0;False;False;False;False;False;False;False;False;False;0;0;0;[];[];[];[];[];[]
953;Mukemmel COK ama COK guzel.;positive;neutral;0.0;0.0;False;0.2;0.0;neutral;0.0;0.0;False;False;False;False;False;False;False;False;False;0;0;0;[];[];[];[];[];[]
954;batışı ile gişede fırtınalar koparan efsane drama.;positive;neutral;0.0;0.0;False;1.0;0.0;neutral;0.0;0.0;False;False;False;False;False;False;False;False;False;0;0;0;[];[];[];[];[];[]
955;tek kelimeyle harikaydı ilk sinemada izledim ve etkisinden uzun zaman kurtulamadım aradan kaç yıl geçti her izlediğimde aynı etkiyi yapıyo mutlaka izleyin diyeceğim ama zaten izlemeyen yoktur:);positive;positive;1.0;0.23511904761904762;True;0.7777777777777778;0.1111111111111111;negative;0.21428571428571427;1.0208333333333333;False;True;False;True;False;True;True;True;False;3;3;0;"[""harika"", ""de"", ""yok""]";"[""kelime"", ""kelime"", ""kelime""]";"[""zaten""]";"[""kurtula"", ""izle""]";"[""ama""]";"[""negation_flip"", ""negation_flip"", ""modifier_detected"", ""contrast_detected""]"
956;tam anlamıyla bir baş yapıt.;positive;positive;0.20833333333333334;0.0;True;1.0;0.2;positive;0.20833333333333334;0.0;True;False;False;False;False;False;False;False;False;1;1;0;"[""tam""]";"[""anlam""]";[];[];[];[]
957;.. muhteşem bir film.;positive;positive;0.5;0.0;True;1.0;0.3333333333333333;positive;0.5;0.0;True;False;False;False;False;False;False;False;False;1;1;0;"[""muhteşem""]";"[""film""]";[];[];[];[]
958;9.2 ne ya böyle kusursuz bir filme çok az kalmış ben 10 verdim 9 verenler nerden kırdılar çok merak ediyorumm bu film 10 almıycaksa hangi film alır?;positive;positive;1.0;0.7916666666666666;True;0.8214285714285714;0.14285714285714285;positive;1.0;0.7916666666666666;True;False;False;False;False;False;True;False;False;4;4;0;"[""kusursuz"", ""az"", ""merak"", ""al""]";"[""film"", ""ben"", ""film""]";"[""böyle"", ""çok"", ""çok""]";[];[];"[""modifier_detected"", ""modifier_detected"", ""modifier_detected""]"
959;Güzel film.;positive;positive;0.45454545454545453;0.0;True;1.0;0.5;positive;0.45454545454545453;0.0;True;False;False;False;False;False;False;False;False;1;1;0;"[""güzel""]";"[""film""]";[];[];[];[]
960;Ama en iyisi değil bence.;neutral;positive;0.6111111111111112;0.0;False;1.0;0.2;negative;0.0;0.6111111111111112;False;True;False;False;True;True;True;True;False;1;1;0;"[""iyi""]";[];"[""en""]";"[""değil""]";"[""ama""]";"[""negation_flip"", ""modifier_detected"", ""contrast_detected""]"
961;Bu filme en romantik film diyenler romantik film izlememişlerdir.;neutral;negative;0.0;0.020833333333333332;False;0.8888888888888888;0.1111111111111111;negative;0.0;0.020833333333333332;False;False;False;False;False;False;False;False;False;1;1;0;"[""de""]";"[""film""]";[];[];[];[]
962;Bu gemiyi Tanrı Bile Batıramaz!;neutral;neutral;0.0;0.0;True;0.8;0.0;neutral;0.0;0.0;True;False;False;False;False;False;False;False;False;0;0;0;[];[];[];[];[];[]
963;Beni ağlatmayı başaran tek film.;neutral;neutral;0.0;0.0;True;0.6;0.0;neutral;0.0;0.0;True;False;False;False;False;False;False;False;False;0;0;0;[];[];[];[];[];[]
964;..Senaryosu olay örgüsü ile kusursuz.;positive;positive;1.0;0.0;True;1.0;0.2;positive;1.0;0.0;True;False;False;False;False;False;False;False;False;1;1;0;"[""kusursuz""]";[];[];[];[];[]
965;bu filmiçin ne desem azdır mükemmel bile bu filmiçin bi hiç ayrıca sölenene göre titanic gercekten battıgında Kate Winsletın oynadığı kız türkmüş yanı gercek tıtanıc battıgında ordakı erkek amerıcalı kızda turkmus;positive;positive;1.0;0.5208333333333334;True;0.41935483870967744;0.0967741935483871;positive;1.0;0.5208333333333334;True;False;False;False;False;False;True;False;False;3;3;0;"[""de"", ""mükemmel"", ""hiç""]";"[""filmiçin""]";"[""azdır"", ""bile""]";[];[];"[""modifier_detected""]"
966;tam anlamıyla kusursuz.;positive;positive;1.2083333333333333;0.0;True;1.0;0.6666666666666666;positive;1.2083333333333333;0.0;True;False;False;False;False;False;False;False;False;2;2;0;"[""tam"", ""kusursuz""]";[];[];[];[];[]
967;"""... """"""""Rose tatlım""";neutral;positive;0.25;0.0;False;0.5;0.5;positive;0.25;0.0;False;False;False;False;False;False;False;False;False;1;1;0;"[""tatlı""]";[];[];[];[];[]
968;Bu arada bence bu film tüm zamanların en iyi filmi.;positive;positive;0.8611111111111112;0.0;True;1.0;0.2;positive;0.8611111111111112;0.0;True;False;False;False;False;False;True;False;False;2;2;0;"[""tüm"", ""iyi""]";"[""film""]";"[""en""]";[];[];"[""modifier_detected""]"
969;Bir daha böyle bir film gelir mi acaba?;positive;neutral;0.0;0.0;False;1.0;0.0;neutral;0.0;0.0;False;False;False;False;False;False;False;False;False;0;0;0;[];[];[];[];[];[]
970;Bu filme 9 2 puanı yakışmamış bu film tam 10 puanlık bir film.;positive;positive;0.20833333333333334;0.0;True;0.9230769230769231;0.07692307692307693;positive;0.20833333333333334;0.0;True;False;False;False;False;False;False;False;False;1;1;0;"[""tam""]";[];[];[];[];[]
971;Ben titanikten başka bir filme böyle ağladığımı hatırlamıyorum gene olsa gene seyrederim asla ve hiç bıkmam bu filmi izlemeyen varsa(ki olduğunu zannetmiyorum) mutkala izlesin.;positive;negative;0.0;0.5;False;0.64;0.04;positive;0.5;0.0;True;True;True;False;False;True;False;False;False;1;1;0;"[""hiç""]";[];[];"[""bık""]";[];"[""negation_flip""]"
972;Tam anlamıyla bir başyapıt.;positive;positive;0.20833333333333334;0.0;True;1.0;0.25;positive;0.20833333333333334;0.0;True;False;False;False;False;False;False;False;False;1;1;0;"[""tam""]";"[""anlam""]";[];[];[];[]
973;Oyunculuktan tutunda görsel efektlere kadar herşey dört dörtlük.;positive;negative;0.0;0.3333333333333333;False;0.875;0.125;negative;0.0;0.3333333333333333;False;False;False;False;False;False;False;False;False;1;1;0;"[""oyunculuk""]";[];[];[];[];[]
974;Filmde Rosenin o aşk dolu bakışları bile o kadar anlamlıydı ki ona dahi ağladım bu filmi unutabileceğimi zannetmiyorum.;positive;positive;1.0;0.0;True;0.7777777777777778;0.05555555555555555;positive;1.0;0.0;True;False;False;False;False;False;False;False;False;1;1;0;"[""aşk""]";[];[];[];[];[]
975;etkısı en az 100 yıl daha gıder en ıyısı yapılana kadar fılm budur;positive;negative;0.0;0.25;False;0.6153846153846154;0.07692307692307693;negative;0.0;0.25;False;False;False;False;False;False;True;False;False;1;1;0;"[""az""]";"[""etkısı""]";"[""en""]";[];[];"[""modifier_detected""]"
976;Filmin puanı sahte oylarla tekrar indirilmeye başlandı.;neutral;negative;0.0;0.375;False;0.8571428571428571;0.14285714285714285;negative;0.0;0.375;False;False;False;False;False;False;False;False;False;1;1;0;"[""sahte""]";"[""oy""]";[];[];[];[]
977;ben sinemada uc kere izlemistim o zamanlar internetten film somurmek yoktu ve sanirim hersey daha anlamliydi.;neutral;negative;0.0;0.21428571428571427;False;0.5625;0.0625;negative;0.0;0.21428571428571427;False;False;False;False;False;False;False;False;False;1;1;0;"[""yok""]";"[""ben""]";[];[];[];[]
978;"""ben 10 uzerinde 10 verdim eminim zaten herkes izlemistir ama ilk defa sinemada izlemek ayri bir zevkti """"""";positive;positive;0.6875;0.0;True;0.7058823529411765;0.11764705882352941;positive;0.6875;0.0;True;False;False;False;False;False;False;True;False;2;2;0;"[""emin"", ""zevk""]";"[""ben"", ""herkes""]";[];[];"[""ama""]";"[""contrast_detected""]"
979;bir daha aynı başarıyı ve populariteyi yakalayack bir filmin geliceğini sanmıyorum.;positive;positive;0.375;0.0;True;0.7272727272727273;0.09090909090909091;positive;0.375;0.0;True;False;False;False;False;False;False;False;False;1;1;0;"[""başarı""]";[];[];[];[];[]
980;. gerçekten başlı başına bir yapıt;positive;neutral;0.0;0.0;False;1.0;0.0;neutral;0.0;0.0;False;False;False;False;False;False;False;False;False;0;0;0;[];[];[];[];[];[]
981;İnsanlar Titanicin batışından çok Jack karakterinin ölümüne ağlamış.;neutral;neutral;0.0;0.0;True;0.625;0.0;neutral;0.0;0.0;True;False;False;False;False;False;False;False;False;0;0;0;[];[];[];[];[];[]
982;Yüzlerce insan öldü o gemide.;neutral;neutral;0.0;0.0;True;1.0;0.0;neutral;0.0;0.0;True;False;False;False;False;False;False;False;False;0;0;0;[];[];[];[];[];[]
983;Titanic adı sayesinde bir aşk hikayesi anlatıldı.;neutral;positive;1.0833333333333333;0.0;False;0.7142857142857143;0.2857142857142857;positive;1.0833333333333333;0.0;False;False;False;False;False;False;False;False;False;2;2;0;"[""ad"", ""aşk""]";[];[];[];[];[]
984;bu filmi kısacık yorumla anlatmak çok zor.;neutral;negative;0.0;0.5833333333333334;False;0.8571428571428571;0.14285714285714285;negative;0.0;0.5833333333333334;False;False;False;False;False;False;True;False;False;1;1;0;"[""zor""]";[];"[""çok""]";[];[];"[""modifier_detected""]"
985;izleyip izleyebileceğin en iyi film.;positive;positive;0.6111111111111112;0.0;True;0.6;0.2;positive;0.6111111111111112;0.0;True;False;False;False;False;False;True;False;False;1;1;0;"[""iyi""]";"[""film""]";"[""en""]";[];[];"[""modifier_detected""]"
986;leonardoya oscar vermeyenler bence çekemeyenlerdir.;positive;neutral;0.0;0.0;False;0.2;0.0;neutral;0.0;0.0;False;False;False;False;False;False;False;False;False;0;0;0;[];[];[];[];[];[]
987;söylenebilecek bir sey varmıı ızlemıyen kaldımı :D rose rosee:((((((((;positive;neutral;0.0;0.0;False;0.2222222222222222;0.0;neutral;0.0;0.0;False;False;False;False;False;False;False;False;False;0;0;0;[];[];[];[];[];[]
988;Filmde gerçekte titanik kazasından sağ kurtulan kişiyi oynatmış olsalardı bence çok daha etkili olurdu.;neutral;positive;0.19047619047619047;0.0;False;0.7857142857142857;0.14285714285714285;positive;0.19047619047619047;0.0;False;False;False;False;False;False;False;False;False;2;2;0;"[""gerçek"", ""sağ""]";"[""kişi""]";[];[];[];[]
989;Ayrıca bu kadar basit bir konu neden bu kadar abartılmış bilmiyorum belki müziğinden olabilir.;neutral;positive;0.1;0.0;False;0.8571428571428571;0.07142857142857142;positive;0.1;0.0;False;False;False;False;False;False;False;False;False;1;1;0;"[""basit""]";"[""konu""]";[];[];[];[]
990;Filmin müziği güzel ancak yalnızca filmi göz önüne alacak olursak puanların şişirilmiş olduğunu görürüz.;neutral;negative;0.45454545454545453;1.0625;False;0.9285714285714286;0.21428571428571427;negative;0.45454545454545453;1.0625;False;False;False;False;False;False;False;True;False;3;3;0;"[""güzel"", ""ancak"", ""gör""]";"[""müzik"", ""müzik""]";[];[];"[""ancak"", ""ancak""]";"[""contrast_detected"", ""contrast_detected""]"
991;benim için hayatımda izlediğim filmlerin en iyisi 10/10;positive;positive;0.6111111111111112;0.0;True;0.8888888888888888;0.1111111111111111;positive;0.6111111111111112;0.0;True;False;False;False;False;False;True;False;False;1;1;0;"[""iyi""]";[];"[""en""]";[];[];"[""modifier_detected""]"
992;hayatımda en çok izlediğim film kendisi.;positive;neutral;0.0;0.0;False;0.8333333333333334;0.0;neutral;0.0;0.0;False;False;False;False;False;False;False;False;False;0;0;0;[];[];[];[];[];[]
993;tekrar tekrar izlerim ve de bıkmam.;positive;negative;0.0;0.020833333333333332;False;0.8333333333333334;0.16666666666666666;negative;0.0;0.020833333333333332;False;False;False;False;False;False;False;False;False;1;1;0;"[""de""]";[];[];[];[];[]
994;izlemeyen varsa eğer bir an önce izlemesini öneririm.;positive;neutral;0.0;0.0;False;0.75;0.0;neutral;0.0;0.0;False;False;False;False;False;False;False;False;False;0;0;0;[];[];[];[];[];[]
995;tüm zamanların en filmlerinden bir tanesi.;positive;positive;0.25;0.0;True;1.0;0.16666666666666666;positive;0.25;0.0;True;False;False;False;False;False;False;False;False;1;1;0;"[""tüm""]";[];[];[];[];[]
996;unutulmaz ve unutulmayacak bir başyapıt.;positive;neutral;0.0;0.0;False;0.6;0.0;neutral;0.0;0.0;False;False;False;False;False;False;False;False;False;0;0;0;[];[];[];[];[];[]
997;izlemeyen kalmışmıdır bilmem ama şiddetle tavsiye ederim.;positive;negative;0.125;0.16666666666666666;False;0.5714285714285714;0.2857142857142857;negative;0.0;0.29166666666666663;False;False;False;False;False;True;True;True;False;2;2;0;"[""şiddet"", ""tavsiye""]";[];"[""şiddet""]";"[""bil""]";"[""ama"", ""ama""]";"[""contrast_detected"", ""negation_flip"", ""modifier_detected"", ""contrast_detected""]"
998;tam 3 saat boyunca sizi koltuklarınıza çiviliyor.;positive;positive;0.20833333333333334;0.045454545454545456;True;0.8571428571428571;0.2857142857142857;positive;0.20833333333333334;0.045454545454545456;True;False;False;False;False;False;False;False;False;2;2;0;"[""tam"", ""koltuk""]";"[""siz""]";[];[];[];[]
999;kız arkadaşınızla birlikte gitmenizi tavsiye ederim.;neutral;positive;0.625;0.0;False;0.8333333333333334;0.3333333333333333;positive;0.625;0.0;False;False;False;False;False;False;False;False;False;2;2;0;"[""arkadaş"", ""tavsiye""]";[];[];[];[];[]
1000;süper oluyo.:);positive;positive;0.5;0.0;True;0.5;0.5;positive;0.5;0.0;True;False;False;False;False;False;False;False;False;1;1;0;"[""süper""]";[];[];[];[];[]
1001;film i ilk izlediğimde film sonunda izlediğime pişman oldum çünkü hayatım da bir daha bir film den böyle zevk almıyacağımı biliyorum keşke izlemeseydim de ileride izlemekten müthiş zevk alacağım bir film olsaydı :);positive;negative;1.025;1.606060606060606;False;0.8125;0.28125;negative;0.5458333333333334;1.5852272727272727;False;False;False;False;False;True;True;False;True;9;8;1;"[""pişman"", ""da"", ""de"", ""zevk"", ""de"", ""ileri"", ""müthiş"", ""zevk"", ""al""]";"[""hayat"", ""zevk"", ""zevk""]";"[""sonunda"", ""böyle""]";"[""izle""]";[];"[""modifier_detected"", ""modifier_detected"", ""negation_flip"", ""suppressed_as_target""]"
1002;şaka bi tarafa başın da baş yapıtıı derler yaa işte öyle bir şeyy izlemeyen varmı bilmiyorum da böyle bir film herhalde 100 yılda bir gelirrr 10/10;positive;negative;0.0;0.045454545454545456;False;0.6666666666666666;0.07407407407407407;neutral;0.022727272727272728;0.022727272727272728;False;True;False;False;True;True;False;False;False;2;2;0;"[""da"", ""da""]";[];[];"[""bil""]";[];"[""negation_flip""]"
1003;yıllar geçse dahi unutulmayan bir baş yapıt.;positive;neutral;0.0;0.0;False;0.8571428571428571;0.0;neutral;0.0;0.0;False;False;False;False;False;False;False;False;False;0;0;0;[];[];[];[];[];[]
1004;bu fılmı ızlemıyen yasamasın :D;positive;neutral;0.0;0.0;False;0.6;0.0;neutral;0.0;0.0;False;False;False;False;False;False;False;False;False;0;0;0;[];[];[];[];[];[]
1005;yorumsuz bir sanat eseri duygulandıran bir aşk hikayesi.;positive;positive;1.0;0.0;True;0.875;0.125;positive;1.0;0.0;True;False;False;False;False;False;False;False;False;1;1;0;"[""aşk""]";[];[];[];[];[]
1006;Hayatında izledigim en güzel flim.;positive;positive;0.45454545454545453;0.0;True;0.6;0.2;positive;0.45454545454545453;0.0;True;False;False;False;False;False;True;False;False;1;1;0;"[""güzel""]";"[""flim""]";"[""en""]";[];[];"[""modifier_detected""]"
1007;her izledigimde aynı duyguları hisediyorum.;neutral;neutral;0.0;0.0;True;0.6;0.0;neutral;0.0;0.0;True;False;False;False;False;False;False;False;False;0;0;0;[];[];[];[];[];[]
1008;Arkadaşlar bu filmin puanı 9.3 mü?!! Diyecek sözüm yok.;neutral;positive;0.5;0.2851190476190476;False;1.0;0.4;positive;0.5;0.2851190476190476;False;False;False;False;False;False;False;False;False;4;4;0;"[""arkadaş"", ""de"", ""söz"", ""yok""]";[];[];[];[];[]
1009;Olacak iş değil.;neutral;neutral;0.0;0.0;True;1.0;0.0;neutral;0.0;0.0;True;False;False;False;False;False;False;False;False;0;0;0;[];[];[];[];[];[]
1010;Yani filmin hakkı 7 bilemedin 8.;neutral;positive;0.025;0.0;False;1.0;0.16666666666666666;positive;0.025;0.0;False;False;False;False;False;False;False;False;False;1;1;0;"[""hak""]";[];[];[];[];[]
1011;Tamam kötü film değildi ama 9.3 ...Şaka mı bu?;neutral;negative;0.16666666666666666;0.9;False;1.0;0.2;negative;0.0;1.0666666666666667;False;False;False;False;False;True;False;False;False;2;2;0;"[""tamam"", ""kötü""]";"[""film"", ""film""]";[];"[""değil""]";[];"[""negation_flip""]"
1012;Hep aynı kişiler mi puan veriyor anlamadım.;neutral;neutral;0.0;0.0;True;0.7142857142857143;0.0;neutral;0.0;0.0;True;False;False;False;False;False;False;False;False;0;0;0;[];[];[];[];[];[]
1013;Dünyanın hiç bir yerindeki en iyi filmler sıralamasında bu film ilk 500 de yok.;negative;positive;0.8767361111111112;0.7351190476190477;False;1.0;0.42857142857142855;positive;0.8767361111111112;0.7351190476190477;False;False;False;False;False;False;True;False;False;6;6;0;"[""hiç"", ""yer"", ""iyi"", ""sıralama"", ""de"", ""yok""]";"[""film"", ""film"", ""film"", ""film""]";"[""hiç"", ""en""]";[];[];"[""modifier_detected"", ""modifier_detected""]"
1014;Lütfen arkadaşlar abartmayın bunu bu kadart.;negative;positive;0.5;0.125;False;0.6666666666666666;0.3333333333333333;positive;0.625;0.0;False;False;False;False;False;True;False;False;False;2;2;0;"[""lütfen"", ""arkadaş""]";"[""bu""]";[];"[""abar""]";[];"[""negation_flip""]"
1015;Çok sevebilirsiniz ama 1 kişi 1 den fazla oy vermesin lütfen.;neutral;negative;0.0;0.14583333333333334;False;0.8181818181818182;0.18181818181818182;negative;0.0;0.14583333333333334;False;False;False;False;False;False;False;True;False;2;2;0;"[""de"", ""lütfen""]";"[""kişi""]";[];[];"[""ama""]";"[""contrast_detected""]"
1016;harıka suana kadar ızledıgım en muhtesem fılm;positive;neutral;0.0;0.0;False;0.2857142857142857;0.0;neutral;0.0;0.0;False;False;False;False;False;False;False;False;False;0;0;0;[];[];[];[];[];[]
1017;öncelikle film iyiydi ama bu filmi tutupta tüm zamanların en iyi filmi diye yazan arkadaşlar hayatında film izlememişler galiba bence bana kalsa 10 üzerinden 7 daha ötesine geçemez yüzüklerin efendisinin yanında bunu filmden bile sayamazlar;neutral;positive;1.9722222222222223;0.0;False;0.9428571428571428;0.11428571428571428;positive;1.4722222222222223;0.5;False;False;False;False;False;True;True;True;False;4;4;0;"[""iyi"", ""tüm"", ""iyi"", ""arkadaş""]";"[""film"", ""film"", ""film""]";"[""öncelik"", ""en""]";"[""izle"", ""say"", ""izle""]";"[""ama""]";"[""modifier_detected"", ""modifier_detected"", ""negation_flip"", ""contrast_detected""]"
1018;filmi her izleyişimde tekrar tekrar ağlayabiliyorum.;neutral;neutral;0.0;0.0;True;0.6666666666666666;0.0;neutral;0.0;0.0;True;False;False;False;False;False;False;False;False;0;0;0;[];[];[];[];[];[]
1019;..söze gerek yok.;neutral;negative;0.0;0.2642857142857143;False;1.0;0.6666666666666666;negative;0.0;0.2642857142857143;False;False;False;False;False;False;False;False;False;2;2;0;"[""söz"", ""yok""]";[];[];[];[];[]
1020;..harika bi yapım.;positive;positive;1.0;0.0;True;0.6666666666666666;0.3333333333333333;positive;1.0;0.0;True;False;False;False;False;False;False;False;False;1;1;0;"[""harika""]";[];[];[];[];[]
1021;muhtesem ötesi bir filmdi yoruma kesinlikle gerek yok;positive;negative;0.0;0.21428571428571427;False;0.875;0.125;negative;0.0;0.21428571428571427;False;False;False;False;False;False;False;False;False;1;1;0;"[""yok""]";[];[];[];[];[]
1022;İnsanı ağlatıp rahatlatan bir film.;positive;neutral;0.0;0.0;False;0.6;0.0;neutral;0.0;0.0;False;False;False;False;False;False;False;False;False;0;0;0;[];[];[];[];[];[]
1023;Filmin etkisini inanılmaz derecede aşılamışlar izleyiciye.;positive;positive;1.0;0.0;True;0.8333333333333334;0.16666666666666666;negative;0.0;1.0;False;True;False;True;False;True;False;False;False;1;1;0;"[""inanılmaz""]";[];[];"[""inan""]";[];"[""negation_flip""]"
1024;film dünyada ki en güzel film.;positive;positive;0.45454545454545453;0.0;True;1.0;0.16666666666666666;positive;0.45454545454545453;0.0;True;False;False;False;False;False;True;False;False;1;1;0;"[""güzel""]";"[""film""]";"[""en""]";[];[];"[""modifier_detected""]"
1025;zaten buna şüphe yok ki.;neutral;negative;0.0;0.21428571428571427;False;1.0;0.2;negative;0.0;0.21428571428571427;False;False;False;False;False;False;True;False;False;1;1;0;"[""yok""]";"[""şüphe""]";"[""zaten""]";[];[];"[""modifier_detected""]"
1026;kesinlikle filmin en orjinal cd sini alın bu filme neler verimez ki.;neutral;negative;0.0;0.16666666666666666;False;0.8333333333333334;0.08333333333333333;positive;0.16666666666666666;0.0;False;True;False;False;True;True;True;False;False;1;1;0;"[""al""]";"[""cd""]";"[""kesinlik""]";"[""ver""]";[];"[""negation_flip"", ""modifier_detected""]"
1027;Film hakkında yoruma gerek yok.;neutral;negative;0.025;0.21428571428571427;False;1.0;0.4;negative;0.025;0.21428571428571427;False;False;False;False;False;False;False;False;False;2;2;0;"[""hak"", ""yok""]";"[""gerek""]";[];[];[];[]
1028;Film harika ama ben oyuncular hakkında konuşacağım.;positive;positive;1.025;0.0;True;1.0;0.2857142857142857;positive;1.025;0.0;True;False;False;False;False;False;False;True;False;2;2;0;"[""harika"", ""hak""]";"[""film"", ""ben""]";[];[];"[""ama""]";"[""contrast_detected""]"
1029;Bir kere Leonardo DiCaprio mükemmel oynamış.;positive;positive;1.0;0.0;True;0.5;0.16666666666666666;positive;1.0;0.0;True;False;False;False;False;False;False;False;False;1;1;0;"[""mükemmel""]";"[""leonardo""]";[];[];[];[]
1030;Tam oscarlık.;positive;positive;0.20833333333333334;0.0;True;0.5;0.5;positive;0.20833333333333334;0.0;True;False;False;False;False;False;False;False;False;1;1;0;"[""tam""]";[];[];[];[];[]
1031;Hatta Billy Zane bile (Kurtlar vadisi Kuzey Irakta da züppe Amerikalı rolündeydi) cool ve snopluğu iyi vermiş.;positive;negative;0.6111111111111112;0.7727272727272727;False;0.7058823529411765;0.29411764705882354;negative;0.6111111111111112;0.7727272727272727;False;False;False;False;False;False;False;False;False;5;5;0;"[""ırak"", ""da"", ""züppe"", ""snop"", ""iyi""]";"[""billy"", ""cool""]";[];[];[];[]
1032;Tam bir zengin züppe rolünü oynamış.;neutral;positive;1.0208333333333333;0.25;False;0.8333333333333334;0.5;positive;1.0208333333333333;0.0;False;False;False;False;False;False;True;False;True;3;2;1;"[""tam"", ""zengin"", ""züppe""]";"[""züppe""]";"[""tam""]";[];[];"[""modifier_detected"", ""suppressed_as_target""]"
1033;Hatta yardımcı kaptan müzisyenler hepsi oynamış.;neutral;neutral;0.0;0.0;True;0.8333333333333334;0.0;neutral;0.0;0.0;True;False;False;False;False;False;False;False;False;0;0;0;[];[];[];[];[];[]
1034;Sadece Kate Winslet rolün altında kalmış.;neutral;neutral;0.0;0.0;True;0.6666666666666666;0.0;neutral;0.0;0.0;True;False;False;False;False;False;False;False;False;0;0;0;[];[];[];[];[];[]
1035;Kate Winsletin yaşlılığını oynayan Gloria Stuartda rolünün hakkını vermemiş.;positive;positive;0.025;0.0;True;0.3333333333333333;0.1111111111111111;negative;0.0;0.025;False;True;False;True;False;True;False;False;False;1;1;0;"[""hak""]";[];[];"[""ver""]";[];"[""negation_flip""]"
1036;Acaba Kate Winslet yerine Drew Barrymore daha mı başarılı olurdu.;neutral;positive;1.015625;0.0;False;0.6;0.2;positive;1.015625;0.0;False;False;False;False;False;False;True;False;False;2;2;0;"[""yer"", ""başarılı""]";"[""drew"", ""drew""]";"[""acaba"", ""daha""]";[];[];"[""modifier_detected""]"
1037;İnşallah diyorum Allaha banada böyle aşık olabilecek bir kadın çıkarır karşıma.;neutral;negative;0.0;0.020833333333333332;False;0.7272727272727273;0.09090909090909091;negative;0.0;0.020833333333333332;False;False;False;False;False;False;False;False;False;1;1;0;"[""de""]";[];[];[];[];[]
1038;..Filmle ilgili yorum yapmama gerek yoktur heralde.;neutral;negative;0.0;0.21428571428571427;False;0.7142857142857143;0.14285714285714285;negative;0.0;0.21428571428571427;False;False;False;False;False;False;False;False;False;1;1;0;"[""yok""]";[];[];[];[];[]
1039;tek kelimeyle 10numara izlemeyen warsa ki sanmıyorum ama warsada hayatında buyuk bı eksıklık war.;positive;neutral;0.0;0.0;False;0.42857142857142855;0.0;neutral;0.0;0.0;False;False;False;False;False;False;False;False;False;0;0;0;[];[];[];[];[];[]
1040;Titanik hayatım boyunca izlediğim en güzel film.;positive;positive;0.45454545454545453;0.0;True;0.7142857142857143;0.14285714285714285;positive;0.45454545454545453;0.0;True;False;False;False;False;False;True;False;False;1;1;0;"[""güzel""]";"[""film""]";"[""en""]";[];[];"[""modifier_detected""]"
1041;.. Kate Winslet ı seslendirmede Birtanem Candaner yapınca çok daha değerli oluyor benim için.;positive;neutral;0.0;0.0;False;0.6153846153846154;0.0;neutral;0.0;0.0;False;False;False;False;False;False;False;False;False;0;0;0;[];[];[];[];[];[]
1042;Kuytunun egemenliğinde zaman aşımına uğrayan liriksel bir dayatma.;neutral;negative;0.0;0.6875;False;1.0;0.25;negative;0.0;0.6875;False;False;False;False;False;False;False;False;False;2;2;0;"[""kuytu"", ""dayatma""]";[];[];[];[];[]
1043;..Abartılı kortej eşliğiyle sırt sırta vermiş kronik bir ısınma turu.;neutral;negative;0.0;0.25;False;0.9;0.1;negative;0.0;0.25;False;False;False;False;False;False;False;False;False;1;1;0;"[""abartılı""]";[];[];[];[];[]
1044;..Buram buram nümayiş kokan fazlalıklı bir alegorik kaş çatışı.;neutral;neutral;0.0;0.0;True;1.0;0.0;neutral;0.0;0.0;True;False;False;False;False;False;False;False;False;0;0;0;[];[];[];[];[];[]
1045;ya konusu çocukça doğru ama böyle bir şeyi harika bir film yapmak cesaret işidir.;positive;positive;1.5;0.0;True;0.9285714285714286;0.21428571428571427;positive;1.5;0.0;True;False;False;False;False;False;False;True;False;3;3;0;"[""doğru"", ""harika"", ""cesaret""]";"[""film"", ""şey""]";[];[];"[""ama""]";"[""contrast_detected""]"
1046;kaç kere izledim bilmiyorum bu filmi.;neutral;neutral;0.0;0.0;True;0.6666666666666666;0.0;neutral;0.0;0.0;True;False;False;False;False;False;False;False;False;0;0;0;[];[];[];[];[];[]
1047;ama her defasında aynı mutlulukla aynı heyecanla izliyorum.;positive;positive;1.0;0.0;True;0.875;0.125;positive;1.0;0.0;True;False;False;False;False;False;False;True;False;1;1;0;"[""mutluluk""]";[];[];[];"[""ama""]";"[""contrast_detected""]"
1048;bundan daha iyi bir felaket ve dram türünde film yapılacak mı acabaaa.;positive;positive;0.6111111111111112;0.5208333333333333;True;0.8333333333333334;0.25;positive;0.6111111111111112;0.5208333333333333;True;False;False;False;False;False;True;False;False;3;3;0;"[""iyi"", ""felaket"", ""dram""]";"[""felaket"", ""film""]";"[""daha""]";[];[];"[""modifier_detected""]"
1049;keşke yapılsa;neutral;neutral;0.0;0.0;True;0.5;0.0;neutral;0.0;0.0;True;False;False;False;False;False;False;False;False;0;0;0;[];[];[];[];[];[]
1050;Hayatımda beni etkisi altına alan en iyi filmlerden biri;positive;positive;0.6111111111111112;0.08333333333333333;True;1.0;0.2222222222222222;positive;0.6111111111111112;0.0;True;False;False;False;False;False;True;False;False;1;1;0;"[""iyi""]";"[""film""]";"[""en""]";[];[];"[""modifier_detected""]"
1051;Sinemaya yeni bir boyut kazandıran filmlerden bir tanesi.;positive;neutral;0.0;0.0;False;1.0;0.0;neutral;0.0;0.0;False;False;False;False;False;False;False;False;False;0;0;0;[];[];[];[];[];[]
1052;Dünya çapında elde ettiği hasılat nasıl bir film olduğunu anlatıyor zaten.;positive;neutral;0.0;0.0;False;0.9090909090909091;0.0;neutral;0.0;0.0;False;False;False;False;False;False;False;False;False;0;0;0;[];[];[];[];[];[]
1053;en etkileyici aşk masalı.;positive;positive;2.0;0.375;True;1.0;0.75;positive;2.0;0.375;True;False;False;False;False;False;False;False;False;3;3;0;"[""etkileyici"", ""aşk"", ""masal""]";[];[];[];[];[]
1054;hiç bir film bu filmin yerini alamaz bence;positive;negative;0.015625;0.6666666666666666;False;1.0;0.375;negative;0.16666666666666666;0.515625;False;False;False;False;False;True;False;False;False;3;3;0;"[""hiç"", ""yer"", ""al""]";"[""film"", ""film""]";[];"[""al"", ""al""]";[];"[""negation_flip"", ""negation_flip""]"
1055;Yapılmıs en guzel fılmlerden biri.;positive;negative;0.0;0.08333333333333333;False;0.4;0.2;negative;0.0;0.08333333333333333;False;False;False;False;False;False;False;False;False;1;1;0;"[""biri""]";[];[];[];[];[]
1056;Fazla söze gerek yok sanırım.;neutral;negative;0.0;0.2642857142857143;False;1.0;0.4;negative;0.0;0.2642857142857143;False;False;False;False;False;False;False;False;False;2;2;0;"[""söz"", ""yok""]";[];[];[];[];[]
1057;Adan Zye bir basyapıt.;positive;neutral;0.0;0.0;False;0.5;0.0;neutral;0.0;0.0;False;False;False;False;False;False;False;False;False;0;0;0;[];[];[];[];[];[]
1058;Tesekkurler Cameron.;positive;neutral;0.0;0.0;False;0.0;0.0;neutral;0.0;0.0;False;False;False;False;False;False;False;False;False;0;0;0;[];[];[];[];[];[]
1059;Tesekkurler Di Caprio.;positive;neutral;0.0;0.0;False;0.3333333333333333;0.0;neutral;0.0;0.0;False;False;False;False;False;False;False;False;False;0;0;0;[];[];[];[];[];[]
1060;Tesekkurljher Winslet.;positive;neutral;0.0;0.0;False;0.0;0.0;neutral;0.0;0.0;False;False;False;False;False;False;False;False;False;0;0;0;[];[];[];[];[];[]
1061;.Emegi gecen herkese tesekkurler;positive;neutral;0.0;0.0;False;0.5;0.0;neutral;0.0;0.0;False;False;False;False;False;False;False;False;False;0;0;0;[];[];[];[];[];[]
1062;fazla söze gerek yok 10/10 luk bi film;positive;negative;0.0;0.2642857142857143;False;0.7777777777777778;0.2222222222222222;negative;0.0;0.2642857142857143;False;False;False;False;False;False;True;False;False;2;2;0;"[""söz"", ""yok""]";[];"[""fazla""]";[];[];"[""modifier_detected""]"
1063;ismini duyduğumda bile filmi izlemiş gibi oluyorum.;neutral;neutral;0.0;0.0;True;0.8571428571428571;0.0;neutral;0.0;0.0;True;False;False;False;False;False;False;False;False;0;0;0;[];[];[];[];[];[]
1064;sahneleri bir bir canlanıyor gözümün önünde.;neutral;neutral;0.0;0.0;True;0.8333333333333334;0.0;neutral;0.0;0.0;True;False;False;False;False;False;False;False;False;0;0;0;[];[];[];[];[];[]
1065;.tanrım bir film ancak bu kadar etkileyici olabilir.;positive;positive;1.0;0.0625;True;1.0;0.25;positive;1.0;0.0625;True;False;False;False;False;False;False;False;False;2;2;0;"[""ancak"", ""etkileyici""]";"[""film""]";[];[];[];[]
1066;..listemde 1 numaradır yeri sarsılmaz .;positive;negative;0.015625;0.125;False;0.8;0.4;positive;0.125;0.0;True;True;True;False;False;True;False;False;True;2;1;1;"[""numara"", ""yer""]";"[""yer""]";[];"[""sarsıl"", ""sarsıl""]";[];"[""negation_flip"", ""suppressed_as_target""]"
1067;bence tüm zamanların en iyi filmi olmayı hakediyor.;positive;positive;0.8611111111111112;0.0;True;0.875;0.25;positive;0.8611111111111112;0.0;True;False;False;False;False;False;True;False;False;2;2;0;"[""tüm"", ""iyi""]";"[""film""]";"[""en""]";[];[];"[""modifier_detected""]"
1068;film öylesine gerçekçi yapilmış ki film bittikten sonra kendimi o zamandan alamadım.;positive;negative;0.0;0.16666666666666666;False;0.8333333333333334;0.08333333333333333;positive;0.16666666666666666;0.0;True;True;True;False;False;True;False;False;False;1;1;0;"[""al""]";"[""kendi""]";[];"[""al""]";[];"[""negation_flip""]"
1069;teşekkürler jack teşekkürler rose teşekkürler james cameron;positive;positive;3.0;0.0;True;0.42857142857142855;0.42857142857142855;positive;3.0;0.0;True;False;False;False;False;False;False;False;False;3;3;0;"[""teşekkür"", ""teşekkür"", ""teşekkür""]";"[""rose"", ""rose"", ""james""]";[];[];[];[]
1070;Bende çok beğenmiştim ve eski kız arkadaşımla tam 13 kez bu filme gittik.;positive;positive;0.7083333333333334;0.16666666666666666;True;0.8461538461538461;0.23076923076923078;positive;0.20833333333333334;0.16666666666666666;True;False;False;False;False;False;False;False;True;3;2;1;"[""eski"", ""arkadaş"", ""tam""]";"[""arkadaş""]";[];[];[];"[""suppressed_as_target""]"
1071;her seferindede yanımızda yeni insanlar vardı.;neutral;neutral;0.0;0.0;True;0.8333333333333334;0.0;neutral;0.0;0.0;True;False;False;False;False;False;False;False;False;0;0;0;[];[];[];[];[];[]
1072;Bu tam 3 5 hafta gibi bir zaman sürdü.;neutral;positive;0.20833333333333334;0.0;False;0.8888888888888888;0.1111111111111111;positive;0.20833333333333334;0.0;False;False;False;False;False;False;False;False;False;1;1;0;"[""tam""]";[];[];[];[];[]
1073;güzel ve özel bir film oldu benim için.;positive;positive;0.5545454545454546;0.0;True;1.0;0.25;positive;0.5545454545454546;0.0;True;False;False;False;False;False;False;False;False;2;2;0;"[""güzel"", ""özel""]";"[""film""]";[];[];[];[]
1074;hani bazen kelimeler tükenir birşey yazamaz konuşamazsın ya tıtanıcin kalbimdeki yeri aynen öyle.;positive;negative;0.015625;0.15625;False;0.8461538461538461;0.15384615384615385;negative;0.015625;0.15625;False;False;False;False;False;False;False;False;False;2;2;0;"[""kalp"", ""yer""]";[];[];[];[];[]
1075;.iyi bir film sever için %90 bu film bir numaradır.;positive;positive;0.6111111111111112;0.125;True;0.9;0.2;positive;0.6111111111111112;0.125;True;False;False;False;False;False;False;False;False;2;2;0;"[""iyi"", ""numara""]";"[""film""]";[];[];[];[]
1076;kimse bu filmi hiçbir şekilde dışlayamaz.;positive;neutral;0.0;0.0;False;0.8333333333333334;0.0;neutral;0.0;0.0;False;False;False;False;False;False;False;False;False;0;0;0;[];[];[];[];[];[]
1077;.gerek kadrosu yönetmeni v.s herşeyi ile oscara boğulan bu yapımı hiçbir filme değişemem.;positive;neutral;0.0;0.0;False;0.7857142857142857;0.0;neutral;0.0;0.0;False;False;False;False;False;False;False;False;False;0;0;0;[];[];[];[];[];[]
1078;.yıllarca bir numaram olacaksın.;positive;negative;0.0;0.125;False;1.0;0.25;negative;0.0;0.125;False;False;False;False;False;False;False;False;False;1;1;0;"[""numara""]";[];[];[];[];[]
1079;.batsanda batmasanda.;neutral;neutral;0.0;0.0;True;0.0;0.0;neutral;0.0;0.0;True;False;False;False;False;False;False;False;False;0;0;0;[];[];[];[];[];[]
1080;basit diyaloglar müziğin koltuk değneklerine tutunmuş sakat bir film.;negative;negative;0.1;1.0454545454545454;True;0.8888888888888888;0.3333333333333333;negative;0.1;1.0454545454545454;True;False;False;False;False;False;False;False;False;3;3;0;"[""basit"", ""koltuk"", ""sakat""]";"[""diyalog"", ""film""]";[];[];[];[]
1081;hatta ergen kız filmi.;neutral;neutral;0.0;0.0;True;1.0;0.0;neutral;0.0;0.0;True;False;False;False;False;False;False;False;False;0;0;0;[];[];[];[];[];[]
1082;leonardo di caprio olmasaydı ergen kız filmi bile olamazdı.;negative;neutral;0.0;0.0;False;0.7777777777777778;0.0;neutral;0.0;0.0;False;False;False;False;False;False;False;False;False;0;0;0;[];[];[];[];[];[]
1083;"""Süper bir film oyunculukları olsun konusu olsan herşeyi ile bir harika zaten unutulmaz klasikler arasında bir film""""""";positive;positive;1.5;0.3333333333333333;True;0.8823529411764706;0.17647058823529413;positive;1.5;0.3333333333333333;True;False;False;False;False;False;False;False;False;3;3;0;"[""süper"", ""oyunculuk"", ""harika""]";"[""film"", ""film""]";[];[];[];[]
1084;süper bir film hiç bir film yerini yutamaz benim için;positive;positive;0.515625;0.5;True;0.9;0.3;negative;0.5;0.515625;False;True;False;True;False;True;False;False;False;3;3;0;"[""süper"", ""hiç"", ""yer""]";"[""film"", ""film""]";[];"[""yut""]";[];"[""negation_flip""]"
1085;beni sinemanın büyülü atmosferine çeken duygu yüklü romantik bir film.;positive;positive;0.3333333333333333;0.15625;True;1.0;0.2;positive;0.3333333333333333;0.15625;True;False;False;False;False;False;False;False;False;2;2;0;"[""büyülü"", ""yüklü""]";"[""atmosfer"", ""film""]";[];[];[];[]
1086;Bütün ihtişamıyla nesilden nesle geçecek bir baş yapıt.;positive;neutral;0.0;0.0;False;1.0;0.0;neutral;0.0;0.0;False;False;False;False;False;False;False;False;False;0;0;0;[];[];[];[];[];[]
1087;izlerken bana ordaymış hissi veren nadir filmlerden.;positive;neutral;0.0;0.0;False;0.5714285714285714;0.0;neutral;0.0;0.0;False;False;False;False;False;False;False;False;False;0;0;0;[];[];[];[];[];[]
1088;tek kelimeyle mükemmel bir şaheser.;positive;positive;1.5;0.0;True;1.0;0.4;positive;1.0;0.0;True;False;False;False;False;False;False;False;True;2;1;1;"[""mükemmel"", ""şaheser""]";"[""şaheser""]";[];[];[];"[""suppressed_as_target""]"
1089;Kazandığı bütün ödülleri hakeden bir yapım.;positive;positive;0.75;0.0;True;0.8333333333333334;0.16666666666666666;positive;0.75;0.0;True;False;False;False;False;False;False;False;False;1;1;0;"[""ödül""]";[];[];[];[];[]
1090;Süresi uzun olsa da izlerken hiç öyle gelmiyor film hiç bitemsin istiyosunuz.;positive;negative;0.0;1.0227272727272727;False;0.6666666666666666;0.25;negative;0.5;0.5227272727272727;False;False;False;False;False;True;False;False;False;3;3;0;"[""da"", ""hiç"", ""hiç""]";"[""süre""]";[];"[""bit""]";[];"[""negation_flip""]"
1091;aylarca sinema salonlarından inmeyen kapalı kişe oynayan izleyenlerin bir daha izlemek istediği titanik kadar uzun 4 saatlik şahaser;positive;negative;0.0;0.05555555555555555;False;0.6111111111111112;0.05555555555555555;negative;0.0;0.05555555555555555;False;False;False;False;False;False;False;False;False;1;1;0;"[""kapalı""]";"[""kişe""]";[];[];[];[]
1092;titanik yüzyılın filmi bu kadar güzel bir filmi hayatımda görmedim.;positive;negative;0.45454545454545453;1.0;False;0.9;0.2;positive;1.4545454545454546;0.0;True;True;True;False;False;True;False;False;False;2;2;0;"[""güzel"", ""gör""]";"[""film"", ""film""]";[];"[""gör""]";[];"[""negation_flip""]"
1093;bidaha bu kadar etkileyici bir hikaye daha geleceği sanmıyorum.;positive;positive;1.0;0.0;True;0.8888888888888888;0.1111111111111111;positive;1.0;0.0;True;False;False;False;False;False;False;False;False;1;1;0;"[""etkileyici""]";[];[];[];[];[]
1094;Tartışmasız bu güne kadar çekilmiş en iyi film.;positive;positive;0.6111111111111112;0.0;True;0.875;0.125;positive;0.6111111111111112;0.0;True;False;False;False;False;False;True;False;False;1;1;0;"[""iyi""]";"[""film""]";"[""en""]";[];[];"[""modifier_detected""]"
1095;bu kadar çocukca bir film hayatımda görmedim çok kro kültüre sahip;positive;negative;0.0;1.0;False;0.8181818181818182;0.09090909090909091;positive;1.0;0.0;True;True;True;False;False;True;False;False;False;1;1;0;"[""gör""]";[];[];"[""gör""]";[];"[""negation_flip""]"
1096;bence yüzyılın filmi ama top 10 da bile yok;neutral;negative;0.0;0.237012987012987;False;1.0;0.2222222222222222;negative;0.0;0.237012987012987;False;False;False;False;False;False;False;True;False;2;2;0;"[""da"", ""yok""]";"[""top""]";[];[];"[""ama""]";"[""contrast_detected""]"
1097;romantik filmden hoşlananların kesinlikle kaçırmaması gereken bir film.;positive;neutral;0.0;0.0;False;0.75;0.0;neutral;0.0;0.0;False;False;False;False;False;False;False;False;False;0;0;0;[];[];[];[];[];[]
1098;zevkle izlenen çok güzel bir film:D;positive;positive;0.9545454545454546;0.0;True;0.8571428571428571;0.2857142857142857;positive;0.9545454545454546;0.0;True;False;False;False;False;False;True;False;False;2;2;0;"[""zevk"", ""güzel""]";"[""film""]";"[""çok""]";[];[];"[""modifier_detected""]"
1099;gerçekten bi filmi içinde hissetmek mi istiyosun al sana titanic yok böle bişey yaa 10 üzerinden 1000 veriyorum ben bu filme;positive;negative;0.0;0.6309523809523809;False;0.7142857142857143;0.14285714285714285;negative;0.0;0.6309523809523809;False;False;False;False;False;False;True;False;False;3;3;0;"[""hisset"", ""al"", ""yok""]";"[""titanic""]";"[""böle""]";[];[];"[""modifier_detected""]"
1100;Olağanüstü bir film ve hayatımda ağladığım ilk ve tek filmdir;positive;positive;0.6666666666666666;0.0;True;0.9;0.1;positive;0.6666666666666666;0.0;True;False;False;False;False;False;False;False;False;1;1;0;"[""olağanüstü""]";"[""film""]";[];[];[];[]
1101;Ayrıca bence en iyi müzikler de yine bu filme ait(Y);positive;positive;0.6111111111111112;0.020833333333333332;True;1.0;0.18181818181818182;positive;0.6111111111111112;0.020833333333333332;True;False;False;False;False;False;True;False;False;2;2;0;"[""iyi"", ""de""]";"[""müzik""]";"[""en""]";[];[];"[""modifier_detected""]"
1102;En iyi romantik ve felaket filmi.;positive;positive;0.6111111111111112;0.3333333333333333;True;1.0;0.3333333333333333;positive;0.6111111111111112;0.3333333333333333;True;False;False;False;False;False;True;False;False;2;2;0;"[""iyi"", ""felaket""]";[];"[""en""]";[];[];"[""modifier_detected""]"
1103;.. Efektler oyunculuk.;neutral;negative;0.0;0.3333333333333333;False;1.0;0.5;negative;0.0;0.3333333333333333;False;False;False;False;False;False;False;False;False;1;1;0;"[""oyunculuk""]";"[""efekt""]";[];[];[];[]
1104;.. herşey muhteşem.;positive;positive;0.5;0.0;True;0.5;0.5;positive;0.5;0.0;True;False;False;False;False;False;False;False;False;1;1;0;"[""muhteşem""]";"[""herşey""]";[];[];[];[]
1105;11 oscarı hak eden bir film;positive;positive;0.025;0.0;True;0.8333333333333334;0.16666666666666666;positive;0.025;0.0;True;False;False;False;False;False;False;False;False;1;1;0;"[""hak""]";"[""oscarı""]";[];[];[];[]
1106;çok güzel çekmişler izlediğim en iyi filmlerdendi;positive;positive;1.0656565656565657;0.0;True;0.8571428571428571;0.2857142857142857;positive;1.0656565656565657;0.0;True;False;False;False;False;False;True;False;False;2;2;0;"[""güzel"", ""iyi""]";[];"[""çok"", ""en""]";[];[];"[""modifier_detected"", ""modifier_detected""]"
1107;Bu film için hiç bir yorum yetmez o kadar güzel gerçekçiki insan izlemeye doyamıyor.;positive;positive;0.5378787878787878;0.5;True;0.8571428571428571;0.21428571428571427;negative;0.45454545454545453;0.5833333333333334;False;True;False;True;False;True;False;False;False;3;3;0;"[""hiç"", ""güzel"", ""gerçek""]";"[""insan""]";[];"[""yet""]";[];"[""negation_flip""]"
1108;bütün oyuncular o kadar rollerini güzel oynuyorki bu filmi izlemeyen varsa hemen izlesin derim(izlemeyen varmıdır ki?:);positive;positive;0.45454545454545453;0.020833333333333332;True;0.7058823529411765;0.11764705882352941;positive;0.45454545454545453;0.020833333333333332;True;False;False;False;False;False;False;False;False;2;2;0;"[""güzel"", ""de""]";"[""oyuncu""]";[];[];[];[]
1109;aslında TİTANİK diyince yoruma gerek yok filimin adı yetiyor titanik o kadar büyüleyici bir filmki insanları sanki o sürüklüyor yönetmenin ve oyuncuların ustalıkları filimi unutulmaz ve filim koleksiyoncuları için bir vaz geçilmez yapıyor bugün bile izlediğimde ilk izlediğimdeki duyguyu yaşıyorum bence filmin çekildiği sene tüm oscarları vermeleri gerekirmişti :D:D:D:D:D;positive;positive;2.708333333333333;0.21428571428571427;True;0.7358490566037735;0.11320754716981132;positive;2.708333333333333;0.21428571428571427;True;False;False;False;False;False;False;False;False;6;6;0;"[""yok"", ""ad"", ""büyüleyici"", ""ustalık"", ""yaşa"", ""tüm""]";"[""gerek"", ""titanik"", ""duygu""]";[];[];[];[]
1110;gördügüm en güzel romantik ve dram filmi.;positive;positive;0.45454545454545453;0.1875;True;0.8571428571428571;0.2857142857142857;positive;0.45454545454545453;0.1875;True;False;False;False;False;False;True;False;False;2;2;0;"[""güzel"", ""dram""]";[];"[""en""]";[];[];"[""modifier_detected""]"
1111;..unutulmaz bi eser.;positive;neutral;0.0;0.0;False;0.3333333333333333;0.0;neutral;0.0;0.0;False;False;False;False;False;False;False;False;False;0;0;0;[];[];[];[];[];[]
1112;..her saniyesinde agladım.;neutral;neutral;0.0;0.0;True;0.6666666666666666;0.0;neutral;0.0;0.0;True;False;False;False;False;False;False;False;False;0;0;0;[];[];[];[];[];[]
1113;...hele sonunda.;neutral;neutral;0.0;0.0;True;1.0;0.0;neutral;0.0;0.0;True;False;False;False;False;False;False;False;False;0;0;0;[];[];[];[];[];[]
1114;bu film hayatımda izlediğim en güzel aşk filmi babam we oğlumdan sonra ağladığım ilk film süper film müzikleri ile sanki o filmde sizde oynuyormussunuz gibi oluyor senaryo kurgu ve işleniş bakımından harikaydı süperdi yani izleyin kaçırmayınnn:);positive;positive;3.5438311688311686;0.0;True;0.8055555555555556;0.16666666666666666;positive;3.4545454545454546;0.0;True;False;False;False;False;False;True;False;True;6;5;1;"[""güzel"", ""aşk"", ""baba"", ""süper"", ""harika"", ""süper""]";"[""film"", ""baba"", ""film"", ""kurgu"", ""film""]";"[""en""]";[];[];"[""modifier_detected"", ""suppressed_as_target""]"
1115;bu film tüm zamanların en çok hasılat yapan filmidir.;positive;positive;0.25;0.0;True;0.8888888888888888;0.1111111111111111;positive;0.25;0.0;True;False;False;False;False;False;False;False;False;1;1;0;"[""tüm""]";[];[];[];[];[]
1116;ımdbde yazdığına göre 1 milyar 850 milyon dolar civarı bi hasılat yapmış.;neutral;neutral;0.0;0.0;True;0.6666666666666666;0.0;neutral;0.0;0.0;True;False;False;False;False;False;False;False;False;0;0;0;[];[];[];[];[];[]
1117;inanılmaz..;positive;positive;1.0;0.0;True;1.0;1.0;negative;0.0;1.0;False;True;False;True;False;True;False;False;False;1;1;0;"[""inanılmaz""]";[];[];"[""inan""]";[];"[""negation_flip""]"
1118;Titanik hayatımda yeri en özel olan filmdir.;positive;positive;0.115625;0.0;True;0.8571428571428571;0.2857142857142857;positive;0.115625;0.0;True;False;False;False;False;False;True;False;False;2;2;0;"[""yer"", ""özel""]";[];"[""en""]";[];[];"[""modifier_detected""]"
1119;.Kate Winslete bu filmde aşık olmuşumdur ayrıca resim yapabilme yeteneğimin olmasını çok istediğimden Jackin resmi beni çok etkilemiştir.;positive;neutral;0.0;0.0;False;0.6666666666666666;0.0;neutral;0.0;0.0;False;False;False;False;False;False;False;False;False;0;0;0;[];[];[];[];[];[]
1120;.Kurgusuyla senaryosuyla müziği ve oyunculuklarıyla benim gönlümde Dünyanın en iyi filmi unvanını kazanmıştır.;positive;positive;0.6111111111111112;0.3333333333333333;True;1.0;0.15384615384615385;positive;0.6111111111111112;0.3333333333333333;True;False;False;False;False;False;True;False;False;2;2;0;"[""oyunculuk"", ""iyi""]";"[""film""]";"[""en""]";[];[];"[""modifier_detected""]"
1121;.My heart will go on.;neutral;neutral;0.0;0.0;True;0.2;0.0;neutral;0.0;0.0;True;False;False;False;False;False;False;False;False;0;0;0;[];[];[];[];[];[]
1122;bu filmi ilk izlediğimde ağladım ve ağladığım tek film bu;neutral;neutral;0.0;0.0;True;0.7;0.0;neutral;0.0;0.0;True;False;False;False;False;False;False;False;False;0;0;0;[];[];[];[];[];[]
1123;bu filmi 8-10 kere izledim.;neutral;neutral;0.0;0.0;True;0.8333333333333334;0.0;neutral;0.0;0.0;True;False;False;False;False;False;False;False;False;0;0;0;[];[];[];[];[];[]
1124;izlemekten hiç bıkmadığım bir film.;positive;negative;0.0;0.5;False;0.6;0.2;positive;0.5;0.0;True;True;True;False;False;True;False;False;False;1;1;0;"[""hiç""]";[];[];"[""bık""]";[];"[""negation_flip""]"
1125;eğer beğenmeyen varsa hiçbirşeyen anlamıyor demektir;positive;negative;0.0;0.020833333333333332;False;0.5;0.16666666666666666;positive;0.020833333333333332;0.0;True;True;True;False;False;True;False;False;False;1;1;0;"[""de""]";[];[];"[""anla""]";[];"[""negation_flip""]"
1126;catherinelinton ark.;neutral;neutral;0.0;0.0;True;0.5;0.0;neutral;0.0;0.0;True;False;False;False;False;False;False;False;False;0;0;0;[];[];[];[];[];[]
1127;dediğin gibi Filmi ilk çıktığı zamanlar yere göğe sığdıramayıp şimdi aşağılayan bir sürü insan gördüm.;neutral;negative;0.015625;1.2083333333333333;False;0.8;0.26666666666666666;negative;0.015625;1.2083333333333333;False;False;False;False;False;False;False;False;False;4;4;0;"[""de"", ""yer"", ""sürü"", ""gör""]";"[""insan"", ""film"", ""insan""]";[];[];[];[]
1128;Yok 11 oscarı haketmedi yok saçma romantik vs.;negative;negative;0.0;0.7285714285714285;True;0.625;0.375;positive;0.42857142857142855;0.3;False;True;False;True;False;True;False;False;False;3;3;0;"[""yok"", ""yok"", ""saçma""]";"[""oscarı"", ""oscarı"", ""romantik""]";[];"[""haket"", ""haket""]";[];"[""negation_flip"", ""negation_flip""]"
1129;bu yoruma katılıyorum.;neutral;neutral;0.0;0.0;True;0.6666666666666666;0.0;neutral;0.0;0.0;True;False;False;False;False;False;False;False;False;0;0;0;[];[];[];[];[];[]
1130;""".. TİTANİC gelmiş geçmiş en mükemmel film gerçek bir felaketten esinlenilmiş harika bir eser titanici izlemeye bıkmadım ve bıkmıycam james camerona ayrıca tşkler ediyorum""""""";positive;positive;2.083333333333333;0.3833333333333333;True;0.6086956521739131;0.21739130434782608;positive;2.083333333333333;0.3833333333333333;True;False;False;False;False;False;True;False;False;5;5;0;"[""geçmiş"", ""mükemmel"", ""gerçek"", ""felaket"", ""harika""]";"[""film"", ""film"", ""felaket"", ""film"", ""eser""]";"[""en""]";[];[];"[""modifier_detected""]"
1131;mükemmel bir aşk filmi oyunculuklar mükemmel bravo;positive;positive;4.0;0.3333333333333333;True;1.0;0.7142857142857143;positive;4.0;0.3333333333333333;True;False;False;False;False;False;False;False;False;5;5;0;"[""mükemmel"", ""aşk"", ""oyunculuk"", ""mükemmel"", ""bravo""]";"[""film"", ""film"", ""bravo"", ""oyunculuk""]";[];[];[];[]
1132;James Cameron bu filmle en beğendiğim yönetmenler arasına girdi.;positive;neutral;0.0;0.0;False;0.5555555555555556;0.0;neutral;0.0;0.0;False;False;False;False;False;False;False;False;False;0;0;0;[];[];[];[];[];[]
1133;Bilgisayar kullanılmış olmasına rağmen içerikle uyum sağlamış ve göze batmamış.;positive;negative;0.0;0.5;False;0.8;0.1;negative;0.0;0.5;False;False;False;False;False;False;False;False;False;1;1;0;"[""rağmen""]";[];[];[];[];[]
1134;Hem eğlence hem aşk hem hüzün hem de hayat dersi barındırıyor film.;positive;positive;1.5833333333333335;1.0208333333333333;True;0.9166666666666666;0.3333333333333333;positive;1.5833333333333335;1.0208333333333333;True;False;False;False;False;False;False;False;False;4;4;0;"[""eğlence"", ""aşk"", ""hüzün"", ""de""]";"[""ders""]";[];[];[];[]
1135;Tabiki en öne çıkan konusu aşk.;neutral;positive;1.0;0.0;False;0.6666666666666666;0.16666666666666666;positive;1.0;0.0;False;False;False;False;False;False;True;False;False;1;1;0;"[""aşk""]";"[""konu""]";"[""tabiki""]";[];[];"[""modifier_detected""]"
1136;Film heyecanlandırıyor mutlu ediyor nefessiz bırakıyor.;positive;positive;1.0;0.0;True;0.6666666666666666;0.16666666666666666;positive;1.0;0.0;True;False;False;False;False;False;False;False;False;1;1;0;"[""mutlu""]";[];[];[];[];[]
1137;Özenilmiş ve detaylara önem verilmiş olduğu anlaşılıyor.;positive;positive;0.25;0.0;True;0.7142857142857143;0.14285714285714285;positive;0.25;0.0;True;False;False;False;False;False;False;False;False;1;1;0;"[""önem""]";[];[];[];[];[]
1138;Herkes de rolunun hakkını fazlasıyla vermiş.;positive;positive;0.025;0.020833333333333332;True;0.6666666666666666;0.3333333333333333;positive;0.025;0.020833333333333332;True;False;False;False;False;False;False;False;False;2;2;0;"[""de"", ""hak""]";"[""herkes""]";[];[];[];[]
1139;Filmi izleyince sanki gerçekten 1910 ları görüyorsun gibi oluyor.;neutral;negative;0.0;1.0;False;0.6666666666666666;0.1111111111111111;negative;0.0;1.0;False;False;False;False;False;False;True;False;False;1;1;0;"[""gör""]";[];"[""sanki"", ""gerçekten""]";[];[];"[""modifier_detected""]"
1140;Müzikler çok yerinde kullanılmış ve filmin havasını çok iyi yansıtıyor kurgusu da çok yerinde ve göze batan saçma gelen hiçnirşey yok.;positive;positive;0.7495039682539683;0.5370129870129869;True;0.8095238095238095;0.3333333333333333;positive;0.6423611111111112;0.5370129870129869;True;False;False;False;False;False;True;False;True;7;6;1;"[""yer"", ""hava"", ""iyi"", ""da"", ""yer"", ""saçma"", ""yok""]";"[""müzik"", ""hava"", ""kurgu"", ""hiçnirşey"", ""hiçnirşey""]";"[""çok""]";[];[];"[""suppressed_as_target"", ""modifier_detected""]"
1141;Oyuncular da oynadıkları karakterler için iyi seçilmiş.;positive;positive;0.6111111111111112;0.022727272727272728;True;0.8571428571428571;0.2857142857142857;positive;0.6111111111111112;0.022727272727272728;True;False;False;False;False;False;False;False;False;2;2;0;"[""da"", ""iyi""]";"[""oyuncu""]";[];[];[];[]
1142;Batış sahnesinde müzisyenlerin sonkez dönüp de çaldığı müzik harika.;positive;positive;1.0;0.020833333333333332;True;0.7777777777777778;0.2222222222222222;positive;1.0;0.020833333333333332;True;False;False;False;False;False;False;False;False;2;2;0;"[""de"", ""harika""]";"[""müzik""]";[];[];[];[]
1143;Bu filmi güzelleştiren bence bunlar.;positive;neutral;0.0;0.0;False;0.8;0.0;neutral;0.0;0.0;False;False;False;False;False;False;False;False;False;0;0;0;[];[];[];[];[];[]
1144;İzlediğim en Muhteşem Film.;positive;positive;0.5;0.0;True;0.75;0.25;positive;0.5;0.0;True;False;False;False;False;False;True;False;False;1;1;0;"[""muhteşem""]";"[""film""]";"[""en""]";[];[];"[""modifier_detected""]"
1145;çk güzel bir film ama nedense bu filmi sevemeğende çk.;positive;positive;0.45454545454545453;0.0;True;0.7;0.1;positive;0.45454545454545453;0.0;True;False;False;False;False;False;False;True;False;1;1;0;"[""güzel""]";"[""film""]";[];[];"[""ama""]";"[""contrast_detected""]"
1146;.imdb de puanı 7.2 gibi hiçde bu filme yakışmayan bi puanı var.;neutral;negative;0.0;0.020833333333333332;False;0.6923076923076923;0.07692307692307693;negative;0.0;0.020833333333333332;False;False;False;False;False;False;False;False;False;1;1;0;"[""de""]";[];[];[];[];[]
1147;bu film hakkında yorum yapmak ne kadar dogru bılmıyorum.;neutral;positive;0.025;0.0;False;0.6666666666666666;0.1111111111111111;positive;0.025;0.0;False;False;False;False;False;False;False;False;False;1;1;0;"[""hak""]";[];[];[];[];[]
1148;cunku hemen hemen herkes filmin ne kadar muhtesem bi şey oldugunu yazmıs ama bende tekrarlıyayım kesinlikle gelmiş gecmiş en iyi bi kaç filmden biridir ve olurda hala ızleme fırsatınız olmamıssa hc dusunmeden izleyin derim.;positive;positive;0.6111111111111112;0.10416666666666666;True;0.6176470588235294;0.08823529411764706;positive;0.6111111111111112;0.10416666666666666;True;False;False;False;False;False;True;False;False;3;3;0;"[""iyi"", ""biri"", ""de""]";"[""film"", ""herkes""]";"[""en""]";[];[];"[""modifier_detected""]"
1149;filmi her izlediğimde bambaşka ayrıntıların görüldüğü hem teknik hem de duygu yönüyle 10 numara dedirten bir yapım.;positive;negative;0.0;1.1666666666666665;False;0.9411764705882353;0.23529411764705882;negative;0.0;1.0416666666666665;False;False;False;False;False;False;False;False;True;4;3;1;"[""gör"", ""de"", ""numara"", ""de""]";"[""ayrıntı"", ""numara""]";[];[];[];"[""suppressed_as_target""]"
1150;Yonetmenın ve oyuncuların tam anlamıyla bır saheser yarattıgı fılm tıtanık.;positive;positive;0.20833333333333334;0.0;True;0.4;0.1;positive;0.20833333333333334;0.0;True;False;False;False;False;False;False;False;False;1;1;0;"[""tam""]";[];[];[];[];[]
1151;Tvde her rastladıgımda tekrar tekrar ızledıgım bır fılm.;positive;neutral;0.0;0.0;False;0.375;0.0;neutral;0.0;0.0;False;False;False;False;False;False;False;False;False;0;0;0;[];[];[];[];[];[]
1152;Bence gelecek nesıllerınde sıkılmadan ve elestırmeden ızleyıp etkileneceklerı bır fılm.;positive;neutral;0.0;0.0;False;0.3;0.0;neutral;0.0;0.0;False;False;False;False;False;False;False;False;False;0;0;0;[];[];[];[];[];[]
1153;Icınde kı ask macera kesınlıkle dorukta.;positive;positive;0.125;0.0;True;0.5;0.16666666666666666;positive;0.125;0.0;True;False;False;False;False;False;False;False;False;1;1;0;"[""macera""]";[];[];[];[];[]
1154;En etkılendıgım sahnelerden bırı muzısyenlerın gemı batarken bıle calmaya devam etmelerıdır.;positive;neutral;0.0;0.0;False;0.36363636363636365;0.0;neutral;0.0;0.0;False;False;False;False;False;False;False;False;False;0;0;0;[];[];[];[];[];[]
1155;Izlemeyen varsa kı sanmıyorum mutlaka ızlesın.;positive;neutral;0.0;0.0;False;0.5;0.0;neutral;0.0;0.0;False;False;False;False;False;False;False;False;False;0;0;0;[];[];[];[];[];[]
1156;çok güzel bir film.;positive;positive;0.45454545454545453;0.0;True;1.0;0.25;positive;0.45454545454545453;0.0;True;False;False;False;False;False;True;False;False;1;1;0;"[""güzel""]";"[""film""]";"[""çok""]";[];[];"[""modifier_detected""]"
1157;......... ateşli sahneler de war:]:]:];positive;negative;0.0;0.020833333333333332;False;0.75;0.25;negative;0.0;0.020833333333333332;False;False;False;False;False;False;False;False;False;1;1;0;"[""de""]";[];[];[];[];[]
1158;hayatımda izlediğim filmler titanicten öncesi ve sonrası diye ayrılır .;positive;neutral;0.0;0.0;False;0.6666666666666666;0.0;neutral;0.0;0.0;False;False;False;False;False;False;False;False;False;0;0;0;[];[];[];[];[];[]
1159;. kusursuz sayılcak filmlerden birtanesi.;positive;positive;1.0;0.0;True;0.5;0.25;positive;1.0;0.0;True;False;False;False;False;False;False;False;False;1;1;0;"[""kusursuz""]";"[""film""]";[];[];[];[]
1160;.izlemeden ölemeyin derim ben çok şey kaçırmış olursunuz.;positive;negative;0.0;0.020833333333333332;False;0.75;0.125;positive;0.020833333333333332;0.0;True;True;True;False;False;True;False;False;False;1;1;0;"[""de""]";[];[];"[""öl""]";[];"[""negation_flip""]"
1161;... titanic şahane bir yapım bir başyapıt.;positive;positive;0.6666666666666666;0.0;True;0.8333333333333334;0.16666666666666666;positive;0.6666666666666666;0.0;True;False;False;False;False;False;False;False;False;1;1;0;"[""şahane""]";"[""yapım""]";[];[];[];[]
1162;mirac kandilimiz mübarek olsun hayırlara vesile olsun.;positive;positive;0.9875;0.3333333333333333;True;0.8571428571428571;0.42857142857142855;positive;0.9875;0.0;True;False;False;False;False;False;False;False;True;3;2;1;"[""kandil"", ""mübarek"", ""hayır""]";"[""kandil""]";[];[];[];"[""suppressed_as_target""]"
1163;sinema tarihinin en iyi yapımlarından olan titanic defalarca izlediğim en kaliteli yapımlarından biri.;positive;positive;1.6111111111111112;0.08333333333333333;True;0.8461538461538461;0.23076923076923078;positive;1.6111111111111112;0.08333333333333333;True;False;False;False;False;False;True;False;False;3;3;0;"[""iyi"", ""kaliteli"", ""biri""]";"[""yapım"", ""yapım"", ""titanic""]";"[""en"", ""en""]";[];[];"[""modifier_detected"", ""modifier_detected""]"
1164;tabi bunun yanında james cameronun rolu cok buyuk.;positive;neutral;0.0;0.0;False;0.375;0.0;neutral;0.0;0.0;False;False;False;False;False;False;False;False;False;0;0;0;[];[];[];[];[];[]
1165;James Cameron hem yönetmenlik yapımcılıkta en iyisi.;positive;positive;0.6111111111111112;0.0;True;0.7142857142857143;0.14285714285714285;positive;0.6111111111111112;0.0;True;False;False;False;False;False;True;False;False;1;1;0;"[""iyi""]";"[""james""]";"[""en""]";[];[];"[""modifier_detected""]"
1166;Filme gelince iki önemli nokta var biri filmin böyle bir felaketin gercekten yasandıgı ikinicisi ise gerçek aşkın en iyi anlatıldığı bir yapım.;positive;positive;1.6944444444444444;0.41666666666666663;True;0.7727272727272727;0.22727272727272727;positive;0.6944444444444445;0.41666666666666663;True;False;False;False;False;False;True;False;True;5;4;1;"[""biri"", ""felaket"", ""gerçek"", ""aşk"", ""iyi""]";"[""film"", ""aşk""]";"[""en""]";[];[];"[""suppressed_as_target"", ""modifier_detected""]"
1167;en dikkat edici sahne kızın sevdiği erkek için her tehlikeyi göze alarak aşkını kurtarması.;positive;negative;0.0;0.7916666666666666;False;0.8571428571428571;0.14285714285714285;negative;0.0;0.16666666666666666;False;False;False;False;False;False;False;False;True;2;1;1;"[""tehlike"", ""al""]";"[""tehlike""]";[];[];[];"[""suppressed_as_target""]"
1168;james cameronun en iyi yapımlarından biri filmin en begendim tarafı gercek askın en iyi anlatıldığı film.;positive;positive;1.2222222222222223;0.08333333333333333;True;0.6875;0.1875;positive;1.2222222222222223;0.08333333333333333;True;False;False;False;False;False;True;False;False;3;3;0;"[""iyi"", ""biri"", ""iyi""]";"[""yapım"", ""askı""]";"[""en"", ""en""]";[];[];"[""modifier_detected"", ""modifier_detected""]"
1169;Bence tek kelime ile muhteşem bir film.;positive;positive;0.5;0.0;True;1.0;0.14285714285714285;positive;0.5;0.0;True;False;False;False;False;False;False;False;False;1;1;0;"[""muhteşem""]";"[""film""]";[];[];[];[]
1170;hayatımda izLediqim en qüzeL fiLm.;positive;neutral;0.0;0.0;False;0.6;0.0;neutral;0.0;0.0;False;False;False;False;False;False;False;False;False;0;0;0;[];[];[];[];[];[]
1171;. bu puan bu fiLme qerçeqten çok az.;neutral;negative;0.0;0.25;False;0.8571428571428571;0.14285714285714285;negative;0.0;0.25;False;False;False;False;False;False;True;False;False;1;1;0;"[""az""]";"[""puan""]";"[""qerçeqten"", ""çok""]";[];[];"[""modifier_detected""]"
1172;.! mükemmeL bir yapıt;positive;positive;1.0;0.0;True;1.0;0.3333333333333333;positive;1.0;0.0;True;False;False;False;False;False;False;False;False;1;1;0;"[""mükemmel""]";"[""yapı""]";[];[];[];[]
1173;süper bir film ilk izledğim filmdi ozaman küçük oldgm için işi gırgıra vermiştim ama 2. izleyişimde gercek güzelliğini farkettiğim bi film süperrrr;positive;positive;1.4375;0.0;True;0.5909090909090909;0.09090909090909091;positive;1.4375;0.0;True;False;False;False;False;False;False;False;False;2;2;0;"[""süper"", ""güzellik""]";"[""film""]";[];[];[];[]
1174;filminn büyüsüü tartışılmaz bişeyyyy harikaaa.;positive;neutral;0.0;0.0;False;0.2;0.0;neutral;0.0;0.0;False;False;False;False;False;False;False;False;False;0;0;0;[];[];[];[];[];[]
1175;muthis bir olay.;positive;neutral;0.0;0.0;False;0.6666666666666666;0.0;neutral;0.0;0.0;False;False;False;False;False;False;False;False;False;0;0;0;[];[];[];[];[];[]
1176;buyuk bir felaket.;neutral;negative;0.0;0.3333333333333333;False;0.6666666666666666;0.3333333333333333;negative;0.0;0.3333333333333333;False;False;False;False;False;False;False;False;False;1;1;0;"[""felaket""]";[];[];[];[];[]
1177;kotu bir film.;negative;neutral;0.0;0.0;False;1.0;0.0;neutral;0.0;0.0;False;False;False;False;False;False;False;False;False;0;0;0;[];[];[];[];[];[]
1178;ask filmi yapmasaydınız da zevkle seyretseydik;positive;positive;0.5;0.022727272727272728;True;0.6666666666666666;0.3333333333333333;positive;0.5227272727272727;0.0;True;False;False;False;False;True;False;False;False;2;2;0;"[""da"", ""zevk""]";"[""film""]";[];"[""yap""]";[];"[""negation_flip""]"
1179;ben bu filmi izlemeden önce demekki hiç film izlememişim.;neutral;negative;0.0;0.5;False;0.6666666666666666;0.1111111111111111;negative;0.0;0.5;False;False;False;False;False;False;False;False;False;1;1;0;"[""hiç""]";[];[];[];[];[]
1180;. veyada bir film 12 sene sonra bile kendine yoru yazdırıyosa puana gerek yok;positive;negative;0.0;0.21428571428571427;False;0.7692307692307693;0.07692307692307693;negative;0.0;0.21428571428571427;False;False;False;False;False;False;False;False;False;1;1;0;"[""yok""]";"[""film""]";[];[];[];[]
1181;izlediğim en iyi filmlerden biri;positive;positive;0.6111111111111112;0.08333333333333333;True;0.8;0.4;positive;0.6111111111111112;0.0;True;False;False;False;False;False;True;False;False;1;1;0;"[""iyi""]";"[""film""]";"[""en""]";[];[];"[""modifier_detected""]"
1182;sinema dedinizmi yaşlı sinema blmeyen kişilere sorun titanik nedir herkes biliyor bence bu puan bu film için çok az gelmiş geçmiş en güzel filmdir bu titanik;positive;negative;0.45454545454545453;1.05;False;0.7692307692307693;0.15384615384615385;negative;0.45454545454545453;1.05;False;False;False;False;False;False;True;False;False;4;4;0;"[""sorun"", ""az"", ""geçmiş"", ""güzel""]";"[""puan"", ""puan"", ""film""]";"[""çok"", ""en""]";[];[];"[""modifier_detected"", ""modifier_detected""]"
1183;Filmi ilk çıktığı zamanlar yere göğe sığdıramayıp şimdi aşağılayan bir sürü insan gördüm.;neutral;negative;0.015625;1.1875;False;0.7692307692307693;0.23076923076923078;negative;0.015625;1.1875;False;False;False;False;False;False;False;False;False;3;3;0;"[""yer"", ""sürü"", ""gör""]";"[""film"", ""insan""]";[];[];[];[]
1184;Film romantiktir duygusaldır evet.;neutral;neutral;0.0;0.0;True;1.0;0.0;neutral;0.0;0.0;True;False;False;False;False;False;False;False;False;0;0;0;[];[];[];[];[];[]
1185;Fakat bu film o güne kadar sinemaya gitmemiş pek çok kişiyi sinema salonlarına çekmiş gidenleri ikinci sefer gitmeye zorlamıştır adeta.;positive;positive;0.125;0.0;True;0.95;0.05;positive;0.125;0.0;True;False;False;False;False;False;False;False;False;1;1;0;"[""pek""]";[];[];[];[];[]
1186;Müzikleri yıllarca dinlenmiş televizyonda yayınlandığında reyting rekorları kırmış izlemeyenin taşlanacağı boyuta gelmiştir bu film.;positive;neutral;0.0;0.0;False;0.5714285714285714;0.0;neutral;0.0;0.0;False;False;False;False;False;False;False;False;False;0;0;0;[];[];[];[];[];[]
1187;Nitekim Titanik izlemeyen çok az kişi vardır etrafta.;positive;negative;0.0;0.25;False;0.75;0.125;negative;0.0;0.25;False;False;False;False;False;False;True;False;False;1;1;0;"[""az""]";"[""kişi""]";"[""çok""]";[];[];"[""modifier_detected""]"
1188;Şimdi tutup da bu filme kötü berbat demek yersizdir.;positive;negative;0.0;1.318560606060606;False;1.0;0.4444444444444444;negative;0.0;1.318560606060606;False;False;False;False;False;False;False;False;False;4;4;0;"[""da"", ""kötü"", ""de"", ""yersiz""]";[];[];[];[];[]
1189;Titanik size çok büyük sosyal mesajlar vermez evet ama bu yukarıda saydıklarımı gerçekleştirmediğini göstermez.;neutral;positive;0.05;0.0;False;0.7142857142857143;0.07142857142857142;negative;0.0;0.05;False;True;False;False;True;True;False;False;False;1;1;0;"[""yukarı""]";"[""say""]";[];"[""gerçekleş""]";[];"[""negation_flip""]"
1190;Ülkemizdeki yeni yetme entel geçinen takım da bu ve buna benzer çok izlenmiş oscar almış vs. filmleri kötülemeyi sürdürür.;positive;negative;0.0;1.4602272727272727;False;0.7368421052631579;0.2631578947368421;negative;0.0;1.4602272727272727;False;False;False;False;False;False;False;False;False;5;5;0;"[""entel"", ""takım"", ""da"", ""al"", ""kötüleme""]";"[""bu"", ""film""]";[];[];[];[]
1191;Popüler olan her şeyi kötüleme hasisesi yaniSadece yukarıda saydığım şeyleri gerçekleştiği için bile izlemeye değer olduğunu düşünüyorum.;positive;negative;0.05;1.0;False;0.7647058823529411;0.11764705882352941;negative;0.05;1.0;False;False;False;False;False;False;False;False;False;2;2;0;"[""kötüleme"", ""yukarı""]";"[""şey""]";[];[];[];[]
1192;"""Kıyafetler müzikler Di caprio etkenlerine değinmiyorum bile:)""""""";positive;neutral;0.0;0.0;False;0.8571428571428571;0.0;neutral;0.0;0.0;False;False;False;False;False;False;False;False;False;0;0;0;[];[];[];[];[];[]
1193;Hayatım da izlediğim en güzel flimlerden biri flim mi her izleyişimde sanki ilk defa izlemiş gibi duygulanıyorum.;positive;positive;0.45454545454545453;0.10606060606060605;True;0.6470588235294118;0.17647058823529413;positive;0.45454545454545453;0.10606060606060605;True;False;False;False;False;False;True;False;False;3;3;0;"[""da"", ""güzel"", ""biri""]";"[""flimlerden""]";"[""en""]";[];[];"[""modifier_detected""]"
1194;Tekrar tekrar izlemek istiyorum.;positive;neutral;0.0;0.0;False;0.5;0.0;neutral;0.0;0.0;False;False;False;False;False;False;False;False;False;0;0;0;[];[];[];[];[];[]
1195;flim gösterime girdiğinden beri 11 yıl oldu.;neutral;neutral;0.0;0.0;True;0.7142857142857143;0.0;neutral;0.0;0.0;True;False;False;False;False;False;False;False;False;0;0;0;[];[];[];[];[];[]
1196;Ama bize hayla bu flim hakkında yorum yapıyorsak.;neutral;positive;0.025;0.0;False;0.625;0.125;positive;0.025;0.0;False;False;False;False;False;False;False;True;False;1;1;0;"[""hak""]";[];[];[];"[""ama""]";"[""contrast_detected""]"
1197;Bu bir baş yapıtdır.;positive;neutral;0.0;0.0;False;0.75;0.0;neutral;0.0;0.0;False;False;False;False;False;False;False;False;False;0;0;0;[];[];[];[];[];[]
1198;Flim ile görüşüm tabiki 10/10.;positive;neutral;0.0;0.0;False;0.6666666666666666;0.0;neutral;0.0;0.0;False;False;False;False;False;False;False;False;False;0;0;0;[];[];[];[];[];[]
1199;filmdeki tek gercek geminin batmasıdır geri kalan ise kurgu.;neutral;negative;0.0;0.1590909090909091;False;0.8888888888888888;0.1111111111111111;negative;0.0;0.1590909090909091;False;False;False;False;False;False;False;False;False;1;1;0;"[""geri""]";[];[];[];[];[]
1200;. bir diğer gerçek ise 11 oscar a layık olmaması ama yinede izlenmesi gereken güzel bir film;positive;positive;0.6628787878787878;0.0;True;0.8125;0.1875;positive;0.5378787878787878;0.125;True;False;False;False;False;True;False;True;False;3;3;0;"[""gerçek"", ""layık"", ""güzel""]";"[""film"", ""film""]";[];"[""ol""]";"[""ama"", ""ama""]";"[""negation_flip"", ""contrast_detected"", ""contrast_detected""]"
1201;bana sinemayı ve filim izlemeyi sevdiren bir filim.;positive;neutral;0.0;0.0;False;0.875;0.0;neutral;0.0;0.0;False;False;False;False;False;False;False;False;False;0;0;0;[];[];[];[];[];[]
1202;.İzlemeyenler arkadaşlara aşırı tavsiyemdir.;positive;positive;0.625;0.05;True;0.75;0.75;positive;0.625;0.05;True;False;False;False;False;False;False;False;False;3;3;0;"[""arkadaş"", ""aşırı"", ""tavsiye""]";[];[];[];[];[]
1203;muhtesem bir film tam bir basyapıt.;positive;positive;0.20833333333333334;0.0;True;0.6666666666666666;0.16666666666666666;positive;0.20833333333333334;0.0;True;False;False;False;False;False;False;False;False;1;1;0;"[""tam""]";"[""film""]";[];[];[];[]
1204;ama aldığı puan cok az.;neutral;negative;0.0;0.41666666666666663;False;0.8;0.4;negative;0.0;0.41666666666666663;False;False;False;False;False;False;True;True;False;2;2;0;"[""al"", ""az""]";"[""puan""]";"[""cok""]";[];"[""ama""]";"[""modifier_detected"", ""contrast_detected""]"
1205;babam ve oğlum dahi bundan cok daha yuksek almıs.;neutral;positive;0.08928571428571429;0.0;False;0.6666666666666666;0.1111111111111111;positive;0.08928571428571429;0.0;False;False;False;False;False;False;False;False;False;1;1;0;"[""baba""]";[];[];[];[];[]
1206;garip...;neutral;negative;0.0;0.3;False;1.0;1.0;negative;0.0;0.3;False;False;False;False;False;False;False;False;False;1;1;0;"[""garip""]";[];[];[];[];[]
1207;Titanic harika sanatsal bir film değil belki ama birçok kişiye sinemayı sevdirmiştir ve bu yüzden yeri çok ayrıdır.;positive;positive;1.015625;0.0;True;0.8888888888888888;0.1111111111111111;positive;1.015625;0.0;True;False;False;False;False;False;False;False;False;2;2;0;"[""harika"", ""yer""]";"[""film""]";[];[];[];[]
1208;şimdiye kadar bu kadar güzel bir romantik film seyretmedim tabiki filmde yaşananlar gerçek olunca canım acıdı filmi seyrederken;positive;positive;1.76010101010101;0.5714285714285714;True;0.7777777777777778;0.2777777777777778;negative;0.5378787878787878;0.5714285714285714;False;True;False;True;False;False;False;False;True;5;3;2;"[""güzel"", ""yaşa"", ""gerçek"", ""can"", ""acı""]";"[""film"", ""yaşa"", ""can""]";[];[];[];"[""suppressed_as_target"", ""suppressed_as_target""]"
1209;Hayatımda böylesine güzel bir film görmedim.;positive;negative;0.45454545454545453;1.0;False;1.0;0.3333333333333333;positive;1.4545454545454546;0.0;True;True;True;False;False;True;True;False;False;2;2;0;"[""güzel"", ""gör""]";"[""film"", ""film""]";"[""böylesine""]";"[""gör""]";[];"[""modifier_detected"", ""negation_flip""]"
1210;İlk izlediğimde o kadar duygulandım ki.;positive;neutral;0.0;0.0;False;0.6666666666666666;0.0;neutral;0.0;0.0;False;False;False;False;False;False;False;False;False;0;0;0;[];[];[];[];[];[]
1211;..Müziği oyuncuları konusu seyircide bıraktığı izlenim gerçekten çok hoştu.;positive;neutral;0.0;0.0;False;0.8888888888888888;0.0;neutral;0.0;0.0;False;False;False;False;False;False;False;False;False;0;0;0;[];[];[];[];[];[]
1212;Leonardo Di Caprioya bu performansında hayran kaldım.;positive;positive;0.5;0.0;True;0.7142857142857143;0.14285714285714285;positive;0.5;0.0;True;False;False;False;False;False;False;False;False;1;1;0;"[""hayran""]";"[""leonardo""]";[];[];[];[]
1213;Herkese tavsiye ederim.;positive;positive;0.125;0.0;True;1.0;0.3333333333333333;positive;0.125;0.0;True;False;False;False;False;False;False;False;False;1;1;0;"[""tavsiye""]";[];[];[];[];[]
1214;böyle müthiş bir film.;positive;negative;0.0;0.375;False;1.0;0.25;negative;0.0;0.375;False;False;False;False;False;False;False;False;False;1;1;0;"[""müthiş""]";"[""film""]";[];[];[];[]
1215;.. böyle harika bir konu.;positive;positive;1.0;0.0;True;1.0;0.25;positive;1.0;0.0;True;False;False;False;False;False;True;False;False;1;1;0;"[""harika""]";"[""konu""]";"[""böyle""]";[];[];"[""modifier_detected""]"
1216;.. böyle iyi oyuncular.;positive;positive;0.6111111111111112;0.0;True;1.0;0.3333333333333333;positive;0.6111111111111112;0.0;True;False;False;False;False;False;True;False;False;1;1;0;"[""iyi""]";"[""oyuncu""]";"[""böyle""]";[];[];"[""modifier_detected""]"
1217;.. bir klasik!;neutral;neutral;0.0;0.0;True;1.0;0.0;neutral;0.0;0.0;True;False;False;False;False;False;False;False;False;0;0;0;[];[];[];[];[];[]
1218;her zaman aynı heycanla izlenebilir kim ne derse desin bence gelmiş geçmiş en iyi aşk filmi budur;positive;positive;1.6111111111111112;0.07083333333333333;True;0.8235294117647058;0.23529411764705882;positive;1.6111111111111112;0.07083333333333333;True;False;False;False;False;False;True;False;False;4;4;0;"[""de"", ""geçmiş"", ""iyi"", ""aşk""]";"[""film"", ""film"", ""film"", ""bu""]";"[""en""]";[];[];"[""modifier_detected""]"
1219;Titanici izlemeyen yoktur sanırım.;neutral;negative;0.0;0.21428571428571427;False;0.5;0.25;positive;0.21428571428571427;0.0;False;True;False;False;True;True;False;False;False;1;1;0;"[""yok""]";[];[];"[""izle""]";[];"[""negation_flip""]"
1220;. Sahnelerini saniyesi saniyesine ezbere biliyorum artık ama bidaha izlemektende asla sıkılmayacağım gerçek bir başyapıt.;positive;positive;0.08333333333333333;0.0;True;0.7142857142857143;0.07142857142857142;positive;0.08333333333333333;0.0;True;False;False;False;False;False;False;True;False;1;1;0;"[""gerçek""]";"[""başyapıt""]";[];[];"[""ama""]";"[""contrast_detected""]"
1221;. Aldığı bütün oscarlarıda sonuna kadar hakeden bir film.;positive;negative;0.0;0.29166666666666663;False;0.75;0.25;negative;0.0;0.29166666666666663;False;False;False;False;False;False;False;False;False;2;2;0;"[""al"", ""son""]";[];[];[];[];[]
1222;. 10 /10dan başka ne verebilirim ki.;positive;neutral;0.0;0.0;False;0.6666666666666666;0.0;neutral;0.0;0.0;False;False;False;False;False;False;False;False;False;0;0;0;[];[];[];[];[];[]
1223;Ekşin görsel efekt oyunculuk aşk felaket.;neutral;positive;1.0;0.8333333333333333;False;1.0;0.6666666666666666;positive;1.0;0.8333333333333333;False;False;False;False;False;False;False;False;False;4;4;0;"[""ekşi"", ""oyunculuk"", ""aşk"", ""felaket""]";"[""efekt"", ""efekt"", ""efekt""]";[];[];[];[]
1224;Hepsi bir arada bu kadar başarılı hangi filmde varki.;positive;positive;1.0;0.0;True;0.8888888888888888;0.1111111111111111;positive;1.0;0.0;True;False;False;False;False;False;False;False;False;1;1;0;"[""başarılı""]";"[""film""]";[];[];[];[]
1225;Üstelik filmin sonu da belli.;neutral;negative;0.0;0.14772727272727273;False;1.0;0.4;negative;0.0;0.14772727272727273;False;False;False;False;False;False;False;False;False;2;2;0;"[""son"", ""da""]";[];[];[];[];[]
1226;İşte gerçek bir başyapıt.;positive;positive;0.08333333333333333;0.0;True;1.0;0.25;positive;0.08333333333333333;0.0;True;False;False;False;False;False;False;False;False;1;1;0;"[""gerçek""]";"[""başyapıt""]";[];[];[];[]
1227;Birbirinden iki farklı insan hayatın tuhaf bir tesadüfüyle bir gemide buluşurlar.;neutral;positive;0.08333333333333333;0.0;False;0.9090909090909091;0.09090909090909091;positive;0.08333333333333333;0.0;False;False;False;False;False;False;False;False;False;1;1;0;"[""tuhaf""]";"[""tesadüf""]";[];[];[];[]
1228;Batmaz denen ünlü gemi Titanic de.;neutral;negative;0.0;0.041666666666666664;False;0.8333333333333334;0.3333333333333333;negative;0.0;0.041666666666666664;False;False;False;False;False;False;False;False;False;2;2;0;"[""de"", ""de""]";"[""bat""]";[];[];[];[]
1229;O anda ikiside bu büyülü geminin bir çok insana mezar olabileceğini asla bilemezlerdi.;neutral;positive;0.3333333333333333;0.0;False;1.0;0.07692307692307693;positive;0.3333333333333333;0.0;False;False;False;False;False;False;False;False;False;1;1;0;"[""büyülü""]";"[""gemi""]";[];[];[];[]
1230;Sınıf farkına aldırmadan birbirine aşık olan iki genç ve hüzün verici bir son.;neutral;negative;0.0625;1.175;False;0.9230769230769231;0.3076923076923077;negative;0.0625;1.175;False;False;False;False;False;False;False;False;False;4;4;0;"[""genç"", ""hüzün"", ""verici"", ""son""]";[];[];[];[];[]
1231;James Cameron un yönetmiş olduğu ve 90 larda bizim için bir başyapıt olmuş olan ve şimdide yerini başka bir filmin zor tutacağı değerde çok güzel bir film.;positive;negative;0.47017045454545453;0.5833333333333334;False;0.8148148148148148;0.1111111111111111;negative;0.47017045454545453;0.5833333333333334;False;False;False;False;False;False;True;False;False;3;3;0;"[""yer"", ""zor"", ""güzel""]";"[""film"", ""film"", ""film""]";"[""çok""]";[];[];"[""modifier_detected""]"
1232;İyi seyirler.;positive;positive;0.6944444444444445;0.0;True;1.0;1.0;positive;0.6111111111111112;0.0;True;False;False;False;False;False;False;False;True;2;1;1;"[""iyi"", ""seyir""]";"[""seyir""]";[];[];[];"[""suppressed_as_target""]"
1233;Titanic'e hayatımın filmi diyebilirim.;positive;negative;0.0;0.020833333333333332;False;0.75;0.25;negative;0.0;0.020833333333333332;False;False;False;False;False;False;False;False;False;1;1;0;"[""de""]";"[""film""]";[];[];[];[]
1234;jack'tan geriye ne bir resim ne bir fotoğraf kalmış.;neutral;negative;0.0;0.1590909090909091;False;0.8888888888888888;0.1111111111111111;negative;0.0;0.1590909090909091;False;False;False;False;False;False;False;False;False;1;1;0;"[""geri""]";"[""fotoğraf""]";[];[];[];[]
1235;jack'ın bir resmini görmek çok isterdik.;neutral;negative;0.0;1.0;False;0.8333333333333334;0.16666666666666666;negative;0.0;1.0;False;False;False;False;False;False;False;False;False;1;1;0;"[""gör""]";"[""resim""]";[];[];[];[]
1236;nede olsa bir kahraman sayılır.;neutral;positive;0.3333333333333333;0.0;False;1.0;0.2;positive;0.3333333333333333;0.0;False;False;False;False;False;False;False;False;False;1;1;0;"[""kahraman""]";[];[];[];[];[]
1237;..size birşey soracağım.;neutral;neutral;0.0;0.0;True;0.6666666666666666;0.0;neutral;0.0;0.0;True;False;False;False;False;False;False;False;False;0;0;0;[];[];[];[];[];[]
1238;sizce jack ile rose tanışmasaydı jack yaşayacakmıydı?;neutral;neutral;0.0;0.0;True;0.42857142857142855;0.0;neutral;0.0;0.0;True;False;False;False;False;False;False;False;False;0;0;0;[];[];[];[];[];[]
1239;ne denebilirki ya.;neutral;neutral;0.0;0.0;True;0.6666666666666666;0.0;neutral;0.0;0.0;True;False;False;False;False;False;False;False;False;0;0;0;[];[];[];[];[];[]
1240;süper bir film.;positive;positive;0.5;0.0;True;1.0;0.3333333333333333;positive;0.5;0.0;True;False;False;False;False;False;False;False;False;1;1;0;"[""süper""]";"[""film""]";[];[];[];[]
1241;her yönüyle süper bir film.;positive;positive;0.5;0.0;True;1.0;0.2;positive;0.5;0.0;True;False;False;False;False;False;False;False;False;1;1;0;"[""süper""]";"[""film""]";[];[];[];[]
1242;trajedinin kralı;positive;negative;0.25;0.5;False;1.0;1.0;negative;0.25;0.5;False;False;False;False;False;False;False;False;False;2;2;0;"[""trajedi"", ""kral""]";[];[];[];[];[]
1243;şansımmıdır nedir izlediğim ilk sinema filmi.;neutral;neutral;0.0;0.0;True;0.6666666666666666;0.0;neutral;0.0;0.0;True;False;False;False;False;False;False;False;False;0;0;0;[];[];[];[];[];[]
1244;bu filmi izlemekle başladı zaten bende bu heves.;positive;positive;0.25;0.0;True;0.75;0.125;positive;0.25;0.0;True;False;False;False;False;False;False;False;False;1;1;0;"[""heves""]";[];[];[];[];[]
1245;film bi harika !;positive;positive;1.0;0.0;True;0.6666666666666666;0.3333333333333333;positive;1.0;0.0;True;False;False;False;False;False;False;False;False;1;1;0;"[""harika""]";"[""film""]";[];[];[];[]
1246;aaah ah bide o dillerden düşmeyen akıllardan silinmeyen şarkısı yok mu !;positive;negative;0.0;0.38095238095238093;False;0.8181818181818182;0.18181818181818182;negative;0.0;0.38095238095238093;False;False;False;False;False;False;True;False;False;2;2;0;"[""ah"", ""yok""]";"[""şarkı"", ""şarkı""]";"[""bide""]";[];[];"[""modifier_detected""]"
1247;arada bizim evin balkonuna çıkıp kollarımı açıyorum karşıdan esen rüzgara karşı !;neutral;positive;0.625;0.3;False;0.9090909090909091;0.18181818181818182;positive;0.625;0.3;False;False;False;False;False;False;False;False;False;2;2;0;"[""aç"", ""esen""]";"[""kol""]";[];[];[];[]
1248;benim kollarım leonardo nun ki gibi güzel hatunla dolu değil hatta çok sefer çanak anteni kucaklıyom ama olsun umut garibin ekmeği nede olsa.;neutral;positive;0.8295454545454546;0.4;False;0.8695652173913043;0.17391304347826086;positive;0.8295454545454546;0.4;False;False;False;False;False;False;False;True;False;4;4;0;"[""güzel"", ""umut"", ""garip"", ""ekmek""]";"[""hatun""]";[];[];"[""ama""]";"[""contrast_detected""]"
1249;muhteşem bir film diyebilirim.;positive;positive;0.5;0.020833333333333332;True;1.0;0.5;positive;0.5;0.020833333333333332;True;False;False;False;False;False;False;False;False;2;2;0;"[""muhteşem"", ""de""]";"[""film"", ""film""]";[];[];[];[]
1250;oyuncu kadrosuda iyi.;positive;positive;0.6111111111111112;0.0;True;0.6666666666666666;0.3333333333333333;positive;0.6111111111111112;0.0;True;False;False;False;False;False;False;False;False;1;1;0;"[""iyi""]";[];[];[];[];[]
1251;kaza ve batma sahneleri iyi planlanmış.;positive;negative;0.6111111111111112;0.6666666666666666;False;0.8333333333333334;0.3333333333333333;negative;0.6111111111111112;0.6666666666666666;False;False;False;False;False;False;False;False;False;2;2;0;"[""batma"", ""iyi""]";"[""sahne""]";[];[];[];[]
1252;fazla bir abartı yok.;neutral;negative;0.0;0.4642857142857143;False;1.0;0.5;negative;0.0;0.21428571428571427;False;False;False;False;False;False;False;False;True;2;1;1;"[""abartı"", ""yok""]";"[""abartı""]";[];[];[];"[""suppressed_as_target""]"
1253;ve son derece romantik bir film.;positive;negative;0.0;0.125;False;1.0;0.16666666666666666;negative;0.0;0.125;False;False;False;False;False;False;False;False;False;1;1;0;"[""son""]";"[""derece""]";[];[];[];[]
1254;filmi izlerken dakikaların nsaıl geçtiğini fark etmiyeceksiniz.;positive;neutral;0.0;0.0;False;0.5714285714285714;0.0;neutral;0.0;0.0;False;False;False;False;False;False;False;False;False;0;0;0;[];[];[];[];[];[]
1255;bence izlenmeye değer bir başyapıt;positive;neutral;0.0;0.0;False;0.8;0.0;neutral;0.0;0.0;False;False;False;False;False;False;False;False;False;0;0;0;[];[];[];[];[];[]
1256;hayatımın filmi diyebilirim filmi her izlediğimde duygulanıyorum.;positive;negative;0.0;0.020833333333333332;False;0.7142857142857143;0.14285714285714285;negative;0.0;0.020833333333333332;False;False;False;False;False;False;False;False;False;1;1;0;"[""de""]";"[""film""]";[];[];[];[]
1257;james cameron çok nadir film çekmiş ama müthiş çekmiş;positive;negative;0.0;0.375;False;0.7777777777777778;0.1111111111111111;negative;0.0;0.375;False;False;False;False;False;False;False;True;False;1;1;0;"[""müthiş""]";"[""james""]";[];[];"[""ama""]";"[""contrast_detected""]"
1258;.kesinlikle cok etkileyici.;neutral;positive;1.0;0.0;False;0.6666666666666666;0.3333333333333333;positive;1.0;0.0;False;False;False;False;False;False;False;False;False;1;1;0;"[""etkileyici""]";[];[];[];[];[]
1259;..ablam sagolsun sayesinde 510321 kere izlemişimdir ama yinede bıkmamıştım.;positive;negative;0.0;0.16666666666666666;False;0.4444444444444444;0.1111111111111111;negative;0.0;0.16666666666666666;False;False;False;False;False;False;False;False;False;1;1;0;"[""abla""]";[];[];[];[];[]
1260;..izlemeyen kaldıgını düşünmüyorum ama varsa kesinlikle izlesin.;positive;neutral;0.0;0.0;False;0.42857142857142855;0.0;neutral;0.0;0.0;False;False;False;False;False;False;False;False;False;0;0;0;[];[];[];[];[];[]
1261;Titanik diyince herkes şu konuda hemfikirdir:;neutral;neutral;0.0;0.0;True;0.6666666666666666;0.0;neutral;0.0;0.0;True;False;False;False;False;False;False;False;False;0;0;0;[];[];[];[];[];[]
1262;'' Aşk filmi''.;neutral;positive;1.0;0.0;False;1.0;0.5;positive;1.0;0.0;False;False;False;False;False;False;False;False;False;1;1;0;"[""aşk""]";[];[];[];[];[]
1263;Bu duygunun tam anlamıyla işlendiği bir efsane diyebilirim bu film için.;positive;positive;0.20833333333333334;0.020833333333333332;True;0.9090909090909091;0.18181818181818182;positive;0.20833333333333334;0.020833333333333332;True;False;False;False;False;False;False;False;False;2;2;0;"[""tam"", ""de""]";"[""anlam"", ""efsane""]";[];[];[];[]
1264;.. izlemeyeniniz var mı cidden?:);positive;neutral;0.0;0.0;False;0.75;0.0;neutral;0.0;0.0;False;False;False;False;False;False;False;False;False;0;0;0;[];[];[];[];[];[]
1265;Bu filmi aslında her yeni yaşta izlemek gerekir.;positive;negative;0.0;0.125;False;0.875;0.125;negative;0.0;0.125;False;False;False;False;False;False;False;False;False;1;1;0;"[""yaş""]";[];[];[];[];[]
1266;Çünkü büyüdükçe filmden aldıklarımız da değişiyor.;neutral;negative;0.0;0.1893939393939394;False;1.0;0.3333333333333333;negative;0.0;0.1893939393939394;False;False;False;False;False;False;False;False;False;2;2;0;"[""al"", ""da""]";[];[];[];[];[]
1267;Bende dahil o kadar çok kişi biliyorum ki bu filmi defalarca seyreden.;neutral;neutral;0.0;0.0;True;0.8333333333333334;0.0;neutral;0.0;0.0;True;False;False;False;False;False;False;False;False;0;0;0;[];[];[];[];[];[]
1268;..Ama gercekten buna değer.;positive;neutral;0.0;0.0;False;0.75;0.0;neutral;0.0;0.0;False;False;False;False;False;False;False;False;False;0;0;0;[];[];[];[];[];[]
1269;kesinlikle izlediğim en muhtesem film.;positive;neutral;0.0;0.0;False;0.6;0.0;neutral;0.0;0.0;False;False;False;False;False;False;False;False;False;0;0;0;[];[];[];[];[];[]
1270;..ask tutku arkadaşlık ihanet para hırsı ve ölüm.;neutral;negative;0.0;1.3333333333333333;False;1.0;0.25;negative;0.0;1.3333333333333333;False;False;False;False;False;False;False;False;False;2;2;0;"[""ihanet"", ""ölüm""]";"[""arkadaşlık"", ""arkadaşlık""]";[];[];[];[]
1271;..yıllar sonra bile unutulmayan bi aşk.;positive;positive;1.0;0.0;True;0.6666666666666666;0.16666666666666666;negative;0.0;1.0;False;True;False;True;False;True;True;False;False;1;1;0;"[""aşk""]";[];"[""sonra""]";"[""unut""]";[];"[""negation_flip"", ""modifier_detected""]"
1272;.belki 30 kez izledim ama yinede daha filmin ilk sahnesinde başlıyorum ağlamaya ve sanki ilk defa izliyomuşum gibi filmin sonuda onların birleşmelerini istiyorum.;positive;negative;0.0;0.75;False;0.7391304347826086;0.043478260869565216;positive;0.75;0.0;True;True;True;False;False;True;False;True;False;1;1;0;"[""ağlama""]";[];[];"[""ağla""]";"[""ama""]";"[""negation_flip"", ""contrast_detected""]"
1273;..hatatımın filmi.;neutral;neutral;0.0;0.0;True;0.5;0.0;neutral;0.0;0.0;True;False;False;False;False;False;False;False;False;0;0;0;[];[];[];[];[];[]
1274;Şimdi düşünüp durdum aslında bu yorumu çok mu geç yazıyorum diye fakat şuna inanıyorum ki bu yorumlar daha yıllarca devam eder.;neutral;neutral;0.0;0.0;True;0.9523809523809523;0.0;neutral;0.0;0.0;True;False;False;False;False;False;False;False;False;0;0;0;[];[];[];[];[];[]
1275;Çünkü bu film tarihin en iyi filmlerinden bir tanesi olmayı çoktan hak etmiş vaziyette.;positive;positive;0.6361111111111112;0.0;True;1.0;0.14285714285714285;positive;0.6361111111111112;0.0;True;False;False;False;False;False;True;False;False;2;2;0;"[""iyi"", ""hak""]";"[""film"", ""film""]";"[""en""]";[];[];"[""modifier_detected""]"
1276;Yıllar önce izlediğimde sadece müziğiyle bile beni kendisine bağlayan bu film şimdi farklı duygular gösteriyor haliyle bana ve her izlediğimde bu duyguları tekrar yaşıyorum yaşatıyorlar.;positive;positive;1.0;0.0;True;0.76;0.04;positive;1.0;0.0;True;False;False;False;False;False;True;False;False;1;1;0;"[""yaşa""]";"[""duygu""]";"[""tekrar""]";[];[];"[""modifier_detected""]"
1277;.Evet bu film gerçek bir başyapıt !;positive;positive;0.08333333333333333;0.0;True;1.0;0.16666666666666666;positive;0.08333333333333333;0.0;True;False;False;False;False;False;False;False;False;1;1;0;"[""gerçek""]";"[""başyapıt""]";[];[];[];[]
1278;Çok güzel bir film.;positive;positive;0.45454545454545453;0.0;True;1.0;0.25;positive;0.45454545454545453;0.0;True;False;False;False;False;False;True;False;False;1;1;0;"[""güzel""]";"[""film""]";"[""çok""]";[];[];"[""modifier_detected""]"
1279;Mutlaka izleyin demeyeceğim.;negative;negative;0.0;0.020833333333333332;True;0.6666666666666666;0.3333333333333333;positive;0.020833333333333332;0.0;False;True;False;True;False;True;True;False;False;1;1;0;"[""de""]";[];"[""mutlaka""]";"[""de""]";[];"[""negation_flip"", ""modifier_detected""]"
1280;Çünkü zaten izlemeyen yoktur.;positive;negative;0.0;0.21428571428571427;False;0.75;0.25;positive;0.21428571428571427;0.0;True;True;True;False;False;True;True;False;False;1;1;0;"[""yok""]";[];"[""zaten""]";"[""izle""]";[];"[""negation_flip"", ""modifier_detected""]"
1281;Aksiyon son derece.;positive;negative;0.0;0.125;False;1.0;0.3333333333333333;negative;0.0;0.125;False;False;False;False;False;False;False;False;False;1;1;0;"[""son""]";"[""derece""]";[];[];[];[]
1282;..Sonu da çok acıklıydı.;positive;negative;0.0;0.8977272727272727;False;1.0;0.75;negative;0.0;0.8977272727272727;False;False;False;False;False;False;True;False;False;3;3;0;"[""son"", ""da"", ""acıklı""]";[];"[""..Son"", ""çok""]";[];[];"[""modifier_detected""]"
1283;4-5 sene önce izlediğimde fazla etkilenmemiştim sadece kıyafetler çok hoşuma gitmişti.;positive;neutral;0.0;0.0;False;0.75;0.0;neutral;0.0;0.0;False;False;False;False;False;False;False;False;False;0;0;0;[];[];[];[];[];[]
1284;.filmdeki romantizmi anlamamıştım.;neutral;neutral;0.0;0.0;True;0.6666666666666666;0.0;neutral;0.0;0.0;True;False;False;False;False;False;False;False;False;0;0;0;[];[];[];[];[];[]
1285;şimdi tekrar izlediğmde gözlerim bazen dolmuyor desem yalan olur:);neutral;negative;0.0;1.0208333333333333;False;0.7777777777777778;0.2222222222222222;negative;0.020833333333333332;1.0;False;False;False;False;False;True;False;False;False;2;2;0;"[""de"", ""yalan""]";[];[];"[""dol""]";[];"[""negation_flip""]"
1286;çok güzel senaryo müzik kostüm+makyaj oyuncular.;positive;positive;0.45454545454545453;0.0;True;1.0;0.14285714285714285;positive;0.45454545454545453;0.0;True;False;False;False;False;False;True;False;False;1;1;0;"[""güzel""]";"[""senaryo""]";"[""çok""]";[];[];"[""modifier_detected""]"
1287;..zaten en sevdiğim dönemler o dönemler.;positive;neutral;0.0;0.0;False;0.8333333333333334;0.0;neutral;0.0;0.0;False;False;False;False;False;False;False;False;False;0;0;0;[];[];[];[];[];[]
1288;.çok eğlenceli sahneler de var çok hüzünlü sahneler de.;neutral;negative;0.0;1.0416666666666665;False;0.8888888888888888;0.3333333333333333;negative;0.0;1.0416666666666665;False;False;False;False;False;False;False;False;False;3;3;0;"[""de"", ""hüzünlü"", ""de""]";"[""sahne""]";[];[];[];[]
1289;""".hala izlemeyen kaldıysa mutlaka hemen izlemesi gerektiğini düşünüyorum..!""""""";positive;neutral;0.0;0.0;False;0.625;0.0;neutral;0.0;0.0;False;False;False;False;False;False;False;False;False;0;0;0;[];[];[];[];[];[]
1290;yaklasık 3 seneden beri filmi izlememistim .;neutral;neutral;0.0;0.0;True;0.6666666666666666;0.0;neutral;0.0;0.0;True;False;False;False;False;False;False;False;False;0;0;0;[];[];[];[];[];[]
1291;gecen gün internette sorun cıkıp internete giremeyince bir nostalji yapayım dedim.;neutral;negative;0.0;0.7708333333333334;False;0.6363636363636364;0.18181818181818182;positive;0.75;0.020833333333333332;False;True;False;False;True;True;False;False;False;2;2;0;"[""sorun"", ""de""]";[];[];"[""gir""]";[];"[""negation_flip""]"
1292;filmi sanki ilk defa izliyormusum gibi heyecenlandım müthis bir yapım harika muhtesem bir film.;positive;positive;1.0;0.0;True;0.7142857142857143;0.07142857142857142;positive;1.0;0.0;True;False;False;False;False;False;False;False;False;1;1;0;"[""harika""]";"[""film""]";[];[];[];[]
1293;tek kelimeyle süper bir filmdi.;positive;positive;0.5;0.0;True;1.0;0.2;positive;0.5;0.0;True;False;False;False;False;False;False;False;False;1;1;0;"[""süper""]";"[""film""]";[];[];[];[]
1294;.soluk soluğa izlediğim nadide filmlerden.;positive;negative;0.0;0.08333333333333333;False;0.8;0.4;negative;0.0;0.08333333333333333;False;False;False;False;False;False;False;False;False;2;2;0;"[""soluk"", ""soluk""]";[];[];[];[];[]
1295;TiTaNic tarihteki en ii filmdir .;positive;neutral;0.0;0.0;False;0.6;0.0;neutral;0.0;0.0;False;False;False;False;False;False;False;False;False;0;0;0;[];[];[];[];[];[]
1296;..bu filmi begenemyenleri anlayamıorum.;positive;neutral;0.0;0.0;False;0.5;0.0;neutral;0.0;0.0;False;False;False;False;False;False;False;False;False;0;0;0;[];[];[];[];[];[]
1297;...eminim filmi tamamlamayanlardır .;neutral;positive;0.1875;0.0;False;0.6666666666666666;0.3333333333333333;positive;0.1875;0.0;False;False;False;False;False;False;False;False;False;1;1;0;"[""emin""]";[];[];[];[];[]
1298;.filmin hepsini dikkatle seyreden izleyici filmin sonunda ne kadr büyük 1 film oldugunu anlar.;positive;neutral;0.0;0.0;False;0.7142857142857143;0.0;neutral;0.0;0.0;False;False;False;False;False;False;False;False;False;0;0;0;[];[];[];[];[];[]
1299;benim içinde gerçekten muhteşem bir film .;positive;positive;0.5;0.0;True;1.0;0.16666666666666666;positive;0.5;0.0;True;False;False;False;False;False;False;False;False;1;1;0;"[""muhteşem""]";"[""film""]";[];[];[];[]
1300;etkisinde kalıyor insan her izlediğinde.;positive;neutral;0.0;0.0;False;0.8;0.0;neutral;0.0;0.0;False;False;False;False;False;False;False;False;False;0;0;0;[];[];[];[];[];[]
1301;annemle sınemasına gıtmıstık daha 2 ye gıdıyordum.;neutral;neutral;0.0;0.0;True;0.42857142857142855;0.0;neutral;0.0;0.0;True;False;False;False;False;False;False;False;False;0;0;0;[];[];[];[];[];[]
1302;.o zman askın ne oldugunu bılmeden bıle baya bır aglamıstım.;neutral;neutral;0.0;0.0;True;0.4;0.0;neutral;0.0;0.0;True;False;False;False;False;False;False;False;False;0;0;0;[];[];[];[];[];[]
1303;ondan sonra her sene rutın olarak izledim ven benım için daha anlamlı oldu.;neutral;neutral;0.0;0.0;True;0.6923076923076923;0.0;neutral;0.0;0.0;True;False;False;False;False;False;False;False;False;0;0;0;[];[];[];[];[];[]
1304;.bır basyapıt gercekten.;positive;neutral;0.0;0.0;False;0.0;0.0;neutral;0.0;0.0;False;False;False;False;False;False;False;False;False;0;0;0;[];[];[];[];[];[]
1305;mılyonlarca kez izlesende sıkılmıyosun.;positive;neutral;0.0;0.0;False;0.25;0.0;neutral;0.0;0.0;False;False;False;False;False;False;False;False;False;0;0;0;[];[];[];[];[];[]
1306;o benim için bir modern clasik.;positive;neutral;0.0;0.0;False;0.8333333333333334;0.0;neutral;0.0;0.0;False;False;False;False;False;False;False;False;False;0;0;0;[];[];[];[];[];[]
1307;bir başyapıt;positive;neutral;0.0;0.0;False;1.0;0.0;neutral;0.0;0.0;False;False;False;False;False;False;False;False;False;0;0;0;[];[];[];[];[];[]
1308;Fazla sevmediğim filmlerden biri.;negative;negative;0.0;0.08333333333333333;True;0.75;0.25;negative;0.0;0.08333333333333333;True;False;False;False;False;False;False;False;False;1;1;0;"[""biri""]";[];[];[];[];[]
1309;Aynı sene gösterilen L.A. Confidential Titanicden çok daha iyi bir film.;neutral;positive;0.6111111111111112;0.0;False;0.75;0.08333333333333333;positive;0.6111111111111112;0.0;False;False;False;False;False;False;True;False;False;1;1;0;"[""iyi""]";"[""film""]";"[""daha""]";[];[];"[""modifier_detected""]"
1310;7 / 10 izlenir.;neutral;neutral;0.0;0.0;True;0.6666666666666666;0.0;neutral;0.0;0.0;True;False;False;False;False;False;False;False;False;0;0;0;[];[];[];[];[];[]
1311;yeri asla doldurulamaz bir film.;positive;positive;0.015625;0.0;True;0.8;0.2;negative;0.0;0.015625;False;True;False;True;False;True;False;False;False;1;1;0;"[""yer""]";[];[];"[""dol""]";[];"[""negation_flip""]"
1312;.sözcükler bile yetmiyor filmin güzelliği karşısında;positive;positive;0.9375;0.0;True;0.8333333333333334;0.16666666666666666;positive;0.9375;0.0;True;False;False;False;False;False;False;False;False;1;1;0;"[""güzellik""]";[];[];[];[];[]
1313;Filmi izlediğim zamanki yaşımın da etkisiyle hayatımdaki en çok etkilendiğim ve günlerce hatta haftalarca etkisinden kurtulamadığım bir filmdi.;neutral;negative;0.0;0.14772727272727273;False;0.8333333333333334;0.1111111111111111;negative;0.0;0.14772727272727273;False;False;False;False;False;False;False;False;False;2;2;0;"[""yaş"", ""da""]";[];[];[];[];[]
1314;.eve dönerken metroda bile ağlamıştım..:);neutral;neutral;0.0;0.0;True;0.6;0.0;neutral;0.0;0.0;True;False;False;False;False;False;False;False;False;0;0;0;[];[];[];[];[];[]
1315;izlemeyenlere tavsiye ediyorum.;positive;positive;0.125;0.0;True;0.6666666666666666;0.3333333333333333;positive;0.125;0.0;True;False;False;False;False;False;False;False;False;1;1;0;"[""tavsiye""]";[];[];[];[];[]
1316;.bir benzeri yok.;positive;negative;0.0;0.21428571428571427;False;1.0;0.3333333333333333;negative;0.0;0.21428571428571427;False;False;False;False;False;False;False;False;False;1;1;0;"[""yok""]";[];[];[];[];[]
1317;Bir başyapıt.;positive;neutral;0.0;0.0;False;1.0;0.0;neutral;0.0;0.0;False;False;False;False;False;False;False;False;False;0;0;0;[];[];[];[];[];[]
1318;Baş yapıt sayılacak filmler arasında;positive;neutral;0.0;0.0;False;1.0;0.0;neutral;0.0;0.0;False;False;False;False;False;False;False;False;False;0;0;0;[];[];[];[];[];[]
1319;kusursuz fazla söze gerek yook.;positive;positive;1.0;0.05;True;0.8;0.4;positive;1.0;0.0;True;False;False;False;False;False;False;False;True;2;1;1;"[""kusursuz"", ""söz""]";"[""söz""]";[];[];[];"[""suppressed_as_target""]"
1320;bu filmde ağlamamak mümkün değil ya müthiş bi film ama insan sonunda üzülüyor ki buda buruk ancak güzel bir tat bırakıyor insanda :D;positive;negative;0.5170454545454546;0.5625;False;0.8260869565217391;0.21739130434782608;negative;0.45454545454545453;0.5625;False;False;False;False;False;False;True;False;True;5;4;1;"[""müthiş"", ""buruk"", ""ancak"", ""güzel"", ""tat""]";"[""film"", ""tat""]";"[""ancak""]";[];[];"[""modifier_detected"", ""suppressed_as_target""]"
1321;"""filmde en çok dikkatimi ceken kate winslet leanordo di caprio nun gözlerinin içine öyle bir bakıyorki sanki gerçekten aşık olmuşcasına ve gerçekten film sırasında huzunlenmemek elde değil muhteşem film 9/10""""""";positive;positive;0.5;0.0;True;0.7419354838709677;0.03225806451612903;positive;0.5;0.0;True;False;False;False;False;False;False;False;False;1;1;0;"[""muhteşem""]";"[""film""]";[];[];[];[]
1322;karşımızda iyi bir film var james cameron iyi bir iş çıkarmış doğrusu ayrıcafilmde çok başarılı bir sanat yönetimi var kate winslet ve dicaprio döktürmüşler iyi bir film zaten bu yorum boşuna bu filmi izlemeyen kalmamıştır ki film vizyona girdiğinden sadece 1 yıl sonra 2 milyar dolara yaklaşan bir gişe hasılatı yapmış 11 dalda oscar almış ve yüzüklerin efendisinden sonra vcd ve dvd satışlarında en yüksek sıraları tutmuştur ama hala izlemeyen varsa öneririm;positive;positive;3.277777777777778;1.6666666666666667;True;0.7777777777777778;0.125;positive;3.9444444444444446;1.0;True;False;False;False;False;True;True;False;False;9;9;0;"[""iyi"", ""iyi"", ""çıkar"", ""doğru"", ""başarılı"", ""iyi"", ""boşuna"", ""al"", ""yüksek""]";"[""film"", ""iş"", ""iş"", ""iş"", ""yönetim"", ""film"", ""yorum"", ""film"", ""sıra""]";"[""doğru"", ""çok"", ""en""]";"[""izle"", ""kal""]";[];"[""modifier_detected"", ""modifier_detected"", ""negation_flip"", ""negation_flip"", ""modifier_detected""]"
1323;hayatımda gördüğüm en güzel filmlerden bir tanesi adeta o zamanı yasıyorsunuz özellikle kıyafetler ve oyuncuların inanılmaz performansı beni çok etkiledi.;positive;positive;1.4545454545454546;1.0;True;0.95;0.15;negative;0.45454545454545453;2.0;False;True;False;True;False;True;True;False;False;3;3;0;"[""gör"", ""güzel"", ""inanılmaz""]";"[""film""]";"[""en""]";"[""inan""]";[];"[""modifier_detected"", ""negation_flip""]"
1324;Zamanında tüm dünyayı kasıp kavuran efsane film.;positive;positive;0.25;0.0;True;0.8571428571428571;0.14285714285714285;positive;0.25;0.0;True;False;False;False;False;False;False;False;False;1;1;0;"[""tüm""]";[];[];[];[];[]
1325;Herkes titaniği izlemek için sinema önünde uzun kuyruklar oluşturmuştu.;positive;neutral;0.0;0.0;False;0.6666666666666666;0.0;neutral;0.0;0.0;False;False;False;False;False;False;False;False;False;0;0;0;[];[];[];[];[];[]
1326;Ama şimdi bakıyorumda özellikle bu sitede bu filme karşı bir ön yargı var.;neutral;neutral;0.0;0.0;True;0.9230769230769231;0.0;neutral;0.0;0.0;True;False;False;False;False;False;False;False;False;0;0;0;[];[];[];[];[];[]
1327;E sormazlar mı adama madem 10 defa izlerken iyiydi de şimdi mi kötü oldu 11 oscarı babasının hayrına vermedi bu akademi.;positive;negative;0.7003968253968255;0.9435606060606061;False;0.7142857142857143;0.23809523809523808;negative;0.11201298701298701;1.5319444444444446;False;False;False;False;False;True;True;False;False;5;5;0;"[""adam"", ""iyi"", ""de"", ""kötü"", ""baba""]";[];"[""şimdi""]";"[""sor"", ""sor""]";[];"[""negation_flip"", ""negation_flip"", ""modifier_detected""]"
1328;İmdb de ilk 250 ye girememesi tamamen filmi 10 kere ayıla bayıla izleyipte sonradan burun kıvıran insanlarda suc.;positive;negative;0.0;0.2708333333333333;False;0.5;0.1111111111111111;negative;0.0;0.2708333333333333;False;False;False;False;False;False;False;False;False;2;2;0;"[""de"", ""burun""]";[];[];[];[];[]
1329;1 milyar 850 milyon dolar hasılat başka söze gerek yok.;positive;negative;0.0;0.2642857142857143;False;0.9;0.2;negative;0.0;0.2642857142857143;False;False;False;False;False;False;False;False;False;2;2;0;"[""söz"", ""yok""]";"[""gerek""]";[];[];[];[]
1330;.. sözün bittiği yer;neutral;negative;0.015625;0.05;False;1.0;0.6666666666666666;negative;0.015625;0.05;False;False;False;False;False;False;False;False;False;2;2;0;"[""söz"", ""yer""]";[];[];[];[];[]
1331;hayatımda izlediğim ve beni etkileyen en muhteşem film.;positive;positive;0.5;0.0;True;0.75;0.125;positive;0.5;0.0;True;False;False;False;False;False;True;False;False;1;1;0;"[""muhteşem""]";"[""film""]";"[""en""]";[];[];"[""modifier_detected""]"
1332;izlemeyenler çok şey kaybeder.;positive;neutral;0.0;0.0;False;0.5;0.0;neutral;0.0;0.0;False;False;False;False;False;False;False;False;False;0;0;0;[];[];[];[];[];[]
1333;şu filmi beğenmeyen de çıkarsa ben ne diyeyim artık!;positive;negative;0.0;1.0416666666666665;False;0.8888888888888888;0.3333333333333333;positive;1.0208333333333333;0.020833333333333332;True;True;True;False;False;True;True;False;False;3;3;0;"[""de"", ""çıkar"", ""de""]";"[""film"", ""ben"", ""ben""]";"[""artık""]";"[""beğen"", ""beğen""]";[];"[""negation_flip"", ""negation_flip"", ""modifier_detected""]"
1334;oscar'a aday oldu bu film adaay!;positive;neutral;0.0;0.0;False;0.6666666666666666;0.0;neutral;0.0;0.0;False;False;False;False;False;False;False;False;False;0;0;0;[];[];[];[];[];[]
1335;süpersin titanic!;positive;positive;0.5;0.0;True;0.5;0.5;positive;0.5;0.0;True;False;False;False;False;False;False;False;False;1;1;0;"[""süper""]";"[""titanic""]";[];[];[];[]
1336;aslında bu filme cok fazla yorum gerekmiyo.;positive;neutral;0.0;0.0;False;0.7142857142857143;0.0;neutral;0.0;0.0;False;False;False;False;False;False;False;False;False;0;0;0;[];[];[];[];[];[]
1337;.kimin hayatında onemli bi yere oturmamışdırki tıtanıc;positive;positive;0.015625;0.0;True;0.42857142857142855;0.14285714285714285;positive;0.015625;0.0;True;False;False;False;False;False;False;False;False;1;1;0;"[""yer""]";"[""tıtan""]";[];[];[];[]
1338;hala bu filmin üztüne film tanımadım!!!;positive;neutral;0.0;0.0;False;0.8333333333333334;0.0;neutral;0.0;0.0;False;False;False;False;False;False;False;False;False;0;0;0;[];[];[];[];[];[]
1339;Hayatımda en etkilendiğim filmlerden biriydi.;positive;negative;0.0;0.08333333333333333;False;0.8;0.2;negative;0.0;0.08333333333333333;False;False;False;False;False;False;False;False;False;1;1;0;"[""biri""]";[];[];[];[];[]
1340;. Oyuncular kıyafetler görüntüler güzel olmayan bişi yoktu.;positive;positive;0.45454545454545453;0.21428571428571427;True;1.0;0.2857142857142857;positive;0.45454545454545453;0.21428571428571427;True;False;False;False;False;False;False;False;False;2;2;0;"[""güzel"", ""yok""]";"[""bişi"", ""bişi""]";[];[];[];[]
1341;.. Ayrıca film o kadar etkiliyo ki müziğini dinlerken bile filmi yaşıyosunuz.;positive;neutral;0.0;0.0;False;0.7272727272727273;0.0;neutral;0.0;0.0;False;False;False;False;False;False;False;False;False;0;0;0;[];[];[];[];[];[]
1342;. Klasiklerden olucak ve yıllar sonrada aynı heyecanla izlenicek.;positive;neutral;0.0;0.0;False;0.75;0.0;neutral;0.0;0.0;False;False;False;False;False;False;False;False;False;0;0;0;[];[];[];[];[];[]
1343;""". 10 üzerinden 11 :))))) """"""";positive;neutral;0.0;0.0;False;1.0;0.0;neutral;0.0;0.0;False;False;False;False;False;False;False;False;False;0;0;0;[];[];[];[];[];[]
1344;film güzel ama 11 oscarli diğer bir film olan Ben Hur'un yanından bile geçemez.;positive;positive;0.45454545454545453;0.0;True;0.8571428571428571;0.07142857142857142;negative;0.0;0.45454545454545453;False;True;False;True;False;True;False;False;False;1;1;0;"[""güzel""]";"[""film""]";[];"[""geç""]";[];"[""negation_flip""]"
1345;izledikçe bıkılmayacak türden bi film herkesin arşivinde bulunmalı;positive;neutral;0.0;0.0;False;0.5;0.0;neutral;0.0;0.0;False;False;False;False;False;False;False;False;False;0;0;0;[];[];[];[];[];[]
1346;izleyen hiç kimsenin şu bölümünü beğenmedim diyemeyeceği izlenim boyunca her saniyesinde ayrı bir keyif veren harika ötesi bir film yada başyapıt demek daha doğru olur.;positive;positive;1.4285714285714286;0.5416666666666667;True;0.88;0.24;positive;1.9285714285714286;0.041666666666666664;True;False;False;False;False;True;True;False;False;6;6;0;"[""hiç"", ""de"", ""keyif"", ""harika"", ""de"", ""doğru""]";"[""bölüm"", ""film"", ""film""]";"[""daha""]";"[""beğen"", ""de"", ""beğen""]";[];"[""negation_flip"", ""modifier_detected""]"
1347;2. serinin fragmanlarını gördüm ilki kadar heyecanlı gözükmüyor konudan biraz sapılmış sanırım ama yinede merakla bekliyorum.;positive;negative;0.0;1.4583333333333333;False;0.8125;0.1875;positive;1.0833333333333333;0.375;True;True;True;False;False;True;False;True;False;3;3;0;"[""gör"", ""heyecanlı"", ""merak""]";"[""fragman""]";[];"[""gözük"", ""gözük""]";"[""ama""]";"[""negation_flip"", ""negation_flip"", ""contrast_detected""]"
1348;"""hayatım boyunca izledıgım en güzel en harika en kusursuz ve en ihtişamlı bir yapım hayatım boyunca tek bir filimde agladım odaa TİTANİC filimi nerdeyse hergün izliyorum ama yinede doyamıyorum keske zamanım olsa hic durmadan izlesem """"""";positive;positive;2.4545454545454546;0.0;True;0.6571428571428571;0.08571428571428572;positive;2.4545454545454546;0.0;True;False;False;False;False;False;True;False;False;3;3;0;"[""güzel"", ""harika"", ""kusursuz""]";"[""yapım"", ""yapım"", ""yapım""]";"[""en"", ""en"", ""en""]";[];[];"[""modifier_detected"", ""modifier_detected"", ""modifier_detected""]"
1349;kelimeler yetersiz kalır bu film için.;positive;negative;0.0;0.3125;False;1.0;0.16666666666666666;negative;0.0;0.3125;False;False;False;False;False;False;False;False;False;1;1;0;"[""yetersiz""]";"[""kelime""]";[];[];[];[]
1350;.. mükemmelin üstünde.;positive;positive;1.5;0.0;True;1.0;1.0;positive;1.5;0.0;True;False;False;False;False;False;False;False;False;2;2;0;"[""mükemmel"", ""üstün""]";[];[];[];[];[]
1351;.. beni ağlatabilen sayılı filmlerden biri.;positive;negative;0.0;0.08333333333333333;False;0.8;0.2;negative;0.0;0.08333333333333333;False;False;False;False;False;False;False;False;False;1;1;0;"[""biri""]";[];[];[];[];[]
1352;. süperrrrr!!!!;positive;neutral;0.0;0.0;False;0.0;0.0;neutral;0.0;0.0;False;False;False;False;False;False;False;False;False;0;0;0;[];[];[];[];[];[]
1353;hayatımda ılk defa sınemaya bu fılme basladım bu fılm benım ılkım sınemada başyapıt dıyebılecıgim ve 10 numara verecegım fılm hemde hıc dusunmeden cok gusel ve harıka fılm cok onemlı bı yerı var benım hayatımda cok gusel;positive;negative;0.0;0.125;False;0.3333333333333333;0.027777777777777776;negative;0.0;0.125;False;False;False;False;False;False;False;False;False;1;1;0;"[""numara""]";[];[];[];[];[]
1354;üstüste 3 gün boyunca izledigim ve halada izlemeye doyamadıgım tek film.;positive;neutral;0.0;0.0;False;0.7272727272727273;0.0;neutral;0.0;0.0;False;False;False;False;False;False;False;False;False;0;0;0;[];[];[];[];[];[]
1355;tabi artık hergün izlemiyorum:);neutral;neutral;0.0;0.0;True;0.5;0.0;neutral;0.0;0.0;True;False;False;False;False;False;False;False;False;0;0;0;[];[];[];[];[];[]
1356;1997 yılında sinemada izlediğimde hissettiğimle aradan geçen 10 yıl sonunda belki 20 defa izlememin sonunda gene aynı şeyleri bana sıkılmadan hissettiriyorsa bu film bir başyapıttır.;positive;negative;0.0;0.25;False;0.84;0.04;negative;0.0;0.25;False;False;False;False;False;False;False;False;False;1;1;0;"[""hisset""]";[];[];[];[];[]
1357;Efet kesinlikle bir başyapıt.;positive;neutral;0.0;0.0;False;0.75;0.0;neutral;0.0;0.0;False;False;False;False;False;False;False;False;False;0;0;0;[];[];[];[];[];[]
1358;Şu zamana denk izlediğim en güzel film.;positive;positive;0.45454545454545453;0.0;True;0.8571428571428571;0.14285714285714285;positive;0.45454545454545453;0.0;True;False;False;False;False;False;True;False;False;1;1;0;"[""güzel""]";"[""film""]";"[""en""]";[];[];"[""modifier_detected""]"
1359;Sinemanın zevkine varıyorsunuz izlerken.;positive;positive;0.5;0.0;True;0.75;0.25;positive;0.5;0.0;True;False;False;False;False;False;False;False;False;1;1;0;"[""zevk""]";[];[];[];[];[]
1360;Bir film bu kadar mı duygusal bu kadar mı güzel olur.;positive;positive;0.45454545454545453;0.0;True;1.0;0.09090909090909091;positive;0.45454545454545453;0.0;True;False;False;False;False;False;False;False;False;1;1;0;"[""güzel""]";[];[];[];[];[]
1361;10tam puanı sonuna denk hakediyor.;positive;negative;0.0;0.125;False;0.6;0.2;negative;0.0;0.125;False;False;False;False;False;False;False;False;False;1;1;0;"[""son""]";"[""puan""]";[];[];[];[]
1362;titanic benim filmim kaç defa izlediğimi hatırlamıyorum bile izlemeyen varmıdır acaba?;positive;neutral;0.0;0.0;False;0.5454545454545454;0.0;neutral;0.0;0.0;False;False;False;False;False;False;False;False;False;0;0;0;[];[];[];[];[];[]
1363;Hayatımda izlediğim en iyi filmlerinden biri ve hatta basında geliyo.;positive;positive;0.6111111111111112;0.08333333333333333;True;0.8;0.2;positive;0.6111111111111112;0.08333333333333333;True;False;False;False;False;False;True;False;False;2;2;0;"[""iyi"", ""biri""]";"[""film""]";"[""en""]";[];[];"[""modifier_detected""]"
1364;hala heyecanla izlediğim unutulmaz bi film yerini herzaman koruycak bence onun kadar ses getiren bi film olmadı daha.;positive;positive;0.015625;0.0;True;0.6111111111111112;0.05555555555555555;positive;0.015625;0.0;True;False;False;False;False;False;False;False;False;1;1;0;"[""yer""]";[];[];[];[];[]
1365;Bu güne kadar seyrettiğim en iyi film diyebilirim;positive;positive;0.6111111111111112;0.020833333333333332;True;0.875;0.25;positive;0.6111111111111112;0.020833333333333332;True;False;False;False;False;False;True;False;False;2;2;0;"[""iyi"", ""de""]";"[""film"", ""film""]";"[""en""]";[];[];"[""modifier_detected""]"
1366;Sinema tarihine adını altın harflerle yazdırmış nadir filmlerden biri.;positive;neutral;0.08333333333333333;0.08333333333333333;False;1.0;0.2222222222222222;neutral;0.08333333333333333;0.08333333333333333;False;False;False;False;False;False;False;False;False;2;2;0;"[""ad"", ""biri""]";[];[];[];[];[]
1367;Çok süper kaliteli bir yapım başarısı ortada zaten.;positive;positive;1.875;0.0;True;1.0;0.375;positive;1.875;0.0;True;False;False;False;False;False;True;False;False;3;3;0;"[""süper"", ""kaliteli"", ""başarı""]";"[""yapım"", ""yapım""]";"[""çok""]";[];[];"[""modifier_detected""]"
1368;Oyuncularıyla Konusuyla Ödülleriyle Sitede aldığı puanla herşeyiy le ne kadar iyi bir film olduğunu belli ediyor.;positive;positive;1.3611111111111112;0.16666666666666666;True;0.9375;0.1875;positive;1.3611111111111112;0.16666666666666666;True;False;False;False;False;False;False;False;False;3;3;0;"[""ödül"", ""al"", ""iyi""]";"[""film""]";[];[];[];[]
1369;Mutlaka izlenmesi gereken bir film diye düşünüyorum.;positive;neutral;0.0;0.0;False;0.7142857142857143;0.0;neutral;0.0;0.0;False;False;False;False;False;False;False;False;False;0;0;0;[];[];[];[];[];[]
1370;böyle bi film yok bi daha da zor olur heralde defalarca izleyip defalarca ağladım tek kelimeyle herşeyiyle 10 numara;positive;negative;0.0;0.9453463203463204;False;0.6842105263157895;0.21052631578947367;negative;0.0;0.9453463203463204;False;False;False;False;False;False;True;False;False;4;4;0;"[""yok"", ""da"", ""zor"", ""numara""]";"[""film""]";"[""böyle""]";[];[];"[""modifier_detected""]"
1371;hiç oscarına güvenmeyin.;negative;negative;0.0;0.5;True;0.6666666666666666;0.3333333333333333;positive;0.5;0.0;False;True;False;True;False;True;False;False;False;1;1;0;"[""hiç""]";[];[];"[""güven""]";[];"[""negation_flip""]"
1372;abartılacak bir film değil ben ortada öyle büyük bir aşk da görmedim gerilim yok heyecan yok poseidon filmine aşk katın alın size 2 kat güzel bir film.;negative;positive;2.4545454545454546;1.6179653679653678;False;0.9259259259259259;0.2962962962962963;positive;2.621212121212121;0.4512987012987013;False;False;False;False;False;True;False;False;True;8;7;1;"[""aşk"", ""da"", ""gör"", ""yok"", ""yok"", ""aşk"", ""al"", ""güzel""]";"[""aşk"", ""heyecan"", ""poseidon"", ""ben"", ""film""]";[];"[""gör"", ""gör"", ""değil""]";[];"[""suppressed_as_target"", ""negation_flip"", ""negation_flip""]"
1373;gerçek bir klasik elbette *10*;positive;positive;0.08333333333333333;0.0;True;1.0;0.2;positive;0.08333333333333333;0.0;True;False;False;False;False;False;False;False;False;1;1;0;"[""gerçek""]";[];[];[];[];[]
1374;Yapıldığı tarihe göre çok iyi.;positive;positive;0.6111111111111112;0.0;True;0.8;0.2;positive;0.6111111111111112;0.0;True;False;False;False;False;False;True;False;False;1;1;0;"[""iyi""]";[];"[""çok""]";[];[];"[""modifier_detected""]"
1375;Konu çok iyi incelenmiş.;positive;positive;0.6111111111111112;0.0;True;0.75;0.25;positive;0.6111111111111112;0.0;True;False;False;False;False;False;False;False;False;1;1;0;"[""iyi""]";"[""konu""]";[];[];[];[]
1376;Bazı basit sahneler var ama izlenmesi gerek.;positive;positive;0.1;0.0;True;0.8571428571428571;0.14285714285714285;positive;0.1;0.0;True;False;False;False;False;False;False;False;False;1;1;0;"[""basit""]";"[""sahne""]";[];[];[];[]
1377;cok iyi hatırlıyorum 97 senesiydi eve bir kac film almıstım izliycektim üstelik (o zamanlar vcd bilgisayar parasıydı).;neutral;positive;0.6111111111111112;0.0;False;0.6470588235294118;0.058823529411764705;positive;0.6111111111111112;0.0;False;False;False;False;False;False;True;False;False;1;1;0;"[""iyi""]";[];"[""cok""]";[];[];"[""modifier_detected""]"
1378;neyse diğer filmleri izledim vcd yi kapatacaktım bir baktım bi de bu var dedim bi seye benzemiyo kapağı izlesemmi diye düsündüm neyse koydum.;neutral;negative;0.0;0.29166666666666663;False;0.6086956521739131;0.13043478260869565;negative;0.0;0.29166666666666663;False;False;False;False;False;False;True;False;False;3;3;0;"[""bak"", ""de"", ""de""]";[];"[""bir""]";[];[];"[""modifier_detected""]"
1379;o an hayatımdaki en duygusal anlardan mı muhtesem bir film o zamandan beri en az 15 kere seyretmisimdir .;positive;negative;0.0;0.25;False;0.8888888888888888;0.05555555555555555;negative;0.0;0.25;False;False;False;False;False;False;True;False;False;1;1;0;"[""az""]";"[""film""]";"[""en""]";[];[];"[""modifier_detected""]"
1380;muhtesem;positive;neutral;0.0;0.0;False;0.0;0.0;neutral;0.0;0.0;False;False;False;False;False;False;False;False;False;0;0;0;[];[];[];[];[];[]
1381;bence tarihin en iyi filmi çok süper bir yapım ses efektleri muhteşem bugüne kadar çok film izledim ama böylesini görmemiştim süpper;positive;positive;1.6111111111111112;0.75;True;0.9047619047619048;0.19047619047619047;positive;2.361111111111111;0.0;True;False;False;False;False;True;True;True;False;4;4;0;"[""iyi"", ""süper"", ""muhteşem"", ""görmemiş""]";"[""film"", ""yapım"", ""bugün"", ""efekt""]";"[""en"", ""çok"", ""böylesini""]";"[""gör""]";"[""ama""]";"[""modifier_detected"", ""modifier_detected"", ""negation_flip"", ""modifier_detected"", ""contrast_detected""]"
1382;kesinlikle mükemmel bir film.;positive;positive;1.0;0.0;True;1.0;0.25;positive;1.0;0.0;True;False;False;False;False;False;False;False;False;1;1;0;"[""mükemmel""]";"[""film""]";[];[];[];[]
1383;Ortalaması 9 ve üzeri olan kaç film var bilmem ama Titanik'i izledikten sonra verilen puanların Hiç bir şey Titanik'in ise herşey olduğunu anlayacaksınız.;positive;negative;0.0;0.5;False;0.6956521739130435;0.043478260869565216;negative;0.0;0.5;False;False;False;False;False;False;False;False;False;1;1;0;"[""hiç""]";[];[];[];[];[]
1384;Bu filmi izleyin demeyeceğim çünkü izlediğinizi biliyorum!;positive;negative;0.0;0.020833333333333332;False;0.5714285714285714;0.14285714285714285;positive;0.020833333333333332;0.0;True;True;True;False;False;True;False;False;False;1;1;0;"[""de""]";[];[];"[""de""]";[];"[""negation_flip""]"
1385;aslında dünyada böyle bir sevgiyi sadece onların yaşadığını düşünüyorum.;positive;positive;2.0;0.0;True;0.8888888888888888;0.2222222222222222;positive;2.0;0.0;True;False;False;False;False;False;True;False;False;2;2;0;"[""sevgi"", ""yaşa""]";"[""o"", ""o""]";"[""böyle"", ""sadece""]";[];[];"[""modifier_detected"", ""modifier_detected""]"
1386;bu kadar büyük bir sevgi imkansız gibi geliyor bana.;positive;positive;1.0;0.25;True;0.8888888888888888;0.2222222222222222;negative;0.0;0.25;False;True;False;True;False;False;False;False;True;2;1;1;"[""sevgi"", ""imkansız""]";"[""sevgi""]";[];[];[];"[""suppressed_as_target""]"
1387;Şu ana kadar yapılmış en iyi ve en güzel film yani tek kelimeyle mükemmel.;positive;positive;2.1906565656565657;0.0;True;0.9285714285714286;0.2857142857142857;positive;2.1906565656565657;0.0;True;False;False;False;False;False;True;False;False;4;4;0;"[""ana"", ""iyi"", ""güzel"", ""mükemmel""]";"[""film"", ""film""]";"[""en"", ""en"", ""kelime""]";[];[];"[""modifier_detected"", ""modifier_detected"", ""modifier_detected""]"
1388;..(İlk kez Leonardo Di Caprio hayranı olmamı sağladı.;positive;positive;0.5;0.0;True;0.625;0.125;positive;0.5;0.0;True;False;False;False;False;False;False;False;False;1;1;0;"[""hayran""]";[];[];[];[];[]
1389;Leonardo Di Caprio'nun diğer filmleri de güzel ama TİTANİK keinlikle en iyisi)Ayrıca diğerlerine katılıyorum bence de 9 1 puan çok az ben 10/10 verdim.;positive;positive;1.0656565656565657;0.2916666666666667;True;0.7692307692307693;0.19230769230769232;positive;1.0656565656565657;0.2916666666666667;True;False;False;False;False;False;True;False;False;5;5;0;"[""de"", ""güzel"", ""iyi"", ""de"", ""az""]";"[""film"", ""film"", ""ben""]";"[""en"", ""çok""]";[];[];"[""modifier_detected"", ""modifier_detected""]"
1390;sinmada izlediğim ilk film.;neutral;neutral;0.0;0.0;True;0.5;0.0;neutral;0.0;0.0;True;False;False;False;False;False;False;False;False;0;0;0;[];[];[];[];[];[]
1391;heralde büyük bi şans.;positive;neutral;0.0;0.0;False;0.5;0.0;neutral;0.0;0.0;False;False;False;False;False;False;False;False;False;0;0;0;[];[];[];[];[];[]
1392;mükemmel bir film tek kelimeyle.;positive;positive;1.0;0.0;True;1.0;0.2;positive;1.0;0.0;True;False;False;False;False;False;False;False;False;1;1;0;"[""mükemmel""]";"[""film""]";[];[];[];[]
1393;Bu filmi beğenmeyenlerin kesinlikle duygudan mahrum kalmış insanlardır.;positive;negative;0.25;0.75;False;1.0;0.25;negative;0.25;0.75;False;False;False;False;False;False;False;False;False;2;2;0;"[""beğenme"", ""mahrum""]";"[""film""]";[];[];[];[]
1394;bu film beğenilmezmi yaw.;positive;neutral;0.0;0.0;False;0.5;0.0;neutral;0.0;0.0;False;False;False;False;False;False;False;False;False;0;0;0;[];[];[];[];[];[]
1395;hayatım boyunca 500 çuvarında film izledim içlerinden en iyisi bu ve tarihin en büyük baş yapıtı ve benim en sevdiğim film filmi izlerken çok duygulandığım tek film ve en harika film film uzundu ama dahada uzun olmasını isterdim çünkü okadar güzel her saniyesi adamı duygulandırıyor ve leonardo dicaprio kate winslet harika bir oyuncu başarıları çok büyük okadar büyük ki anlatamam ve filmi felaket yönünde çok güzel yapılmış hiç bir kamera hatası yok çok süper bir film ortaya konmuş bu filmi yapan herkese çok büyük saygı duyuyorum çünkü benim izlediğim en iyi film 10 üzerinden 10 hatta 1000 üzerinden 1000 de diyebilirim tarihin en büyük ödülüne sahip tarihin en büyük hasılatına sahip bir film izlemeyen varsa kesinlikle izlesin herkese iyi seyirler;positive;positive;7.200757575757575;1.2786796536796534;True;0.825;0.15833333333333333;positive;6.096590909090909;1.0911796536796534;True;False;False;False;False;True;True;False;True;19;16;3;"[""iyi"", ""harika"", ""güzel"", ""adam"", ""harika"", ""başarı"", ""felaket"", ""güzel"", ""hiç"", ""hata"", ""yok"", ""süper"", ""saygı"", ""iyi"", ""de"", ""de"", ""ödül"", ""iyi"", ""seyir""]";"[""bu"", ""film"", ""saniye"", ""oyuncu"", ""yön"", ""film"", ""hata"", ""film"", ""film"", ""başarı"", ""saygı""]";"[""en"", ""en"", ""okadar"", ""çok"", ""çok"", ""en""]";"[""anlat"", ""anlat""]";[];"[""modifier_detected"", ""modifier_detected"", ""modifier_detected"", ""suppressed_as_target"", ""modifier_detected"", ""suppressed_as_target"", ""modifier_detected"", ""suppressed_as_target"", ""modifier_detected"", ""negation_flip""]"
1396;10 puanı sonuna kadar hakediyor bu filme 10puan altında verenler benim düsüncem filmi beğenmeyenler 9 verilmez 10puan kusursuz bir film;positive;positive;1.0;0.125;True;0.65;0.1;positive;1.0;0.125;True;False;False;False;False;False;False;False;False;2;2;0;"[""son"", ""kusursuz""]";"[""puan"", ""film""]";[];[];[];[]
1397;gerçek bir olayı anlatan bu film gerçektende çok güzel;positive;positive;0.5378787878787878;0.0;True;0.7777777777777778;0.2222222222222222;positive;0.5378787878787878;0.0;True;False;False;False;False;False;True;False;False;2;2;0;"[""gerçek"", ""güzel""]";"[""olay"", ""film""]";"[""gerçektende""]";[];[];"[""modifier_detected""]"
1398;canım sıkıldıkça izlediğim bi film 20 kere izlemişimdir.;positive;positive;0.2222222222222222;0.0;True;0.5;0.125;positive;0.2222222222222222;0.0;True;False;False;False;False;False;False;False;False;1;1;0;"[""can""]";[];[];[];[];[]
1399;.gerçekten çok harika artık replikleri ezberledim ama insan bıkmıyo :);positive;positive;1.0;0.0;True;0.7777777777777778;0.1111111111111111;positive;1.0;0.0;True;False;False;False;False;False;True;False;False;1;1;0;"[""harika""]";"[""replik""]";"[""çok""]";[];[];"[""modifier_detected""]"
1400;Kate Winslet harika.;positive;positive;1.0;0.0;True;0.3333333333333333;0.3333333333333333;positive;1.0;0.0;True;False;False;False;False;False;False;False;False;1;1;0;"[""harika""]";"[""kate""]";[];[];[];[]
1401;9 puan bu film için çok az.;positive;negative;0.0;0.25;False;1.0;0.14285714285714285;negative;0.0;0.25;False;False;False;False;False;False;True;False;False;1;1;0;"[""az""]";"[""puan""]";"[""çok""]";[];[];"[""modifier_detected""]"
1402;Ben 10 üzerinden 10 verdim.;positive;neutral;0.0;0.0;False;0.8;0.0;neutral;0.0;0.0;False;False;False;False;False;False;False;False;False;0;0;0;[];[];[];[];[];[]
1403;Bu film gelmiş geçmiş en iyi film bence;positive;positive;0.6111111111111112;0.05;True;0.875;0.25;positive;0.6111111111111112;0.05;True;False;False;False;False;False;True;False;False;2;2;0;"[""geçmiş"", ""iyi""]";"[""film"", ""film""]";"[""en""]";[];[];"[""modifier_detected""]"
1404;Gelmiş geçmiş en iyi film.;positive;positive;0.6111111111111112;0.05;True;0.8;0.4;positive;0.6111111111111112;0.05;True;False;False;False;False;False;True;False;False;2;2;0;"[""geçmiş"", ""iyi""]";"[""film""]";"[""en""]";[];[];"[""modifier_detected""]"
1405;Tabii bunu kendi nezdimde söylüyorum.;neutral;positive;0.16666666666666666;0.0;False;0.6;0.2;positive;0.16666666666666666;0.0;False;False;False;False;False;False;False;False;False;1;1;0;"[""tabii""]";"[""bu""]";[];[];[];[]
1406;hiçbir şey soylemeye gerek yok bence herkes izlemeli.;positive;negative;0.0;0.21428571428571427;False;0.875;0.125;negative;0.0;0.21428571428571427;False;False;False;False;False;False;False;False;False;1;1;0;"[""yok""]";[];[];[];[];[]
1407;mukemmel tek kelimeyle;positive;neutral;0.0;0.0;False;0.6666666666666666;0.0;neutral;0.0;0.0;False;False;False;False;False;False;False;False;False;0;0;0;[];[];[];[];[];[]
1408;en son 5 yıl önce izlediğimde ve hıçkıra hıçkıra ağlamıitım.;neutral;negative;0.0;0.125;False;0.6;0.1;negative;0.0;0.125;False;False;False;False;False;False;True;False;False;1;1;0;"[""son""]";[];"[""en""]";[];[];"[""modifier_detected""]"
1409;1 ay önce tekrar izledim ve o duygusallığı üzerimden 1 hafta atamadı.;neutral;neutral;0.0;0.0;True;0.9166666666666666;0.0;neutral;0.0;0.0;True;False;False;False;False;False;False;False;False;0;0;0;[];[];[];[];[];[]
1410;dikkatt! duygusallar izlemesin!;neutral;neutral;0.0;0.0;True;0.6666666666666666;0.0;neutral;0.0;0.0;True;False;False;False;False;False;False;False;False;0;0;0;[];[];[];[];[];[]
1411;mükemmel bir başyapıt zaten oscarları süpürmesiyle bunu belli ediyor;positive;positive;1.0;0.0;True;0.7777777777777778;0.1111111111111111;positive;1.0;0.0;True;False;False;False;False;False;False;False;False;1;1;0;"[""mükemmel""]";"[""başyapıt""]";[];[];[];[]
1412;Bu zamana kadar ben en çok etkileyen film.;positive;neutral;0.0;0.0;False;0.875;0.0;neutral;0.0;0.0;False;False;False;False;False;False;False;False;False;0;0;0;[];[];[];[];[];[]
1413;Gerçekten 9.1 az bu film için.;positive;negative;0.0;0.25;False;1.0;0.14285714285714285;negative;0.0;0.25;False;False;False;False;False;False;False;False;False;1;1;0;"[""az""]";"[""film""]";[];[];[];[]
1414;"""10 puan vermeyi hakediyor ben öyle yaptım""""""";positive;neutral;0.0;0.0;False;0.5714285714285714;0.0;neutral;0.0;0.0;False;False;False;False;False;False;False;False;False;0;0;0;[];[];[];[];[];[]
1415;bence şahane ötesi bir film eski olduğuna bakmayın kesinlikle izleyin bu arada bu güne kadar ondan daha iyi bir film geldiğini sanmıyorum filmin puna bence 1010;positive;positive;1.2777777777777777;0.41666666666666663;True;0.8461538461538461;0.15384615384615385;positive;1.5277777777777777;0.16666666666666666;True;False;False;False;False;True;True;False;False;4;4;0;"[""şahane"", ""eski"", ""bak"", ""iyi""]";"[""film"", ""film"", ""film""]";"[""daha""]";"[""bak""]";[];"[""negation_flip"", ""modifier_detected""]"
1416;bu muhtesem filme bence 9.1 cok az.;positive;negative;0.0;0.25;False;0.75;0.125;negative;0.0;0.25;False;False;False;False;False;False;True;False;False;1;1;0;"[""az""]";[];"[""cok""]";[];[];"[""modifier_detected""]"
1417;muhtesem bir romantik film.;positive;neutral;0.0;0.0;False;0.75;0.0;neutral;0.0;0.0;False;False;False;False;False;False;False;False;False;0;0;0;[];[];[];[];[];[]
1418;2.sinin cekılmesi yanlıs.;neutral;neutral;0.0;0.0;True;0.5;0.0;neutral;0.0;0.0;True;False;False;False;False;False;False;False;False;0;0;0;[];[];[];[];[];[]
1419;Filmi bu kadar seviyoruz ama puanı 9.1 yazık çok yazık doğrusu bence 9.5 den aşağı olmamalı Yüzüklerin Efendisi gibi hiçbir zaman gerçek olmayacak şeyleri işleyen filme 9.6 veriliyor yaşanmış gerçek bir olayı işleyen bu filme 9.1 yazık gerçekten de.;positive;negative;1.4166666666666665;2.3541666666666665;False;0.9069767441860465;0.23255813953488372;positive;2.1458333333333335;1.625;True;True;True;False;False;True;True;True;False;10;10;0;"[""yazık"", ""yazık"", ""doğru"", ""de"", ""aşağı"", ""gerçek"", ""yaşa"", ""gerçek"", ""yazık"", ""de""]";"[""puan"", ""puan"", ""puan"", ""olay""]";"[""çok"", ""doğru"", ""gerçekten""]";"[""ol"", ""ol"", ""ol""]";"[""ama"", ""ama"", ""ama""]";"[""contrast_detected"", ""negation_flip"", ""modifier_detected"", ""contrast_detected"", ""contrast_detected"", ""negation_flip"", ""negation_flip""]"
1420;bu yaşlarda izlemiş olsam o kadar etkilenir miydim bilmiyorum ama 11 yaşlarımda izlemiş bulunduğum yıllarca ne zaman aklıma düşse beni ağlatmış tek film.;positive;negative;0.0;0.25;False;0.7391304347826086;0.08695652173913043;negative;0.0;0.25;False;False;False;False;False;False;False;False;False;2;2;0;"[""yaş"", ""yaş""]";[];[];[];[];[]
1421;destansı bir aşk ve hayatta kalma hikayesi.;neutral;positive;1.0;0.0;False;1.0;0.14285714285714285;positive;1.0;0.0;False;False;False;False;False;False;False;False;False;1;1;0;"[""aşk""]";"[""destansı""]";[];[];[];[]
1422;"""Sinema tarihinin """"""""Karayip Korsanları""""""""ndan sonra kesinlikle en balon filmi.""";positive;negative;0.0;0.6875;False;0.8;0.1;negative;0.0;0.6875;False;False;False;False;False;False;False;False;False;1;1;0;"[""korsan""]";[];[];[];[];[]
1423;gelmis gecmis en iyi film;positive;positive;0.6111111111111112;0.0;True;0.6;0.2;positive;0.6111111111111112;0.0;True;False;False;False;False;False;True;False;False;1;1;0;"[""iyi""]";"[""film""]";"[""en""]";[];[];"[""modifier_detected""]"
1424;vizyona girmesinden 10 yıl sonra bile hala yorum yazılan bi film bu.;positive;neutral;0.0;0.0;False;0.8333333333333334;0.0;neutral;0.0;0.0;False;False;False;False;False;False;False;False;False;0;0;0;[];[];[];[];[];[]
1425;..kötü olması mümkün mü?;positive;negative;0.0;0.9;False;1.0;0.25;negative;0.0;0.9;False;False;False;False;False;False;False;False;False;1;1;0;"[""kötü""]";[];[];[];[];[]
1426;Öncelikle şunu söyliyim Titanik bir film değil bir gerçektir.;neutral;positive;0.08333333333333333;0.0;False;0.7777777777777778;0.1111111111111111;negative;0.0;0.08333333333333333;False;True;False;False;True;True;False;False;False;1;1;0;"[""gerçek""]";"[""şu""]";[];"[""değil""]";[];"[""negation_flip""]"
1427;Bu Gerçeği bize Beyazperde de izlettiren James Cameon ve ekibini kutluyorum.;positive;positive;0.08333333333333333;0.020833333333333332;True;0.6363636363636364;0.18181818181818182;positive;0.08333333333333333;0.020833333333333332;True;False;False;False;False;False;False;False;False;2;2;0;"[""gerçek"", ""de""]";[];[];[];[];[]
1428;İnsan Kendini Titanikte gibi hissediyor gerçekten.;positive;negative;0.0;0.25;False;0.8333333333333334;0.16666666666666666;negative;0.0;0.25;False;False;False;False;False;False;True;False;False;1;1;0;"[""hisset""]";"[""insan""]";"[""gerçekten""]";[];[];"[""modifier_detected""]"
1429;Yalnız anlayamadığım bir şey var böyle muhteşem bir filmin puanı en az 9.5 falan olmalı.;positive;positive;0.5;0.3;True;0.9375;0.1875;positive;0.55;0.25;True;False;False;False;False;True;True;False;False;3;3;0;"[""yalnız"", ""muhteşem"", ""az""]";"[""film"", ""puan""]";"[""en""]";"[""anla""]";[];"[""negation_flip"", ""modifier_detected""]"
1430;bu puan bu filme hiç yakışmıyor.;neutral;negative;0.0;0.5;False;0.8333333333333334;0.16666666666666666;positive;0.5;0.0;False;True;False;False;True;True;False;False;False;1;1;0;"[""hiç""]";"[""puan""]";[];"[""yakış""]";[];"[""negation_flip""]"
1431;herkes Titanik'e hakettiği puanı vermeli bir an önce.;neutral;neutral;0.0;0.0;True;0.625;0.0;neutral;0.0;0.0;True;False;False;False;False;False;False;False;False;0;0;0;[];[];[];[];[];[]
1432;boyle bir yapım ileriki zamanlarda karsımıza Keşke cıksa;positive;neutral;0.0;0.0;False;0.5;0.0;neutral;0.0;0.0;False;False;False;False;False;False;False;False;False;0;0;0;[];[];[];[];[];[]
1433;süper ötesi bisey grcekten bi daha böle fiLm zor gelir ve batısıyLA iLgiLİ bi arastırma yapın inanamıyacaksınızz!;positive;negative;0.5;0.5833333333333334;False;0.5882352941176471;0.11764705882352941;negative;0.5;0.5833333333333334;False;False;False;False;False;False;False;False;False;2;2;0;"[""süper"", ""zor""]";"[""bisey"", ""film""]";[];[];[];[]
1434;film muhteşemdiiii.;positive;neutral;0.0;0.0;False;0.5;0.0;neutral;0.0;0.0;False;False;False;False;False;False;False;False;False;0;0;0;[];[];[];[];[];[]
1435;gerçekten sizi derinden etkileyecek bir şaheser;positive;positive;0.5;0.0;True;0.8333333333333334;0.16666666666666666;positive;0.5;0.0;True;False;False;False;False;False;False;False;False;1;1;0;"[""şaheser""]";[];[];[];[];[]
1436;bence az puan almış en azından bu sitede bundan yukarı puan almayı haketmeyen filmler war.;positive;negative;0.05;0.8333333333333333;False;0.8666666666666667;0.3333333333333333;negative;0.21666666666666667;0.6666666666666666;False;False;False;False;False;True;True;False;False;5;5;0;"[""az"", ""al"", ""az"", ""yukarı"", ""al""]";"[""film"", ""puan"", ""puan""]";"[""en""]";"[""haket""]";[];"[""modifier_detected"", ""negation_flip""]"
1437;.. filme glince hayatımda izlediim en ii film.;positive;neutral;0.0;0.0;False;0.7142857142857143;0.0;neutral;0.0;0.0;False;False;False;False;False;False;False;False;False;0;0;0;[];[];[];[];[];[]
1438;böyle film br daha gelmez inanılmaz bir film;positive;positive;1.0;0.0;True;0.875;0.125;positive;1.0;0.0;True;False;False;False;False;True;False;False;False;1;1;0;"[""inanılmaz""]";"[""film""]";[];"[""inan"", ""gel""]";[];[]
1439;Aldığı puan az kalıyor.;positive;negative;0.0;0.41666666666666663;False;1.0;0.5;negative;0.0;0.41666666666666663;False;False;False;False;False;False;False;False;False;2;2;0;"[""al"", ""az""]";"[""puan""]";[];[];[];[]
1440;Her insanın yaşamı boyunca izleyebileceği en kaliteli 5 film arasında yerini alacak filmlerden biri.;positive;positive;1.015625;0.08333333333333333;True;0.9285714285714286;0.21428571428571427;positive;1.015625;0.08333333333333333;True;False;False;False;False;False;True;False;False;3;3;0;"[""kaliteli"", ""yer"", ""biri""]";"[""film""]";"[""en""]";[];[];"[""modifier_detected""]"
1441;"""şaheser""""""""so others may live""""""""""""""";positive;positive;0.5;0.0;True;0.2;0.2;positive;0.5;0.0;True;False;False;False;False;False;False;False;False;1;1;0;"[""şaheser""]";[];[];[];[];[]
1442;ben bu filmi seyrettigimde çok etkilenmiştim.;positive;neutral;0.0;0.0;False;0.6666666666666666;0.0;neutral;0.0;0.0;False;False;False;False;False;False;False;False;False;0;0;0;[];[];[];[];[];[]
1443;on iki dalda oscar almış bi film için bence az oy almış.;positive;negative;0.0;0.5833333333333333;False;0.8333333333333334;0.25;negative;0.0;0.5833333333333333;False;False;False;False;False;False;False;False;False;3;3;0;"[""al"", ""az"", ""al""]";[];[];[];[];[]
1444;amaizlemeyenlere kesinlikle tavsiye ediyorum.;positive;positive;0.125;0.0;True;0.75;0.25;positive;0.125;0.0;True;False;False;False;False;False;True;False;False;1;1;0;"[""tavsiye""]";[];"[""kesinlik""]";[];[];"[""modifier_detected""]"
1445;tabi artık bu filmide izlemeyen varsa.;positive;neutral;0.0;0.0;False;0.6666666666666666;0.0;neutral;0.0;0.0;False;False;False;False;False;False;False;False;False;0;0;0;[];[];[];[];[];[]
1446;Unutulmaz bir film.;positive;neutral;0.0;0.0;False;0.6666666666666666;0.0;neutral;0.0;0.0;False;False;False;False;False;False;False;False;False;0;0;0;[];[];[];[];[];[]
1447;11 dalda 11 oscar daha ne gerek söz söylemeye;positive;negative;0.0;0.05;False;0.7777777777777778;0.1111111111111111;negative;0.0;0.05;False;False;False;False;False;False;False;False;False;1;1;0;"[""söz""]";"[""gerek""]";[];[];[];[]
1448;Bu filmin puanı nasıl 9 olur anlamış değilim.;positive;neutral;0.0;0.0;False;0.875;0.0;neutral;0.0;0.0;False;False;False;False;False;False;False;False;False;0;0;0;[];[];[];[];[];[]
1449;Bu filmin güzelliğini anlatmaya buraya yazacağım yazılar bile yetmez.;positive;positive;0.9375;0.0;True;0.7777777777777778;0.1111111111111111;positive;0.9375;0.0;True;False;False;False;False;False;False;False;False;1;1;0;"[""güzellik""]";[];[];[];[];[]
1450;Hayatımda izlediğim en iyi filmdi.;positive;positive;0.6111111111111112;0.0;True;0.8;0.2;positive;0.6111111111111112;0.0;True;False;False;False;False;False;True;False;False;1;1;0;"[""iyi""]";"[""film""]";"[""en""]";[];[];"[""modifier_detected""]"
1451;Bir daha böyle güzel bir film izleyeceğimide zannetmiyorum.;positive;positive;0.45454545454545453;0.0;True;0.75;0.125;positive;0.45454545454545453;0.0;True;False;False;False;False;False;True;False;False;1;1;0;"[""güzel""]";"[""film""]";"[""böyle""]";[];[];"[""modifier_detected""]"
1452;Muhteşem ötesi bir film.;positive;positive;0.5;0.0;True;1.0;0.25;positive;0.5;0.0;True;False;False;False;False;False;False;False;False;1;1;0;"[""muhteşem""]";"[""film""]";[];[];[];[]
1453;Belki 15 kere izlemişimdir yine de izlemeye devam edeceğim.;positive;negative;0.0;0.020833333333333332;False;0.8888888888888888;0.1111111111111111;negative;0.0;0.020833333333333332;False;False;False;False;False;False;False;False;False;1;1;0;"[""de""]";[];[];[];[];[]
1454;Beni bu kadar etkileyecek başka film olamaz.;positive;neutral;0.0;0.0;False;0.8571428571428571;0.0;neutral;0.0;0.0;False;False;False;False;False;False;False;False;False;0;0;0;[];[];[];[];[];[]
1455;O sahneler oyuncular müzik bu film ne böyle ya.;positive;neutral;0.0;0.0;False;1.0;0.0;neutral;0.0;0.0;False;False;False;False;False;False;False;False;False;0;0;0;[];[];[];[];[];[]
1456;bana göre leonardo nun tek filmi başka yok.;positive;negative;0.0;0.21428571428571427;False;0.75;0.125;negative;0.0;0.21428571428571427;False;False;False;False;False;False;False;False;False;1;1;0;"[""yok""]";"[""film""]";[];[];[];[]
1457;..bu başyapıttan kazandığı karizmayla cok seyler yapabilirdi ama kullanamadı.;neutral;positive;0.25;0.0;False;0.5555555555555556;0.1111111111111111;negative;0.0;0.25;False;True;False;False;True;True;False;False;False;1;1;0;"[""karizma""]";"[""seyler""]";[];"[""yap""]";[];"[""negation_flip""]"
1458;gerek aşk gerekse görsel efektleriyle bir çok oscar ödüllerini kaldıran muhteşem bir film tüm zamanlarda soluksuz izlenebilirliğe sahip.;positive;positive;2.5;0.0;True;0.8333333333333334;0.2222222222222222;positive;2.5;0.0;True;False;False;False;False;False;False;False;False;4;4;0;"[""aşk"", ""ödül"", ""muhteşem"", ""tüm""]";"[""film""]";[];[];[];[]
1459;ya bana gore puanin 9 olmasi bile az.;positive;negative;0.0;0.25;False;0.625;0.125;negative;0.0;0.25;False;False;False;False;False;False;False;False;False;1;1;0;"[""az""]";[];[];[];[];[]
1460;ya bir filmde hic mi kusur olmaz ya.;positive;negative;0.0;0.625;False;0.875;0.125;positive;0.625;0.0;True;True;True;False;False;True;False;False;False;1;1;0;"[""kusur""]";[];[];"[""ol""]";[];"[""negation_flip""]"
1461;ask macera dram hepsi oyle guzel butunlesmis ki film ne kadar uzun olsa da iznsan bitince uzuluyo.;positive;negative;0.125;0.21022727272727273;False;0.7058823529411765;0.17647058823529413;negative;0.125;0.21022727272727273;False;False;False;False;False;False;False;False;False;3;3;0;"[""macera"", ""dram"", ""da""]";"[""film""]";[];[];[];[]
1462;23 kere izledim.;positive;neutral;0.0;0.0;False;0.6666666666666666;0.0;neutral;0.0;0.0;False;False;False;False;False;False;False;False;False;0;0;0;[];[];[];[];[];[]
1463;bir 23 kere daha izlerim.;positive;neutral;0.0;0.0;False;1.0;0.0;neutral;0.0;0.0;False;False;False;False;False;False;False;False;False;0;0;0;[];[];[];[];[];[]
1464;ilk defa bir aşk öyküsünde agladıgımı hatırlıyorum bir başyapıt;positive;positive;1.0;0.0;True;0.7777777777777778;0.1111111111111111;positive;1.0;0.0;True;False;False;False;False;False;False;False;False;1;1;0;"[""aşk""]";[];[];[];[];[]
1465;izleyip izleyebileceğim en güzel film izlemeyen warsa (büyük ihtimal yoktur ) cok şey kaybeder;positive;positive;0.45454545454545453;0.21428571428571427;True;0.5384615384615384;0.15384615384615385;positive;0.45454545454545453;0.21428571428571427;True;False;False;False;False;False;True;False;False;2;2;0;"[""güzel"", ""yok""]";"[""film"", ""ihtimal""]";"[""en""]";[];[];"[""modifier_detected""]"
1466;Aldığı ödülleri sonuna kadar hak eden artık aşk mı desem bir tarihi filmi mi desem ne dersem diyim mutlaka izlenmesi gereken bir film.;positive;positive;1.775;0.33333333333333326;True;0.9130434782608695;0.30434782608695654;negative;0.025;0.33333333333333326;False;True;False;True;False;False;True;False;True;7;5;2;"[""al"", ""ödül"", ""son"", ""hak"", ""aşk"", ""de"", ""de""]";"[""ödül"", ""ödül"", ""aşk"", ""film""]";"[""son"", ""artık""]";[];[];"[""suppressed_as_target"", ""modifier_detected"", ""suppressed_as_target"", ""modifier_detected""]"
1467;Ben bu film gibi bir film hayatım da görmedim her şey süper di çok duygusal dı günlerce filmin etkisinde kaldım yaşanmış bir olay olmasının da büyük etkisi va tabi çok güzel di en 6_7 defa izlemişimdir saysını bende unuttum.;positive;positive;1.9545454545454546;1.0454545454545454;True;0.875;0.15;positive;1.9545454545454546;1.0454545454545454;True;False;False;False;False;True;True;False;False;6;6;0;"[""da"", ""gör"", ""süper"", ""yaşa"", ""da"", ""güzel""]";"[""ben"", ""olay""]";"[""çok""]";"[""gör"", ""unut""]";[];"[""modifier_detected""]"
1468;çok güzel bir film;positive;positive;0.45454545454545453;0.0;True;1.0;0.25;positive;0.45454545454545453;0.0;True;False;False;False;False;False;True;False;False;1;1;0;"[""güzel""]";"[""film""]";"[""çok""]";[];[];"[""modifier_detected""]"
1469;romantik heyecanlı.;positive;negative;0.0;0.08333333333333333;False;1.0;0.5;negative;0.0;0.08333333333333333;False;False;False;False;False;False;False;False;False;1;1;0;"[""heyecanlı""]";[];[];[];[];[]
1470;Harika film film.;positive;positive;1.0;0.0;True;1.0;0.3333333333333333;positive;1.0;0.0;True;False;False;False;False;False;False;False;False;1;1;0;"[""harika""]";"[""film""]";[];[];[];[]
1471;çok romantik.;positive;neutral;0.0;0.0;False;1.0;0.0;neutral;0.0;0.0;False;False;False;False;False;False;False;False;False;0;0;0;[];[];[];[];[];[]
1472;bence aldığı oscarları haketmiş.;positive;negative;0.0;0.16666666666666666;False;0.5;0.25;negative;0.0;0.16666666666666666;False;False;False;False;False;False;False;False;False;1;1;0;"[""al""]";[];[];[];[];[]
1473;bu film gibisi dünya üzerinde mümkün değil yoktur.;positive;negative;0.0;0.21428571428571427;False;1.0;0.125;negative;0.0;0.21428571428571427;False;False;False;False;False;False;False;False;False;1;1;0;"[""yok""]";"[""gibisi""]";[];[];[];[]
1474;bu filmin Türk yapımı olmasını o kadar çok isterdim ki.;neutral;neutral;0.0;0.0;True;0.8;0.0;neutral;0.0;0.0;True;False;False;False;False;False;False;False;False;0;0;0;[];[];[];[];[];[]
1475;..senaryo süperr zaten yaşanmış bi olay kurgu harika efektler süperr ve ben kate winslet i bu filmde tanıdım ne dakar güzel bi oyuncu her anlamda çok doğal ne diyeyim fazla söze gerek yok zaten artık bu filmi izlemeyen yoktur.;positive;positive;2.5974025974025974;0.4994047619047619;True;0.7948717948717948;0.20512820512820512;positive;2.811688311688312;0.23511904761904762;True;False;False;False;False;True;True;False;True;8;7;1;"[""yaşa"", ""harika"", ""güzel"", ""doğal"", ""de"", ""söz"", ""yok"", ""yok""]";"[""efekt"", ""oyuncu"", ""ne"", ""ne"", ""söz"", ""efekt""]";"[""çok"", ""artık""]";"[""izle""]";[];"[""modifier_detected"", ""suppressed_as_target"", ""negation_flip"", ""modifier_detected""]"
1476;bence çok güzel bir film;positive;positive;0.45454545454545453;0.0;True;1.0;0.2;positive;0.45454545454545453;0.0;True;False;False;False;False;False;True;False;False;1;1;0;"[""güzel""]";"[""film""]";"[""çok""]";[];[];"[""modifier_detected""]"
1477;bence bu film çok abartırmıs ve baya oscar verilmis tamam kabul ediyorum film güzel etkileyici bir film ama 11 oscar da alıncak kadar bir film değil bence bundan daha az oscar alan filmler var ve o fimler daha da güzel olanlar hatta bunların arasında hiç oscar almayanda var kısaca 11 oscara laik bir film değil !;negative;positive;2.0757575757575757;0.962121212121212;False;0.8363636363636363;0.16363636363636364;positive;2.0757575757575757;0.962121212121212;False;False;False;False;False;False;True;False;False;9;9;0;"[""tamam"", ""güzel"", ""etkileyici"", ""da"", ""az"", ""da"", ""güzel"", ""hiç"", ""al""]";"[""etkile"", ""fimler"", ""oscar""]";"[""daha"", ""daha""]";[];[];"[""modifier_detected"", ""modifier_detected""]"
1478;Kaliteli bir film kabul.;positive;positive;1.0;0.0;True;1.0;0.25;positive;1.0;0.0;True;False;False;False;False;False;False;False;False;1;1;0;"[""kaliteli""]";"[""film""]";[];[];[];[]
1479;Ama fazla abartıldı bana göre.;negative;neutral;0.0;0.0;False;0.8;0.0;neutral;0.0;0.0;False;False;False;False;False;False;False;False;False;0;0;0;[];[];[];[];[];[]
1480;Ayrıca bol keseden oscar verildi.;neutral;neutral;0.0;0.0;True;0.6;0.0;neutral;0.0;0.0;True;False;False;False;False;False;False;False;False;0;0;0;[];[];[];[];[];[]
1481;güzel yha ama tek kelimeyle müthiş DEİL çünklü filmin ardından 15-20 tane saçma tarafını buldular hani ben romantizme bakarım diyosanız olr bakın başlı başına film ortayı zor geçer hatta komedi filmi bile olr titanicten bende etkilenmedim deil hakkını werelim filmin 10/9 cidden haklı olarak çekim hatası olmasaydı gerçekten etkilemişti bilmiyosanız yazarım buraya titanic çekim hataların ı;neutral;negative;0.9795454545454545;2.091666666666667;False;0.7586206896551724;0.1724137931034483;negative;0.45454545454545453;2.4499999999999997;False;False;False;False;False;True;True;False;True;10;9;1;"[""güzel"", ""müthiş"", ""saçma"", ""bak"", ""bak"", ""zor"", ""hak"", ""haklı"", ""hata"", ""hata""]";"[""deil"", ""taraf"", ""ben"", ""hata""]";"[""cidden""]";"[""etkile"", ""ol"", ""ol""]";[];"[""negation_flip"", ""negation_flip"", ""modifier_detected"", ""suppressed_as_target""]"
1482;gelmiş geçmiş en iyi film doğrusu sıkılan varsa gülerim tam10 kere izledim daha da izlerim izlemeyen izlesin;positive;positive;0.8611111111111112;0.07272727272727272;True;0.6470588235294118;0.23529411764705882;positive;0.8611111111111112;0.07272727272727272;True;False;False;False;False;False;True;False;False;4;4;0;"[""geçmiş"", ""iyi"", ""doğru"", ""da""]";"[""film"", ""film"", ""film""]";"[""en""]";[];[];"[""modifier_detected""]"
1483;ya yine bir leo filmi film tek kelimeyle mütiş leonun bu filmle bırakın oscar alamaması oscara aday olamaması bile hayal kırıklıgı titaniğin cıktıgı yıl oscarcılar filmden we oyunculuktan anlamıyordu herhalde ama tek kewlimeyle mütiş her izleyisimde leocuma biraz daha asık oluyorum herkese tavsiye ediyorum;positive;negative;0.125;0.875;False;0.6363636363636364;0.09090909090909091;neutral;0.5;0.5;False;True;False;False;True;True;True;False;False;4;4;0;"[""al"", ""oyunculuk"", ""asık"", ""tavsiye""]";"[""oscar"", ""oscarcılar"", ""tavsiye"", ""herkes""]";"[""biraz""]";"[""al"", ""anla"", ""anla""]";[];"[""negation_flip"", ""negation_flip"", ""modifier_detected"", ""negation_flip""]"
1484;Ne söylenir ki ?;neutral;neutral;0.0;0.0;True;0.6666666666666666;0.0;neutral;0.0;0.0;True;False;False;False;False;False;False;False;False;0;0;0;[];[];[];[];[];[]
1485;Hala izlemeyen varsa ne yapsin ne etsin izlesin.;positive;neutral;0.0;0.0;False;0.625;0.0;neutral;0.0;0.0;False;False;False;False;False;False;False;False;False;0;0;0;[];[];[];[];[];[]
1486;bu flime söze grek yok süperin ötesinde;positive;positive;0.5;0.2642857142857143;True;0.7142857142857143;0.42857142857142855;positive;0.5;0.2642857142857143;True;False;False;False;False;False;True;False;False;3;3;0;"[""söz"", ""yok"", ""süper""]";"[""grek"", ""grek"", ""grek""]";"[""süperin""]";[];[];"[""modifier_detected""]"
1487;bundan daha gusel bu turde bi film gormedim ben.;positive;neutral;0.0;0.0;False;0.5555555555555556;0.0;neutral;0.0;0.0;False;False;False;False;False;False;False;False;False;0;0;0;[];[];[];[];[];[]
1488;bu filmi izlemek yeni nasip oldu fakat süper bi film olmuş gelmiş geçmiş en iyi filmlerden birisi;positive;positive;1.1111111111111112;0.13333333333333333;True;0.8235294117647058;0.23529411764705882;positive;1.1111111111111112;0.13333333333333333;True;False;False;False;False;False;True;False;False;4;4;0;"[""süper"", ""geçmiş"", ""iyi"", ""biri""]";"[""film"", ""film""]";"[""en""]";[];[];"[""modifier_detected""]"
1489;Güzel film kabul.;positive;positive;0.45454545454545453;0.0;True;1.0;0.3333333333333333;positive;0.45454545454545453;0.0;True;False;False;False;False;False;False;False;False;1;1;0;"[""güzel""]";"[""film""]";[];[];[];[]
1490;Ama romantik filmleri pek sevmediğimden 10 puan vermem.;negative;positive;0.125;0.0;False;0.75;0.125;negative;0.0;0.125;True;True;True;False;False;True;False;False;False;1;1;0;"[""pek""]";"[""film""]";[];"[""sev""]";[];"[""negation_flip""]"
1491;cok ıyı helal olsun romantik film;positive;positive;0.1875;0.0;True;0.8333333333333334;0.16666666666666666;positive;0.1875;0.0;True;False;False;False;False;False;False;False;False;1;1;0;"[""helal""]";[];[];[];[];[]
1492;Bence filmlerin gelmiş geçmişi unutulmayan film!;positive;negative;0.0;0.05;False;0.6666666666666666;0.16666666666666666;negative;0.0;0.05;False;False;False;False;False;False;False;False;False;1;1;0;"[""geçmiş""]";[];[];[];[];[]
1493;Süper;positive;positive;0.5;0.0;True;1.0;1.0;positive;0.5;0.0;True;False;False;False;False;False;False;False;False;1;1;0;"[""süper""]";[];[];[];[];[]
1494;Bana göre gelmiş geçmiş en mükemmel film.;positive;positive;1.0;0.05;True;0.8571428571428571;0.2857142857142857;positive;1.0;0.05;True;False;False;False;False;False;True;False;False;2;2;0;"[""geçmiş"", ""mükemmel""]";"[""film""]";"[""en""]";[];[];"[""modifier_detected""]"
1495;İçerisinde ne arasanız bulabileceğiniz şahane bir yapım.;positive;positive;0.6666666666666666;0.0;True;1.0;0.14285714285714285;positive;0.6666666666666666;0.0;True;False;False;False;False;False;False;False;False;1;1;0;"[""şahane""]";"[""yapım""]";[];[];[];[]
1496;James Cameron'u gerçekten kutluyorum.;positive;neutral;0.0;0.0;False;0.25;0.0;neutral;0.0;0.0;False;False;False;False;False;False;False;False;False;0;0;0;[];[];[];[];[];[]
1497;Tüm zamanların en görkemli en süper işini çıkardığı için.;positive;positive;1.375;0.0;True;0.8888888888888888;0.3333333333333333;positive;1.375;0.0;True;False;False;False;False;False;True;False;False;3;3;0;"[""tüm"", ""görkemli"", ""süper""]";"[""iş""]";"[""en""]";[];[];"[""modifier_detected""]"
1498;süper baska sözüm yok sadece süper diyom;positive;positive;1.0;0.2642857142857143;True;0.7142857142857143;0.5714285714285714;positive;1.0;0.21428571428571427;True;False;False;False;False;False;False;False;True;4;3;1;"[""süper"", ""söz"", ""yok"", ""süper""]";"[""söz"", ""söz""]";[];[];[];"[""suppressed_as_target""]"
1499;etkileyici bir başyapıt.;positive;positive;1.0;0.0;True;1.0;0.3333333333333333;positive;1.0;0.0;True;False;False;False;False;False;False;False;False;1;1;0;"[""etkileyici""]";[];[];[];[];[]
1500;filmi izlemiyo yaşıyo insan sanki filmin içindesin çok güzel harika bir görsel tasarım ve aşk filmi;positive;positive;2.4545454545454546;0.0;True;0.875;0.1875;positive;2.4545454545454546;0.0;True;False;False;False;False;False;True;False;False;3;3;0;"[""güzel"", ""harika"", ""aşk""]";"[""tasarım"", ""tasarım""]";"[""çok""]";[];[];"[""modifier_detected""]"
1501;fazla söze gerek yok.;neutral;negative;0.0;0.2642857142857143;False;1.0;0.5;negative;0.0;0.2642857142857143;False;False;False;False;False;False;True;False;False;2;2;0;"[""söz"", ""yok""]";[];"[""fazla""]";[];[];"[""modifier_detected""]"
1502;. üzerinden ne kadar zaman geçse de eskimeyecek ve unutulmayacak film.;positive;negative;0.0;0.1875;False;0.9;0.2;positive;0.16666666666666666;0.020833333333333332;True;True;True;False;False;True;False;False;False;2;2;0;"[""de"", ""eski""]";"[""zaman""]";[];"[""eskir""]";[];"[""negation_flip""]"
1503;.şahsen hayatımda izlediğim en iyi film.;positive;positive;0.6111111111111112;0.0;True;0.8333333333333334;0.16666666666666666;positive;0.6111111111111112;0.0;True;False;False;False;False;False;True;False;False;1;1;0;"[""iyi""]";"[""film""]";"[""en""]";[];[];"[""modifier_detected""]"
1504;.müziği zaten efsane oldu.;positive;neutral;0.0;0.0;False;1.0;0.0;neutral;0.0;0.0;False;False;False;False;False;False;False;False;False;0;0;0;[];[];[];[];[];[]
1505;..titanic i esaretin bedeli ve prestij takip ediyor.;positive;negative;0.5;0.6666666666666666;False;0.875;0.25;negative;0.5;0.6666666666666666;False;False;False;False;False;False;False;False;False;2;2;0;"[""esaret"", ""prestij""]";[];[];[];[];[]
1506;kanımca..;neutral;neutral;0.0;0.0;True;1.0;0.0;neutral;0.0;0.0;True;False;False;False;False;False;False;False;False;0;0;0;[];[];[];[];[];[]
1507;hayatımda izlediğim en iyi film.;positive;positive;0.6111111111111112;0.0;True;0.8;0.2;positive;0.6111111111111112;0.0;True;False;False;False;False;False;True;False;False;1;1;0;"[""iyi""]";"[""film""]";"[""en""]";[];[];"[""modifier_detected""]"
1508;Bence bu filmi izlemeyenler çok şey kaçırdı.;positive;neutral;0.0;0.0;False;0.7142857142857143;0.0;neutral;0.0;0.0;False;False;False;False;False;False;False;False;False;0;0;0;[];[];[];[];[];[]
1509;Bir daha böyle film gelir mi bilmem ama TİTANİK filmi hayatımda hep bir numara olacak.;positive;negative;0.0;0.125;False;0.8666666666666667;0.06666666666666667;negative;0.0;0.125;False;False;False;False;False;False;False;True;False;1;1;0;"[""numara""]";"[""film""]";[];[];"[""ama""]";"[""contrast_detected""]"
1510;... FİLME 10 değil 100000000000 veriyorum.;positive;neutral;0.0;0.0;False;0.6;0.0;neutral;0.0;0.0;False;False;False;False;False;False;False;False;False;0;0;0;[];[];[];[];[];[]
1511;izlediğim en iyi film;positive;positive;0.6111111111111112;0.0;True;0.75;0.25;positive;0.6111111111111112;0.0;True;False;False;False;False;False;True;False;False;1;1;0;"[""iyi""]";"[""film""]";"[""en""]";[];[];"[""modifier_detected""]"
1512;gayet iyi çok basarılı.;positive;positive;0.6111111111111112;0.0;True;0.75;0.25;positive;0.6111111111111112;0.0;True;False;False;False;False;False;True;False;False;1;1;0;"[""iyi""]";[];"[""gayet""]";[];[];"[""modifier_detected""]"
1513;inanın bu filmi eskiden(2 yıl önce)anlatsaydım yere göğe sığdıramazdım herşeyimdi benim bu film cd si vardı bende her gün izliyordum ama şimdi o kadar büyütemiyorum çünkü artık bir rocky hastası oldum;positive;negative;0.015625;0.6875;False;0.8181818181818182;0.06060606060606061;negative;0.015625;0.6875;False;False;False;False;False;False;False;False;False;2;2;0;"[""yer"", ""hasta""]";[];[];[];[];[]
1514;tıtanıc harıka bir fılm ilk izlediğimde aklımda kalmıştı çok etkilendim canım ne zaman sıkılsa oturup tıtanığı seyredıyorum muhtesem bır fılm dıyecek baska soz yok.;positive;positive;0.2222222222222222;0.21428571428571427;True;0.375;0.08333333333333333;negative;0.0;0.21428571428571427;False;True;False;True;False;False;False;False;True;2;1;1;"[""can"", ""yok""]";"[""can""]";[];[];[];"[""suppressed_as_target""]"
1515;bu filme ben 4 sene boyunca aşıığıydım ama bir gün bi kanalda titanic bi kanalda rocky vardı rocky i izledim pişmanda olmadım titanicten soğudum ama rocky aşığı oldum srtık;positive;negative;0.0;1.0;False;0.6206896551724138;0.034482758620689655;positive;1.0;0.0;True;True;True;False;False;True;False;False;False;1;1;0;"[""pişman""]";[];[];"[""ol""]";[];"[""negation_flip""]"
1516;Bu film için kötü diebilen var mı yaa !;positive;negative;0.0;0.9;False;0.75;0.125;negative;0.0;0.9;False;False;False;False;False;False;False;False;False;1;1;0;"[""kötü""]";[];[];[];[];[]
1517;İnsan bi durur düşünür bu kadar güzel bi film daha önce herhangi bi şekilde yapılmış mı bi bakarrr.;positive;positive;0.45454545454545453;0.0;True;0.6111111111111112;0.05555555555555555;positive;0.45454545454545453;0.0;True;False;False;False;False;False;False;False;False;1;1;0;"[""güzel""]";"[""film""]";[];[];[];[]
1518;. benim favorim 10/10 ama verebilseydim 10/1000 de verirdim ve tabiiki favorim.;positive;negative;0.0;0.020833333333333332;False;0.7692307692307693;0.07692307692307693;negative;0.0;0.020833333333333332;False;False;False;False;False;False;False;False;False;1;1;0;"[""de""]";[];[];[];[];[]
1519;NOT: Bu film dünya çapında en çok izlenilen film ünvanını da elinde bulunduruyor + 11 tane Oscar Anlayan anladı.;positive;negative;0.0;0.022727272727272728;False;0.7222222222222222;0.05555555555555555;negative;0.0;0.022727272727272728;False;False;False;False;False;False;False;False;False;1;1;0;"[""da""]";[];[];[];[];[]
1520;Leonardo DiCaprio Hariç Diğer tüm oyuncular(Kurgu seneryo vs)herşey mükemmeldi.;positive;positive;1.25;0.0;True;0.5454545454545454;0.18181818181818182;positive;1.25;0.0;True;False;False;False;False;False;False;False;False;2;2;0;"[""tüm"", ""mükemmel""]";"[""herşey""]";[];[];[];[]
1521;Bence 10/10 numaralık bir film.;positive;negative;0.0;0.125;False;1.0;0.16666666666666666;negative;0.0;0.125;False;False;False;False;False;False;False;False;False;1;1;0;"[""numara""]";"[""film""]";[];[];[];[]
1522;baştan sona gözümü kırpmadan seyrettiğim ve sonundada gözerimin dolduğu ender filmlerden birisi.;positive;positive;0.75;0.20833333333333331;True;0.6666666666666666;0.25;negative;0.0;0.9583333333333334;False;True;False;True;False;True;False;False;False;3;3;0;"[""son"", ""gözüm"", ""biri""]";[];[];"[""kırp""]";[];"[""negation_flip""]"
1523;kısaca başyapıt;positive;neutral;0.0;0.0;False;1.0;0.0;neutral;0.0;0.0;False;False;False;False;False;False;False;False;False;0;0;0;[];[];[];[];[];[]
1524;Bence filmde iki kişinin hızlı gelişen yasak aşkı değilde değişik yaşam kesitlerinin buluştuğu bir deniz faciası işlenseydi daha edebi bir yapıt olabilirdi.;neutral;positive;1.0;0.9875;False;0.9545454545454546;0.18181818181818182;positive;1.0;0.9875;False;False;False;False;False;False;False;False;False;4;4;0;"[""hızlı"", ""yasak"", ""aşk"", ""değişik""]";"[""kişi"", ""aşk"", ""facia"", ""kesit""]";[];[];[];[]
1525;Hayatımda belki onbinlerce film izlemişimdir ama aradan geçen bunca zamana kadar hiç sıkılmadan seyrettiğim hala ilk günkü kadar zevk aldığım her sahneyi büyük bir heyecanla izlediğim ilk ve sanırım da son film olacak.;positive;negative;0.5;0.8143939393939393;False;0.8787878787878788;0.15151515151515152;positive;0.5;0.3143939393939394;True;True;True;False;False;True;True;False;True;5;4;1;"[""hiç"", ""zevk"", ""al"", ""da"", ""son""]";"[""zevk"", ""film""]";"[""hala""]";"[""sıkıl""]";[];"[""negation_flip"", ""suppressed_as_target""]"
1526;Tek kelimeyle mükemmel bir filmdi.;positive;positive;1.0;0.0;True;1.0;0.2;positive;1.0;0.0;True;False;False;False;False;False;False;False;False;1;1;0;"[""mükemmel""]";"[""film""]";[];[];[];[]
1527;k@re@sdum@nbence kötü bir yapım leonardo dı caprıo büyümüşte küçülmüş sanki;negative;negative;0.0;0.9;True;0.46153846153846156;0.07692307692307693;negative;0.0;0.9;True;False;False;False;False;False;False;False;False;1;1;0;"[""kötü""]";"[""yapım""]";[];[];[];[]
1528;film için herhangi bir övgü yazmaya gerek yok.;neutral;negative;0.0;0.36428571428571427;False;1.0;0.25;negative;0.0;0.36428571428571427;False;False;False;False;False;False;False;False;False;2;2;0;"[""yazma"", ""yok""]";"[""övgü""]";[];[];[];[]
1529;sadece sinema izleyicisiyim diyen birinin izleMEdim demesinin ayıp!;neutral;negative;0.0;0.9583333333333334;False;0.875;0.5;negative;0.0;0.9583333333333334;False;False;False;False;False;False;False;False;False;4;4;0;"[""de"", ""biri"", ""de"", ""ayıp""]";"[""izle"", ""biri""]";[];[];[];[]
1530;sayılacağı bir film demek istiyorum o kadar.;positive;negative;0.0;0.020833333333333332;False;0.8571428571428571;0.14285714285714285;negative;0.0;0.020833333333333332;False;False;False;False;False;False;False;False;False;1;1;0;"[""de""]";"[""film""]";[];[];[];[]
1531;Aslında nerden başlayacağımı bilmiyorum.;neutral;neutral;0.0;0.0;True;0.25;0.0;neutral;0.0;0.0;True;False;False;False;False;False;False;False;False;0;0;0;[];[];[];[];[];[]
1532;Bir film için 3 gün üst üste sinemaya gidilir mi?;neutral;neutral;0.0;0.0;True;0.9;0.0;neutral;0.0;0.0;True;False;False;False;False;False;False;False;False;0;0;0;[];[];[];[];[];[]
1533;bilmem ama ben gittim.;neutral;neutral;0.0;0.0;True;0.5;0.0;neutral;0.0;0.0;True;False;False;False;False;False;False;False;False;0;0;0;[];[];[];[];[];[]
1534;Ben hiç bir zaman hiç bir şeye en yüksek notu vermem.;neutral;negative;0.19444444444444445;1.0;False;0.9090909090909091;0.2727272727272727;negative;0.19444444444444445;1.0;False;False;False;False;False;False;True;False;False;3;3;0;"[""hiç"", ""hiç"", ""yüksek""]";"[""not""]";"[""en""]";[];[];"[""modifier_detected""]"
1535;çünkü daha iyisi yapılabilir.;neutral;positive;0.6111111111111112;0.0;False;0.75;0.25;positive;0.6111111111111112;0.0;False;False;False;False;False;False;True;False;False;1;1;0;"[""iyi""]";[];"[""daha""]";[];[];"[""modifier_detected""]"
1536;TİTANİC e 9 puan verdim bu puanı çok az film e vermişimdir.;neutral;negative;0.0;0.25;False;0.75;0.08333333333333333;negative;0.0;0.25;False;False;False;False;False;False;True;False;False;1;1;0;"[""az""]";"[""film""]";"[""çok""]";[];[];"[""modifier_detected""]"
1537;kısacası TİTANİC bu güne kadar izlediğim en güzel film.;positive;positive;0.45454545454545453;0.0;True;0.7777777777777778;0.1111111111111111;positive;0.45454545454545453;0.0;True;False;False;False;False;False;True;False;False;1;1;0;"[""güzel""]";"[""film""]";"[""en""]";[];[];"[""modifier_detected""]"
1538;Belki daha güzeli de yapılır ama TİTANİC in yeri her zaman ayrı olacak.;positive;positive;0.47017045454545453;0.020833333333333332;True;0.8461538461538461;0.23076923076923078;positive;0.47017045454545453;0.020833333333333332;True;False;False;False;False;False;True;True;False;3;3;0;"[""güzel"", ""de"", ""yer""]";[];"[""daha""]";[];"[""ama""]";"[""modifier_detected"", ""contrast_detected""]"
1539;Titanic'in hala kırılamayan rekorlarını bi kez daha hatırlatayım :;positive;neutral;0.0;0.0;False;0.5;0.0;neutral;0.0;0.0;False;False;False;False;False;False;False;False;False;0;0;0;[];[];[];[];[];[]
1540;Tüm dünyada gelmiş geçmiş en fazla hasılat yaoan film :;neutral;positive;0.25;0.05;False;0.7777777777777778;0.2222222222222222;positive;0.25;0.05;False;False;False;False;False;False;False;False;False;2;2;0;"[""tüm"", ""geçmiş""]";[];[];[];[];[]
1541;1 835 300 000$Türkiye'de en çok izlenen yabancı film :;neutral;negative;0.0;0.041666666666666664;False;0.7;0.1;negative;0.0;0.041666666666666664;False;False;False;False;False;False;False;False;False;1;1;0;"[""yabancı""]";"[""film""]";[];[];[];[]
1542;"""144 haftada toplam 2 823 610 kişi""""""";neutral;neutral;0.0;0.0;True;0.5714285714285714;0.0;neutral;0.0;0.0;True;False;False;False;False;False;False;False;False;0;0;0;[];[];[];[];[];[]
1543;gayet güzel bir film.;positive;positive;0.45454545454545453;0.0;True;1.0;0.25;positive;0.45454545454545453;0.0;True;False;False;False;False;False;True;False;False;1;1;0;"[""güzel""]";"[""film""]";"[""gayet""]";[];[];"[""modifier_detected""]"
1544;arkadaşlar biz bir anket yaptık dünyanın en güzel kadını kim diye ve kim olabilir tabi ki kate winslet;positive;positive;0.9545454545454546;0.0;True;0.8333333333333334;0.1111111111111111;positive;0.9545454545454546;0.0;True;False;False;False;False;False;True;False;False;2;2;0;"[""arkadaş"", ""güzel""]";"[""biz""]";"[""en""]";[];[];"[""modifier_detected""]"
1545;gerek muzikleriyle gerk oyunculuklarıyla süper olmus 10/10 haytmda gorduklermn arasında dram olark 1 numardadir;positive;negative;0.5;0.5208333333333333;False;0.5333333333333333;0.2;negative;0.5;0.5208333333333333;False;False;False;False;False;False;False;False;False;3;3;0;"[""oyunculuk"", ""süper"", ""dram""]";[];[];[];[];[]
1546;"""1 5 milyon dolar değil tabiki 1.5 milyar dolar olcak aşağıdaki yorumda.:)""""""";neutral;negative;0.0;0.0625;False;0.8461538461538461;0.07692307692307693;negative;0.0;0.0625;False;False;False;False;False;False;False;False;False;1;1;0;"[""aşağı""]";"[""yorum""]";[];[];[];[]
1547;Karayip Korsanları 3 Titanic'i geçecek diyolar.;neutral;negative;0.0;0.6875;False;0.5;0.16666666666666666;negative;0.0;0.6875;False;False;False;False;False;False;False;False;False;1;1;0;"[""korsan""]";[];[];[];[];[]
1548;Hiç sanmıyorum.;neutral;negative;0.0;0.5;False;1.0;0.5;positive;0.5;0.0;False;True;False;False;True;True;False;False;False;1;1;0;"[""hiç""]";[];[];"[""san""]";[];"[""negation_flip""]"
1549;1 5 milyon dolar yapar ve ikinciliğe oturur bence.;neutral;neutral;0.0;0.0;True;0.7777777777777778;0.0;neutral;0.0;0.0;True;False;False;False;False;False;False;False;False;0;0;0;[];[];[];[];[];[]
1550;Var mı Titanic'i geçecek film yaw!:);neutral;neutral;0.0;0.0;True;0.6666666666666666;0.0;neutral;0.0;0.0;True;False;False;False;False;False;False;False;False;0;0;0;[];[];[];[];[];[]
1551;Yaptığı gişeyi sonuna kadar hak eden beyazperde.;positive;negative;0.025;0.125;False;0.8571428571428571;0.2857142857142857;negative;0.025;0.125;False;False;False;False;False;False;False;False;False;2;2;0;"[""son"", ""hak""]";"[""hak"", ""gişe""]";[];[];[];[]
1552;com'un da dediği gibi tam bir zaman makinası.;neutral;positive;0.20833333333333334;0.043560606060606064;False;0.875;0.375;positive;0.20833333333333334;0.043560606060606064;False;False;False;False;False;False;False;False;False;3;3;0;"[""da"", ""de"", ""tam""]";"[""com'un""]";[];[];[];[]
1553;Bir film bu kadar mı gerçekçi olur!;positive;neutral;0.0;0.0;False;1.0;0.0;neutral;0.0;0.0;False;False;False;False;False;False;False;False;False;0;0;0;[];[];[];[];[];[]
1554;Bu filmi bi izleyen pişman bi de izlemeyen.;neutral;negative;0.0;1.0208333333333333;False;0.5;0.25;positive;1.0;0.020833333333333332;False;True;False;False;True;True;False;False;False;2;2;0;"[""pişman"", ""de""]";[];[];"[""izle""]";[];"[""negation_flip""]"
1555;"""O kadar! :)""""""";neutral;neutral;0.0;0.0;True;1.0;0.0;neutral;0.0;0.0;True;False;False;False;False;False;False;False;False;0;0;0;[];[];[];[];[];[]
1556;olağanüstü bir film.;positive;positive;0.6666666666666666;0.0;True;1.0;0.3333333333333333;positive;0.6666666666666666;0.0;True;False;False;False;False;False;False;False;False;1;1;0;"[""olağanüstü""]";"[""film""]";[];[];[];[]
1557;bence bu filme bu puan çok az kalmış.;neutral;negative;0.0;0.25;False;1.0;0.125;negative;0.0;0.25;False;False;False;False;False;False;True;False;False;1;1;0;"[""az""]";"[""puan""]";"[""çok""]";[];[];"[""modifier_detected""]"
1558;Hayatımda izlediim en etkileyici filmlerden biri 10/10;positive;positive;1.0;0.08333333333333333;True;0.875;0.25;positive;1.0;0.08333333333333333;True;False;False;False;False;False;False;False;False;2;2;0;"[""etkileyici"", ""biri""]";"[""10/10""]";[];[];[];[]
1559;bu filimi hiç unutmayacaım .;positive;negative;0.0;0.5;False;0.75;0.25;positive;0.5;0.0;True;True;True;False;False;True;False;False;False;1;1;0;"[""hiç""]";"[""fil""]";[];"[""unut""]";[];"[""negation_flip""]"
1560;ilk geldiinde gitmiştim o zmnlar daha çocuktum hey gidi günler hey bee ne süper bi filmdi leonardo kate hepsi birer yetenek.;positive;positive;0.5;0.369047619047619;True;0.6666666666666666;0.14285714285714285;positive;0.5;0.369047619047619;True;False;False;False;False;False;True;False;False;3;3;0;"[""çocuk"", ""gidi"", ""süper""]";"[""zmnlar"", ""gün"", ""film""]";"[""daha"", ""ne""]";[];[];"[""modifier_detected"", ""modifier_detected""]"
1561;keşke ölmeseydi jack en sonunda onu hatırlayınca çok üzülüyorum ve kendimi geminin içinde hissediyorum;neutral;negative;0.0;0.25;False;0.7857142857142857;0.07142857142857142;neutral;0.0;0.0;True;True;True;False;False;False;False;False;False;0;0;0;[];[];[];[];[];[]
1562;izlediğim en dokunaklı aşk filmlerinden biriydi.;positive;positive;1.0;0.08333333333333333;True;0.8333333333333334;0.3333333333333333;positive;1.0;0.08333333333333333;True;False;False;False;False;False;False;False;False;2;2;0;"[""aşk"", ""biri""]";[];[];[];[];[]
1563;.bir aşk için kendi cdanını hiçe sayan bir aşığın ve sevdiğinin ölümüyle hayatı boyunca yatağında uyurken ölmeyi bekleyen bir kadının hikayesi.;neutral;negative;1.0;2.5;False;0.8095238095238095;0.19047619047619047;negative;1.0;2.5;False;False;False;False;False;False;False;False;False;4;4;0;"[""aşk"", ""hiç"", ""ölüm"", ""ölme""]";"[""cdanını"", ""cdanını""]";[];[];[];[]
1564;.batan bir gemiyle birlikte yok olan mutluluk.;neutral;positive;1.0;0.21428571428571427;False;1.0;0.2857142857142857;positive;1.0;0.21428571428571427;False;False;False;False;False;False;False;False;False;2;2;0;"[""yok"", ""mutluluk""]";[];[];[];[];[]
1565;.tüm çarpıcılığıyla olağanüstü.;positive;positive;1.9166666666666665;0.0;True;1.0;1.0;positive;1.9166666666666665;0.0;True;False;False;False;False;False;False;False;False;3;3;0;"[""tüm"", ""çarpıcılık"", ""olağanüstü""]";[];[];[];[];[]
1566;. yağmurlu bir günde sinema sinema dolaşıp köşede sandalye üstünde izlediğim bir film.;neutral;positive;0.5;0.0;False;0.8333333333333334;0.08333333333333333;positive;0.5;0.0;False;False;False;False;False;False;False;False;False;1;1;0;"[""üstün""]";[];[];[];[];[]
1567;gelmiş geçmiş en mükemmel film bence;positive;positive;1.0;0.05;True;0.8333333333333334;0.3333333333333333;positive;1.0;0.05;True;False;False;False;False;False;True;False;False;2;2;0;"[""geçmiş"", ""mükemmel""]";"[""film""]";"[""en""]";[];[];"[""modifier_detected""]"
1568;97 yılının en iyi filmi.;positive;positive;0.6111111111111112;0.0;True;1.0;0.2;positive;0.6111111111111112;0.0;True;False;False;False;False;False;True;False;False;1;1;0;"[""iyi""]";"[""film""]";"[""en""]";[];[];"[""modifier_detected""]"
1569;dünyanın en güzel filmi hiç kuşkusuz ki titanik;positive;negative;0.45454545454545453;0.5;False;0.875;0.25;negative;0.45454545454545453;0.5;False;False;False;False;False;False;True;False;False;2;2;0;"[""güzel"", ""hiç""]";"[""film"", ""film""]";"[""en""]";[];[];"[""modifier_detected""]"
1570;ah!ne güzel bir filmdi Allah'ım;positive;positive;0.45454545454545453;0.16666666666666666;True;0.8333333333333334;0.3333333333333333;positive;0.45454545454545453;0.16666666666666666;True;False;False;False;False;False;False;False;False;2;2;0;"[""ah"", ""güzel""]";"[""film""]";[];[];[];[]
1571;''--Isminizi alabilir miyim bayan?;positive;negative;0.0;0.16666666666666666;False;0.75;0.25;negative;0.0;0.16666666666666666;False;False;False;False;False;False;False;False;False;1;1;0;"[""al""]";"[""ısminizi""]";[];[];[];[]
1572;-- Dawson Rose Dawson'' Batan Titanik'tan sag kalan yocularl New York'a ula$tlran Carpathia gemisinde bir kimlik gorevlisinin Kate Winslet'le bu diyalogunu dinlerken hepimiz bu e$siz sadakat ornegi kar$lslnda gururlanml$ hatta gozya$larlmlzl tutamaml$tlk.;neutral;positive;1.0;0.0;False;0.3888888888888889;0.027777777777777776;positive;1.0;0.0;False;False;False;False;False;False;False;False;False;1;1;0;"[""sadakat""]";"[""hep""]";[];[];[];[]
1573;Harcanan butcesinden ziyade Titanik' i efsane yapan en onemli $ey seyircinin filme hak ettigi degeri geregince vermi$ olmaslydl.;positive;positive;0.025;0.0;True;0.4444444444444444;0.05555555555555555;positive;0.025;0.0;True;False;False;False;False;False;False;False;False;1;1;0;"[""hak""]";"[""film""]";[];[];[];[]
1574;Neticede tum zamanlarln dunya caplnda en fazla hasllat elde eden fimi oldu Titanik.;positive;neutral;0.0;0.0;False;0.38461538461538464;0.0;neutral;0.0;0.0;False;False;False;False;False;False;False;False;False;0;0;0;[];[];[];[];[];[]
1575;Tarifini yapmaya kelimeler yetmeyecek ama asll ba$arlnln kurguda ve hikayenin i$leyi$inde yani James Cameron' da oldugu malumunuz.;positive;negative;0.0;0.022727272727272728;False;0.65;0.05;negative;0.0;0.022727272727272728;False;False;False;False;False;False;False;False;False;1;1;0;"[""da""]";[];[];[];[];[]
1576;Ne kadar $ansllylz ki ebediyete kadar 7.sanat var oldugu muddetce hatlrlanacak bu efsaneye sinemada veya t.v.de tanlk olmu$uz bizler.;positive;positive;0.3333333333333333;0.020833333333333332;True;0.7391304347826086;0.08695652173913043;positive;0.3333333333333333;0.020833333333333332;True;False;False;False;False;False;False;False;False;2;2;0;"[""de"", ""uz""]";[];[];[];[];[]
1577;Bu nesil ya$landlglnda yeni neslin gencligi bir gun bir $ekilde bu kritige rastlarsa duygusal turun bu en degerli ba$yapltlnl kaclrmamall.;positive;neutral;0.0;0.0;False;0.5909090909090909;0.0;neutral;0.0;0.0;False;False;False;False;False;False;False;False;False;0;0;0;[];[];[];[];[];[]
1578;Yüzyılımızın başları?;neutral;neutral;0.0;0.0;True;1.0;0.0;neutral;0.0;0.0;True;False;False;False;False;False;False;False;False;0;0;0;[];[];[];[];[];[]
1579;Ademoğlunun doğa üzerindeki egemenliğinin göstergesi insan elinden çıkmış en büyük ve en gösterişli yüzen araç olan Titanic yola koyuldu.;positive;positive;1.0;0.0;True;0.8421052631578947;0.05263157894736842;positive;1.0;0.0;True;False;False;False;False;False;True;False;False;1;1;0;"[""gösterişli""]";[];"[""en""]";[];[];"[""modifier_detected""]"
1580;Batmaz sarsılmaz denilen bu büyük lüks yolcu gemisinde yolculuk yapmak 20. Yüzyılın muhteşem bir rüyasıydı.;positive;positive;0.7;0.020833333333333332;True;0.8666666666666667;0.2;positive;0.7;0.020833333333333332;True;False;False;False;False;False;False;False;False;3;3;0;"[""de"", ""lüks"", ""muhteşem""]";"[""bat"", ""rüya""]";[];[];[];[]
1581;Ancak bu büyük rüya sadece 4.5 gün serecek ve anısını bir sonraki yüzyıla bile taşıyacak büyüklükte bir kabusa dönüşecekti.;negative;negative;0.5;1.0625;True;0.95;0.15;negative;0.5;1.0625;True;False;False;False;False;False;False;True;False;3;3;0;"[""ancak"", ""büyüklük"", ""kabus""]";"[""rüya""]";[];[];"[""ancak""]";"[""contrast_detected""]"
1582;İşte bugün bile heyecan uyandıran bu acı ancak bir o kadar da sinematografik felaket hikayesini bu kez James Cameron'un yönetiminde ve sinema tarihinin gördüğü en büyük bütçeyle gerçekleştirilmiş son versiyonuyla izliyoruz.;neutral;negative;0.0;2.1149891774891776;False;0.8387096774193549;0.1935483870967742;negative;0.0;2.1149891774891776;False;False;False;False;False;False;False;True;False;6;6;0;"[""acı"", ""ancak"", ""da"", ""felaket"", ""gör"", ""son""]";"[""hikaye"", ""hikaye"", ""tarih"", ""versiyon""]";[];[];"[""ancak"", ""ancak""]";"[""contrast_detected"", ""contrast_detected""]"
1583;Geminin ilk ve son yolculuğuyla örtüşen kısa soluklu ama ölümsüz bir aşk öyküsüne yer veren Cameron Titanic kadar büyük bir aşk öyküsü merkez alarak bu bildik felaketi farklı bir tarzda anlatmak istemiş.;neutral;positive;2.390625;0.6666666666666666;False;0.78125;0.25;positive;1.390625;0.6666666666666666;False;False;False;False;False;False;False;True;True;8;7;1;"[""son"", ""soluk"", ""ölümsüz"", ""aşk"", ""yer"", ""aşk"", ""al"", ""felaket""]";"[""aşk"", ""öykü"", ""merkez""]";[];[];"[""ama""]";"[""contrast_detected"", ""suppressed_as_target""]"
1584;Aşıklar ise son dönemde yükselen yetenekli genç oyuncular kuşağının öne çıkan isimlerinden Kate Winslet ve Leonardo Di Caprio.;positive;positive;1.0;0.175;True;0.6666666666666666;0.16666666666666666;positive;1.0;0.175;True;False;False;False;False;False;False;False;False;3;3;0;"[""son"", ""yetenekli"", ""genç""]";"[""dönem"", ""oyuncu"", ""oyuncu""]";[];[];[];[]
1585;1998'de 14 dalda Oscar adayı olan Titanic 11 dalda heykelcik kazandı.;positive;neutral;0.0;0.0;False;0.7272727272727273;0.0;neutral;0.0;0.0;False;False;False;False;False;False;False;False;False;0;0;0;[];[];[];[];[];[]
1586;Tarihteki en iyi film bana göre;positive;positive;0.6111111111111112;0.0;True;1.0;0.16666666666666666;positive;0.6111111111111112;0.0;True;False;False;False;False;False;True;False;False;1;1;0;"[""iyi""]";"[""film""]";"[""en""]";[];[];"[""modifier_detected""]"
1587;ya ben açıkçası titaniği çok seviyorum bence çok güzel bir film ama biyerlerden duydum sayidende ikisi çıkçakmı filmin çok merak ediyorum lütfen böyle bir film varsa bana mesaj atın sevgilerle;positive;positive;1.4545454545454546;0.5;True;0.8333333333333334;0.13333333333333333;positive;1.4545454545454546;0.5;True;False;False;False;False;False;True;False;False;4;4;0;"[""güzel"", ""merak"", ""lütfen"", ""sevgi""]";"[""film"", ""film"", ""film"", ""ben""]";"[""çok"", ""çok""]";[];[];"[""modifier_detected"", ""modifier_detected""]"
1588;Bunun üstüne niceleri yapıldı taklit edildi ama yanından geçemediler hayatımın ilk 10 filmi arasında.;positive;neutral;0.0;0.0;False;0.9285714285714286;0.0;neutral;0.0;0.0;False;False;False;False;False;False;False;False;False;0;0;0;[];[];[];[];[];[]
1589;ben bu filmmi çok seviyorum çok romantik bir film ve aşk dolu;positive;positive;1.0;0.0;True;0.8333333333333334;0.08333333333333333;positive;1.0;0.0;True;False;False;False;False;False;False;False;False;1;1;0;"[""aşk""]";[];[];[];[];[]
1590;bence hayatım da izlediğim en mukemmel film bu leanordo dicaprio gerçekten bu filmle kedini kanıtladı kate winslet ise gerçekten mükemmel bi oyuncu olduğu nu bir kez daha kanıtladı bu filmde kate winslet yerinebi başkası olsa bukadar güzel olmazdı bence çünkü bi insan bukadar gerçekçi mi oynar gerçekten süper bi film;positive;positive;1.9545454545454546;0.022727272727272728;True;0.64;0.08;positive;1.5;0.47727272727272724;True;False;False;False;False;True;True;False;False;4;4;0;"[""da"", ""mükemmel"", ""güzel"", ""süper""]";"[""oyuncu"", ""film""]";"[""bukadar""]";"[""ol""]";[];"[""negation_flip"", ""modifier_detected""]"
1591;gerçek bir baş yapıt titanic.;positive;positive;0.08333333333333333;0.0;True;0.8;0.2;positive;0.08333333333333333;0.0;True;False;False;False;False;False;False;False;False;1;1;0;"[""gerçek""]";"[""yapıt""]";[];[];[];[]
1592;..aldığı 11 oscarın hakettiğinin altında bile olduğu söylenebilir.;positive;negative;0.0;0.16666666666666666;False;0.625;0.125;negative;0.0;0.16666666666666666;False;False;False;False;False;False;False;False;False;1;1;0;"[""al""]";[];[];[];[];[]
1593;..en ufak ayrıntısı bile kaçırılmadan çekilen özenli sahneleriyle ve sizi alıp titanic'in güvertesine götüren harika müzikleriyle başarısı tekrarlanamayacak bir ekol.;positive;positive;1.75;0.22916666666666666;True;0.75;0.25;positive;1.75;0.22916666666666666;True;False;False;False;False;False;True;False;False;5;5;0;"[""ufak"", ""özenli"", ""al"", ""harika"", ""başarı""]";"[""ayrıntı"", ""siz"", ""müzik""]";"[""..en""]";[];[];"[""modifier_detected""]"
1594;aşk filmi denince akla ilk gelen film unutulmaz ve müthiş bir eser.;positive;positive;1.0;0.3958333333333333;True;0.8333333333333334;0.25;positive;1.375;0.020833333333333332;True;False;False;False;False;True;False;False;False;3;3;0;"[""aşk"", ""de"", ""müthiş""]";"[""film""]";[];"[""unut""]";[];"[""negation_flip""]"
1595;eskimeyen efsane film;positive;negative;0.0;0.16666666666666666;False;1.0;0.3333333333333333;negative;0.0;0.16666666666666666;False;False;False;False;False;False;False;False;False;1;1;0;"[""eski""]";"[""film""]";[];[];[];[]
1596;bir film 24-25 kez üst üste izleniyorsa bu filmde olağanüstü bir şeyler olması lazım.;positive;positive;0.6666666666666666;0.0;True;0.9333333333333333;0.06666666666666667;positive;0.6666666666666666;0.0;True;False;False;False;False;False;False;False;False;1;1;0;"[""olağanüstü""]";[];[];[];[];[]
1597;film dünyanın en büyük havuzunda çekilmiş ancak okyanus sahneleri o kadar ustalıkla hazırlanmış ki size okyanusun yalnızlığını ve ürkütücü yönünü harika bir şekilde veriyor.;positive;negative;1.0;1.3125;False;0.875;0.20833333333333334;negative;1.0;1.3125;False;False;False;False;False;False;False;True;False;5;5;0;"[""ancak"", ""ustalıkla"", ""yalnızlık"", ""ürkütücü"", ""harika""]";"[""sahne"", ""sahne"", ""şekil""]";[];[];"[""ancak"", ""ancak""]";"[""contrast_detected"", ""contrast_detected""]"
1598;titanicin yerini hollywood'da başka bir yapıtın alması imkansız.;positive;negative;0.015625;0.41666666666666663;False;0.75;0.375;negative;0.015625;0.41666666666666663;False;False;False;False;False;False;False;False;False;3;3;0;"[""yer"", ""al"", ""imkansız""]";"[""yapıt"", ""yapıt""]";[];[];[];[]
1599;bu film süper tam arşivlik film belki 100 kere seyrettim;positive;positive;0.7083333333333334;0.0;True;0.9;0.2;positive;0.7083333333333334;0.0;True;False;False;False;False;False;False;False;False;2;2;0;"[""süper"", ""tam""]";"[""film""]";[];[];[];[]
1600;dünya sinema tarihinin en iyi yapıtlarından olan titanic gibi bir filmin bu puanı alması çok ilginç.;positive;positive;0.6111111111111112;0.16666666666666666;True;0.9375;0.125;positive;0.6111111111111112;0.16666666666666666;True;False;False;False;False;False;True;False;False;2;2;0;"[""iyi"", ""al""]";"[""yapıt"", ""puan""]";"[""en""]";[];[];"[""modifier_detected""]"
1601;her izlememde ayrı bir tad aldığım artık klasik olmuş bir eser.;positive;negative;0.0;0.16666666666666666;False;0.9090909090909091;0.09090909090909091;negative;0.0;0.16666666666666666;False;False;False;False;False;False;False;False;False;1;1;0;"[""al""]";"[""tad""]";[];[];[];[]
1602;bu film insanoğlu varoldukça herzaman hatırlanacaktır.;positive;neutral;0.0;0.0;False;0.5;0.0;neutral;0.0;0.0;False;False;False;False;False;False;False;False;False;0;0;0;[];[];[];[];[];[]
1603;bence son 15 yılın en iyi filmlerinden biri.;positive;positive;0.6111111111111112;0.20833333333333331;True;1.0;0.375;positive;0.6111111111111112;0.20833333333333331;True;False;False;False;False;False;True;False;False;3;3;0;"[""son"", ""iyi"", ""biri""]";"[""film""]";"[""en""]";[];[];"[""modifier_detected""]"
1604;..sayısız kez seyrettim her defasındada duygu yoğunluğum son safhaya geldi.;positive;negative;0.0;0.125;False;0.7;0.1;negative;0.0;0.125;False;False;False;False;False;False;False;False;False;1;1;0;"[""son""]";"[""safha""]";[];[];[];[]
1605;..seyretmeyen kalmamıştır eminim ama bu film bir başyapıt bence yüzlerce kez seyredilse her defasında ayrı bir haz veriyor.;positive;positive;0.5208333333333333;0.0;True;0.8333333333333334;0.1111111111111111;positive;0.3333333333333333;0.1875;True;False;False;False;False;True;False;True;False;2;2;0;"[""emin"", ""haz""]";"[""başyapıt""]";[];"[""kal""]";"[""ama""]";"[""negation_flip"", ""contrast_detected""]"
1606;bir film bu kadar güzel olamaz yaa.;positive;positive;0.45454545454545453;0.0;True;0.8571428571428571;0.14285714285714285;negative;0.0;0.45454545454545453;False;True;False;True;False;True;False;False;False;1;1;0;"[""güzel""]";"[""film""]";[];"[""ol""]";[];"[""negation_flip""]"
1607;tbrikler;positive;neutral;0.0;0.0;False;0.0;0.0;neutral;0.0;0.0;False;False;False;False;False;False;False;False;False;0;0;0;[];[];[];[];[];[]
1608;Aşk Filmi denildiğinde akla ilk gelen film;positive;positive;1.0;0.020833333333333332;True;0.8571428571428571;0.2857142857142857;positive;1.0;0.020833333333333332;True;False;False;False;False;False;False;False;False;2;2;0;"[""aşk"", ""de""]";"[""film""]";[];[];[];[]
1609;Bu kadar abartmaya gerek yok.;negative;negative;0.0;0.4642857142857143;True;1.0;0.4;negative;0.0;0.4642857142857143;True;False;False;False;False;False;False;False;False;2;2;0;"[""abartma"", ""yok""]";[];[];[];[];[]
1610;Gerçek sinemasever kendi favorisini bilir neyin iyi neyin kötü olduğunu bilir!;neutral;negative;0.6944444444444445;0.9;False;0.8181818181818182;0.2727272727272727;negative;0.6944444444444445;0.9;False;False;False;False;False;False;False;False;False;3;3;0;"[""gerçek"", ""iyi"", ""kötü""]";"[""sinemasever"", ""ne"", ""ne""]";[];[];[];[]
1611;Bu film ne iyi ne kötü bana sorarsanız.;neutral;negative;0.6111111111111112;0.9;False;0.875;0.25;negative;0.6111111111111112;0.9;False;False;False;False;False;False;True;False;False;2;2;0;"[""iyi"", ""kötü""]";"[""film""]";"[""ne""]";[];[];"[""modifier_detected""]"
1612;Bu filmde beni sıkan etkilemeyen boşluklar var.;negative;neutral;0.0;0.0;False;0.8571428571428571;0.0;neutral;0.0;0.0;False;False;False;False;False;False;False;False;False;0;0;0;[];[];[];[];[];[]
1613;. Anlamsız ancak bilerek yapılmış gibi yanlışlar var.;negative;negative;0.0;1.5;True;0.7142857142857143;0.42857142857142855;negative;0.0;1.5;True;False;False;False;False;False;False;True;False;3;3;0;"[""anlamsız"", ""ancak"", ""yanlış""]";[];[];[];"[""ancak"", ""ancak"", ""ancak""]";"[""contrast_detected"", ""contrast_detected"", ""contrast_detected""]"
1614;""".. Bu filme yıllar önce 7 vermişim şimdi düşünüyorum da ne çok puan vermişim.!""""""";negative;negative;0.0;0.022727272727272728;True;0.7692307692307693;0.07692307692307693;negative;0.0;0.022727272727272728;True;False;False;False;False;False;False;False;False;1;1;0;"[""da""]";[];[];[];[];[]
1615;ya walla millet bu film i ekranlara koymaktan bıktı ben izlemekten bıkmadım.;positive;neutral;0.0;0.0;False;0.6666666666666666;0.0;neutral;0.0;0.0;False;False;False;False;False;False;False;False;False;0;0;0;[];[];[];[];[];[]
1616;izle izle insan hiç sıklımıyor ne diyebirimki gerçekten hLL olsun;positive;negative;0.0;0.5;False;0.7;0.1;positive;0.5;0.0;True;True;True;False;False;True;False;False;False;1;1;0;"[""hiç""]";"[""insan""]";[];"[""sıkla""]";[];"[""negation_flip""]"
1617;gözyaşlarıma hakim olmadıım nadir fılmlerden bi tanesi.;positive;positive;0.09375;0.0;True;0.42857142857142855;0.14285714285714285;negative;0.0;0.09375;False;True;False;True;False;True;False;False;False;1;1;0;"[""hakim""]";[];[];"[""ol""]";[];"[""negation_flip""]"
1618;..inanılmaz bi aşk hikayesi :(;positive;positive;2.0;0.0;True;0.75;0.5;positive;2.0;0.0;True;False;False;False;False;False;False;False;False;2;2;0;"[""inanılmaz"", ""aşk""]";[];[];[];[];[]
1619;ayrıca''tum zamanlrın en kötu fılmı''gıbı bı kategorıde yer almayı hak ettiini hıc dusunmuorum!;neutral;negative;0.040625;0.16666666666666666;False;0.3333333333333333;0.2;negative;0.0;0.19166666666666665;False;False;False;False;False;True;False;False;True;3;2;1;"[""yer"", ""al"", ""hak""]";"[""yer""]";[];"[""dusun""]";[];"[""suppressed_as_target"", ""negation_flip""]"
1620;duygusal film denınce akla ilk bu gelıyor izleyın anlarsınız tum ödullerı topladı zaten bu yuzden favorı fılmım bu benim miillet;positive;neutral;0.0;0.0;False;0.5;0.0;neutral;0.0;0.0;False;False;False;False;False;False;False;False;False;0;0;0;[];[];[];[];[];[]
1621;gelmiş geçmiş en iyi film en iyi yapıt hiç bir film titanic gibi olmazzzz!;positive;positive;1.2222222222222223;0.55;True;0.7857142857142857;0.2857142857142857;positive;1.2222222222222223;0.55;True;False;False;False;False;False;True;False;False;4;4;0;"[""geçmiş"", ""iyi"", ""iyi"", ""hiç""]";"[""film"", ""yapıt""]";"[""en"", ""en""]";[];[];"[""modifier_detected"", ""modifier_detected""]"
1622;grcktn muhtesm bi film ne kdr ısledıgımı htrlamıorum hr defasnda sıklmadn sonunu bılmıomus gby ıslıorum benı ck etkıledıı eer ızlemedysenz buyuk kayıp dıebılırım.;positive;negative;0.0;0.375;False;0.17391304347826086;0.08695652173913043;negative;0.0;0.375;False;False;False;False;False;False;False;False;False;2;2;0;"[""son"", ""kayıp""]";[];[];[];[];[]
1623;mükemmel.;positive;positive;1.0;0.0;True;1.0;1.0;positive;1.0;0.0;True;False;False;False;False;False;False;False;False;1;1;0;"[""mükemmel""]";[];[];[];[];[]
1624;sakın kaçırmayın.;positive;negative;0.0;0.5;False;0.5;0.5;positive;0.5;0.0;True;True;True;False;False;True;False;False;False;1;1;0;"[""sakın""]";[];[];"[""kaçır""]";[];"[""negation_flip""]"
1625;bence gayett iyi ve etkileyeci bir filmmmdii.;positive;positive;0.6111111111111112;0.0;True;0.5714285714285714;0.14285714285714285;positive;0.6111111111111112;0.0;True;False;False;False;False;False;True;False;False;1;1;0;"[""iyi""]";"[""filmm""]";"[""gayett""]";[];[];"[""modifier_detected""]"
1626;bu film kadar güzel bir aşk romantik film yapılmadı.;positive;positive;1.4545454545454546;0.0;True;0.8888888888888888;0.2222222222222222;negative;0.45454545454545453;1.0;False;True;False;True;False;True;False;False;False;2;2;0;"[""güzel"", ""aşk""]";"[""aşk"", ""film""]";[];"[""yap""]";[];"[""negation_flip""]"
1627;sinemada 2 kere izledim.;neutral;neutral;0.0;0.0;True;0.75;0.0;neutral;0.0;0.0;True;False;False;False;False;False;False;False;False;0;0;0;[];[];[];[];[];[]
1628;tvde her oynayışında sıkılmadan yine izliyorum sayısını hatırlamıyorum.;positive;neutral;0.0;0.0;False;0.375;0.0;neutral;0.0;0.0;False;False;False;False;False;False;False;False;False;0;0;0;[];[];[];[];[];[]
1629;bence bir baş yapıt.;positive;neutral;0.0;0.0;False;1.0;0.0;neutral;0.0;0.0;False;False;False;False;False;False;False;False;False;0;0;0;[];[];[];[];[];[]
1630;çok hüzünlü izle izle ağla.;neutral;negative;0.0;1.0714285714285714;False;1.0;0.4;negative;0.0;1.0714285714285714;False;False;False;False;False;False;False;False;False;2;2;0;"[""hüzünlü"", ""ağ""]";[];[];[];[];[]
1631;arkadaşlar bence bu film 10 değil 110 u hakettmiyormu bi daha böyle film gelmez;positive;positive;0.5;0.0;True;0.7857142857142857;0.07142857142857142;negative;0.0;0.5;False;True;False;True;False;True;False;False;False;1;1;0;"[""arkadaş""]";[];[];"[""haket""]";[];"[""negation_flip""]"
1632;benim şimdiye kadar izlediğim en iyi aşk filmi diyebilirim;positive;positive;1.6111111111111112;0.020833333333333332;True;0.7777777777777778;0.3333333333333333;positive;0.6111111111111112;0.020833333333333332;True;False;False;False;False;False;True;False;True;3;2;1;"[""iyi"", ""aşk"", ""de""]";"[""aşk"", ""film""]";"[""en""]";[];[];"[""modifier_detected"", ""suppressed_as_target""]"
1633;"""super bir film 20 kere izlemisimdir muthis""""""";positive;neutral;0.0;0.0;False;0.5714285714285714;0.0;neutral;0.0;0.0;False;False;False;False;False;False;False;False;False;0;0;0;[];[];[];[];[];[]
1634;Titanic beni sinemayla buluşturan filmdi.;neutral;neutral;0.0;0.0;True;0.8;0.0;neutral;0.0;0.0;True;False;False;False;False;False;False;False;False;0;0;0;[];[];[];[];[];[]
1635;İzlediğimde 10 yaşındaydım.;neutral;negative;0.0;0.125;False;0.6666666666666666;0.3333333333333333;negative;0.0;0.125;False;False;False;False;False;False;False;False;False;1;1;0;"[""yaş""]";[];[];[];[];[]
1636;7 8 defa izlemişimdir.;neutral;neutral;0.0;0.0;True;0.75;0.0;neutral;0.0;0.0;True;False;False;False;False;False;False;False;False;0;0;0;[];[];[];[];[];[]
1637;Her izlediğimde de beni şimdiki programlanmış hayatımdan o günlere geri götürüyor.;neutral;negative;0.0;0.17992424242424243;False;0.7272727272727273;0.18181818181818182;negative;0.0;0.17992424242424243;False;False;False;False;False;False;False;False;False;2;2;0;"[""de"", ""geri""]";"[""ben""]";[];[];[];[]
1638;Muhteşem bir film ve kesinlikle bir başyapıt.;positive;positive;0.5;0.0;True;1.0;0.14285714285714285;positive;0.5;0.0;True;False;False;False;False;False;False;False;False;1;1;0;"[""muhteşem""]";"[""film""]";[];[];[];[]
1639;bu filmi her seyrettiğimde daha da çok beğeniyorum oyuncuları müziği geminin batış sahnesi ve diğer bütün sahneler harikaydı ve çok gerçekçiydi oyuncular da rollere çok uymuşlar tek kelime ile muhteşemmmm.;positive;positive;1.0;0.045454545454545456;True;0.8666666666666667;0.1;positive;1.0;0.045454545454545456;True;False;False;False;False;False;False;False;False;3;3;0;"[""da"", ""harika"", ""da""]";"[""sahne""]";[];[];[];[]
1640;super bir yapım :);positive;neutral;0.0;0.0;False;0.6666666666666666;0.0;neutral;0.0;0.0;False;False;False;False;False;False;False;False;False;0;0;0;[];[];[];[];[];[]
1641;Titanic dünyada gördüğüm en güzel aşk filmi.;positive;positive;1.4545454545454546;1.0;True;0.8571428571428571;0.42857142857142855;positive;1.4545454545454546;1.0;True;False;False;False;False;False;True;False;False;3;3;0;"[""gör"", ""güzel"", ""aşk""]";"[""aşk"", ""titanic""]";"[""en""]";[];[];"[""modifier_detected""]"
1642;Böylesini daha önce görmedim.;positive;negative;0.0;1.0;False;1.0;0.25;positive;1.0;0.0;True;True;True;False;False;True;True;False;False;1;1;0;"[""gör""]";"[""böylesi""]";"[""önce""]";"[""gör""]";[];"[""negation_flip"", ""modifier_detected""]"
1643;Yada çok etkilendiğim için.;neutral;neutral;0.0;0.0;True;0.75;0.0;neutral;0.0;0.0;True;False;False;False;False;False;False;False;False;0;0;0;[];[];[];[];[];[]
1644;Çoğu aşığın yapamayacağı kadar fedakarlık dolu bir film.;positive;positive;1.0;0.0;True;0.875;0.125;negative;0.0;1.0;False;True;False;True;False;True;False;False;False;1;1;0;"[""fedakarlık""]";[];[];"[""yap""]";[];"[""negation_flip""]"
1645;Sadece aşk kokan bir film.;positive;positive;1.0;0.0;True;1.0;0.2;positive;1.0;0.0;True;False;False;False;False;False;False;False;False;1;1;0;"[""aşk""]";[];[];[];[];[]
1646;Öldüresiye bir güce sahip bir aşk ancak bu kadar güzel anlatılabilirdi.;positive;positive;1.4545454545454546;1.1041666666666667;True;0.9090909090909091;0.45454545454545453;negative;0.0625;1.4962121212121213;False;True;False;True;False;True;False;True;True;5;4;1;"[""öldüresiye"", ""güç"", ""aşk"", ""ancak"", ""güzel""]";"[""sahip"", ""aşk"", ""aşk""]";[];"[""anlat"", ""anlat"", ""anlat""]";"[""ancak"", ""ancak"", ""ancak""]";"[""suppressed_as_target"", ""negation_flip"", ""contrast_detected"", ""negation_flip"", ""contrast_detected""]"
1647;Aşk bazen kaybetmeyide gerektiriyormuş.;neutral;positive;1.0;0.0;False;0.5;0.25;positive;1.0;0.0;False;False;False;False;False;False;False;False;False;1;1;0;"[""aşk""]";[];[];[];[];[]
1648;Hayatta kalabilmek için hayalde yetebiliyormuş.;neutral;neutral;0.0;0.0;True;0.6;0.0;neutral;0.0;0.0;True;False;False;False;False;False;False;False;False;0;0;0;[];[];[];[];[];[]
1649;Jack'in Rose'a anlattığı hayalleriydi belki de Rose'u ayakta tutan.;neutral;negative;0.0;0.020833333333333332;False;0.4444444444444444;0.1111111111111111;negative;0.0;0.020833333333333332;False;False;False;False;False;False;False;False;False;1;1;0;"[""de""]";[];[];[];[];[]
1650;Aşk hayal fedakarlık hayatın içiinde ölüm hüznün içindeki gizli mutluluk karanlığın içindeki ışık TİTANİC.;neutral;positive;3.142857142857143;2.4166666666666665;False;0.8571428571428571;0.5;negative;2.142857142857143;2.4166666666666665;False;True;False;False;True;False;False;False;True;7;6;1;"[""aşk"", ""fedakarlık"", ""ölüm"", ""hüzün"", ""mutluluk"", ""karanlık"", ""ışık""]";"[""mutluluk""]";[];[];[];"[""suppressed_as_target""]"
1651;hayatımda yüzlerce film izledim ama hiç bir film beni bukadar etkilemedi tek kelimeyle muhteşem bi film ilk izlediğimde haftalarca etkisinden kurtulamamıştım.;positive;neutral;0.5;0.5;False;0.7142857142857143;0.09523809523809523;neutral;0.5;0.5;False;False;False;False;False;False;False;False;False;2;2;0;"[""hiç"", ""muhteşem""]";"[""film""]";[];[];[];[]
1652;tek kelimeyle muhteşem.;positive;positive;0.5;0.0;True;1.0;0.3333333333333333;positive;0.5;0.0;True;False;False;False;False;False;False;False;False;1;1;0;"[""muhteşem""]";[];[];[];[];[]
1653;tek kelimeyle süper ne zaman izlesem ağlıyorum yaaaa.;positive;positive;0.5;0.0;True;0.625;0.125;positive;0.5;0.0;True;False;False;False;False;False;False;False;False;1;1;0;"[""süper""]";"[""ne""]";[];[];[];[]
1654;bu filmmi izledikçe öyle bir aşk yaşayımda öliyim diyorum ya böle bi aşk olurmu ya kafayı yiyicem yaaaaaaaaaaa bende aşk istiyom ama öle aşk yaaaaaaaaaa;positive;positive;4.0;0.020833333333333332;True;0.6;0.2;positive;4.0;0.020833333333333332;True;False;False;False;False;False;True;True;False;5;5;0;"[""aşk"", ""de"", ""aşk"", ""aşk"", ""aşk""]";[];"[""öle"", ""yaaaaaaaaa""]";[];"[""ama""]";"[""modifier_detected"", ""contrast_detected""]"
1655;ya çok güzel bir aşk filmmi ben ağlaya ağlaya kafayı yedim zaten müziği yeter be insanı duygusallaştırmaya bunun üstüne tanımıyorum aşk filmmi müthiş ya of böle aşklar varmı be şu zamanda;positive;positive;3.7045454545454546;1.375;True;0.7419354838709677;0.22580645161290322;positive;3.4545454545454546;1.625;True;False;False;False;False;True;True;False;False;7;7;0;"[""güzel"", ""aşk"", ""yeter"", ""aşk"", ""müthiş"", ""of"", ""aşk""]";"[""aşk"", ""ben"", ""müzik"", ""filmmi"", ""filmmi""]";"[""çok"", ""böle""]";"[""tanı""]";[];"[""modifier_detected"", ""negation_flip"", ""modifier_detected""]"
1656;mükemmel ötesi.;positive;positive;1.0;0.0;True;1.0;0.5;positive;1.0;0.0;True;False;False;False;False;False;False;False;False;1;1;0;"[""mükemmel""]";[];[];[];[];[]
1657;tek kelime muhteşem :);positive;positive;0.5;0.0;True;1.0;0.3333333333333333;positive;0.5;0.0;True;False;False;False;False;False;False;False;False;1;1;0;"[""muhteşem""]";"[""kelime""]";[];[];[];[]
1658;duygusu olan bir insanın gözleri dolması yada ağlamaması imkansız.;neutral;negative;0.0;0.5833333333333333;False;0.8888888888888888;0.2222222222222222;positive;0.3333333333333333;0.25;False;True;False;False;True;True;False;False;False;2;2;0;"[""dolma"", ""imkansız""]";"[""göz""]";[];"[""ağla""]";[];"[""negation_flip""]"
1659;Emeği geçen herkese çok çok teşekkür etmek lazım başta büyük usta james cameron a.;positive;positive;1.1666666666666667;0.0;True;0.8571428571428571;0.14285714285714285;positive;1.1666666666666667;0.0;True;False;False;False;False;False;True;False;False;2;2;0;"[""teşekkür"", ""usta""]";[];"[""çok""]";[];[];"[""modifier_detected""]"
1660;Bu filmle Titanik versiyon filmlerine nokta konmuştur.;neutral;neutral;0.0;0.0;True;0.7142857142857143;0.0;neutral;0.0;0.0;True;False;False;False;False;False;False;False;False;0;0;0;[];[];[];[];[];[]
1661;Birdaha bu olayla ilgili kimse film çekemez.;neutral;negative;0.0;1.0;False;0.8571428571428571;0.14285714285714285;positive;1.0;0.0;False;True;False;False;True;True;True;False;False;1;1;0;"[""çekemez""]";"[""kimse""]";"[""birdaha""]";"[""çek""]";[];"[""negation_flip"", ""modifier_detected""]"
1662;Muhteşem gerçekten herşeyiyle müziğiyle kostümleriyle kamera ve efekt teknikleriyle sinema tarihine damga vurmuştur.;positive;positive;0.5;0.25;True;0.8461538461538461;0.15384615384615385;positive;0.5;0.25;True;False;False;False;False;False;True;False;False;2;2;0;"[""muhteşem"", ""damga""]";"[""tarih""]";"[""gerçekten""]";[];[];"[""modifier_detected""]"
1663;Dünyanın en güzel filmi bence 3 saat boyunca insanı kitliyor mükemmel bi film o anı aynen yaşatıyor.;positive;positive;1.4545454545454546;0.0;True;0.8235294117647058;0.11764705882352941;positive;1.4545454545454546;0.0;True;False;False;False;False;False;True;False;False;2;2;0;"[""güzel"", ""mükemmel""]";"[""film"", ""film""]";"[""en""]";[];[];"[""modifier_detected""]"
1664;Film budur bence ayda 1 kere izlenmeli ben 5 kere izledim 100 kere daha izlicem.;positive;neutral;0.0;0.0;False;0.8;0.0;neutral;0.0;0.0;False;False;False;False;False;False;False;False;False;0;0;0;[];[];[];[];[];[]
1665;Aşk-Gerilim-Dram herşey var 10 puan böle film zor yaparlar artık.;positive;positive;1.0;0.7708333333333334;True;0.8333333333333334;0.25;positive;1.0;0.7708333333333334;True;False;False;False;False;False;False;False;False;3;3;0;"[""aşk"", ""dram"", ""zor""]";"[""herşey"", ""film""]";[];[];[];[]
1666;Ne söylesem yetmez.;positive;neutral;0.0;0.0;False;0.3333333333333333;0.0;neutral;0.0;0.0;False;False;False;False;False;False;False;False;False;0;0;0;[];[];[];[];[];[]
1667;Az önce yine izledim.;neutral;negative;0.0;0.25;False;0.75;0.25;negative;0.0;0.25;False;False;False;False;False;False;False;False;False;1;1;0;"[""az""]";[];[];[];[];[]
1668;Boğazım yanmaktan kurudu bitti.;neutral;negative;0.0;0.19230769230769232;False;1.0;0.25;negative;0.0;0.19230769230769232;False;False;False;False;False;False;False;False;False;1;1;0;"[""kuru""]";[];[];[];[];[]
1669;Bu film izlemeyen yoktur ama izlemeyen mutlaka izlemeli.;positive;negative;0.0;0.21428571428571427;False;0.75;0.125;positive;0.21428571428571427;0.0;True;True;True;False;False;True;False;False;False;1;1;0;"[""yok""]";[];[];"[""izle""]";[];"[""negation_flip""]"
1670;her zaman bir numarasın titanik;positive;negative;0.0;0.125;False;0.8;0.2;negative;0.0;0.125;False;False;False;False;False;False;False;False;False;1;1;0;"[""numara""]";"[""titanik""]";[];[];[];[]
1671;tek kelime:;neutral;neutral;0.0;0.0;True;1.0;0.0;neutral;0.0;0.0;True;False;False;False;False;False;False;False;False;0;0;0;[];[];[];[];[];[]
1672;B A Ş Y A P I T .;positive;neutral;0.0;0.0;False;1.0;0.0;neutral;0.0;0.0;False;False;False;False;False;False;False;False;False;0;0;0;[];[];[];[];[];[]
1673;hanginiz dünyadaki en iyi filmleri konusurken bu filmi es geciyonuz ki.;positive;positive;0.6111111111111112;0.0;True;0.8181818181818182;0.09090909090909091;positive;0.6111111111111112;0.0;True;False;False;False;False;False;True;False;False;1;1;0;"[""iyi""]";"[""film""]";"[""en""]";[];[];"[""modifier_detected""]"
1674;şimdiye kadar kim bilir kaç kere izlemişimdir ama yine de görünce dayanamaz izlerim.;positive;negative;0.0;1.0208333333333333;False;0.6923076923076923;0.15384615384615385;positive;1.0;0.020833333333333332;True;True;True;False;False;True;True;False;False;2;2;0;"[""de"", ""gör""]";[];"[""yine""]";"[""dayan""]";[];"[""negation_flip"", ""modifier_detected""]"
1675;kesinlikle herkesin izlemesi gereken bi film.;positive;neutral;0.0;0.0;False;0.6666666666666666;0.0;neutral;0.0;0.0;False;False;False;False;False;False;False;False;False;0;0;0;[];[];[];[];[];[]
1676;hiç eskimeyen bi klasik bence;positive;negative;0.0;0.6666666666666666;False;0.8;0.4;positive;0.6666666666666666;0.0;True;True;True;False;False;True;True;False;False;2;2;0;"[""hiç"", ""eski""]";[];"[""hiç""]";"[""eskir"", ""eskir""]";[];"[""negation_flip"", ""negation_flip"", ""modifier_detected""]"
1677;duygusal bir film olarak bence harika bir filmdi tek kelimeykle;positive;positive;1.0;0.0;True;0.9;0.1;positive;1.0;0.0;True;False;False;False;False;False;False;False;False;1;1;0;"[""harika""]";"[""film""]";[];[];[];[]
1678;James Cameron'un filmleri işte:;neutral;neutral;0.0;0.0;True;0.5;0.0;neutral;0.0;0.0;True;False;False;False;False;False;False;False;False;0;0;0;[];[];[];[];[];[]
1679;Aşırı Mükemmel.;positive;positive;1.0;0.05;True;1.0;1.0;positive;1.0;0.05;True;False;False;False;False;False;False;False;False;2;2;0;"[""aşırı"", ""mükemmel""]";[];[];[];[];[]
1680;..Bu adamın yönettiği filmler kendi kulvarında bir numara.;positive;negative;0.0;0.14772727272727273;False;0.875;0.25;negative;0.0;0.14772727272727273;False;False;False;False;False;False;False;False;False;2;2;0;"[""adam"", ""numara""]";"[""film""]";[];[];[];[]
1681;Bu film de öyle.;neutral;negative;0.0;0.020833333333333332;False;1.0;0.25;negative;0.0;0.020833333333333332;False;False;False;False;False;False;False;False;False;1;1;0;"[""de""]";[];[];[];[];[]
1682;Filmin sonunda ağlamayanlar kendine başka bir dünya arasın derim :D.;positive;negative;0.0;0.020833333333333332;False;0.9;0.1;negative;0.0;0.020833333333333332;False;False;False;False;False;False;True;False;False;1;1;0;"[""de""]";"[""ara""]";"[""sonunda""]";[];[];"[""modifier_detected""]"
1683;Tek kelimeyle Muhteşemdi.;positive;positive;0.5;0.0;True;1.0;0.3333333333333333;positive;0.5;0.0;True;False;False;False;False;False;False;False;False;1;1;0;"[""muhteşem""]";[];[];[];[];[]
1684;ne yapsam ne etsem bu filme karsı duydugum gercek hisleri anlatamam heralde.;neutral;neutral;0.0;0.0;True;0.5833333333333334;0.0;neutral;0.0;0.0;True;False;False;False;False;False;False;False;False;0;0;0;[];[];[];[];[];[]
1685;"""..her izlediğimde bana """"""""aşk kalmamış bu dünyada"""""""" ve """"""""böyle birşey yaşasaydım da sonunda ben de ölseydim"""""""" dedirten bir film.""";neutral;positive;2.0;0.06439393939393939;False;0.9473684210526315;0.2631578947368421;positive;2.0;0.06439393939393939;False;False;False;False;False;False;False;False;False;5;5;0;"[""aşk"", ""yaşa"", ""da"", ""de"", ""de""]";"[""birşey"", ""birşey""]";[];[];[];[]
1686;..gerçektende bir başyapıt önüne geçen bir film olur mu onu bilemem ama benim düşüncem olmayacağı yönünde hani olursa da fena olmaz ama:);positive;negative;0.0;0.731060606060606;False;0.9090909090909091;0.13636363636363635;positive;0.7083333333333333;0.022727272727272728;True;True;True;False;False;True;False;True;False;3;3;0;"[""düşünce"", ""da"", ""fena""]";"[""ben""]";[];"[""ol"", ""ol""]";"[""ama""]";"[""negation_flip"", ""negation_flip"", ""contrast_detected""]"
1687;kim unutablir ki bu filmi yada kim beğenmez hem aşkı hem ölümü çok ii anlatan bi film her defasında ağlatan mükemmel bi film.;positive;positive;2.0;1.0;True;0.6956521739130435;0.13043478260869565;positive;2.0;1.0;True;False;False;False;False;False;False;False;False;3;3;0;"[""aşk"", ""ölüm"", ""mükemmel""]";"[""film""]";[];[];[];[]
1688;filmin başlarında pek bir ilgi duymuyorsunuz ama daha sonra film ilerledikçe winslet ve dicaprio nun oyunculuk becerileri sizi filmin içine sürüklüyor ayrıca film müzikleride çok güzel pahalı bir yapım olduğuda gözlerden kaçmasın;positive;positive;0.8295454545454546;0.5833333333333333;True;0.78125;0.15625;positive;0.8295454545454546;0.5833333333333333;True;False;False;False;False;False;True;True;False;5;5;0;"[""pek"", ""oyunculuk"", ""beceri"", ""güzel"", ""pahalı""]";"[""siz"", ""yapım"", ""yapım""]";"[""çok""]";[];"[""ama""]";"[""contrast_detected"", ""modifier_detected""]"
1689;bence dünyadaki en güzel film 10 puan;positive;positive;0.45454545454545453;0.0;True;1.0;0.14285714285714285;positive;0.45454545454545453;0.0;True;False;False;False;False;False;True;False;False;1;1;0;"[""güzel""]";"[""film""]";"[""en""]";[];[];"[""modifier_detected""]"
1690;herhalde izlemeyen kalmadı bu aşk filmini.;neutral;positive;1.0;0.0;False;0.8333333333333334;0.16666666666666666;positive;1.0;0.0;False;False;False;False;False;False;False;False;False;1;1;0;"[""aşk""]";[];[];[];[];[]
1691;o kadar güzel aşkı dillendirmiş ki film her seferinde ağlamaktan kendimi alamıyorum.;positive;positive;1.4545454545454546;0.16666666666666666;True;0.8333333333333334;0.25;positive;0.6212121212121212;0.0;True;False;False;False;False;True;False;False;True;3;2;1;"[""güzel"", ""aşk"", ""al""]";"[""aşk"", ""film""]";[];"[""al""]";[];"[""suppressed_as_target"", ""negation_flip""]"
1692;yok böyle aşklar ya kalmamış artık;neutral;positive;1.0;0.21428571428571427;False;1.0;0.3333333333333333;negative;0.0;1.2142857142857142;False;True;False;False;True;True;True;False;False;2;2;0;"[""yok"", ""aşk""]";[];"[""yok""]";"[""kal""]";[];"[""negation_flip"", ""modifier_detected""]"
1693;her izlendiğinde seyirci kitlesini ekrana bağlayan harikanın ötesinde bir yapıt senaryosu ve güçlü kadrosuyla çekilmiş bu film tüm zamanların en büyük yaşanmış aşk filmlerinden;positive;positive;3.25;0.25;True;0.875;0.20833333333333334;positive;3.25;0.25;True;False;False;False;False;False;True;False;False;5;5;0;"[""harika"", ""güçlü"", ""tüm"", ""yaşa"", ""aşk""]";"[""kadro"", ""film""]";"[""büyük""]";[];[];"[""modifier_detected""]"
1694;dünyanın en iyi aşk filmi 10 puan;positive;positive;1.6111111111111112;0.0;True;1.0;0.2857142857142857;positive;1.6111111111111112;0.0;True;False;False;False;False;False;True;False;False;2;2;0;"[""iyi"", ""aşk""]";"[""film""]";"[""en""]";[];[];"[""modifier_detected""]"
1695;Çok güzel bir film Çok beğeniyoruz;positive;positive;0.45454545454545453;0.0;True;0.8333333333333334;0.16666666666666666;positive;0.45454545454545453;0.0;True;False;False;False;False;False;True;False;False;1;1;0;"[""güzel""]";"[""film""]";"[""çok""]";[];[];"[""modifier_detected""]"
1696;dünyanın en güzel filmi titaniktir.;positive;positive;0.45454545454545453;0.0;True;0.8;0.2;positive;0.45454545454545453;0.0;True;False;False;False;False;False;True;False;False;1;1;0;"[""güzel""]";"[""film""]";"[""en""]";[];[];"[""modifier_detected""]"
1697;En kaliteli en mükemmel filimlerden biri.;positive;positive;2.0;0.08333333333333333;True;0.8333333333333334;0.5;positive;2.0;0.08333333333333333;True;False;False;False;False;False;True;False;False;3;3;0;"[""kaliteli"", ""mükemmel"", ""biri""]";"[""filimlerden"", ""filimlerden""]";"[""en"", ""en""]";[];[];"[""modifier_detected"", ""modifier_detected""]"
1698;Müthiş bi film.;positive;negative;0.0;0.375;False;0.6666666666666666;0.3333333333333333;negative;0.0;0.375;False;False;False;False;False;False;False;False;False;1;1;0;"[""müthiş""]";"[""film""]";[];[];[];[]
1699;yani izlediğim en güzel film diyebilirim.;positive;positive;0.45454545454545453;0.020833333333333332;True;0.8333333333333334;0.3333333333333333;positive;0.45454545454545453;0.020833333333333332;True;False;False;False;False;False;True;False;False;2;2;0;"[""güzel"", ""de""]";"[""film"", ""film""]";"[""en""]";[];[];"[""modifier_detected""]"
1700;şimdiye kadar 20 kere falan izlemişimdir her izlediğimde de aynı etkiyi bırakmışır bende.;positive;negative;0.0;0.020833333333333332;False;0.6923076923076923;0.07692307692307693;negative;0.0;0.020833333333333332;False;False;False;False;False;False;False;False;False;1;1;0;"[""de""]";[];[];[];[];[]
1701;kısacası ben bir titanik fanatiğiyim.;positive;neutral;0.0;0.0;False;0.6;0.0;neutral;0.0;0.0;False;False;False;False;False;False;False;False;False;0;0;0;[];[];[];[];[];[]
1702;abartmayın lütfen caprio var diye!;negative;negative;0.0;0.125;True;0.6;0.2;positive;0.125;0.0;False;True;False;True;False;True;False;False;False;1;1;0;"[""lütfen""]";[];[];"[""abar""]";[];"[""negation_flip""]"
1703;hayatımda izlediğim en kaliteli film.;positive;positive;1.0;0.0;True;0.8;0.2;positive;1.0;0.0;True;False;False;False;False;False;True;False;False;1;1;0;"[""kaliteli""]";"[""film""]";"[""en""]";[];[];"[""modifier_detected""]"
1704;..aşığım bu filme (:;positive;neutral;0.0;0.0;False;1.0;0.0;neutral;0.0;0.0;False;False;False;False;False;False;False;False;False;0;0;0;[];[];[];[];[];[]
1705;Hala izlerken gözlerim doluyor.;neutral;neutral;0.0;0.0;True;0.5;0.0;neutral;0.0;0.0;True;False;False;False;False;False;False;False;False;0;0;0;[];[];[];[];[];[]
1706;Gerçekten bu film üstüne yapıt tanımıyorum kim ne derse desin sinema tarihinin en iyi filmidir;positive;positive;0.6111111111111112;0.020833333333333332;True;1.0;0.13333333333333333;positive;0.6319444444444445;0.0;True;False;False;False;False;True;True;False;False;2;2;0;"[""de"", ""iyi""]";"[""yapıt"", ""film""]";"[""en""]";"[""tanı""]";[];"[""negation_flip"", ""modifier_detected""]"
1707;tüm zamanların en iyi degil ama en popüler filmi desek yalan olmaz bazı saçma yönleri var ama bu çok güzel bir film oldugunu degiştirmez tv verilsin yine izlerim bu filmi;positive;negative;1.3156565656565657;1.3208333333333333;False;0.8333333333333334;0.2;positive;2.3156565656565657;0.3208333333333333;True;True;True;False;False;True;True;True;False;6;6;0;"[""tüm"", ""iyi"", ""de"", ""yalan"", ""saçma"", ""güzel""]";"[""film"", ""film"", ""yön"", ""yön"", ""film""]";"[""en"", ""çok""]";"[""ol""]";"[""ama"", ""ama"", ""ama""]";"[""modifier_detected"", ""contrast_detected"", ""contrast_detected"", ""negation_flip"", ""contrast_detected"", ""modifier_detected""]"
1708;çok güzelden daha güzel.;positive;positive;0.9090909090909091;0.0;True;1.0;0.5;positive;0.9090909090909091;0.0;True;False;False;False;False;False;True;False;False;2;2;0;"[""güzel"", ""güzel""]";[];"[""çok"", ""daha""]";[];[];"[""modifier_detected"", ""modifier_detected""]"
1709;titanic tüm zamanların bir numarası aslında yoruma bile gerek yok;positive;negative;0.25;0.3392857142857143;False;0.9;0.3;negative;0.25;0.3392857142857143;False;False;False;False;False;False;False;False;False;3;3;0;"[""tüm"", ""numara"", ""yok""]";"[""titanic"", ""numara""]";[];[];[];[]
1710;süpppeerrrrr bii filmmdi benceeeeee çok beğenerek ve bi saniye bile gözümü ayırmadan izledim herkese tavsiye ederim bu o kdr gsl bi film ki yapıldığı 10 sene olmasına rağmen hala dillerden düşşmüyorr;positive;positive;0.875;0.5;True;0.5806451612903226;0.0967741935483871;negative;0.125;1.25;False;True;False;True;False;True;False;False;False;3;3;0;"[""gözüm"", ""tavsiye"", ""rağmen""]";"[""film""]";[];"[""ayır""]";[];"[""negation_flip""]"
1711;bence titanic süperin daha da ötesinde bir film harika bir senaryoo!;positive;positive;1.5;0.022727272727272728;True;0.8181818181818182;0.2727272727272727;positive;1.5;0.022727272727272728;True;False;False;False;False;False;False;False;False;3;3;0;"[""süper"", ""da"", ""harika""]";"[""senaryoo""]";[];[];[];[]
1712;hayatımda izlediğim en iyi aşk filmi diyebiliriz filmi hiç kaçırmadan saniye saniye izledim ve çooook beendimm bu filmi geçebilecek bir film olamaz diye düşünüyorum en azından şu anlık;positive;positive;1.6111111111111112;0.7708333333333334;True;0.7857142857142857;0.17857142857142858;positive;2.111111111111111;0.2708333333333333;True;False;False;False;False;True;True;False;False;5;5;0;"[""iyi"", ""aşk"", ""de"", ""hiç"", ""az""]";"[""film"", ""film"", ""film"", ""anlık""]";"[""en"", ""en""]";"[""kaçır""]";[];"[""modifier_detected"", ""negation_flip"", ""modifier_detected""]"
1713;Guzel bi romantilk film.;positive;neutral;0.0;0.0;False;0.25;0.0;neutral;0.0;0.0;False;False;False;False;False;False;False;False;False;0;0;0;[];[];[];[];[];[]
1714;Gercekten etkileyici bi yapit ama sadece bir kez izlenebilir.;positive;positive;1.0;0.0;True;0.5555555555555556;0.1111111111111111;positive;1.0;0.0;True;False;False;False;False;False;False;False;False;1;1;0;"[""etkileyici""]";[];[];[];[];[]
1715;işte gerçek aşk flimi yorum yazmaya gerek bile yok ama.;positive;positive;1.0833333333333333;0.36428571428571427;True;0.9;0.4;negative;0.08333333333333333;0.36428571428571427;False;True;False;True;False;False;False;False;True;4;3;1;"[""gerçek"", ""aşk"", ""yazma"", ""yok""]";"[""aşk"", ""yorum""]";[];[];[];"[""suppressed_as_target""]"
1716;süper olağanüstü ne denilebilir ki.;positive;positive;1.1666666666666665;0.020833333333333332;True;1.0;0.6;positive;1.1666666666666665;0.020833333333333332;True;False;False;False;False;False;False;False;False;3;3;0;"[""süper"", ""olağanüstü"", ""de""]";"[""ne"", ""ne"", ""ne""]";[];[];[];[]
1717;fünyada gelmiş geçmiş en güzel filmm bilmiyorum bundan daha iyisii yapılabilir mi;positive;positive;0.45454545454545453;0.05;True;0.5;0.16666666666666666;positive;0.45454545454545453;0.05;True;False;False;False;False;False;True;False;False;2;2;0;"[""geçmiş"", ""güzel""]";"[""filmm"", ""filmm""]";"[""en""]";[];[];"[""modifier_detected""]"
1718;"""işte aşk budur detirtecek bi film aşkı anlatımı süper olduğu gibi diğer bütün olayları ve duyguları anlatımıda mükemmeldi bence dicaprio nun oynadığı karakterede bayıldım defalarca izlenebilecek bir film""""""";positive;positive;3.5;0.0;True;0.6785714285714286;0.14285714285714285;positive;2.5;1.0;True;False;False;False;False;True;False;False;False;4;4;0;"[""aşk"", ""aşk"", ""süper"", ""mükemmel""]";"[""bu"", ""anlatım"", ""olay""]";[];"[""mük""]";[];"[""negation_flip""]"
1719;film tek kelimeyle muhteşem ama güzel olduğu kadar saçma yanları da var .;neutral;positive;0.9545454545454546;0.3227272727272727;False;1.0;0.3333333333333333;positive;0.9545454545454546;0.3227272727272727;False;False;False;False;False;False;False;False;False;4;4;0;"[""muhteşem"", ""güzel"", ""saçma"", ""da""]";"[""film""]";[];[];[];[]
1720;örneğin 3. sınıf yerindeki dicaprionun 1.sınıftaki insanların yanlarına rahatça girmesi anlamsız vb şeyler ama film kesinlikle görülmeye değer.;positive;negative;0.515625;2.0;False;0.8421052631578947;0.21052631578947367;negative;0.515625;2.0;False;False;False;False;False;False;False;True;False;4;4;0;"[""yer"", ""rahatça"", ""anlamsız"", ""gör""]";"[""dicaprionun"", ""vb"", ""film""]";[];[];"[""ama""]";"[""contrast_detected""]"
1721;sinema tarihinin benim gözümde en iyi 2. filmi :);positive;positive;1.3611111111111112;0.0;True;1.0;0.25;positive;1.3611111111111112;0.0;True;False;False;False;False;False;True;False;False;2;2;0;"[""gözüm"", ""iyi""]";"[""2.""]";"[""en""]";[];[];"[""modifier_detected""]"
1722;işte bir başyapıt daha.;positive;neutral;0.0;0.0;False;1.0;0.0;neutral;0.0;0.0;False;False;False;False;False;False;False;False;False;0;0;0;[];[];[];[];[];[]
1723;zaten bi cesur yüreğe bide bu filme hastayım.;positive;negative;0.5416666666666666;0.6875;False;0.875;0.375;negative;0.375;0.6875;False;False;False;False;False;False;True;False;True;3;2;1;"[""cesur"", ""yürek"", ""hasta""]";"[""yürek""]";"[""zaten""]";[];[];"[""suppressed_as_target"", ""modifier_detected""]"
1724;oyuncular ve çekim açıları kendine hayran bırakıyo.;positive;positive;0.5;0.0;True;0.8571428571428571;0.14285714285714285;positive;0.5;0.0;True;False;False;False;False;False;False;False;False;1;1;0;"[""hayran""]";"[""oyuncu""]";[];[];[];[]
1725;bir aşk hikayesi bukadar güzel anlatılabilir.;positive;positive;1.4545454545454546;0.0;True;0.6666666666666666;0.3333333333333333;positive;1.4545454545454546;0.0;True;False;False;False;False;False;True;False;False;2;2;0;"[""aşk"", ""güzel""]";"[""hikaye""]";"[""bukadar""]";[];[];"[""modifier_detected""]"
1726;filmde jack ten için ( ona bakabileceğim bir fotoğrafı dahi yok ) dediği sahnede kendimi tutamayıp ağlamıştım.;neutral;negative;0.0;0.4851190476190476;False;0.8666666666666667;0.2;negative;0.0;0.4851190476190476;False;False;False;False;False;False;False;False;False;3;3;0;"[""bak"", ""yok"", ""de""]";"[""fotoğraf""]";[];[];[];[]
1727;kusursuz bir film 10;positive;positive;1.0;0.0;True;1.0;0.25;positive;1.0;0.0;True;False;False;False;False;False;False;False;False;1;1;0;"[""kusursuz""]";"[""film""]";[];[];[];[]
1728;bu filmi kaç kere izlediimi hatırlamıorum ve hala izliorumm çok ma çok güzel bir film;positive;positive;0.45454545454545453;0.0;True;0.7333333333333333;0.06666666666666667;positive;0.45454545454545453;0.0;True;False;False;False;False;False;True;False;False;1;1;0;"[""güzel""]";"[""film""]";"[""çok"", ""çok""]";[];[];"[""modifier_detected""]"
1729;etkisinden hiçbirşey kaybetmeyen ve uzun yıllar daha hafızalardan silinmeyecek tek film;positive;neutral;0.0;0.0;False;0.7272727272727273;0.0;neutral;0.0;0.0;False;False;False;False;False;False;False;False;False;0;0;0;[];[];[];[];[];[]
1730;işte class filmdiye buna derim ben şöyle filmleri anca 1-2 yılda bi izliyozzzzz ne yapaylım süper ötesi tebrikler.;positive;positive;0.875;0.020833333333333332;True;0.7368421052631579;0.15789473684210525;positive;0.875;0.020833333333333332;True;False;False;False;False;False;True;False;False;3;3;0;"[""de"", ""süper"", ""tebrik""]";[];"[""işte""]";[];[];"[""modifier_detected""]"
1731;every night in my dreamsı sea you ı feel you that is how ı know you go on.;neutral;neutral;0.0;0.0;True;0.2777777777777778;0.0;neutral;0.0;0.0;True;False;False;False;False;False;False;False;False;0;0;0;[];[];[];[];[];[]
1732;....hikayesiyle oyuncularıyla şarkısıyla ve geminin burnundaki öpüşme sahnesiyle mükemmel bir film.;positive;positive;1.25;0.25;True;1.0;0.2727272727272727;positive;1.25;0.25;True;False;False;False;False;False;False;False;False;3;3;0;"[""burun"", ""öpüş"", ""mükemmel""]";"[""sahne"", ""film""]";[];[];[];[]
1733;..gelmiş geçmiş en başarılı ve en güzel film.;positive;positive;1.4545454545454546;0.05;True;0.875;0.375;positive;1.4545454545454546;0.05;True;False;False;False;False;False;True;False;False;3;3;0;"[""geçmiş"", ""başarılı"", ""güzel""]";"[""film""]";"[""en"", ""en""]";[];[];"[""modifier_detected"", ""modifier_detected""]"
1734;...bir numara.;positive;negative;0.0;0.125;False;1.0;0.5;negative;0.0;0.125;False;False;False;False;False;False;False;False;False;1;1;0;"[""numara""]";[];[];[];[];[]
1735;..10 üzerinden 1000.;neutral;neutral;0.0;0.0;True;1.0;0.0;neutral;0.0;0.0;True;False;False;False;False;False;False;False;False;0;0;0;[];[];[];[];[];[]
1736;Tek kelimeyle muhteşem bir film.;positive;positive;0.5;0.0;True;1.0;0.2;positive;0.5;0.0;True;False;False;False;False;False;False;False;False;1;1;0;"[""muhteşem""]";"[""film""]";[];[];[];[]
1737;Titanic gibi bir filmin daha çekileceğine inanmıyorum.;neutral;neutral;0.0;0.0;True;0.7142857142857143;0.0;neutral;0.0;0.0;True;False;False;False;False;False;False;False;False;0;0;0;[];[];[];[];[];[]
1738;İllaki çekilir ama bu kadar etkilemez diye düşünüyorum.;neutral;neutral;0.0;0.0;True;0.625;0.0;neutral;0.0;0.0;True;False;False;False;False;False;False;False;False;0;0;0;[];[];[];[];[];[]
1739;Keşke biz 1.sınıftayken girmeseydi vizyona.;neutral;neutral;0.0;0.0;True;0.8333333333333334;0.0;neutral;0.0;0.0;True;False;False;False;False;False;False;False;False;0;0;0;[];[];[];[];[];[]
1740;Sinemada izlemiyo çok istedim.;neutral;neutral;0.0;0.0;True;0.5;0.0;neutral;0.0;0.0;True;False;False;False;False;False;False;False;False;0;0;0;[];[];[];[];[];[]
1741;Ama yirmiye yakın izledim sanırsam.;neutral;neutral;0.0;0.0;True;0.8;0.0;neutral;0.0;0.0;True;False;False;False;False;False;False;False;False;0;0;0;[];[];[];[];[];[]
1742;Hatta bir isteğim var.;neutral;neutral;0.0;0.0;True;1.0;0.0;neutral;0.0;0.0;True;False;False;False;False;False;False;False;False;0;0;0;[];[];[];[];[];[]
1743;Tekrar vizyona konsa çok iyi olur.;positive;positive;0.6111111111111112;0.0;True;1.0;0.16666666666666666;positive;0.6111111111111112;0.0;True;False;False;False;False;False;True;False;False;1;1;0;"[""iyi""]";"[""konsa""]";"[""çok""]";[];[];"[""modifier_detected""]"
1744;Ve bence herkes bunu ister.;positive;neutral;0.0;0.0;False;0.8;0.0;neutral;0.0;0.0;False;False;False;False;False;False;False;False;False;0;0;0;[];[];[];[];[];[]
1745;Bence son derece vasat bir film olmus.;neutral;negative;0.0;0.25;False;0.8571428571428571;0.2857142857142857;negative;0.0;0.25;False;False;False;False;False;False;False;False;False;2;2;0;"[""son"", ""vasat""]";"[""derece"", ""film""]";[];[];[];[]
1746;"""..filmin ilk yarisinda """"""""zengin kiz-fakir erkek"""""""" sacmaligiyla tam tamina 1 5 saat kaybediyor seyirci.""";negative;positive;1.0208333333333333;0.4;False;0.6666666666666666;0.2;positive;1.0208333333333333;0.4;False;False;False;False;False;False;False;False;False;3;3;0;"[""zengin"", ""fakir"", ""tam""]";"[""tamina""]";[];[];[];[]
1747;..Ondan sonra geminin batma sahnesi bence tam bi hayal kirikligi.;negative;negative;0.20833333333333334;0.6666666666666666;True;0.8;0.2;negative;0.20833333333333334;0.6666666666666666;True;False;False;False;False;False;False;False;False;2;2;0;"[""batma"", ""tam""]";[];[];[];[];[]
1748;..Bu filme o kadar oscar nasil verilmis hayret dogrusu.;negative;neutral;0.0;0.0;False;0.5555555555555556;0.0;neutral;0.0;0.0;False;False;False;False;False;False;False;False;False;0;0;0;[];[];[];[];[];[]
1749;titanik hayatımda izlediğim en güzel aşk filmi gerçek aşk.;positive;positive;2.537878787878788;0.0;True;0.7777777777777778;0.4444444444444444;positive;1.5378787878787878;0.0;True;False;False;False;False;False;True;False;True;4;3;1;"[""güzel"", ""aşk"", ""gerçek"", ""aşk""]";"[""aşk"", ""aşk"", ""film""]";"[""en""]";[];[];"[""modifier_detected"", ""suppressed_as_target""]"
1750;bir flim bukadar guzel olur demek az kalır ben bu flim i okadar begendım kı saniyesi saniyesine ezberledim bu flim askı temsıl ediyor ben bu flim i yapanlara cok tessekkur ederım;positive;negative;0.0;0.2708333333333333;False;0.5161290322580645;0.06451612903225806;negative;0.0;0.2708333333333333;False;False;False;False;False;False;False;False;False;2;2;0;"[""de"", ""az""]";[];[];[];[];[]
1751;inanılmaz derecede güzel bir film;positive;positive;1.4545454545454546;0.0;True;1.0;0.4;negative;0.45454545454545453;1.0;False;True;False;True;False;True;False;False;False;2;2;0;"[""inanılmaz"", ""güzel""]";"[""film""]";[];"[""inan""]";[];"[""negation_flip""]"
1752;bu filmi 4 yaşımdan beri izliyorum o zamanlar ne olduğunu anlamayrak bakıyodum ama şimdi hayranlıkla izliyorum ve hiç bıkmıyorum haftada iki kez izliyorum en az oda artık ezberledim en sevdiğim film.;positive;negative;0.0;0.875;False;0.7419354838709677;0.0967741935483871;positive;0.5;0.375;True;True;True;False;False;True;True;False;False;3;3;0;"[""yaş"", ""hiç"", ""az""]";"[""film""]";"[""en""]";"[""bık""]";[];"[""negation_flip"", ""modifier_detected""]"
1753;"""1 1 1 numara unutulmaz bir film aşkı en güzel şekilde anlatıyor bazıları buna katılmasa bile """"""";positive;positive;1.4545454545454546;0.125;True;0.8125;0.1875;positive;1.5795454545454546;0.0;True;False;False;False;False;True;True;False;False;3;3;0;"[""numara"", ""aşk"", ""güzel""]";"[""şekil""]";"[""en""]";"[""unut""]";[];"[""negation_flip"", ""modifier_detected""]"
1754;bu bir filmden çok öte benim için bir efsane;positive;neutral;0.0;0.0;False;1.0;0.0;neutral;0.0;0.0;False;False;False;False;False;False;False;False;False;0;0;0;[];[];[];[];[];[]
1755;bence tıtanıc hayatımda izlediğim en ama en güzel flim defalarca izledim ve defalarca izlerim tıtanıcı ve leonardo dı caprio yu ççççççççççççoooooooooooooooooooooooook seviyorum onun bir numaralı hayranıyım;positive;positive;0.9545454545454546;0.0;True;0.5769230769230769;0.07692307692307693;positive;0.45454545454545453;0.0;True;False;False;False;False;False;True;True;False;1;1;0;"[""güzel""]";"[""flim""]";"[""en"", ""en""]";[];"[""ama""]";"[""modifier_detected"", ""contrast_detected""]"
1756;kaç kez izlediğimin sayısı yok diyebilirim tek söyleyeceğim çooookk güzel gerçekten.;positive;positive;0.45454545454545453;0.23511904761904762;True;0.7272727272727273;0.2727272727272727;positive;0.45454545454545453;0.23511904761904762;True;False;False;False;False;False;True;False;False;3;3;0;"[""yok"", ""de"", ""güzel""]";"[""sayı""]";"[""yok"", ""çooookk"", ""gerçekten""]";[];[];"[""modifier_detected"", ""modifier_detected""]"
1757;izleyince bir hoş oldum.;positive;neutral;0.0;0.0;False;0.75;0.0;neutral;0.0;0.0;False;False;False;False;False;False;False;False;False;0;0;0;[];[];[];[];[];[]
1758;geniş alana yayılan bir senaryonun tek bir yerde sevgide birleşmesi hele birde öyle bir durumda.;positive;positive;1.015625;0.041666666666666664;True;0.8666666666666667;0.2;positive;1.015625;0.041666666666666664;True;False;False;False;False;False;False;False;False;3;3;0;"[""geniş"", ""yer"", ""sevgi""]";"[""alan"", ""senaryo"", ""senaryo""]";[];[];[];[]
1759;tek kelime güzel olmuş.;positive;positive;0.45454545454545453;0.0;True;1.0;0.25;positive;0.45454545454545453;0.0;True;False;False;False;False;False;False;False;False;1;1;0;"[""güzel""]";"[""kelime""]";[];[];[];[]
1760;sonunda agladığım ilk ve tek film.;neutral;neutral;0.0;0.0;True;0.8333333333333334;0.0;neutral;0.0;0.0;True;False;False;False;False;False;False;False;False;0;0;0;[];[];[];[];[];[]
1761;..gerçek bir aşk.;positive;positive;1.0833333333333333;0.0;True;1.0;0.6666666666666666;positive;1.0833333333333333;0.0;True;False;False;False;False;False;False;False;False;2;2;0;"[""gerçek"", ""aşk""]";[];[];[];[];[]
1762;..sınıf farkı kırılıo.;neutral;neutral;0.0;0.0;True;0.6666666666666666;0.0;neutral;0.0;0.0;True;False;False;False;False;False;False;False;False;0;0;0;[];[];[];[];[];[]
1763;dört dörtlük bir yapım sonunda insan çok duygulanıyor ne de olsa gerçek bir hikaye kate winslet harika oynuyor 10/10;positive;positive;1.0833333333333333;0.020833333333333332;True;0.8;0.15;positive;1.0833333333333333;0.020833333333333332;True;False;False;False;False;False;False;False;False;3;3;0;"[""de"", ""gerçek"", ""harika""]";"[""hikaye"", ""hikaye""]";[];[];[];[]
1764;2007 ye geldik hala daha kendine yorum yazdirabiliyorsa hemde hala izleyenler varda etkisi altina girip hemen ikinci yorumunu yazmaya calisiyorsa iste bu film gerçekten ölümsüzdür demektir.;positive;positive;0.375;0.17083333333333334;True;0.6538461538461539;0.11538461538461539;positive;0.375;0.17083333333333334;True;False;False;False;False;False;True;False;False;3;3;0;"[""yazma"", ""ölümsüz"", ""de""]";"[""yorum"", ""film"", ""film""]";"[""hemen"", ""gerçekten""]";[];[];"[""modifier_detected"", ""modifier_detected""]"
1765;bu filmin hayatimda cok önemli yerleri var.;positive;positive;0.015625;0.0;True;0.7142857142857143;0.14285714285714285;positive;0.015625;0.0;True;False;False;False;False;False;False;False;False;1;1;0;"[""yer""]";[];[];[];[];[]
1766;"""her zaman benim """"""""first lady""""""""imsin titanic.""";neutral;neutral;0.0;0.0;True;0.5714285714285714;0.0;neutral;0.0;0.0;True;False;False;False;False;False;False;False;False;0;0;0;[];[];[];[];[];[]
1767;titanic hayatımda izlediğim en güzel film o kadar çok izledim ki sayısını bile bilmiyorum fakat yinede her izleyişimde ilk izlediğim zaman ki duyguları tekrar tekrar yaşıyorumherkese tavsiye ederim;positive;positive;0.5795454545454546;0.0;True;0.7142857142857143;0.07142857142857142;positive;0.45454545454545453;0.125;True;False;False;False;False;True;True;True;False;2;2;0;"[""güzel"", ""tavsiye""]";"[""film"", ""sayı""]";"[""en""]";"[""bil""]";"[""fakat""]";"[""modifier_detected"", ""negation_flip"", ""contrast_detected""]"
1768;Muhtesem bir film söyleyecek baska söz bulamiyorum;positive;negative;0.0;0.05;False;0.42857142857142855;0.14285714285714285;positive;0.05;0.0;True;True;True;False;False;True;False;False;False;1;1;0;"[""söz""]";[];[];"[""bul""]";[];"[""negation_flip""]"
1769;"""harika bir film 4 kez izledim """"""";positive;positive;1.0;0.0;True;0.8333333333333334;0.16666666666666666;positive;1.0;0.0;True;False;False;False;False;False;False;False;False;1;1;0;"[""harika""]";"[""film""]";[];[];[];[]
1770;bu film ve şarkısı çok güzel gerçekçi yapmışlar süper;positive;positive;0.9545454545454546;0.0;True;0.8888888888888888;0.2222222222222222;positive;0.9545454545454546;0.0;True;False;False;False;False;False;True;False;False;2;2;0;"[""güzel"", ""süper""]";"[""film"", ""film""]";"[""çok""]";[];[];"[""modifier_detected""]"
1771;böyle bi film kolay kolay gelmez bu ne kadar gerçekcilik 1997 yılının en iyi filmi tebrikler teşekkürler :);positive;positive;2.6527777777777777;0.0;True;0.7647058823529411;0.29411764705882354;negative;1.3194444444444444;1.3333333333333333;False;True;False;True;False;True;True;False;False;5;5;0;"[""kolay"", ""kolay"", ""iyi"", ""tebrik"", ""teşekkür""]";"[""film"", ""film"", ""film"", ""tebrik""]";"[""en""]";"[""gel"", ""gel""]";[];"[""negation_flip"", ""modifier_detected"", ""negation_flip""]"
1772;olaganüstü bi film herkesin arşivinde olması lazım izlediim en güzel ilk 3 film arasında;positive;positive;0.45454545454545453;0.0;True;0.7857142857142857;0.07142857142857142;positive;0.45454545454545453;0.0;True;False;False;False;False;False;True;False;False;1;1;0;"[""güzel""]";"[""film""]";"[""en""]";[];[];"[""modifier_detected""]"
1773;izlediğim en iyi film bence notu eksik hak ettiği not ise 10'dur.;positive;positive;0.6361111111111112;0.125;True;0.9166666666666666;0.25;positive;0.6361111111111112;0.125;True;False;False;False;False;False;True;False;False;3;3;0;"[""iyi"", ""eksik"", ""hak""]";"[""film"", ""hak"", ""not""]";"[""en""]";[];[];"[""modifier_detected""]"
1774;bu filmi sinemada izlemiştim ve film rüyalarıma girmişti kendimi rüyamda o gemide gördüm.;positive;negative;0.0;1.0;False;0.8461538461538461;0.07692307692307693;negative;0.0;1.0;False;False;False;False;False;False;False;False;False;1;1;0;"[""gör""]";"[""kendi""]";[];[];[];[]
1775;artık yorumumu anlamısınızdır:D;neutral;neutral;0.0;0.0;True;1.0;0.0;neutral;0.0;0.0;True;False;False;False;False;False;False;False;False;0;0;0;[];[];[];[];[];[]
1776;100 kere izlemem için önüme koysalar 100 de de bıkmadan izleyebileceğim nadir filmlerin en başında gelir!;positive;negative;0.0;0.041666666666666664;False;0.8125;0.125;negative;0.0;0.041666666666666664;False;False;False;False;False;False;False;False;False;2;2;0;"[""de"", ""de""]";[];[];[];[];[]
1777;aşka inanmak için daha iyi bir neden gösterin.;neutral;positive;1.6736111111111112;0.0;False;1.0;0.375;positive;1.6736111111111112;0.0;False;False;False;False;False;False;True;False;False;3;3;0;"[""aşk"", ""iyi"", ""gösteri""]";"[""neden""]";"[""daha""]";[];[];"[""modifier_detected""]"
1778;bulamazsınız.;neutral;neutral;0.0;0.0;True;1.0;0.0;neutral;0.0;0.0;True;False;False;False;False;False;False;False;False;0;0;0;[];[];[];[];[];[]
1779;Ben Bu Filmi Daha Yeni İzledim Keşke Daha Yeni İzlemeseymişim Bu Filmi Bu zamana Kadar Nası İzlememişim anlamıyorum tek kelimeyle harika bir film;positive;positive;1.0;0.0;True;0.8260869565217391;0.043478260869565216;positive;1.0;0.0;True;False;False;False;False;False;False;False;False;1;1;0;"[""harika""]";"[""film""]";[];[];[];[]
1780;en begendigim filmlerden bir tanesi.;positive;neutral;0.0;0.0;False;0.8;0.0;neutral;0.0;0.0;False;False;False;False;False;False;False;False;False;0;0;0;[];[];[];[];[];[]
1781;tek kelimeyle harika benim için bir klasik bunları bir sinema tutkunu olarak söylüyorum;positive;positive;1.125;0.0;True;0.9230769230769231;0.15384615384615385;positive;1.125;0.0;True;False;False;False;False;False;False;False;False;2;2;0;"[""harika"", ""tutkun""]";"[""ben"", ""bu""]";[];[];[];[]
1782;baş yapıt.;positive;neutral;0.0;0.0;False;1.0;0.0;neutral;0.0;0.0;False;False;False;False;False;False;False;False;False;0;0;0;[];[];[];[];[];[]
1783;cok güzel bir film hele 97 filmiyse harika;positive;positive;1.4545454545454546;0.0;True;0.875;0.25;positive;0.45454545454545453;0.0;True;False;False;False;False;False;True;False;False;1;1;0;"[""güzel""]";"[""film""]";"[""cok""]";[];[];"[""modifier_detected""]"
1784;tammmm 10 kez izledimm ve bir 10 kez daha izleyebilirm aynı heycanla:);positive;neutral;0.0;0.0;False;0.6666666666666666;0.0;neutral;0.0;0.0;False;False;False;False;False;False;False;False;False;0;0;0;[];[];[];[];[];[]
1785;bole bir basyapıt nasıl 8.9 puan alır anlamıyorum.;positive;negative;0.0;0.16666666666666666;False;0.7777777777777778;0.1111111111111111;positive;0.16666666666666666;0.0;True;True;True;False;False;True;True;False;False;1;1;0;"[""al""]";"[""puan""]";"[""nasıl""]";"[""anla""]";[];"[""negation_flip"", ""modifier_detected""]"
1786;hayatımda izledigim en güzel 3 filmden birisi.;positive;positive;0.45454545454545453;0.08333333333333333;True;0.8571428571428571;0.2857142857142857;positive;0.45454545454545453;0.08333333333333333;True;False;False;False;False;False;True;False;False;2;2;0;"[""güzel"", ""biri""]";"[""film""]";"[""en""]";[];[];"[""modifier_detected""]"
1787;10 puanı bu filme vermiceksinde hangi filme verceksin?;positive;neutral;0.0;0.0;False;0.75;0.0;neutral;0.0;0.0;False;False;False;False;False;False;False;False;False;0;0;0;[];[];[];[];[];[]
1788;kesinlikle muhteşem bu filmi beğenmeyen yoktur heralde.;positive;positive;0.5;0.21428571428571427;True;0.7142857142857143;0.2857142857142857;positive;0.7142857142857143;0.0;True;False;False;False;False;True;True;False;False;2;2;0;"[""muhteşem"", ""yok""]";"[""film""]";"[""kesinlik""]";"[""beğen""]";[];"[""negation_flip"", ""modifier_detected""]"
1789;hayatımda izledigim en mükemmel filmdir ve her izledigimde hiç izlememiş gibi heyecanlanırım muhteşem bi film;positive;positive;1.5;0.5;True;0.6666666666666666;0.2;positive;2.0;0.0;True;False;False;False;False;True;True;False;False;3;3;0;"[""mükemmel"", ""hiç"", ""muhteşem""]";"[""film"", ""film""]";"[""en""]";"[""izle""]";[];"[""modifier_detected"", ""negation_flip""]"
1790;ben daha 13 yasındayımama genede titanik hastasıyım titanike tapıyorum leonardoya ve kate ye tapıyorum.;positive;negative;0.0;0.6875;False;0.35714285714285715;0.07142857142857142;negative;0.0;0.6875;False;False;False;False;False;False;False;False;False;1;1;0;"[""hasta""]";"[""ben""]";[];[];[];[]
1791;kim ne derse desin en güzel filmlerin başında geliyo.;positive;positive;0.45454545454545453;0.020833333333333332;True;0.8888888888888888;0.2222222222222222;positive;0.45454545454545453;0.020833333333333332;True;False;False;False;False;False;True;False;False;2;2;0;"[""de"", ""güzel""]";"[""kim"", ""film""]";"[""en""]";[];[];"[""modifier_detected""]"
1792;harika ve muhteşem:);positive;positive;1.5;0.0;True;1.0;0.6666666666666666;positive;1.5;0.0;True;False;False;False;False;False;False;False;False;2;2;0;"[""harika"", ""muhteşem""]";[];[];[];[];[]
1793;çok fazla söze gerek varmı bilmiorum.;neutral;negative;0.0;0.05;False;0.6666666666666666;0.16666666666666666;negative;0.0;0.05;False;False;False;False;False;False;True;False;False;1;1;0;"[""söz""]";[];"[""fazla""]";[];[];"[""modifier_detected""]"
1794;bence her sinema sever bu filmi mutlaka izlemeli:));positive;neutral;0.0;0.0;False;0.875;0.0;neutral;0.0;0.0;False;False;False;False;False;False;False;False;False;0;0;0;[];[];[];[];[];[]
1795;ama bu televizyonlarda cıktığı zamanlarda hic kacırmam;positive;neutral;0.0;0.0;False;0.5714285714285714;0.0;neutral;0.0;0.0;False;False;False;False;False;False;False;False;False;0;0;0;[];[];[];[];[];[]
1796;izlediğim en güzel ve en romantik filmdi.;positive;positive;0.45454545454545453;0.0;True;0.8571428571428571;0.14285714285714285;positive;0.45454545454545453;0.0;True;False;False;False;False;False;True;False;False;1;1;0;"[""güzel""]";"[""film""]";"[""en""]";[];[];"[""modifier_detected""]"
1797;Herkes en az bir kere izlemeli(ki ben defalarca izledim)Leonardo ve Kate bu film için yaratılmışlar.;positive;negative;0.0;0.25;False;0.7647058823529411;0.058823529411764705;negative;0.0;0.25;False;False;False;False;False;False;True;False;False;1;1;0;"[""az""]";"[""herkes""]";"[""en""]";[];[];"[""modifier_detected""]"
1798;her izleyişimde ağlıyorum.;neutral;neutral;0.0;0.0;True;0.3333333333333333;0.0;neutral;0.0;0.0;True;False;False;False;False;False;False;False;False;0;0;0;[];[];[];[];[];[]
1799;unutulmaması gereken bir başyapıt.;positive;neutral;0.0;0.0;False;0.75;0.0;neutral;0.0;0.0;False;False;False;False;False;False;False;False;False;0;0;0;[];[];[];[];[];[]
1800;Birde Leonardo DiCaprio'yu ve Kate Winslet'ı tebrik etmek gerek.;positive;positive;0.375;0.0;True;0.5555555555555556;0.1111111111111111;positive;0.375;0.0;True;False;False;False;False;False;False;False;False;1;1;0;"[""tebrik""]";"[""leonardo""]";[];[];[];[]
1801;Her ikiside Titanic'de rollerinin gereğinden çok ii yapmışlar.;positive;neutral;0.0;0.0;False;0.625;0.0;neutral;0.0;0.0;False;False;False;False;False;False;False;False;False;0;0;0;[];[];[];[];[];[]
1802;Şu anda ikiside Türkiye'de olsa imza almak için giderdim :);positive;negative;0.0;0.16666666666666666;False;0.8888888888888888;0.1111111111111111;negative;0.0;0.16666666666666666;False;False;False;False;False;False;False;False;False;1;1;0;"[""al""]";[];[];[];[];[]
1803;ben bu filmin üstüne başka film tanımıyorum belki 45 defa izledim ama hala izlerim doyamıyorum izlemeyeher sahnesinde sanki ilk defa izliyormuş gibi heyecanlanıyorum şuan 2inci yoldaymış sabırsızlıkla onu bekliyorum bence titanik hayatımın tek filmi olarak kalacak;positive;negative;0.0;0.25;False;0.7777777777777778;0.027777777777777776;negative;0.0;0.25;False;False;False;False;False;False;False;False;False;1;1;0;"[""sabırsızlık""]";"[""o""]";[];[];[];[]
1804;DÜnya üzerinde hiçbir şey Titanic'in destansı hikayesi ve nefeskesici ihtişamı geçemez.;positive;neutral;0.0;0.0;False;0.8181818181818182;0.0;neutral;0.0;0.0;False;False;False;False;False;False;False;False;False;0;0;0;[];[];[];[];[];[]
1805;En iyi film dahil olmak üzere 11 Akademi Ödülü sahip olan bu aşk hikayesi dünyadaki tüm sinema severlerin kalbine girdi ve tüm zamanların en popüler sinema filmi oldu.;positive;positive;2.861111111111111;0.15625;True;0.9642857142857143;0.21428571428571427;positive;2.861111111111111;0.15625;True;False;False;False;False;False;True;False;False;6;6;0;"[""iyi"", ""ödül"", ""aşk"", ""tüm"", ""kalp"", ""tüm""]";"[""film"", ""hikaye""]";"[""en""]";[];[];"[""modifier_detected""]"
1806;Uluslararası süperstar Leonardo DiCaprio ve Oscar adayı Kate Winslet ekranı sosyal sınıfların ayırdığı ama kaderlerinde birbirlerine'batması mümkün olmayan'R.M.S Titanic'de bulmak olan Jack ve Rose rolleriyle aydınlatıyorlar.;positive;negative;0.0;0.375;False;0.5;0.03571428571428571;negative;0.0;0.375;False;False;False;False;False;False;False;False;False;1;1;0;"[""kader""]";[];[];[];[];[]
1807;AMa kötü bir sona mahkum olan bu lüks gemi soğuk Kuzey ATlantik'te bir buzdağına çarpınca onların tutkulu aşkı heyecanlı bir yaşam savaşına dönüşüyor.;neutral;negative;1.2;1.9729166666666664;False;0.8695652173913043;0.34782608695652173;negative;1.2;1.9729166666666664;False;False;False;False;False;False;False;True;False;8;8;0;"[""kötü"", ""son"", ""mahkum"", ""lüks"", ""soğuk"", ""aşk"", ""heyecanlı"", ""savaş""]";"[""gemi"", ""atlantik'te"", ""savaş"", ""yaşam"", ""aşk""]";[];[];"[""ama"", ""ama""]";"[""contrast_detected"", ""contrast_detected""]"
1808;Bu yüzden Titanic bana göre yeryüzünün gelmiş geçmiş en iyi filmidir asla unutulmayacak olandır ve daima kalbimizde barınacaktır sevenlerinin kalbinde.;positive;positive;0.6111111111111112;0.20625;True;0.7;0.15;positive;0.6111111111111112;0.20625;True;False;False;False;False;False;True;False;False;3;3;0;"[""geçmiş"", ""iyi"", ""kalp""]";"[""film"", ""film""]";"[""en""]";[];[];"[""modifier_detected""]"
1809;Puanda biraz abartı havası var.;negative;negative;0.10714285714285714;0.25;True;1.0;0.4;negative;0.0;0.25;True;False;False;False;False;False;True;False;True;2;1;1;"[""abartı"", ""hava""]";"[""hava""]";"[""biraz""]";[];[];"[""modifier_detected"", ""suppressed_as_target""]"
1810;..Genede bulabilirsem bir izleyeceğim.;neutral;neutral;0.0;0.0;True;0.5;0.0;neutral;0.0;0.0;True;False;False;False;False;False;False;False;False;0;0;0;[];[];[];[];[];[]
1811;ya bazı filmler yeni eklendiğinde böyle yüksek puanla başlıyor sonradan gerçek puanına düşer;negative;positive;0.2777777777777778;0.0;False;0.8461538461538461;0.15384615384615385;positive;0.2777777777777778;0.0;False;False;False;False;False;False;True;False;False;2;2;0;"[""yüksek"", ""gerçek""]";"[""puan"", ""puan""]";"[""böyle""]";[];[];"[""modifier_detected""]"
1812;valla bende anlamadım filmi daha hiç seyretmedim ama bu kadar puan alması şaşırtıcı araştırıcam;negative;negative;0.25;0.6666666666666666;True;0.7142857142857143;0.21428571428571427;positive;0.75;0.16666666666666666;False;True;False;True;False;True;True;True;False;3;3;0;"[""hiç"", ""al"", ""şaşırtıcı""]";"[""film"", ""puan""]";"[""daha""]";"[""seyret""]";"[""ama"", ""ama""]";"[""negation_flip"", ""modifier_detected"", ""contrast_detected"", ""contrast_detected""]"
1813;Bu filmi izlemeden bir de ımdb den baktım 1237 oydan 7.0 puan almış;neutral;negative;0.0;0.45833333333333337;False;0.7857142857142857;0.2857142857142857;positive;0.25;0.041666666666666664;False;True;False;False;True;True;True;False;False;3;3;0;"[""de"", ""de"", ""bak""]";[];"[""bir""]";"[""izle""]";[];"[""negation_flip"", ""modifier_detected""]"
1814;başka sitelerde 7 civarı oy almış bu film kimler bu filme 10 verdi merak ediyorum izleyen varsa yorum yapsın lütfen;negative;negative;0.0;0.6666666666666666;True;0.85;0.15;negative;0.0;0.6666666666666666;True;False;False;False;False;False;False;False;False;3;3;0;"[""al"", ""merak"", ""lütfen""]";"[""oy"", ""kim""]";[];[];[];[]
1815;9.6 puanlık bi filme kimse neden yorum yazmıyor anlamıyorum kim verdi bu filme bu puanları kardeşim ben filmi izlemedin ama meraklandım bakalım neyin nesiymiş film;neutral;negative;0.0;0.25;False;0.8076923076923077;0.038461538461538464;negative;0.0;0.25;False;False;False;False;False;False;False;True;False;1;1;0;"[""bak""]";[];[];[];"[""ama""]";"[""contrast_detected""]"
1816;nedir bu film acaba ya nasıl bu kadar oy alır;negative;negative;0.0;0.16666666666666666;True;1.0;0.1;negative;0.0;0.16666666666666666;True;False;False;False;False;False;True;False;False;1;1;0;"[""al""]";"[""oy""]";"[""acaba"", ""nasıl""]";[];[];"[""modifier_detected""]"
1817;Sadece müziği için bile izlenir.;positive;neutral;0.0;0.0;False;0.8;0.0;neutral;0.0;0.0;False;False;False;False;False;False;False;False;False;0;0;0;[];[];[];[];[];[]
1818;Eğer siz de Stendhal sendromu yaşama gerginliğini duyuyorsanız ayrı bir zevk alacaksınız.;positive;positive;0.5;0.1875;True;0.9166666666666666;0.25;positive;0.5;0.1875;True;False;False;False;False;False;False;False;False;3;3;0;"[""de"", ""zevk"", ""al""]";"[""siz"", ""siz""]";[];[];[];[]
1819;Film her Dario Argento filmi gibi mantık hataları içeriyor ama kime ne.;negative;negative;0.0;0.16666666666666666;True;0.75;0.08333333333333333;negative;0.0;0.16666666666666666;True;False;False;False;False;False;False;False;False;1;1;0;"[""hata""]";"[""film""]";[];[];[];[]
1820;Rüya gibi başlayıp aynen öyle bitiyor.;positive;neutral;0.0;0.0;False;0.8333333333333334;0.0;neutral;0.0;0.0;False;False;False;False;False;False;False;False;False;0;0;0;[];[];[];[];[];[]
1821;Mekan ve renk kullanımı harika.;positive;positive;1.0;0.0;True;1.0;0.2;positive;1.0;0.0;True;False;False;False;False;False;False;False;False;1;1;0;"[""harika""]";"[""kullanım""]";[];[];[];[]
1822;İzleyin beğendiniz mi rahatsız mı oldunuz anlamayacaksınız.;neutral;negative;0.0;0.6666666666666666;False;0.5714285714285714;0.14285714285714285;positive;0.6666666666666666;0.0;False;True;False;False;True;True;False;False;False;1;1;0;"[""rahatsız""]";[];[];"[""anla""]";[];"[""negation_flip""]"
1823;Dario usta siyah eldiveniyle size dokunacak.;neutral;positive;0.16666666666666666;0.0;False;0.6666666666666666;0.16666666666666666;positive;0.16666666666666666;0.0;False;False;False;False;False;False;False;False;False;1;1;0;"[""usta""]";[];[];[];[];[]
1824;kardeşim korku filmi seviyorum diye benim için eve aldığı gereksiz bir film ben çok sıkılarak izlemiştim.;negative;negative;0.0;1.4166666666666667;True;0.8125;0.1875;negative;0.0;1.4166666666666667;True;False;False;False;False;False;False;False;False;3;3;0;"[""korku"", ""al"", ""gereksiz""]";"[""film""]";[];[];[];[]
1825;Dario Argento'nun kendine has yönetmenliği bu filmde de ortaya çıkmış.;neutral;positive;0.35;0.020833333333333332;False;0.7;0.2;positive;0.35;0.020833333333333332;False;False;False;False;False;False;False;False;False;2;2;0;"[""has"", ""de""]";[];[];[];[];[]
1826;Yakın çekimlere dikkat ederseniz Tarantino'nun Kill Bill'inde ki bazı sahnelerin bu filmden alıntı olduğunu görebilirsiniz.;neutral;negative;0.0;1.0;False;0.8;0.06666666666666667;negative;0.0;1.0;False;False;False;False;False;False;False;False;False;1;1;0;"[""gör""]";[];[];[];[];[]
1827;Özellikle kurşun sahnesi.;neutral;neutral;0.0;0.0;True;1.0;0.0;neutral;0.0;0.0;True;False;False;False;False;False;False;False;False;0;0;0;[];[];[];[];[];[]
1828;..Zaten kendisi de Dario Argento'ya olan hayranlığını her fırsatta dile getiriyor.;neutral;negative;0.0;0.020833333333333332;False;0.7272727272727273;0.09090909090909091;negative;0.0;0.020833333333333332;False;False;False;False;False;False;False;False;False;1;1;0;"[""de""]";[];[];[];[];[]
1829;Filmi sinemada izlediğimde bütün olayların ilk yarıda çözülüp sonuçlandığını görmüş ikinci yarıda ise nasıl devam edeceğini merak eder olmuştum.;neutral;negative;0.0;1.375;False;0.8421052631578947;0.10526315789473684;negative;0.0;1.375;False;False;False;False;False;False;False;False;False;2;2;0;"[""gör"", ""merak""]";"[""devam""]";[];[];[];[]
1830;Bence filmin en güzel taraflarından biri bu.;positive;positive;0.45454545454545453;0.08333333333333333;True;1.0;0.2857142857142857;positive;0.45454545454545453;0.08333333333333333;True;False;False;False;False;False;True;False;False;2;2;0;"[""güzel"", ""biri""]";"[""taraf"", ""bu""]";"[""en""]";[];[];"[""modifier_detected""]"
1831;Konusu ve psikolojik yönleriyle izleyici etkisi altına alan sağlam bir film.;positive;positive;0.6875;0.0;True;1.0;0.18181818181818182;positive;0.6875;0.0;True;False;False;False;False;False;False;False;False;2;2;0;"[""psikolojik"", ""sağlam""]";"[""yön"", ""film""]";[];[];[];[]
1832;Argento'nun son dönem yaptığı filmler arasında en başarılısı diyebilirim.;positive;positive;1.0;0.14583333333333334;True;0.7777777777777778;0.3333333333333333;positive;1.0;0.14583333333333334;True;False;False;False;False;False;True;False;False;3;3;0;"[""son"", ""başarılı"", ""de""]";"[""dönem""]";"[""en""]";[];[];"[""modifier_detected""]"
1833;Umarım böyle filmler çekmeye devam eder.;positive;neutral;0.0;0.0;False;0.8333333333333334;0.0;neutral;0.0;0.0;False;False;False;False;False;False;False;False;False;0;0;0;[];[];[];[];[];[]
1834;Dario Argento'suz bir sinema düşünemiyorum.;positive;neutral;0.0;0.0;False;0.4;0.0;neutral;0.0;0.0;False;False;False;False;False;False;False;False;False;0;0;0;[];[];[];[];[];[]
1835;sürükleyici bir gerilim oldugu su götürmez bir gerçek.;positive;positive;0.20833333333333331;0.0;True;0.75;0.25;positive;0.125;0.08333333333333333;True;False;False;False;False;True;False;False;False;2;2;0;"[""sürükleyici"", ""gerçek""]";[];[];"[""götür""]";[];"[""negation_flip""]"
1836;aynı zamanda 96 yapımı olan bu filmden daha sonra etkilenildiği de görünüyor.;neutral;negative;0.0;0.020833333333333332;False;0.8333333333333334;0.08333333333333333;negative;0.0;0.020833333333333332;False;False;False;False;False;False;False;False;False;1;1;0;"[""de""]";[];[];[];[];[]
1837;özgün teknikler mevcut.;neutral;positive;0.16666666666666666;0.0;False;1.0;0.3333333333333333;positive;0.16666666666666666;0.0;False;False;False;False;False;False;False;False;False;1;1;0;"[""özgün""]";"[""teknik""]";[];[];[];[]
1838;argento'nun sanırım en iyi filmi budur.;positive;positive;0.6111111111111112;0.0;True;0.8333333333333334;0.16666666666666666;positive;0.6111111111111112;0.0;True;False;False;False;False;False;True;False;False;1;1;0;"[""iyi""]";"[""film""]";"[""en""]";[];[];"[""modifier_detected""]"
1839;bu filmi nerden bulacaz çok merak ediyom cd si varmı;neutral;negative;0.0;0.375;False;0.6;0.1;negative;0.0;0.375;False;False;False;False;False;False;True;False;False;1;1;0;"[""merak""]";"[""cd""]";"[""çok""]";[];[];"[""modifier_detected""]"
1840;Filmin iyi bir gerilim olmasının yanı sıra alakasız gibi görünen yerlerde Argento' nun kullandığı animasyon tekniklerini çok beğendim.;positive;positive;0.6267361111111112;0.0;True;0.7222222222222222;0.1111111111111111;positive;0.6267361111111112;0.0;True;False;False;False;False;False;False;False;False;2;2;0;"[""iyi"", ""yer""]";"[""gerilim"", ""teknik""]";[];[];[];[]
1841;İzlerken kesinlikle tedirgin olabileceğiniz bir film.;neutral;negative;0.0;0.25;False;0.8333333333333334;0.16666666666666666;negative;0.0;0.25;False;False;False;False;False;False;False;False;False;1;1;0;"[""tedirgin""]";[];[];[];[];[]
1842;film güzel yavaş yavaş artan tempo iyiydi daha iyi olabilirdi diyebiliriz ama idare eder güzel oyuncularla birlikte iyi gitti;positive;positive;2.7424242424242427;0.020833333333333332;True;0.9473684210526315;0.3157894736842105;positive;2.7424242424242427;0.020833333333333332;True;False;False;False;False;False;True;True;False;6;6;0;"[""güzel"", ""iyi"", ""iyi"", ""de"", ""güzel"", ""iyi""]";"[""film"", ""tempo"", ""oyuncu""]";"[""daha""]";[];"[""ama""]";"[""modifier_detected"", ""contrast_detected""]"
1843;2001 uzay macerası tadında bir filim yapmaya çalışmış başlangıcı kötü ama filim ilerledikçe gerilimi artan bir temposu olmasına rağmen yinede istenilen sürükleyiciliği ve merakı veremiyor müzikler yetersiz eğer bu tarzda gerici bir filim izlemek istiyorsanız solarisi izlemenizi tavsiye ederim;positive;negative;0.4375;2.5875;False;0.7435897435897436;0.23076923076923078;negative;0.3125;2.7125;False;False;False;False;False;True;False;False;False;9;9;0;"[""macera"", ""tat"", ""kötü"", ""rağmen"", ""sürükleyici"", ""merak"", ""yetersiz"", ""gerici"", ""tavsiye""]";"[""tempo"", ""müzik"", ""fil"", ""müzik""]";[];"[""ver""]";[];"[""negation_flip""]"
1844;filmi beğenmedim değil aslında ama çok daha iileri var bu tarzda.;neutral;neutral;0.0;0.0;True;0.8181818181818182;0.0;neutral;0.0;0.0;True;False;False;False;False;False;False;False;False;0;0;0;[];[];[];[];[];[]
1845;özellikle the abyss filmi bu filme nazaran çok daha kaliteli ve kurgusu açısından sürükleyici;negative;positive;1.125;0.0;False;0.8571428571428571;0.14285714285714285;positive;1.125;0.0;False;False;False;False;False;False;True;False;False;2;2;0;"[""kaliteli"", ""sürükleyici""]";[];"[""nazaran"", ""çok""]";[];[];"[""modifier_detected""]"
1846;Çok saçma bir film!;negative;negative;0.0;0.3;True;1.0;0.25;negative;0.0;0.3;True;False;False;False;False;False;True;False;False;1;1;0;"[""saçma""]";"[""film""]";"[""çok""]";[];[];"[""modifier_detected""]"
1847;bu kadrodan böyle kötü bir film çıkması çok şaşırtıcı.;negative;negative;0.25;0.9;True;0.8888888888888888;0.2222222222222222;negative;0.25;0.9;True;False;False;False;False;False;True;False;False;2;2;0;"[""kötü"", ""şaşırtıcı""]";"[""film""]";"[""böyle""]";[];[];"[""modifier_detected""]"
1848;Film boyunca sonunda ne olacak diye bekliyorsun sonu ise o kadar saçmaki izlemek için harcadığın zamana acıyorsun.;negative;negative;0.0;0.6964285714285714;True;0.8235294117647058;0.11764705882352941;negative;0.0;0.6964285714285714;True;False;False;False;False;False;False;False;False;2;2;0;"[""son"", ""acı""]";[];[];[];[];[]
1849;izLe we unut.;negative;neutral;0.0;0.0;False;0.3333333333333333;0.0;neutral;0.0;0.0;False;False;False;False;False;False;False;False;False;0;0;0;[];[];[];[];[];[]
1850;temposu ve gizemi yavaş yavaş artan film olan küre güzel bir bilimkurgu.;positive;positive;0.45454545454545453;0.0;True;1.0;0.08333333333333333;positive;0.45454545454545453;0.0;True;False;False;False;False;False;False;False;False;1;1;0;"[""güzel""]";"[""bilimkurgu""]";[];[];[];[]
1851;..oyuncular kaliteli.;positive;positive;1.0;0.0;True;1.0;0.5;positive;1.0;0.0;True;False;False;False;False;False;False;False;False;1;1;0;"[""kaliteli""]";"[""..oyuncu""]";[];[];[];[]
1852;..izlenir..;neutral;neutral;0.0;0.0;True;0.0;0.0;neutral;0.0;0.0;True;False;False;False;False;False;False;False;False;0;0;0;[];[];[];[];[];[]
1853;.sıkılmadan izlenir.;positive;neutral;0.0;0.0;False;0.0;0.0;neutral;0.0;0.0;False;False;False;False;False;False;False;False;False;0;0;0;[];[];[];[];[];[]
1854;iyi film.;positive;positive;0.6111111111111112;0.0;True;1.0;0.5;positive;0.6111111111111112;0.0;True;False;False;False;False;False;False;False;False;1;1;0;"[""iyi""]";"[""film""]";[];[];[];[]
1855;özellikle tecrübeli oyuncuların olması filmi izlenir kılıyor.;positive;negative;0.0;0.2;False;0.8571428571428571;0.14285714285714285;negative;0.0;0.2;False;False;False;False;False;False;False;False;False;1;1;0;"[""kıl""]";[];[];[];[];[]
1856;Barry Levinson filmografisi içinde oldukça ilginç bir çalışma Sphere.;positive;neutral;0.0;0.0;False;0.5555555555555556;0.0;neutral;0.0;0.0;False;False;False;False;False;False;False;False;False;0;0;0;[];[];[];[];[];[]
1857;Başları sıkıcı olsa da ortalarından itibaren -oyunculukların da etkisiyle- akıcı ve ilgi çekici olmaya başlıyor.;positive;negative;0.5833333333333333;1.3787878787878787;False;0.9333333333333333;0.4;negative;0.5833333333333333;1.3787878787878787;False;False;False;False;False;False;False;False;False;6;6;0;"[""sıkıcı"", ""da"", ""oyunculuk"", ""da"", ""akıcı"", ""çekici""]";"[""baş"", ""baş""]";[];[];[];[]
1858;En az bir kere izlenmeli.;positive;negative;0.0;0.25;False;0.8;0.2;negative;0.0;0.25;False;False;False;False;False;False;True;False;False;1;1;0;"[""az""]";[];"[""en""]";[];[];"[""modifier_detected""]"
1859;Bilim kurgu olarak oldukça başarılı hatta bu türe bir de psikolojik gerilim de eklenince süper olmuş.;positive;positive;1.5625;0.041666666666666664;True;0.9375;0.3125;positive;1.5625;0.041666666666666664;True;False;False;False;False;False;True;False;False;5;5;0;"[""başarılı"", ""de"", ""psikolojik"", ""de"", ""süper""]";"[""gerilim""]";"[""oldukça""]";[];[];"[""modifier_detected""]"
1860;Tavsiye edilebilir.;positive;positive;0.125;0.0;True;1.0;0.5;positive;0.125;0.0;True;False;False;False;False;False;False;False;False;1;1;0;"[""tavsiye""]";[];[];[];[];[]
1861;Düşük puana aldanıp da (hani burdan puan bakınarak izleyenler için söylüyorum) filmi izlememzlik etmeyin.;positive;negative;0.0;0.16558441558441558;False;0.5714285714285714;0.14285714285714285;negative;0.0;0.16558441558441558;False;False;False;False;False;False;False;False;False;2;2;0;"[""düşük"", ""da""]";"[""puan""]";[];[];[];[]
1862;İnanın son derece güzel bir yapım.;positive;positive;0.45454545454545453;0.125;True;1.0;0.3333333333333333;positive;0.45454545454545453;0.125;True;False;False;False;False;False;True;False;False;2;2;0;"[""son"", ""güzel""]";"[""derece"", ""yapım""]";"[""derece""]";[];[];"[""modifier_detected""]"
1863;Kurgu senaryo hele de Dustin Hoffman Sharon Stone Samuel L. Jackson'un oyunculukları biir harika.;positive;positive;1.0;0.35416666666666663;True;0.5;0.21428571428571427;positive;1.0;0.020833333333333332;True;False;False;False;False;False;True;False;True;3;2;1;"[""de"", ""oyunculuk"", ""harika""]";"[""oyunculuk""]";"[""biir""]";[];[];"[""suppressed_as_target"", ""modifier_detected""]"
1864;bence de başarılı bir bilimkurgu ki ben bilimkurgu çok fazla izlemem.;positive;positive;1.0;0.020833333333333332;True;0.9090909090909091;0.18181818181818182;positive;1.0;0.020833333333333332;True;False;False;False;False;False;False;False;False;2;2;0;"[""de"", ""başarılı""]";"[""bilimkurgu""]";[];[];[];[]
1865;çekimler güzel.;positive;positive;0.45454545454545453;0.0;True;1.0;0.5;positive;0.45454545454545453;0.0;True;False;False;False;False;False;False;False;False;1;1;0;"[""güzel""]";"[""çekim""]";[];[];[];[]
1866;Kurgusu ve Ana fikri ile (ana fikir filmin sonunda veriliyor) çok güzel bir eser ortaya koymuşlar.;positive;positive;0.7045454545454546;0.0;True;0.9375;0.1875;positive;0.7045454545454546;0.0;True;False;False;False;False;False;True;False;False;3;3;0;"[""ana"", ""ana"", ""güzel""]";"[""fikir"", ""film"", ""eser""]";"[""çok""]";[];[];"[""modifier_detected""]"
1867;Filmin geçtiği ortamın konu ile bütünleşmiş olarak gerilimi arttırması ve buna ek olarak çaresizlik duygusunun iyice körüklenmesi filme ayrı bir hava katmış.;neutral;negative;0.23214285714285715;1.0833333333333333;False;0.9090909090909091;0.18181818181818182;negative;0.23214285714285715;1.0833333333333333;False;False;False;False;False;False;False;False;False;4;4;0;"[""ortam"", ""çaresizlik"", ""iyice"", ""hava""]";"[""duygu""]";[];[];[];[]
1868;Mantık düzeyi de gayet iyi.;positive;positive;0.6111111111111112;0.020833333333333332;True;1.0;0.4;positive;0.6111111111111112;0.020833333333333332;True;False;False;False;False;False;True;False;False;2;2;0;"[""de"", ""iyi""]";"[""düzey""]";"[""gayet""]";[];[];"[""modifier_detected""]"
1869;Tabii ki ben ana fikri hepsinden daha cok beğendim lakin baş rol oyuncularının da performanslarının filmi ateşlediğini söylemeden geçemiyeceğim.;positive;positive;0.29166666666666663;0.022727272727272728;True;0.7368421052631579;0.15789473684210525;positive;0.29166666666666663;0.022727272727272728;True;False;False;False;False;False;False;False;False;3;3;0;"[""tabii"", ""ana"", ""da""]";"[""ben"", ""fikir""]";[];[];[];[]
1870;Özellikle sakin kafa ile izlenmesi gereken bir filim.;neutral;positive;0.125;0.0;False;0.875;0.125;positive;0.125;0.0;False;False;False;False;False;False;True;False;False;1;1;0;"[""sakin""]";"[""kafa""]";"[""özellikle""]";[];[];"[""modifier_detected""]"
1871;bu film tambir beyin fırtınası tavsiye ederim;positive;positive;0.175;0.0;True;0.8571428571428571;0.2857142857142857;positive;0.175;0.0;True;False;False;False;False;False;False;False;False;2;2;0;"[""beyin"", ""tavsiye""]";"[""film""]";[];[];[];[]
1872;jurassic Park'ın usta yazarı Michael Crichton'un romanından Küre.;neutral;positive;0.16666666666666666;0.0;False;0.5;0.125;positive;0.16666666666666666;0.0;False;False;False;False;False;False;False;False;False;1;1;0;"[""usta""]";"[""yazar""]";[];[];[];[]
1873;İyi bir film ama sonun bu kadar basit bitmesine bir anlam veremedim doğrusu.;neutral;positive;0.9611111111111111;0.125;False;0.9230769230769231;0.3076923076923077;positive;0.9611111111111111;0.0;False;False;False;False;False;False;False;True;True;4;3;1;"[""iyi"", ""son"", ""basit"", ""doğru""]";"[""film"", ""son""]";[];[];"[""ama""]";"[""suppressed_as_target"", ""contrast_detected""]"
1874;Aslında iyi oyunculuklarla örülü gizemli ve gerilim dolu bir hikayesi var filmin.;positive;positive;0.6111111111111112;0.3333333333333333;True;1.0;0.16666666666666666;positive;0.6111111111111112;0.3333333333333333;True;False;False;False;False;False;False;False;False;2;2;0;"[""iyi"", ""oyunculuk""]";"[""oyunculuk"", ""hikaye""]";[];[];[];[]
1875;En korkunç kabuslarınızın korkularınızın gerçekleşmesiyle ilgi.;neutral;negative;0.0;3.0;False;0.8333333333333334;0.5;negative;0.0;2.0;False;False;False;False;False;False;True;False;True;3;2;1;"[""korkunç"", ""kabus"", ""korku""]";"[""kabus""]";"[""en""]";[];[];"[""modifier_detected"", ""suppressed_as_target""]"
1876;Klostrofobik bir ortamda geçtiği için de gerilimin yer yer tırmandığı sahnelere şahit oluyoruz.;neutral;negative;0.03125;0.6041666666666667;False;0.9230769230769231;0.38461538461538464;negative;0.03125;0.5208333333333334;False;False;False;False;False;False;False;False;True;5;4;1;"[""klostrofobik"", ""ortam"", ""de"", ""yer"", ""yer""]";"[""ortam"", ""gerilim""]";[];[];[];"[""suppressed_as_target""]"
1877;Yine de izlenmeli diyorum ama yazarına ve yıldız oyuncularına kanıp fazla bir şey beklemeden.;positive;negative;0.0;0.041666666666666664;False;0.8571428571428571;0.14285714285714285;neutral;0.020833333333333332;0.020833333333333332;False;True;False;False;True;True;True;False;False;2;2;0;"[""de"", ""de""]";[];"[""yine""]";"[""bekle""]";[];"[""negation_flip"", ""modifier_detected""]"
1878;Ha unutmadan Jules Verne'nin Deniz Altında 20 bin Fersah romanına da göndermeler yapılmış.;neutral;negative;0.0;0.022727272727272728;False;0.6923076923076923;0.07692307692307693;negative;0.0;0.022727272727272728;False;False;False;False;False;False;False;False;False;1;1;0;"[""da""]";[];[];[];[];[]
1879;Ya Konusu Değişik Bir Film Ekipte Güzel Ama Filmin Konusu Biraz Eksik Kalmış Ve De Sonunu Yapamamışlar Genede;neutral;negative;0.45454545454545453;0.4583333333333333;False;0.8888888888888888;0.2777777777777778;negative;0.125;0.787878787878788;False;False;False;False;False;True;True;True;False;5;5;0;"[""değişik"", ""güzel"", ""eksik"", ""de"", ""son""]";"[""film"", ""konu""]";"[""biraz""]";"[""yap"", ""yap""]";"[""ama""]";"[""negation_flip"", ""modifier_detected"", ""contrast_detected"", ""negation_flip""]"
1880;çok sıradışı bir film.;neutral;neutral;0.0;0.0;True;1.0;0.0;neutral;0.0;0.0;True;False;False;False;False;False;False;False;False;0;0;0;[];[];[];[];[];[]
1881;filmde birkaç sahne beni çok etkilemişti.;neutral;neutral;0.0;0.0;True;0.8333333333333334;0.0;neutral;0.0;0.0;True;False;False;False;False;False;False;False;False;0;0;0;[];[];[];[];[];[]
1882;güzel bır fılm konu olarak farklı geldı tv deızledım guzl ya;positive;positive;0.45454545454545453;0.0;True;0.36363636363636365;0.09090909090909091;positive;0.45454545454545453;0.0;True;False;False;False;False;False;False;False;False;1;1;0;"[""güzel""]";"[""fılm""]";[];[];[];[]
1883;bilim kurgu filmlerini izlerken sıkılmama rağmen hiç sıkılmadım film boyunca.;positive;negative;0.0;1.0;False;0.7;0.2;neutral;0.5;0.5;False;True;False;False;True;True;False;False;False;2;2;0;"[""rağmen"", ""hiç""]";[];[];"[""sıkıl""]";[];"[""negation_flip""]"
1884;..cünkü klasik bir bilimkurgu olmaktan sıyrılmış.;neutral;neutral;0.0;0.0;True;0.6666666666666666;0.0;neutral;0.0;0.0;True;False;False;False;False;False;False;False;False;0;0;0;[];[];[];[];[];[]
1885;cok farklı bir konu.;neutral;neutral;0.0;0.0;True;0.5;0.0;neutral;0.0;0.0;True;False;False;False;False;False;False;False;False;0;0;0;[];[];[];[];[];[]
1886;sharon stone'a değinmeden gecmek olmaz.;neutral;neutral;0.0;0.0;True;0.4;0.0;neutral;0.0;0.0;True;False;False;False;False;False;False;False;False;0;0;0;[];[];[];[];[];[]
1887;oda çok başarılı bir performansla izleyici karşısına çıkmış.;positive;positive;1.0;0.0;True;0.875;0.125;positive;1.0;0.0;True;False;False;False;False;False;True;False;False;1;1;0;"[""başarılı""]";"[""performans""]";"[""çok""]";[];[];"[""modifier_detected""]"
1888;bence bilim kurguculurın listelerine eklemesi gereken bir film.;positive;neutral;0.0;0.0;False;0.75;0.0;neutral;0.0;0.0;False;False;False;False;False;False;False;False;False;0;0;0;[];[];[];[];[];[]
1889;michael crichton ın en iyi yapıtlarından.;positive;positive;0.6111111111111112;0.0;True;0.6666666666666666;0.16666666666666666;positive;0.6111111111111112;0.0;True;False;False;False;False;False;True;False;False;1;1;0;"[""iyi""]";"[""yapıt""]";"[""en""]";[];[];"[""modifier_detected""]"
1890;bana kalırsa oyunculuklar yeterli seviyede.;positive;negative;0.25;0.3333333333333333;False;1.0;0.4;negative;0.25;0.3333333333333333;False;False;False;False;False;False;False;False;False;2;2;0;"[""oyunculuk"", ""yeterli""]";"[""seviye""]";[];[];[];[]
1891;kitaptaki gerilim izleyene yansıtılabilmiş.;neutral;neutral;0.0;0.0;True;0.75;0.0;neutral;0.0;0.0;True;False;False;False;False;False;False;False;False;0;0;0;[];[];[];[];[];[]
1892;Bir bilimkurgu sever için yeterli bir film.;positive;positive;0.25;0.0;True;0.8571428571428571;0.14285714285714285;positive;0.25;0.0;True;False;False;False;False;False;False;False;False;1;1;0;"[""yeterli""]";"[""film""]";[];[];[];[]
1893;bana kalırsa film harikaydı.;positive;positive;1.0;0.0;True;1.0;0.25;positive;1.0;0.0;True;False;False;False;False;False;False;False;False;1;1;0;"[""harika""]";"[""film""]";[];[];[];[]
1894;özellikle deniz anası saldırısı kısmı beni etkilemişti.;positive;negative;0.125;1.0;False;0.8571428571428571;0.2857142857142857;negative;0.125;1.0;False;False;False;False;False;False;False;False;False;2;2;0;"[""ana"", ""saldırı""]";[];[];[];[];[]
1895;samuel l jacksının okuduğu denizler altında 20000 fersah kısmıda ilgi çekici.;positive;positive;0.3333333333333333;0.0;True;0.5454545454545454;0.09090909090909091;positive;0.3333333333333333;0.0;True;False;False;False;False;False;False;False;False;1;1;0;"[""çekici""]";[];[];[];[];[]
1896;filmin sonu sadece beni hayal kırıklıgına uğrattı.;neutral;negative;0.0;0.125;False;0.7142857142857143;0.14285714285714285;negative;0.0;0.125;False;False;False;False;False;False;False;False;False;1;1;0;"[""son""]";"[""ben""]";[];[];[];[]
1897;diğer her kareyi gözüm kapalı izledim.;neutral;negative;0.0;0.05555555555555555;False;0.8333333333333334;0.16666666666666666;negative;0.0;0.05555555555555555;False;False;False;False;False;False;False;False;False;1;1;0;"[""kapalı""]";[];[];[];[];[]
1898;çok güzel bir filmdi filmeki uzay gemisi çok iyiydi içerik olarakta harika bir bilim kurguydu.;positive;positive;2.0656565656565657;0.0;True;0.8666666666666667;0.2;positive;2.0656565656565657;0.0;True;False;False;False;False;False;True;False;False;3;3;0;"[""güzel"", ""iyi"", ""harika""]";"[""film"", ""gemi"", ""bilim""]";"[""çok"", ""çok""]";[];[];"[""modifier_detected"", ""modifier_detected""]"
1899;temposu düşük ama güzel film;positive;positive;0.45454545454545453;0.14285714285714285;True;1.0;0.4;positive;0.45454545454545453;0.14285714285714285;True;False;False;False;False;False;False;True;False;2;2;0;"[""düşük"", ""güzel""]";"[""film""]";[];[];"[""ama""]";"[""contrast_detected""]"
1900;bilimkurgu filmlerine göre farkli bir senaryosu var kadro tabiki süper ama yine de bekeledigim tempoda ilerlemiyor film.;positive;positive;0.5;0.020833333333333332;True;0.7647058823529411;0.11764705882352941;positive;0.5;0.020833333333333332;True;False;False;False;False;False;True;False;False;2;2;0;"[""süper"", ""de""]";"[""kadro""]";"[""tabiki""]";[];[];"[""modifier_detected""]"
1901;"""bu yüzden tatmin olamadim""""""";negative;positive;0.16666666666666666;0.0;False;0.75;0.25;negative;0.0;0.16666666666666666;True;True;True;False;False;True;False;False;False;1;1;0;"[""tatmin""]";[];[];"[""ol""]";[];"[""negation_flip""]"
1902;samuel l. jackson olmasaymış daha iyiymiş.;positive;positive;0.6111111111111112;0.0;True;0.6666666666666666;0.16666666666666666;positive;0.6111111111111112;0.0;True;False;False;False;False;False;True;False;False;1;1;0;"[""iyi""]";[];"[""daha""]";[];[];"[""modifier_detected""]"
1903;çok harika olabilirmiş ama maalesef olmamış .;negative;positive;1.0;0.75;False;1.0;0.3333333333333333;negative;0.75;1.0;True;True;True;False;False;True;True;True;False;2;2;0;"[""harika"", ""maalesef""]";[];"[""çok""]";"[""ol"", ""ol""]";"[""ama""]";"[""negation_flip"", ""modifier_detected"", ""negation_flip"", ""contrast_detected""]"
1904;.. yinede güzel bir film.;positive;positive;0.45454545454545453;0.0;True;0.75;0.25;positive;0.45454545454545453;0.0;True;False;False;False;False;False;False;False;False;1;1;0;"[""güzel""]";"[""film""]";[];[];[];[]
1905;.. çok kere izlemişimdir.;neutral;neutral;0.0;0.0;True;0.6666666666666666;0.0;neutral;0.0;0.0;True;False;False;False;False;False;False;False;False;0;0;0;[];[];[];[];[];[]
1906;Seyircinin ilgisini hep üst seviyede tutmayı başarıyor ama yine de çok tatminkar değil.;neutral;negative;0.0;0.020833333333333332;False;0.9230769230769231;0.07692307692307693;negative;0.0;0.020833333333333332;False;False;False;False;False;False;False;False;False;1;1;0;"[""de""]";[];[];[];[];[]
1907;Benim için hayal kırıklıklarından biriydi.;neutral;negative;0.0;0.5833333333333334;False;1.0;0.4;negative;0.0;0.5833333333333334;False;False;False;False;False;False;False;False;False;2;2;0;"[""kırıklık"", ""biri""]";[];[];[];[];[]
1908;Boş zamanınız varsa.;neutral;negative;0.0;0.325;False;1.0;0.3333333333333333;negative;0.0;0.325;False;False;False;False;False;False;False;False;False;1;1;0;"[""boş""]";"[""zaman""]";[];[];[];[]
1909;Konusu güzel ama çok da başarılı değil.;neutral;positive;1.4545454545454546;0.022727272727272728;False;1.0;0.42857142857142855;negative;0.45454545454545453;1.0227272727272727;False;True;False;False;True;True;True;True;False;3;3;0;"[""güzel"", ""da"", ""başarılı""]";"[""konu"", ""konu""]";"[""çok""]";"[""değil""]";"[""ama""]";"[""negation_flip"", ""modifier_detected"", ""contrast_detected""]"
1910;"""En güzel sahnesi ise Ted'in uzay gemisine girerken """"""""barış için geldik"""""""" """""""" hep bunu söylemek istemişimdir"""""""" demesiydi""""""";neutral;positive;0.9545454545454546;0.0;False;0.6875;0.125;positive;0.9545454545454546;0.0;False;False;False;False;False;False;True;False;False;2;2;0;"[""güzel"", ""barış""]";"[""sahne""]";"[""\""en""]";[];[];"[""modifier_detected""]"
1911;Walla film için ne demeliyim bilmiyorum!;neutral;negative;0.0;0.020833333333333332;False;0.6666666666666666;0.16666666666666666;positive;0.020833333333333332;0.0;False;True;False;False;True;True;False;False;False;1;1;0;"[""de""]";"[""walla""]";[];"[""bil""]";[];"[""negation_flip""]"
1912;İzlerken sıkılmıyorsunuz ama salondan cıktıgımda '' off canım sıkılıyor bişeyler yapalımmı?;negative;positive;0.2222222222222222;0.0;False;0.3;0.1;positive;0.2222222222222222;0.0;False;False;False;False;False;False;False;False;False;1;1;0;"[""can""]";[];[];[];[];[]
1913;'2 dediğimi hatılıyorum!;neutral;negative;0.0;0.020833333333333332;False;0.6666666666666666;0.3333333333333333;negative;0.0;0.020833333333333332;False;False;False;False;False;False;False;False;False;1;1;0;"[""de""]";"[""'2""]";[];[];[];[]
1914;Ehh işte öle bi film 2 arada bi derede cinsinden.;neutral;negative;0.0;0.041666666666666664;False;0.7;0.1;negative;0.0;0.041666666666666664;False;False;False;False;False;False;False;False;False;1;1;0;"[""cins""]";[];[];[];[];[]
1915;kitaptaki ortamı yansıtamamışlar.;negative;negative;0.0;0.08333333333333333;True;0.6666666666666666;0.3333333333333333;positive;0.08333333333333333;0.0;False;True;False;True;False;True;False;False;False;1;1;0;"[""ortam""]";[];[];"[""yansı""]";[];"[""negation_flip""]"
1916;vasatın bile altında kalmış.;negative;negative;0.0;0.125;True;1.0;0.25;negative;0.0;0.125;True;False;False;False;False;False;False;False;False;1;1;0;"[""vasat""]";[];[];[];[];[]
1917;mutlaka izleyin derim.;positive;negative;0.0;0.020833333333333332;False;0.6666666666666666;0.3333333333333333;negative;0.0;0.020833333333333332;False;False;False;False;False;False;False;False;False;1;1;0;"[""de""]";[];[];[];[];[]
1918;herkesin ortak fikri sanırım.;neutral;neutral;0.0;0.0;True;1.0;0.0;neutral;0.0;0.0;True;False;False;False;False;False;False;False;False;0;0;0;[];[];[];[];[];[]
1919;.kurgu harika.;positive;positive;1.0;0.0;True;1.0;0.5;positive;1.0;0.0;True;False;False;False;False;False;False;False;False;1;1;0;"[""harika""]";"["".kurgu""]";[];[];[];[]
1920;.oyuncular çok iyi ama bu filmde performansının tamamının sergileyememiş.;positive;positive;0.7777777777777778;0.0;True;0.8888888888888888;0.2222222222222222;negative;0.0;0.7777777777777778;False;True;False;True;False;True;True;True;False;2;2;0;"[""iyi"", ""tamam""]";"["".oyuncu""]";"[""çok""]";"[""sergile"", ""sergile""]";"[""ama""]";"[""negation_flip"", ""modifier_detected"", ""negation_flip"", ""contrast_detected""]"
1921;daha iyi olabilirlerdi.;neutral;positive;0.6111111111111112;0.0;False;1.0;0.3333333333333333;positive;0.6111111111111112;0.0;False;False;False;False;False;False;True;False;False;1;1;0;"[""iyi""]";[];"[""daha""]";[];[];"[""modifier_detected""]"
1922;.dediğim gibi izleyin.;positive;negative;0.0;0.020833333333333332;False;0.6666666666666666;0.3333333333333333;negative;0.0;0.020833333333333332;False;False;False;False;False;False;False;False;False;1;1;0;"[""de""]";[];[];[];[];[]
1923;bence güzel bir filmdi.;positive;positive;0.45454545454545453;0.0;True;1.0;0.25;positive;0.45454545454545453;0.0;True;False;False;False;False;False;False;False;False;1;1;0;"[""güzel""]";"[""film""]";[];[];[];[]
1924;oyuncular zaten harika.;positive;positive;1.0;0.0;True;1.0;0.3333333333333333;positive;1.0;0.0;True;False;False;False;False;False;True;False;False;1;1;0;"[""harika""]";"[""oyuncu""]";"[""zaten""]";[];[];"[""modifier_detected""]"
1925;gerçekten klostrofobik bir ortam yaratılmış.;neutral;negative;0.0;0.5833333333333334;False;0.8;0.4;negative;0.0;0.5;False;False;False;False;False;False;False;False;True;2;1;1;"[""klostrofobik"", ""ortam""]";"[""ortam""]";[];[];[];"[""suppressed_as_target""]"
1926;deniz altı bir de o yaratıklar fln :);neutral;negative;0.0;0.020833333333333332;False;0.8571428571428571;0.14285714285714285;negative;0.0;0.020833333333333332;False;False;False;False;False;False;False;False;False;1;1;0;"[""de""]";[];[];[];[];[]
1927;tv de yayınlanınca bu türüde seviyorsanız izlemelisiniz :));positive;negative;0.0;0.020833333333333332;False;0.2857142857142857;0.14285714285714285;negative;0.0;0.020833333333333332;False;False;False;False;False;False;False;False;False;1;1;0;"[""de""]";[];[];[];[];[]
1928;film bence daha amatör oyunculara verilseydi belki daha beğenilrid.;neutral;neutral;0.0;0.0;True;0.7777777777777778;0.0;neutral;0.0;0.0;True;False;False;False;False;False;False;False;False;0;0;0;[];[];[];[];[];[]
1929;..ama usta oyunculara gitmemiş.;negative;positive;0.16666666666666666;0.0;False;0.75;0.25;positive;0.16666666666666666;0.0;False;False;False;False;False;False;False;False;False;1;1;0;"[""usta""]";"[""oyuncu""]";[];[];[];[]
1930;ben begendim.;positive;neutral;0.0;0.0;False;0.5;0.0;neutral;0.0;0.0;False;False;False;False;False;False;False;False;False;0;0;0;[];[];[];[];[];[]
1931;. kurgusu oyunculukları ve sıradısı sahneleriyle hoş bi filmdi.;positive;negative;0.0;0.3333333333333333;False;0.75;0.125;negative;0.0;0.3333333333333333;False;False;False;False;False;False;False;False;False;1;1;0;"[""oyunculuk""]";[];[];[];[];[]
1932;Bence iyi bir yapıt olmuş.;positive;positive;0.6111111111111112;0.0;True;1.0;0.2;positive;0.6111111111111112;0.0;True;False;False;False;False;False;False;False;False;1;1;0;"[""iyi""]";"[""yapıt""]";[];[];[];[]
1933;İzlediğinizde kesinlikle sıkılmayacağınız bir eser.;positive;neutral;0.0;0.0;False;0.6;0.0;neutral;0.0;0.0;False;False;False;False;False;False;False;False;False;0;0;0;[];[];[];[];[];[]
1934;Ben bu filme 10 üzerinden 8 puan verdim.;neutral;neutral;0.0;0.0;True;0.875;0.0;neutral;0.0;0.0;True;False;False;False;False;False;False;False;False;0;0;0;[];[];[];[];[];[]
1935;Oldukça iyi başlayan ama kısır döngüde devam eden çok iyi olmasada keyifle izlenecek bir film.;positive;positive;1.400793650793651;0.275;True;0.8;0.3333333333333333;positive;1.400793650793651;0.15;True;False;False;False;False;False;True;False;True;5;4;1;"[""iyi"", ""kısır"", ""döngü"", ""iyi"", ""keyif""]";"[""döngü""]";"[""oldukça"", ""çok""]";[];[];"[""modifier_detected"", ""suppressed_as_target"", ""modifier_detected""]"
1936;val kilmerın tek işe yarar filmi.;positive;positive;0.1875;0.0;True;0.6666666666666666;0.16666666666666666;positive;0.1875;0.0;True;False;False;False;False;False;False;False;False;1;1;0;"[""yarar""]";[];[];[];[];[]
1937;oda eh işte öyle çokda iyi bir film değil;negative;negative;0.6111111111111112;0.625;True;0.8888888888888888;0.2222222222222222;negative;0.6111111111111112;0.625;True;False;False;False;False;False;True;False;False;2;2;0;"[""eh"", ""iyi""]";"[""film""]";"[""işte"", ""çokda""]";[];[];"[""modifier_detected"", ""modifier_detected""]"
1938;Vektörel bir tahkikatı azad eden esanslı telkiniyle müsterih bir rotasyonun izini süren biçimsel bir istihale.;neutral;positive;1.0;0.0;False;0.8;0.06666666666666667;positive;1.0;0.0;False;False;False;False;False;False;False;False;False;1;1;0;"[""müsterih""]";"[""rotasyon""]";[];[];[];[]
1939;süper bi film val kilmer a yakışan bi performans tabi ki bir de elizabeth shue var bence herkes izlemeli;positive;positive;0.5;0.020833333333333332;True;0.631578947368421;0.10526315789473684;positive;0.5;0.020833333333333332;True;False;False;False;False;False;False;False;False;2;2;0;"[""süper"", ""de""]";"[""film""]";[];[];[];[]
1940;Gerçekten çok süper bi film.;positive;positive;0.5;0.0;True;0.8;0.2;positive;0.5;0.0;True;False;False;False;False;False;True;False;False;1;1;0;"[""süper""]";"[""film""]";"[""çok""]";[];[];"[""modifier_detected""]"
1941;Ben izlerken bu kadar çok eğlendiğim bi film daha hatırlamıyorum.;positive;neutral;0.0;0.0;False;0.6;0.0;neutral;0.0;0.0;False;False;False;False;False;False;False;False;False;0;0;0;[];[];[];[];[];[]
1942;ama niyeyse val kilmer suanda hakettiği yerde değil maalesef.;negative;negative;0.015625;0.75;True;0.4444444444444444;0.2222222222222222;positive;0.765625;0.0;False;True;False;True;False;True;True;False;False;2;2;0;"[""yer"", ""maalesef""]";[];"[""niye""]";"[""haket"", ""değil"", ""değil""]";[];"[""modifier_detected"", ""negation_flip""]"
1943;bakın filmlerine çok aralıklı çekilmiş.;neutral;negative;0.0;0.25;False;0.8;0.2;negative;0.0;0.25;False;False;False;False;False;False;False;False;False;1;1;0;"[""bak""]";[];[];[];[];[]
1944;en son dejavuda izledim.;neutral;negative;0.0;0.125;False;0.75;0.25;negative;0.0;0.125;False;False;False;False;False;False;True;False;False;1;1;0;"[""son""]";"[""dejavu""]";"[""en""]";[];[];"[""modifier_detected""]"
1945;bayağı değişmiş.;neutral;positive;0.05;0.0;False;1.0;0.5;positive;0.05;0.0;False;False;False;False;False;False;False;False;False;1;1;0;"[""bayağı""]";[];[];[];[];[]
1946;bu film bence hareketli filmlerden hoşlananlar için ideal bir film.;positive;positive;0.5;0.0;True;0.9;0.1;positive;0.5;0.0;True;False;False;False;False;False;False;False;False;1;1;0;"[""hareketli""]";"[""film""]";[];[];[];[]
1947;val kilmer çok iyi oynamış hoş vakit geçireceğinizden şüpheniz olmasın.;positive;positive;0.6111111111111112;0.0;True;0.6;0.1;positive;0.6111111111111112;0.0;True;False;False;False;False;False;True;False;False;1;1;0;"[""iyi""]";"[""kilmer""]";"[""çok""]";[];[];"[""modifier_detected""]"
1948;bence tam anlamıyla süper bir film senaryo gelişen sahneler çok iyi.;positive;positive;1.3194444444444446;0.0;True;1.0;0.2727272727272727;positive;1.3194444444444446;0.0;True;False;False;False;False;False;False;False;False;3;3;0;"[""tam"", ""süper"", ""iyi""]";"[""film"", ""sahne""]";[];[];[];[]
1949;sıkılmadan izledim.;positive;neutral;0.0;0.0;False;0.0;0.0;neutral;0.0;0.0;False;False;False;False;False;False;False;False;False;0;0;0;[];[];[];[];[];[]
1950;tavsiye ederim.;positive;positive;0.125;0.0;True;1.0;0.5;positive;0.125;0.0;True;False;False;False;False;False;False;False;False;1;1;0;"[""tavsiye""]";[];[];[];[];[]
1951;Val Kilmer gerçekten iyi bir oyunculuk sergilemiş;positive;positive;0.6111111111111112;0.3333333333333333;True;0.5714285714285714;0.2857142857142857;positive;0.6111111111111112;0.3333333333333333;True;False;False;False;False;False;True;False;False;2;2;0;"[""iyi"", ""oyunculuk""]";"[""oyunculuk"", ""val""]";"[""gerçekten""]";[];[];"[""modifier_detected""]"
1952;Val Kilmer döktürmüş valla.;neutral;neutral;0.0;0.0;True;0.0;0.0;neutral;0.0;0.0;True;False;False;False;False;False;False;False;False;0;0;0;[];[];[];[];[];[]
1953;Çok harika bir yapım olmuş.;positive;positive;1.0;0.0;True;1.0;0.2;positive;1.0;0.0;True;False;False;False;False;False;True;False;False;1;1;0;"[""harika""]";"[""yapım""]";"[""çok""]";[];[];"[""modifier_detected""]"
1954;Senaryo da yenilir yutulur cinsten.;neutral;negative;0.0;0.06439393939393939;False;0.6;0.4;negative;0.0;0.06439393939393939;False;False;False;False;False;False;False;False;False;2;2;0;"[""da"", ""cins""]";"[""senaryo""]";[];[];[];[]
1955;film gerçektende aşırı ilgi çekici val kilmer in oyunculuk becerisini yabana atmamak lazım elisabeth shue ile adeta birbirlerini tamamlamışlar bence bu iki oyuncuda özellikle val kilmer hakettiği yerde değil;positive;positive;0.5989583333333333;0.3833333333333333;True;0.6551724137931034;0.1724137931034483;positive;0.5989583333333333;0.3833333333333333;True;False;False;False;False;False;True;False;False;5;5;0;"[""aşırı"", ""çekici"", ""oyunculuk"", ""beceri"", ""yer""]";"[""ilgi"", ""val""]";"[""gerçektende""]";[];[];"[""modifier_detected""]"
1956;insanın film izleme beklentilerini karşılayan doyurucu bir film val kilmer'ın oyunculuğu da süper.;positive;positive;0.5;0.356060606060606;True;0.7692307692307693;0.23076923076923078;positive;0.5;0.022727272727272728;True;False;False;False;False;False;False;False;True;3;2;1;"[""oyunculuk"", ""da"", ""süper""]";"[""oyunculuk""]";[];[];[];"[""suppressed_as_target""]"
1957;Bu adam daha iyi yerlere gelmeli;positive;positive;0.6267361111111112;0.022727272727272728;True;0.8333333333333334;0.5;positive;0.6267361111111112;0.0;True;False;False;False;False;False;False;False;True;3;2;1;"[""adam"", ""iyi"", ""yer""]";"[""yer"", ""adam""]";[];[];[];"[""suppressed_as_target""]"
1958;eğer bana hangi karakter olmak isterdiniz gibi bi soru sorulmuş olsa kesinlikle aziz derdim.;neutral;negative;0.0;0.25;False;0.8571428571428571;0.07142857142857142;negative;0.0;0.25;False;False;False;False;False;False;True;False;False;1;1;0;"[""dert""]";[];"[""kesinlik""]";[];[];"[""modifier_detected""]"
1959;izlenesi filmlerden bence.;positive;neutral;0.0;0.0;False;0.6666666666666666;0.0;neutral;0.0;0.0;False;False;False;False;False;False;False;False;False;0;0;0;[];[];[];[];[];[]
1960;inanılmaz keyif aldığım bir filmdi.;positive;positive;1.1785714285714286;0.16666666666666666;True;1.0;0.6;negative;0.0;1.1666666666666667;False;True;False;True;False;True;False;False;True;3;2;1;"[""inanılmaz"", ""keyif"", ""al""]";"[""keyif""]";[];"[""inan"", ""inan""]";[];"[""negation_flip"", ""suppressed_as_target""]"
1961;.uzun zaman oldu seyredeli;neutral;neutral;0.0;0.0;True;0.75;0.0;neutral;0.0;0.0;True;False;False;False;False;False;False;False;False;0;0;0;[];[];[];[];[];[]
1962;Val Kilmer ve Elisabeth Shue bence bu filmde çok iyi bir ikili olmuşlardı.;positive;positive;0.6111111111111112;0.0;True;0.6923076923076923;0.07692307692307693;positive;0.6111111111111112;0.0;True;False;False;False;False;False;True;False;False;1;1;0;"[""iyi""]";[];"[""çok""]";[];[];"[""modifier_detected""]"
1963;Çok beyendiğim ve zevkle izlediğim bir filmdi.;positive;positive;0.5;0.0;True;0.7142857142857143;0.14285714285714285;positive;0.5;0.0;True;False;False;False;False;False;False;False;False;1;1;0;"[""zevk""]";[];[];[];[];[]
1964;Televizyondada 1-2 kez izledim ve sinemada aldığım tadı yine aldım.;positive;negative;0.0625;0.3333333333333333;False;0.8181818181818182;0.2727272727272727;negative;0.0;0.3333333333333333;False;False;False;False;False;False;True;False;True;3;2;1;"[""al"", ""tat"", ""al""]";"[""tat""]";"[""yine""]";[];[];"[""suppressed_as_target"", ""modifier_detected""]"
1965;Akışı sürükleyiciliği çok tatminkar bir film Aziz.;positive;positive;0.44642857142857145;0.0;True;1.0;0.2857142857142857;positive;0.44642857142857145;0.0;True;False;False;False;False;False;False;False;False;2;2;0;"[""ak"", ""sürükleyici""]";[];[];[];[];[]
1966;Ben özellikle Elisabeth Shue'ya bayıldım.;positive;neutral;0.0;0.0;False;0.4;0.0;neutral;0.0;0.0;False;False;False;False;False;False;False;False;False;0;0;0;[];[];[];[];[];[]
1967;Aşık rolünü çok iyi oynuyor.;positive;positive;0.6111111111111112;0.0;True;0.8;0.2;positive;0.6111111111111112;0.0;True;False;False;False;False;False;False;False;False;1;1;0;"[""iyi""]";"[""rol""]";[];[];[];[]
1968;Gerçekten aşık olduğunda nasıl oluyordur kimbilir.;neutral;neutral;0.0;0.0;True;0.8333333333333334;0.0;neutral;0.0;0.0;True;False;False;False;False;False;False;False;False;0;0;0;[];[];[];[];[];[]
1969;Macera filmi olarak da gayet iyi.;positive;positive;0.7361111111111112;0.022727272727272728;True;1.0;0.5;positive;0.7361111111111112;0.022727272727272728;True;False;False;False;False;False;True;False;False;3;3;0;"[""macera"", ""da"", ""iyi""]";[];"[""gayet""]";[];[];"[""modifier_detected""]"
1970;val kilmer ın bence en iyi filmi.;positive;positive;0.6111111111111112;0.0;True;0.7142857142857143;0.14285714285714285;positive;0.6111111111111112;0.0;True;False;False;False;False;False;True;False;False;1;1;0;"[""iyi""]";"[""film""]";"[""en""]";[];[];"[""modifier_detected""]"
1971;... filmin adının aziz olması da çok isabetli.;positive;positive;0.3333333333333333;0.022727272727272728;True;1.0;0.42857142857142855;positive;0.25;0.022727272727272728;True;False;False;False;False;False;False;False;True;3;2;1;"[""ad"", ""da"", ""isabetli""]";"[""ad""]";[];[];[];"[""suppressed_as_target""]"
1972;...çok güzel bir aksiyon filmi.;positive;positive;0.45454545454545453;0.0;True;1.0;0.2;positive;0.45454545454545453;0.0;True;False;False;False;False;False;True;False;False;1;1;0;"[""güzel""]";"[""aksiyon""]";"[""...çok""]";[];[];"[""modifier_detected""]"
1973;... filmde gözüme çarpan bir dramatik sahne ise val kilmer ın çocukken kız arkadasının yüksek yerden düşüp ölmesiydi.;neutral;negative;0.9600694444444444;1.2232142857142856;False;0.8235294117647058;0.35294117647058826;negative;0.9600694444444444;1.2232142857142856;False;False;False;False;False;False;False;False;False;6;6;0;"[""gözüm"", ""dramatik"", ""çocuk"", ""yüksek"", ""yer"", ""ölme""]";"[""sahne"", ""arkadasını"", ""yer"", ""arkadasını""]";[];[];[];[]
1974;.. filmi mutlaka izleyin.;positive;neutral;0.0;0.0;False;0.6666666666666666;0.0;neutral;0.0;0.0;False;False;False;False;False;False;False;False;False;0;0;0;[];[];[];[];[];[]
1975;Gerçekten de çok eğlenceli bir filmdi.;positive;negative;0.0;0.020833333333333332;False;0.8333333333333334;0.16666666666666666;negative;0.0;0.020833333333333332;False;False;False;False;False;False;False;False;False;1;1;0;"[""de""]";[];[];[];[];[]
1976;Ama filmde Val Kilmer yerine başka biri oynasaydı bu film bu kadar izlenirmiydi.;neutral;negative;0.015625;0.08333333333333333;False;0.6923076923076923;0.15384615384615385;positive;0.015625;0.0;False;True;False;False;True;False;False;True;True;2;1;1;"[""yer"", ""biri""]";"[""biri""]";[];[];"[""ama"", ""ama""]";"[""contrast_detected"", ""suppressed_as_target""]"
1977;Filmdeki çoğu sahneyi tahmin edebiliyorsunuz.;neutral;neutral;0.0;0.0;True;1.0;0.0;neutral;0.0;0.0;True;False;False;False;False;False;False;False;False;0;0;0;[];[];[];[];[];[]
1978;Klasik ajan casus filmleri gibi ama onlardan daha iyi.;positive;positive;0.6111111111111112;0.0;True;1.0;0.1111111111111111;positive;0.6111111111111112;0.0;True;False;False;False;False;False;True;True;False;1;1;0;"[""iyi""]";"[""ajan""]";"[""daha""]";[];"[""ama""]";"[""modifier_detected"", ""contrast_detected""]"
1979;Yinede izlemeye değer;positive;neutral;0.0;0.0;False;0.6666666666666666;0.0;neutral;0.0;0.0;False;False;False;False;False;False;False;False;False;0;0;0;[];[];[];[];[];[]
1980;bence bu film bir klasiktir.;neutral;neutral;0.0;0.0;True;1.0;0.0;neutral;0.0;0.0;True;False;False;False;False;False;False;False;False;0;0;0;[];[];[];[];[];[]
1981;7.9 alması beni gerçekten şaşırttı bu film bence pek çok James Bond filminden daha güzel.;positive;positive;0.5795454545454546;0.16666666666666666;True;0.8125;0.1875;positive;0.5795454545454546;0.16666666666666666;True;False;False;False;False;False;False;False;False;3;3;0;"[""al"", ""pek"", ""güzel""]";"[""ben"", ""film""]";[];[];[];[]
1982;Film val kilmerin karakterinin yüksek kabiliyetiyle etkiliyor ama pek çok ajan filminin yaptığı gibi çok aşırıya kaçıp yücelterek gerçekçilikten uzaklaştırmıyor.;neutral;positive;0.3194444444444444;0.05;False;0.7;0.15;positive;0.3694444444444444;0.0;False;False;False;False;False;True;False;False;False;3;3;0;"[""yüksek"", ""pek"", ""aşırı""]";"[""kabiliyet""]";[];"[""yücel""]";[];"[""negation_flip""]"
1983;"""Filmin bir güzel yanı da adamın bu kadar """"""""cool"""""""" gözükmesi ve kabiliyetlerini sergilemesiyle kalmıyor diğer ajan filmlerinde olduğu gibi""";positive;positive;0.45454545454545453;0.045454545454545456;True;0.8421052631578947;0.15789473684210525;positive;0.45454545454545453;0.045454545454545456;True;False;False;False;False;False;False;False;False;3;3;0;"[""güzel"", ""da"", ""adam""]";[];[];[];[];[]
1984;"""Böylesine sıradan bir filmin 8 1 alması ilginç""""""";positive;negative;0.0;0.16666666666666666;False;1.0;0.125;negative;0.0;0.16666666666666666;False;False;False;False;False;False;False;False;False;1;1;0;"[""al""]";[];[];[];[];[]
1985;val kilmer'ı bir çpk insanın sevme nedeni bu filmdir;positive;neutral;0.0;0.0;False;0.5555555555555556;0.0;neutral;0.0;0.0;False;False;False;False;False;False;False;False;False;0;0;0;[];[];[];[];[];[]
1986;hoş bi film ama azız isimlerini devamlı kullanması o kadar zeki bir insana yakışmadı bence;neutral;positive;0.75;0.25;False;0.8;0.13333333333333333;positive;0.75;0.25;False;False;False;False;False;False;False;True;False;2;2;0;"[""az"", ""zeki""]";"[""insan""]";[];[];"[""ama""]";"[""contrast_detected""]"
1987;gecen aksam trt de 6.defa her zaman ki gibi bıkmadan izledim!;positive;negative;0.0;0.020833333333333332;False;0.75;0.08333333333333333;negative;0.0;0.020833333333333332;False;False;False;False;False;False;False;False;False;1;1;0;"[""de""]";[];[];[];[];[]
1988;Ehh fazla söze gerek yok bu bana göre iyi bir film oldugunu kanıtlıyor!;positive;positive;0.6111111111111112;0.2642857142857143;True;0.7692307692307693;0.23076923076923078;positive;0.6111111111111112;0.2642857142857143;True;False;False;False;False;False;False;False;False;3;3;0;"[""söz"", ""yok"", ""iyi""]";"[""film""]";[];[];[];[]
1989;val kilmerin en iyi filmi bence mutlaka izlenmeli;positive;positive;0.6111111111111112;0.0;True;0.625;0.125;positive;0.6111111111111112;0.0;True;False;False;False;False;False;True;False;False;1;1;0;"[""iyi""]";"[""film""]";"[""en""]";[];[];"[""modifier_detected""]"
1990;oyuncularıyla konusuyla harika tekrar izlenebilecek bir film;positive;positive;1.0;0.0;True;0.8571428571428571;0.14285714285714285;positive;1.0;0.0;True;False;False;False;False;False;False;False;False;1;1;0;"[""harika""]";[];[];[];[];[]
1991;cok guzel bi filmdi.;positive;neutral;0.0;0.0;False;0.25;0.0;neutral;0.0;0.0;False;False;False;False;False;False;False;False;False;0;0;0;[];[];[];[];[];[]
1992;konusuda cok iyiydi.;positive;positive;0.6111111111111112;0.0;True;0.3333333333333333;0.3333333333333333;positive;0.6111111111111112;0.0;True;False;False;False;False;False;True;False;False;1;1;0;"[""iyi""]";[];"[""cok""]";[];[];"[""modifier_detected""]"
1993;val kilmerin oyunculugu harikaydi bence.;positive;neutral;0.0;0.0;False;0.2;0.0;neutral;0.0;0.0;False;False;False;False;False;False;False;False;False;0;0;0;[];[];[];[];[];[]
1994;filmin bana kalırsa konusu süper bide oyunuculuklarda iyi olunca ortaya ilginç eğlenceli vede bi o kadar seyirlik bi film çıkmış.;positive;positive;1.1111111111111112;0.0;True;0.7;0.1;positive;1.1111111111111112;0.0;True;False;False;False;False;False;False;False;False;2;2;0;"[""süper"", ""iyi""]";"[""konu"", ""oyunuculuklarda""]";[];[];[];[]
1995;mükemmel bir filmdi izlemeyenler mutlaka izlemeli;positive;positive;1.0;0.0;True;0.8333333333333334;0.16666666666666666;positive;1.0;0.0;True;False;False;False;False;False;False;False;False;1;1;0;"[""mükemmel""]";"[""film""]";[];[];[];[]
1996;Filmin başından sonuna kadar heyecan hiç eksik olmuyor çok hareketli bir film .;positive;negative;0.5;0.75;False;1.0;0.3333333333333333;neutral;0.625;0.625;False;True;False;False;True;True;True;False;False;4;4;0;"[""son"", ""hiç"", ""eksik"", ""hareketli""]";"[""heyecan"", ""heyecan"", ""heyecan""]";"[""hiç""]";"[""ol""]";[];"[""negation_flip"", ""modifier_detected""]"
1997;..filmde yok yok herşey var aşk duygusallık dram komedi aksiyon macera.;positive;positive;1.125;0.6160714285714286;True;0.9090909090909091;0.45454545454545453;positive;1.0;0.6160714285714286;True;False;False;False;False;False;True;False;True;5;4;1;"[""yok"", ""yok"", ""aşk"", ""dram"", ""macera""]";"[""macera"", ""macera"", ""komedi""]";"[""yok""]";[];[];"[""modifier_detected"", ""suppressed_as_target""]"
1998;..izlediğim en iyi filmlerden birisi.;positive;positive;0.6111111111111112;0.08333333333333333;True;0.8;0.4;positive;0.6111111111111112;0.08333333333333333;True;False;False;False;False;False;True;False;False;2;2;0;"[""iyi"", ""biri""]";"[""film""]";"[""en""]";[];[];"[""modifier_detected""]"
1999;oyncular harika konu müthiş filmin geçtiği mekanlar iyi .;positive;positive;1.6111111111111112;0.375;True;0.875;0.375;positive;1.6111111111111112;0.375;True;False;False;False;False;False;False;False;False;3;3;0;"[""harika"", ""müthiş"", ""iyi""]";"[""konu"", ""film"", ""mekan""]";[];[];[];[]
2000;..ayrıca bu filme özel bir kişi ile gttiğimden dolayı daha bir anlamlı.;neutral;positive;0.1;0.0;False;0.9166666666666666;0.08333333333333333;positive;0.1;0.0;False;False;False;False;False;False;False;False;False;1;1;0;"[""özel""]";"[""kişi""]";[];[];[];[]
2001;Val Kilmer'ın ön plana çıktığı The Doors ve Heat'den sonra yer aldığı en nitelikli yapım.;positive;positive;0.390625;0.16666666666666666;True;0.6;0.2;positive;0.390625;0.16666666666666666;True;False;False;False;False;False;False;False;False;3;3;0;"[""yer"", ""al"", ""nitelikli""]";[];[];[];[];[]
2002;Sıkılmadan izlenen bir film.;positive;neutral;0.0;0.0;False;0.5;0.0;neutral;0.0;0.0;False;False;False;False;False;False;False;False;False;0;0;0;[];[];[];[];[];[]
2003;vallaha şimdiye kadar izlediğim ve üzerinden 4-5 sens geçmesine rağmen unutamadığım tek film filmde aşk-para- iyilik- kötülük-heyecan-hareket ve bereket var herkesin izlemesini tavsiye ederim özellikle aşıklara hernekadar action filmi gibi gözüksede aslında bu film aşkın imkansızlıklarını sınıyor ve mutlaka herkesin arşivine girmesi gereken bir film benim arşivimin enbaşında çünkü benim için anlamı farklı!;positive;positive;3.2083333333333335;2.5;True;0.7894736842105263;0.14035087719298245;positive;3.2083333333333335;2.5;True;False;False;False;False;False;False;False;False;8;8;0;"[""rağmen"", ""aşk"", ""iyilik"", ""kötülük"", ""bereket"", ""tavsiye"", ""aşk"", ""imkansızlık""]";"[""sens"", ""bereket"", ""aşk"", ""film""]";[];[];[];[]
2004;Val çok iyi.;positive;positive;0.6111111111111112;0.0;True;0.6666666666666666;0.3333333333333333;positive;0.6111111111111112;0.0;True;False;False;False;False;False;True;False;False;1;1;0;"[""iyi""]";"[""val""]";"[""çok""]";[];[];"[""modifier_detected""]"
2005;Aksiyonda döktürebileceğini ispatlıyor.;positive;neutral;0.0;0.0;False;0.3333333333333333;0.0;neutral;0.0;0.0;False;False;False;False;False;False;False;False;False;0;0;0;[];[];[];[];[];[]
2006;Ayrıca Sue ilede acayip yakışmış yani.;positive;negative;0.0;0.25;False;0.5;0.16666666666666666;negative;0.0;0.25;False;False;False;False;False;False;False;False;False;1;1;0;"[""acayip""]";[];[];[];[];[]
2007;Film çok güzel ve keyif verici Val Kilmer'in oyunculuğu ise takdiri hak ediyor.;positive;positive;1.0331168831168829;0.3333333333333333;True;0.8461538461538461;0.46153846153846156;positive;1.0331168831168829;0.3333333333333333;True;False;False;False;False;False;True;False;False;6;6;0;"[""güzel"", ""keyif"", ""verici"", ""oyunculuk"", ""takdir"", ""hak""]";"[""oyunculuk"", ""val"", ""takdir"", ""oyunculuk"", ""oyunculuk""]";"[""çok""]";[];[];"[""modifier_detected""]"
2008;Çok iyi kaliteli filim.;positive;positive;1.6111111111111112;0.0;True;1.0;0.5;positive;1.6111111111111112;0.0;True;False;False;False;False;False;True;False;False;2;2;0;"[""iyi"", ""kaliteli""]";"[""fil"", ""fil""]";"[""çok""]";[];[];"[""modifier_detected""]"
2009;kesinlikle başarılı;positive;positive;1.0;0.0;True;1.0;0.5;positive;1.0;0.0;True;False;False;False;False;False;True;False;False;1;1;0;"[""başarılı""]";[];"[""kesinlik""]";[];[];"[""modifier_detected""]"
2010;işte nickimin filmi.;neutral;neutral;0.0;0.0;True;0.6666666666666666;0.0;neutral;0.0;0.0;True;False;False;False;False;False;False;False;False;0;0;0;[];[];[];[];[];[]
2011;. bazı filmler vardır;neutral;neutral;0.0;0.0;True;1.0;0.0;neutral;0.0;0.0;True;False;False;False;False;False;False;False;False;0;0;0;[];[];[];[];[];[]
2012;Val Kilmer çok iyi.;positive;positive;0.6111111111111112;0.0;True;0.5;0.25;positive;0.6111111111111112;0.0;True;False;False;False;False;False;True;False;False;1;1;0;"[""iyi""]";"[""val""]";"[""çok""]";[];[];"[""modifier_detected""]"
2013;..Heat ve ilk görüşte aşkta da iyi performans sergiledi.;positive;positive;1.6111111111111112;0.022727272727272728;True;0.7777777777777778;0.3333333333333333;positive;1.6111111111111112;0.022727272727272728;True;False;False;False;False;False;False;False;False;3;3;0;"[""aşk"", ""da"", ""iyi""]";"[""..heat"", ""performans""]";[];[];[];[]
2014;Keyifli usta işi bir macera.;positive;positive;1.2916666666666667;0.0;True;1.0;0.6;positive;1.2916666666666667;0.0;True;False;False;False;False;False;False;False;False;3;3;0;"[""keyifli"", ""usta"", ""macera""]";"[""iş""]";[];[];[];[]
2015;Akıllarda uzun süre yer edecek bir film mi peki ?;neutral;positive;0.015625;0.0;False;1.0;0.1111111111111111;positive;0.015625;0.0;False;False;False;False;False;False;False;False;False;1;1;0;"[""yer""]";[];[];[];[];[]
2016;Pek sanmıyorum.;negative;positive;0.125;0.0;False;1.0;0.5;negative;0.0;0.125;True;True;True;False;False;True;False;False;False;1;1;0;"[""pek""]";[];[];"[""san""]";[];"[""negation_flip""]"
2017;Filim güzel :);positive;positive;0.45454545454545453;0.0;True;1.0;0.5;positive;0.45454545454545453;0.0;True;False;False;False;False;False;False;False;False;1;1;0;"[""güzel""]";"[""fil""]";[];[];[];[]
2018;YILLAR ÖNCE ALMANYA'DA SONRA TÜRKİYE'DE TV İZLEDİĞİM VE JENERİKTE KOŞAN ADAMLA BAŞLADIĞI İÇİN KOŞAN ADAMIN FİLMİ ADINI TAKTIĞIM BU DİZİNİN SİNEMA VERSİYONU FENA DEĞİL HAREKETLİ FİLM SEVENLERE TAVSİYE EDERİM AMA EV SİNEMANIZ YOKSA SADECE SİNEMADA İZLEYİN.;positive;positive;0.7083333333333334;0.5037878787878788;True;0.75;0.16666666666666666;positive;0.7083333333333334;0.5037878787878788;True;False;False;False;False;False;False;False;False;6;6;0;"[""adam"", ""adam"", ""ad"", ""fena"", ""hareketli"", ""tavsiye""]";"[""versiyon"", ""film"", ""film""]";[];[];[];[]
2019;yorumları okudum.;neutral;neutral;0.0;0.0;True;0.5;0.0;neutral;0.0;0.0;True;False;False;False;False;False;False;False;False;0;0;0;[];[];[];[];[];[]
2020;konusu sıradan denilebilecek bir film.;neutral;negative;0.0;0.020833333333333332;False;1.0;0.2;negative;0.0;0.020833333333333332;False;False;False;False;False;False;False;False;False;1;1;0;"[""de""]";"[""konu""]";[];[];[];[]
2021;oyuncuların kaliteside ortada.;positive;neutral;0.0;0.0;False;0.6666666666666666;0.0;neutral;0.0;0.0;False;False;False;False;False;False;False;False;False;0;0;0;[];[];[];[];[];[]
2022;diğer yorumlayan arkadaşların bu filme muhteşem demeleri beni açıkçası çok şaşırtı.;neutral;positive;1.0;0.0;False;0.9090909090909091;0.18181818181818182;positive;1.0;0.0;False;False;False;False;False;False;False;False;False;2;2;0;"[""arkadaş"", ""muhteşem""]";[];[];[];[];[]
2023;bu film muhteşem ise matrix yüzüklerin efendisi gibi filmler ne o zaman.;neutral;positive;0.5;0.0;False;0.9166666666666666;0.08333333333333333;positive;0.5;0.0;False;False;False;False;False;False;False;False;False;1;1;0;"[""muhteşem""]";"[""film""]";[];[];[];[]
2024;vaktiniz ve paranız çoksa seyredin derim.;negative;negative;0.0;0.020833333333333332;True;0.8333333333333334;0.16666666666666666;negative;0.0;0.020833333333333332;True;False;False;False;False;False;False;False;False;1;1;0;"[""de""]";[];[];[];[];[]
2025;Film Güzel Hafif bi john woo havası var güzel çok güzel Sonunda aldığı rozeti anlamadım ben bu adam 5o milyon dolar unicef emi bağışlamış nooldu anlamadım bilen bi kardeş msj atsın;neutral;positive;1.4707792207792207;0.21212121212121213;False;0.6129032258064516;0.22580645161290322;positive;1.3636363636363635;0.21212121212121213;False;False;False;False;False;False;True;False;True;7;6;1;"[""güzel"", ""hafif"", ""hava"", ""güzel"", ""güzel"", ""al"", ""adam""]";"[""john"", ""john"", ""hava"", ""hava"", ""em""]";"[""çok"", ""sonunda""]";[];[];"[""suppressed_as_target"", ""modifier_detected"", ""modifier_detected""]"
2026;dün yine izledim filmi vcd'de.;neutral;neutral;0.0;0.0;True;0.6;0.0;neutral;0.0;0.0;True;False;False;False;False;False;False;False;False;0;0;0;[];[];[];[];[];[]
2027;..harika ya ama sinemada izlediğim zevki vermiyo.;positive;positive;1.5;0.0;True;0.7142857142857143;0.2857142857142857;positive;1.0;0.5;True;False;False;False;False;True;False;True;False;2;2;0;"[""harika"", ""zevk""]";[];[];"[""ver""]";"[""ama""]";"[""negation_flip"", ""contrast_detected""]"
2028;.olsun yine de harika!;positive;positive;1.0;0.020833333333333332;True;1.0;0.5;positive;1.0;0.020833333333333332;True;False;False;False;False;False;True;False;False;2;2;0;"[""de"", ""harika""]";[];"[""yine""]";[];[];"[""modifier_detected""]"
2029;MÜKEMMEL BİR FİLM OLDUGUNU DUSUNUYORUM MUTLAKA IZLEYIN.;positive;positive;1.0;0.0;True;0.5714285714285714;0.14285714285714285;positive;1.0;0.0;True;False;False;False;False;False;False;False;False;1;1;0;"[""mükemmel""]";"[""film""]";[];[];[];[]
2030;"""..(HATTA DUN GECE STAR'DA YAYINLAYACAKLARDI AMA YERINE SUT KARDESLER'I YAYINLADILAR!!!)""""""";neutral;negative;0.0;0.5;False;0.5;0.1;negative;0.0;0.5;False;False;False;False;False;False;False;False;False;1;1;0;"[""dun""]";[];[];[];[];[]
2031;Maceramı istiyorsunuz işte size mükemmel bir film.;positive;positive;1.125;0.0;True;0.8571428571428571;0.2857142857142857;positive;1.125;0.0;True;False;False;False;False;False;False;False;False;2;2;0;"[""macera"", ""mükemmel""]";"[""film""]";[];[];[];[]
2032;mükemmel bi film bence herkes izlemeli.;positive;positive;1.0;0.0;True;0.8333333333333334;0.16666666666666666;positive;1.0;0.0;True;False;False;False;False;False;False;False;False;1;1;0;"[""mükemmel""]";"[""film""]";[];[];[];[]
2033;..hem macera hem de gerilim dolu.;positive;positive;0.125;0.020833333333333332;True;1.0;0.3333333333333333;positive;0.125;0.020833333333333332;True;False;False;False;False;False;False;False;False;2;2;0;"[""macera"", ""de""]";[];[];[];[];[]
2034;.son sahneleri de çok ii di.;positive;negative;0.0;0.14583333333333334;False;0.8333333333333334;0.3333333333333333;negative;0.0;0.14583333333333334;False;False;False;False;False;False;False;False;False;2;2;0;"[""son"", ""de""]";[];[];[];[];[]
2035;halle'nin olması filmi daha da ii yapmış bence.;positive;negative;0.0;0.022727272727272728;False;0.625;0.125;negative;0.0;0.022727272727272728;False;False;False;False;False;False;False;False;False;1;1;0;"[""da""]";[];[];[];[];[]
2036;Bu film kesinlikle izlenmesi gereken bir film.;positive;neutral;0.0;0.0;False;0.8571428571428571;0.0;neutral;0.0;0.0;False;False;False;False;False;False;False;False;False;0;0;0;[];[];[];[];[];[]
2037;FB arkadaşıma katılıyorum.;positive;positive;0.5;0.0;True;0.6666666666666666;0.3333333333333333;positive;0.5;0.0;True;False;False;False;False;False;False;False;False;1;1;0;"[""arkadaş""]";[];[];[];[];[]
2038;Hele o finaldeki sahne harikaaaaaaaaaa heyacandan öldüm;positive;neutral;0.0;0.0;False;0.7142857142857143;0.0;neutral;0.0;0.0;False;False;False;False;False;False;False;False;False;0;0;0;[];[];[];[];[];[]
2039;Güzel film MÜTHİŞ MÜTHİŞ MÜTHİŞ HALE HAYATIM BENİM HARİKASIN;positive;positive;1.4545454545454546;1.2;True;1.0;0.6666666666666666;positive;1.4545454545454546;1.2;True;False;False;False;False;False;True;False;False;6;6;0;"[""güzel"", ""müthiş"", ""müthiş"", ""müthiş"", ""hal"", ""harika""]";"[""film"", ""film"", ""hal"", ""hayat"", ""ben""]";"[""müthi̇ş""]";[];[];"[""modifier_detected""]"
2040;gothika da böyle bişi değil miydi ya;neutral;negative;0.0;0.022727272727272728;False;0.8571428571428571;0.14285714285714285;negative;0.0;0.022727272727272728;False;False;False;False;False;False;False;False;False;1;1;0;"[""da""]";[];[];[];[];[]
2041;Filmin yönetmeni Ford capolla olunca izlemek gerekir;positive;neutral;0.0;0.0;False;0.5714285714285714;0.0;neutral;0.0;0.0;False;False;False;False;False;False;False;False;False;0;0;0;[];[];[];[];[];[]
2042;Bence Matt Dameon'un ilk filmlerinden birisi olmasına rağmen bence çok etkileyici bir performans sergilemiş.;positive;positive;1.0;0.5833333333333334;True;0.7857142857142857;0.21428571428571427;positive;1.0;0.5;True;False;False;False;False;False;False;False;True;3;2;1;"[""biri"", ""rağmen"", ""etkileyici""]";"[""biri""]";[];[];[];"[""suppressed_as_target""]"
2043;Tabii bunda Copollo'nunda büyük bir payı vardır diye düşünüyorum.;neutral;positive;0.16666666666666666;0.0;False;0.7777777777777778;0.1111111111111111;positive;0.16666666666666666;0.0;False;False;False;False;False;False;False;False;False;1;1;0;"[""tabii""]";"[""pay""]";[];[];[];[]
2044;Çok iyi bir film.;positive;positive;0.6111111111111112;0.0;True;1.0;0.25;positive;0.6111111111111112;0.0;True;False;False;False;False;False;True;False;False;1;1;0;"[""iyi""]";"[""film""]";"[""çok""]";[];[];"[""modifier_detected""]"
2045;Düşünmeden izliyebilirsiniz.;positive;neutral;0.0;0.0;False;0.0;0.0;neutral;0.0;0.0;False;False;False;False;False;False;False;False;False;0;0;0;[];[];[];[];[];[]
2046;bu fılme bu kadar az yorym yazıldıgına ınanamadım.;neutral;negative;0.0;0.25;False;0.5;0.125;negative;0.0;0.25;False;False;False;False;False;False;False;False;False;1;1;0;"[""az""]";[];[];[];[];[]
2047;fılm gercekten cok guzeldı.;positive;neutral;0.0;0.0;False;0.0;0.0;neutral;0.0;0.0;False;False;False;False;False;False;False;False;False;0;0;0;[];[];[];[];[];[]
2048;sonrasında ne olacagını merak ettıgınız bırcok sahne vardı.;neutral;negative;0.0;0.375;False;0.625;0.125;negative;0.0;0.375;False;False;False;False;False;False;False;False;False;1;1;0;"[""merak""]";[];[];[];[];[]
2049;eskı olmasına ragmen bulup ızlemenızı tavsıye ederım;positive;neutral;0.0;0.0;False;0.2857142857142857;0.0;neutral;0.0;0.0;False;False;False;False;False;False;False;False;False;0;0;0;[];[];[];[];[];[]
2050;Güzel bir film ama olması gerekenden biraz uzun gibi bu biraz sıkabiliyor ama kesinlikle izlenilmesi gerekn filmlerden;positive;positive;0.45454545454545453;0.0;True;0.8823529411764706;0.058823529411764705;positive;0.45454545454545453;0.0;True;False;False;False;False;False;False;False;False;1;1;0;"[""güzel""]";"[""film""]";[];[];[];[]
2051;güzel bi film olmuş biraz eski ama bula bilirseniz tavsiye ederim;positive;positive;1.0795454545454546;0.16666666666666666;True;0.9090909090909091;0.36363636363636365;positive;1.0795454545454546;0.16666666666666666;True;False;False;False;False;False;True;False;False;4;4;0;"[""güzel"", ""eski"", ""bilir"", ""tavsiye""]";"[""film"", ""film""]";"[""biraz""]";[];[];"[""modifier_detected""]"
2052;coppola'nın ortalama bir filmi!;neutral;neutral;0.0;0.0;True;0.75;0.0;neutral;0.0;0.0;True;False;False;False;False;False;False;False;False;0;0;0;[];[];[];[];[];[]
2053;oyuncu kadrosu çok iyi ve başarılı.;positive;positive;1.6111111111111112;0.0;True;1.0;0.3333333333333333;positive;1.6111111111111112;0.0;True;False;False;False;False;False;True;False;False;2;2;0;"[""iyi"", ""başarılı""]";"[""kadro"", ""kadro""]";"[""çok""]";[];[];"[""modifier_detected""]"
2054;rourke'un oyunculuğu kısa ama filmde akılda kalan belki de en önemli şey!;neutral;negative;0.0;0.35416666666666663;False;0.9166666666666666;0.16666666666666666;negative;0.0;0.35416666666666663;False;False;False;False;False;False;False;False;False;2;2;0;"[""oyunculuk"", ""de""]";[];[];[];[];[]
2055;HER ROLDE AYRI BİR KARİZMA SERGİLİYOR MİCKEY ROURKE;positive;positive;0.25;0.0;True;0.625;0.125;positive;0.25;0.0;True;False;False;False;False;False;False;False;False;1;1;0;"[""karizma""]";"[""mickey""]";[];[];[];[]
2056;francis ford cappola'nın kendisine ait prodüksyon şirketinin bu filmden sonra battığını duymuştum.;negative;neutral;0.0;0.0;False;0.6666666666666666;0.0;neutral;0.0;0.0;False;False;False;False;False;False;False;False;False;0;0;0;[];[];[];[];[];[]
2057;.O kadar da kötü değil aslında orta düzey bi yapımm;neutral;negative;0.0;0.9227272727272727;False;0.8;0.2;positive;0.9;0.022727272727272728;False;True;False;False;True;True;False;False;False;2;2;0;"[""da"", ""kötü""]";[];[];"[""değil""]";[];"[""negation_flip""]"
2058;genç bir avukatın yaşlı güçlerin kirli çamaşırlarını başarıyla ipe astığı bir çok filmden biri.;neutral;negative;0.375;0.7583333333333334;False;1.0;0.35714285714285715;negative;0.375;0.7583333333333334;False;False;False;False;False;False;False;False;False;5;5;0;"[""genç"", ""güç"", ""kirli"", ""başarı"", ""biri""]";"[""avukat"", ""çamaşır"", ""çamaşır""]";[];[];[];[]
2059;bu hikayeler hiç bir yenilik getirmediği gibi sadece oyuncuların performansı ve mahkeme filmlerini sevenlerin ilgisi ile ayakta durabiliyior.;neutral;negative;0.125;0.5;False;0.8333333333333334;0.1111111111111111;negative;0.0;0.625;False;False;False;False;False;True;True;False;False;2;2;0;"[""hiç"", ""yenilik""]";"[""hikaye""]";"[""hiç""]";"[""getir""]";[];"[""negation_flip"", ""modifier_detected""]"
2060;işte yağmurcu da aynı iki eksene oldukça muhtaç.;neutral;negative;0.0;0.6893939393939393;False;1.0;0.25;negative;0.0;0.6893939393939393;False;False;False;False;False;False;True;False;False;2;2;0;"[""da"", ""muhtaç""]";"[""yağmur""]";"[""oldukça""]";[];[];"[""modifier_detected""]"
2061;neyse ki ne aktörler (filmde kayda değer bir aktrist yok!) ne de mahkeme planları izleyicinin beklentisine asla ters düşmüyor.;neutral;negative;0.027777777777777776;0.41369047619047616;False;0.9473684210526315;0.21052631578947367;negative;0.20634920634920634;0.23511904761904762;False;False;False;False;False;True;False;False;False;4;4;0;"[""kayıt"", ""yok"", ""de"", ""ters""]";"[""aktrist"", ""aktrist"", ""plan""]";[];"[""düş""]";[];"[""negation_flip""]"
2062;kurguda büyük sorunlar yok neticede coppola'nın yönetmenliği sözkonusu.;neutral;negative;0.0;0.9642857142857143;False;0.625;0.25;negative;0.0;0.21428571428571427;False;False;False;False;False;False;False;False;True;2;1;1;"[""sorun"", ""yok""]";"[""sorun""]";[];[];[];"[""suppressed_as_target""]"
2063;fakat 90 dakikada anlatılabilecek bir öyküyü iki saatten fazla bir süreye yaymak uzatılmışlık hissi ile buluşturuyor sinemaseveri.;negative;neutral;0.0;0.0;False;0.8823529411764706;0.0;neutral;0.0;0.0;False;False;False;False;False;False;False;False;False;0;0;0;[];[];[];[];[];[]
2064;hele hele matt damon'ın aşk hikayesi o kadar eklektik duruyor ki zavallı bir sos olmaktan kurtulamıyor.;neutral;positive;1.0;0.625;False;0.8125;0.125;positive;1.0;0.625;False;False;False;False;False;False;False;False;False;2;2;0;"[""aşk"", ""zavallı""]";"[""sos""]";[];[];[];[]
2065;kaLiteLi bir fiLm.;positive;positive;1.0;0.0;True;1.0;0.3333333333333333;positive;1.0;0.0;True;False;False;False;False;False;False;False;False;1;1;0;"[""kaliteli""]";"[""film""]";[];[];[];[]
2066;Film biraz uzun ama yinede Kevin Costner için izlenir.;positive;neutral;0.0;0.0;False;0.5555555555555556;0.0;neutral;0.0;0.0;False;False;False;False;False;False;False;False;False;0;0;0;[];[];[];[];[];[]
2067;iyi bir film keyifle izleyebilirsiniz ama öle çok aman aman bi film değil;positive;positive;1.0396825396825398;0.0;True;0.8461538461538461;0.3076923076923077;positive;1.0396825396825398;0.0;True;False;False;False;False;False;True;True;False;4;4;0;"[""iyi"", ""keyif"", ""aman"", ""aman""]";"[""film"", ""film"", ""film""]";"[""çok"", ""öle""]";[];"[""ama"", ""ama""]";"[""modifier_detected"", ""contrast_detected"", ""modifier_detected"", ""contrast_detected""]"
2068;sıkılmadan ızlıyecegınız guzel konusu ıyı ıslenmıs guzel fılm tavsıye ederım;positive;neutral;0.0;0.0;False;0.2;0.0;neutral;0.0;0.0;False;False;False;False;False;False;False;False;False;0;0;0;[];[];[];[];[];[]
2069;cok güzel bır fılm gercekten oynculugu süper;positive;positive;0.9545454545454546;0.0;True;0.2857142857142857;0.2857142857142857;positive;0.9545454545454546;0.0;True;False;False;False;False;False;True;False;False;2;2;0;"[""güzel"", ""süper""]";"[""fılm"", ""oynculugu""]";"[""cok"", ""gercekten""]";[];[];"[""modifier_detected"", ""modifier_detected""]"
2070;Ben bu filmi 3 yıl kadar önce gece saat 2-3 gibi izlemiştim ve hiç sıkılmamıştım.;neutral;negative;0.0;0.5;False;0.875;0.0625;positive;0.5;0.0;False;True;False;False;True;True;False;False;False;1;1;0;"[""hiç""]";[];[];"[""sıkıl""]";[];"[""negation_flip""]"
2071;Film çok güzeldi.;positive;positive;0.45454545454545453;0.0;True;1.0;0.3333333333333333;positive;0.45454545454545453;0.0;True;False;False;False;False;False;True;False;False;1;1;0;"[""güzel""]";"[""film""]";"[""çok""]";[];[];"[""modifier_detected""]"
2072;Yani güzel bi film.;positive;positive;0.45454545454545453;0.0;True;0.75;0.25;positive;0.45454545454545453;0.0;True;False;False;False;False;False;False;False;False;1;1;0;"[""güzel""]";"[""film""]";[];[];[];[]
2073;Farklıda sayılır.;neutral;neutral;0.0;0.0;True;0.5;0.0;neutral;0.0;0.0;True;False;False;False;False;False;False;False;False;0;0;0;[];[];[];[];[];[]
2074;İzleyin kesin beğeneceksiniz.;positive;neutral;0.0;0.0;False;0.3333333333333333;0.0;neutral;0.0;0.0;False;False;False;False;False;False;False;False;False;0;0;0;[];[];[];[];[];[]
2075;"""Su Dünyası ile hüsrana uğrayan Amerikalı ünlü oyuncu yönetmen ve yapımcı Kevin Costner yine zamanımızın biraz ötesine geçiyor ve son filmi """"""""Haberci The Postman"""""""" ile 2013 yılında yaşanan bir maceraya dalıyor.""";neutral;neutral;1.125;1.125;True;0.8064516129032258;0.12903225806451613;neutral;1.125;1.125;True;False;False;False;False;False;False;False;False;4;4;0;"[""hüsran"", ""son"", ""yaşa"", ""macera""]";"[""film"", ""haberci""]";[];[];[];[]
2076;Savaş sonrası yıkıntılarının insanlık için bambaşka koşullar yarattığı bir ortamdayız.;neutral;negative;0.3333333333333333;1.3749999999999998;False;0.9;0.4;negative;0.3333333333333333;1.3749999999999998;False;False;False;False;False;False;False;False;False;4;4;0;"[""savaş"", ""yıkıntı"", ""insanlık"", ""ortam""]";"[""koşul""]";[];[];[];[]
2077;Günlük yaşamın altüst olduğu tüm teknolojinin yok olduğu bir dünya bu.;neutral;positive;0.25;0.21428571428571427;False;1.0;0.18181818181818182;positive;0.25;0.21428571428571427;False;False;False;False;False;False;False;False;False;2;2;0;"[""tüm"", ""yok""]";"[""teknoloji""]";[];[];[];[]
2078;"""İlkel kabilelere bölünmüş toplumda gerçek bir """"""""iletişim kopukluğu"""""""" yaşanıyor ve insanlar acımasız savaşçılardan oluşan bir ordu tarafından tehdit ediliyor.""";neutral;positive;1.0833333333333333;1.05;False;0.8947368421052632;0.21052631578947367;positive;1.0833333333333333;1.05;False;False;False;False;False;False;False;False;False;4;4;0;"[""ilkel"", ""gerçek"", ""yaşa"", ""acımasız""]";"[""toplum"", ""kopukluk"", ""savaşçı""]";[];[];[];[]
2079;Kabileleri idaresi altına almaya başlayan bu orduya karşı insanların tek umudu ise taşıdığı haberlerle topluma umut vaad eden 'Haberci' yani Kevin Costner.;neutral;positive;0.75;0.16666666666666666;False;0.7727272727272727;0.13636363636363635;positive;0.75;0.16666666666666666;False;False;False;False;False;False;False;False;False;3;3;0;"[""al"", ""umut"", ""umut""]";"[""kabile""]";[];[];[];[]
2080;Özellikle idealist gençler tarafından geçmişteki düzenin yeniden kurulması için büyük bir talep oluşuyor ve bu postacı insanlara baskıcı ve saldırgan orduya karşı direnme cesaretini veren bir güç oluyor.;neutral;negative;0.25;1.3916666666666668;False;0.9285714285714286;0.25;negative;0.25;1.3083333333333333;False;False;False;False;False;False;False;False;True;7;6;1;"[""genç"", ""geçmiş"", ""düzen"", ""baskıcı"", ""saldırgan"", ""cesaret"", ""güç""]";"[""düzen""]";[];[];[];"[""suppressed_as_target""]"
2081;izlenmeye değer bir film.;positive;neutral;0.0;0.0;False;0.75;0.0;neutral;0.0;0.0;False;False;False;False;False;False;False;False;False;0;0;0;[];[];[];[];[];[]
2082;""". izlerken hiç sıkılmadım""""""";positive;negative;0.0;0.5;False;0.3333333333333333;0.3333333333333333;positive;0.5;0.0;True;True;True;False;False;True;False;False;False;1;1;0;"[""hiç""]";[];[];"[""sıkıl""]";[];"[""negation_flip""]"
2083;süper filmlerden birisi;positive;positive;0.5;0.08333333333333333;True;1.0;0.6666666666666666;positive;0.5;0.08333333333333333;True;False;False;False;False;False;False;False;False;2;2;0;"[""süper"", ""biri""]";"[""film""]";[];[];[];[]
2084;filmin bu kadar uzun olmasını saymazsak mükemmel bir filmdi.;positive;positive;1.0;0.0;True;1.0;0.1111111111111111;positive;1.0;0.0;True;False;False;False;False;False;False;False;False;1;1;0;"[""mükemmel""]";"[""film""]";[];[];[];[]
2085;bilim kurguya felaketin eklendigi filmleri seviyordum zaten bu yapımda bunun üzerine kuruldugundan soluk almadan izledim.;positive;negative;0.0;0.5416666666666666;False;0.7333333333333333;0.2;negative;0.20833333333333331;0.3333333333333333;False;False;False;False;False;True;False;False;False;3;3;0;"[""felaket"", ""soluk"", ""al""]";[];[];"[""al"", ""al""]";[];"[""negation_flip"", ""negation_flip""]"
2086;duygusal reaksiyonların ve heyacanın hiç azalmadıgı eşsiz bir film.;positive;negative;0.0;0.5;False;0.7777777777777778;0.1111111111111111;positive;0.5;0.0;True;True;True;False;False;True;False;False;False;1;1;0;"[""hiç""]";"[""reaksiyon""]";[];"[""azal""]";[];"[""negation_flip""]"
2087;kesinlikle izleyin;positive;neutral;0.0;0.0;False;0.5;0.0;neutral;0.0;0.0;False;False;False;False;False;False;False;False;False;0;0;0;[];[];[];[];[];[]
2088;Çok güzel bir filmdi.;positive;positive;0.45454545454545453;0.0;True;1.0;0.25;positive;0.45454545454545453;0.0;True;False;False;False;False;False;True;False;False;1;1;0;"[""güzel""]";"[""film""]";"[""çok""]";[];[];"[""modifier_detected""]"
2089;Yerimden hiç kalkmadan soluksuz izledim.;neutral;negative;0.015625;0.5;False;0.6;0.4;positive;0.5;0.015625;False;True;False;False;True;True;False;False;False;2;2;0;"[""yer"", ""hiç""]";[];[];"[""kalk"", ""kalk""]";[];"[""negation_flip"", ""negation_flip""]"
2090;çok guzel bi film insanın gidip orda postaları kendisi dağıtası geliyo çok sewdim süper.;positive;positive;0.5;0.0;True;0.5;0.07142857142857142;positive;0.5;0.0;True;False;False;False;False;False;False;False;False;1;1;0;"[""süper""]";[];[];[];[];[]
2091;aslında konusu son derece ilginç ve düşüneülmesi gereken bir film ve son derece hoş bir film biraz uzun olması her ne kadar baysa da yine de izlenebilir.;positive;negative;0.0;0.293560606060606;False;0.9259259259259259;0.14814814814814814;negative;0.0;0.293560606060606;False;False;False;False;False;False;False;False;False;4;4;0;"[""son"", ""son"", ""da"", ""de""]";"[""derece"", ""derece""]";[];[];[];[]
2092;çok çok çok güzel bir filmm uzun zamandır bu kadar güzel bir film izlememiştimm.;positive;positive;0.9090909090909091;0.0;True;0.8571428571428571;0.14285714285714285;positive;0.9090909090909091;0.0;True;False;False;False;False;False;True;False;False;2;2;0;"[""güzel"", ""güzel""]";"[""filmm"", ""film""]";"[""çok""]";[];[];"[""modifier_detected""]"
2093;bir kevin costner film.;neutral;neutral;0.0;0.0;True;0.5;0.0;neutral;0.0;0.0;True;False;False;False;False;False;False;False;False;0;0;0;[];[];[];[];[];[]
2094;.. film mükemmelde ve 6 1 çok üzerinde bir puan alması gerekirdi.;positive;positive;1.0;0.16666666666666666;True;1.0;0.18181818181818182;positive;1.0;0.16666666666666666;True;False;False;False;False;False;False;False;False;2;2;0;"[""mükemmel"", ""al""]";"[""puan"", ""puan""]";[];[];[];[]
2095;.... tekrar tekrar izleyecigim filmler den biri .;neutral;negative;0.0;0.10416666666666666;False;0.8333333333333334;0.3333333333333333;negative;0.0;0.10416666666666666;False;False;False;False;False;False;False;False;False;2;2;0;"[""de"", ""biri""]";[];[];[];[];[]
2096;.. hiç bir şeyin tükenmedigini bu filmde anlayabilriz;neutral;negative;0.0;0.5;False;0.7142857142857143;0.14285714285714285;positive;0.5;0.0;False;True;False;False;True;True;False;False;False;1;1;0;"[""hiç""]";"[""şey""]";[];"[""tüken""]";[];"[""negation_flip""]"
2097;tüm devrim duygularınız kabarıyor;neutral;positive;0.41666666666666663;0.0;False;0.75;0.5;positive;0.41666666666666663;0.0;False;False;False;False;False;False;False;False;False;2;2;0;"[""tüm"", ""devrim""]";[];[];[];[];[]
2098;kevin costner kendisini aşmış;neutral;neutral;0.0;0.0;True;0.5;0.0;neutral;0.0;0.0;True;False;False;False;False;False;False;False;False;0;0;0;[];[];[];[];[];[]
2099;çok keyifli bir film.;positive;positive;1.0;0.0;True;1.0;0.25;positive;1.0;0.0;True;False;False;False;False;False;False;False;False;1;1;0;"[""keyifli""]";[];[];[];[];[]
2100;azcık uzun sadece o kadar.;neutral;neutral;0.0;0.0;True;0.8;0.0;neutral;0.0;0.0;True;False;False;False;False;False;False;False;False;0;0;0;[];[];[];[];[];[]
2101;daha iyi olabilirmiş.;neutral;positive;0.6111111111111112;0.0;False;1.0;0.3333333333333333;negative;0.0;0.6111111111111112;False;True;False;False;True;True;True;False;False;1;1;0;"[""iyi""]";[];"[""daha""]";"[""ol""]";[];"[""negation_flip"", ""modifier_detected""]"
2102;biraz daha gayret;neutral;neutral;0.0;0.0;True;1.0;0.0;neutral;0.0;0.0;True;False;False;False;False;False;False;False;False;0;0;0;[];[];[];[];[];[]
2103;film gayet güzel.;positive;positive;0.45454545454545453;0.0;True;1.0;0.3333333333333333;positive;0.45454545454545453;0.0;True;False;False;False;False;False;True;False;False;1;1;0;"[""güzel""]";"[""film""]";"[""gayet""]";[];[];"[""modifier_detected""]"
2104;Konu insanlara bir mesaj niteliğinde.;neutral;neutral;0.0;0.0;True;1.0;0.0;neutral;0.0;0.0;True;False;False;False;False;False;False;False;False;0;0;0;[];[];[];[];[];[]
2105;Ben beğendim ve beş üzerinden dört veriyorum.;positive;neutral;0.0;0.0;False;0.7142857142857143;0.0;neutral;0.0;0.0;False;False;False;False;False;False;False;False;False;0;0;0;[];[];[];[];[];[]
2106;İzkeyenin beğenmemesi çok zor.;positive;negative;0.25;0.5833333333333334;False;0.75;0.5;positive;0.5833333333333334;0.25;True;True;True;False;False;True;True;False;False;2;2;0;"[""beğenme"", ""zor""]";"[""izkeyeni""]";"[""çok""]";"[""beğen"", ""beğen""]";[];"[""negation_flip"", ""negation_flip"", ""modifier_detected""]"
2107;Kesin izleyin.;positive;neutral;0.0;0.0;False;0.5;0.0;neutral;0.0;0.0;False;False;False;False;False;False;False;False;False;0;0;0;[];[];[];[];[];[]
2108;Costner'ın farklı filmlerinden biri.;neutral;negative;0.0;0.08333333333333333;False;0.5;0.25;negative;0.0;0.08333333333333333;False;False;False;False;False;False;False;False;False;1;1;0;"[""biri""]";[];[];[];[];[]
2109;.. eh işte.;neutral;negative;0.0;0.625;False;1.0;0.5;negative;0.0;0.625;False;False;False;False;False;False;False;False;False;1;1;0;"[""eh""]";[];[];[];[];[]
2110;çok uzun ve kopmaları aolan bir film ama konusu gerçekten güzel!;positive;positive;0.45454545454545453;0.0;True;0.8181818181818182;0.09090909090909091;positive;0.45454545454545453;0.0;True;False;False;False;False;False;True;True;False;1;1;0;"[""güzel""]";"[""konu""]";"[""gerçekten""]";[];"[""ama""]";"[""modifier_detected"", ""contrast_detected""]"
2111;mevcut hikaye daha kısa ve öz bir şekilde anlatılsa sanırım daha olumlu tepkiler alırdı.;neutral;positive;0.34090909090909094;0.16666666666666666;False;0.9285714285714286;0.21428571428571427;positive;0.34090909090909094;0.16666666666666666;False;False;False;False;False;False;True;False;False;3;3;0;"[""öz"", ""olumlu"", ""al""]";"[""tepki""]";"[""daha""]";[];[];"[""modifier_detected""]"
2112;Kevin Costner ne diyebilirm bu adam için takdir ediyorum cunku o kadar kötü film yapmasına ragmen hala pes etmıyor!;negative;negative;0.3125;0.9227272727272727;True;0.631578947368421;0.15789473684210525;negative;0.3125;0.9227272727272727;True;False;False;False;False;False;False;False;False;3;3;0;"[""adam"", ""takdir"", ""kötü""]";"[""kevin"", ""film""]";[];[];[];[]
2113;Bu adamın 2 filmi var ( Kurtlarla Dansı izlemedim) 1.Robin hood 2. Perfect World!;neutral;negative;0.0;0.022727272727272728;False;0.6428571428571429;0.07142857142857142;negative;0.0;0.022727272727272728;False;False;False;False;False;False;False;False;False;1;1;0;"[""adam""]";[];[];[];[];[]
2114;kaç yıl geçmiş olmasına rağmen bu filmin adını duyunca 3 saatimin nasıl da boşa gittiğini hatırlamadan edemiyorum.;negative;negative;0.08333333333333333;0.5727272727272728;True;0.8235294117647058;0.23529411764705882;negative;0.08333333333333333;0.5727272727272728;True;False;False;False;False;False;False;False;False;4;4;0;"[""geçmiş"", ""rağmen"", ""ad"", ""da""]";[];[];[];[];[]
2115;. filmi iyi bulanlara bişi diyemicem.;neutral;positive;0.6111111111111112;0.0;False;0.8;0.2;positive;0.6111111111111112;0.0;False;False;False;False;False;False;False;False;False;1;1;0;"[""iyi""]";"[""film""]";[];[];[];[]
2116;. kevin costner olmamış.;negative;neutral;0.0;0.0;False;0.3333333333333333;0.0;neutral;0.0;0.0;False;False;False;False;False;False;False;False;False;0;0;0;[];[];[];[];[];[]
2117;. onun bazı filmlerini de izledim ama bence bu kötülerinden biriydi.;negative;negative;0.0;0.10416666666666666;True;0.8;0.2;negative;0.0;0.10416666666666666;True;False;False;False;False;False;False;True;False;2;2;0;"[""de"", ""biri""]";"[""film""]";[];[];"[""ama""]";"[""contrast_detected""]"
2118;Bence Costner yönetmenliği denememeli artık.;negative;neutral;0.0;0.0;False;0.6;0.0;neutral;0.0;0.0;False;False;False;False;False;False;False;False;False;0;0;0;[];[];[];[];[];[]
2119;.. Kurtlarla Dans'ta her şey yolunda gitmiş olabilir.;neutral;neutral;0.0;0.0;True;0.7142857142857143;0.0;neutral;0.0;0.0;True;False;False;False;False;False;False;False;False;0;0;0;[];[];[];[];[];[]
2120;Ama bence etkileyici konulara sahip olan Waterworld ve Postman'in başarısızlığından sonra Kurtlarla Dans'ın bir istisna olduğu ortaya çıkıyor.;neutral;positive;1.0;0.75;False;0.7777777777777778;0.1111111111111111;positive;1.0;0.75;False;False;False;False;False;False;False;False;False;2;2;0;"[""etkileyici"", ""başarısızlık""]";"[""istisna""]";[];[];[];[]
2121;Bu filmlerde yönetmenlik koltuğunda bir başkası olsa sonuç daha değişik olabilirdi diye düşünüyorum.;neutral;negative;0.0;0.23295454545454547;False;0.9230769230769231;0.15384615384615385;negative;0.0;0.23295454545454547;False;False;False;False;False;False;True;False;False;2;2;0;"[""koltuk"", ""değişik""]";"[""başka"", ""sonuç""]";"[""daha""]";[];[];"[""modifier_detected""]"
2122;İlgi çekici bir konu izleyin ve nasıl heba edildiğine tanık olun.;negative;negative;0.3333333333333333;1.0;True;0.9090909090909091;0.18181818181818182;negative;0.3333333333333333;1.0;True;False;False;False;False;False;True;False;False;2;2;0;"[""çekici"", ""heba""]";[];"[""nasıl""]";[];[];"[""modifier_detected""]"
2123;Yaklaşık 3 saatlik olmasına rağmen sıkılmadan zevkle seyrettim.;positive;neutral;0.5;0.5;False;0.75;0.25;neutral;0.5;0.5;False;False;False;False;False;False;False;False;False;2;2;0;"[""rağmen"", ""zevk""]";"[""saatlik""]";[];[];[];[]
2124;Tavsiye ederim;positive;positive;0.125;0.0;True;1.0;0.5;positive;0.125;0.0;True;False;False;False;False;False;False;False;False;1;1;0;"[""tavsiye""]";[];[];[];[];[]
2125;Ne oyuncular ne senaryo ne de yönetim iyi değil.;negative;positive;0.6111111111111112;0.020833333333333332;False;1.0;0.2222222222222222;negative;0.0;0.6319444444444445;True;True;True;False;False;True;False;False;False;2;2;0;"[""de"", ""iyi""]";"[""yönetim""]";[];"[""değil""]";[];"[""negation_flip""]"
2126;Filme zor tahammül ettiğimi söylemek zorundayım.;negative;negative;0.0;0.5833333333333334;True;0.8333333333333334;0.16666666666666666;negative;0.0;0.5833333333333334;True;False;False;False;False;False;False;False;False;1;1;0;"[""zor""]";"[""tahammül""]";[];[];[];[]
2127;..Karma karışık bir yapıya sahip kötü bir film.;negative;negative;0.0;0.9416666666666667;True;1.0;0.25;negative;0.0;0.9416666666666667;True;False;False;False;False;False;False;False;False;2;2;0;"[""karışık"", ""kötü""]";"[""yapı"", ""film""]";[];[];[];[]
2128;.. Ne derdini anlatabiliyo ne de başka bişey.;negative;negative;0.0;0.2708333333333333;True;0.7142857142857143;0.2857142857142857;negative;0.0;0.2708333333333333;True;False;False;False;False;False;False;False;False;2;2;0;"[""dert"", ""de""]";[];[];[];[];[]
2129;.. Birde herksein aniden evet evet barış istiyoruz demesi çok kömikti yani o geçiş anı hiç olmamıştı.;neutral;negative;0.5;0.5208333333333334;False;0.8125;0.1875;positive;1.0;0.020833333333333332;False;True;False;False;True;True;False;False;False;3;3;0;"[""barış"", ""de"", ""hiç""]";"[""anı""]";[];"[""ol""]";[];"[""negation_flip""]"
2130;kurtlarla dans'ı seyrettikten sonra kevin costner'ın her filmini izlemeye çalıştım.;neutral;neutral;0.0;0.0;True;0.5;0.0;neutral;0.0;0.0;True;False;False;False;False;False;False;False;False;0;0;0;[];[];[];[];[];[]
2131;su dünyası da ilginç idi.;positive;negative;0.0;0.022727272727272728;False;1.0;0.2;negative;0.0;0.022727272727272728;False;False;False;False;False;False;False;False;False;1;1;0;"[""da""]";[];[];[];[];[]
2132;benim için gişe hasılatlarının hiçbir anlamı yok.;negative;negative;0.0;0.21428571428571427;True;1.0;0.14285714285714285;negative;0.0;0.21428571428571427;True;False;False;False;False;False;False;False;False;1;1;0;"[""yok""]";"[""anlam""]";[];[];[];[]
2133;bunu özellikle belirtmekte fayda var.;neutral;neutral;0.0;0.0;True;0.8;0.0;neutral;0.0;0.0;True;False;False;False;False;False;False;False;False;0;0;0;[];[];[];[];[];[]
2134;..bence önemli bir bilimkugu idi su dünyası.;neutral;neutral;0.0;0.0;True;0.8571428571428571;0.0;neutral;0.0;0.0;True;False;False;False;False;False;False;False;False;0;0;0;[];[];[];[];[];[]
2135;.the postman için de hep olumsuz şeyler söylendi.;negative;negative;0.0;0.5208333333333334;True;0.625;0.25;negative;0.0;0.5208333333333334;True;False;False;False;False;False;False;False;False;2;2;0;"[""de"", ""olumsuz""]";"[""şey""]";[];[];[];[]
2136;ama ben filmin ele aldığı çok önemli bir konunun es geçilmesine üzüldüm.;negative;negative;0.0;0.16666666666666666;True;0.8333333333333334;0.08333333333333333;negative;0.0;0.16666666666666666;True;False;False;False;False;False;False;False;False;1;1;0;"[""al""]";"[""film""]";[];[];[];[]
2137;tarih nedir?;neutral;neutral;0.0;0.0;True;1.0;0.0;neutral;0.0;0.0;True;False;False;False;False;False;False;False;False;0;0;0;[];[];[];[];[];[]
2138;kahraman kimdir?;neutral;positive;0.3333333333333333;0.0;False;1.0;0.5;positive;0.3333333333333333;0.0;False;False;False;False;False;False;False;False;False;1;1;0;"[""kahraman""]";[];[];[];[];[]
2139;bir yalan gerçeğin ta kendisine nasıl dönüşür?;neutral;negative;0.08333333333333333;1.0;False;1.0;0.2857142857142857;negative;0.08333333333333333;1.0;False;False;False;False;False;False;False;False;False;2;2;0;"[""yalan"", ""gerçek""]";"[""kendi""]";[];[];[];[]
2140;efsaneler nasıl oluşur?;neutral;neutral;0.0;0.0;True;1.0;0.0;neutral;0.0;0.0;True;False;False;False;False;False;False;False;False;0;0;0;[];[];[];[];[];[]
2141;buna benzer soruları sormama neden oldu bu film.;neutral;neutral;0.0;0.0;True;0.875;0.0;neutral;0.0;0.0;True;False;False;False;False;False;False;False;False;0;0;0;[];[];[];[];[];[]
2142;mektubun büyüsü ve umut kaynağına dönüşmesi.;neutral;positive;0.375;0.0;False;1.0;0.16666666666666666;positive;0.375;0.0;False;False;False;False;False;False;False;False;False;1;1;0;"[""umut""]";[];[];[];[];[]
2143;..son derece milliyetçi olduğu söylenebilir.;neutral;negative;0.0;0.125;False;0.8;0.2;negative;0.0;0.125;False;False;False;False;False;False;False;False;False;1;1;0;"[""son""]";[];[];[];[];[]
2144;ama bu konuyu başka türlü nasıl anlatabilirsiniz ki?;neutral;neutral;0.0;0.0;True;0.875;0.0;neutral;0.0;0.0;True;False;False;False;False;False;False;False;False;0;0;0;[];[];[];[];[];[]
2145;ayrıca david brin'in romanını da okuma imkanım oldu (haberci-metis yayınları) filme göre ilginç farklılıklar var.;positive;negative;0.0;0.022727272727272728;False;0.875;0.0625;negative;0.0;0.022727272727272728;False;False;False;False;False;False;False;False;False;1;1;0;"[""da""]";[];[];[];[];[]
2146;....postman'in amerikan toplumunun korkularına muhafazakar nitelikli bir cevap olduğu doğru.;neutral;positive;0.625;0.0;False;0.8;0.2;positive;0.625;0.0;False;False;False;False;False;False;False;False;False;2;2;0;"[""nitelikli"", ""doğru""]";[];[];[];[];[]
2147;yine de bazı kavramlar üzerinde düşünmemizi sağlaması da dikkat çekici.;neutral;positive;0.3333333333333333;0.043560606060606064;False;1.0;0.3;positive;0.3333333333333333;0.043560606060606064;False;False;False;False;False;False;False;False;False;3;3;0;"[""de"", ""da"", ""çekici""]";[];[];[];[];[]
2148;bir nükleer savaş sonrasındaki dünyayı tasvir edişi insanların çaresizliğini resmetme biçimi kısacası konusu.;neutral;negative;0.0;1.375;False;0.9230769230769231;0.15384615384615385;negative;0.0;1.375;False;False;False;False;False;False;False;False;False;2;2;0;"[""savaş"", ""çaresizlik""]";[];[];[];[];[]
2149;yoksa görmek yerine sadece bakmayı ve adına oscar ödülleri denen heykel parçalarının biricik beğeni(!);neutral;negative;0.8489583333333334;1.1279761904761905;False;0.8571428571428571;0.42857142857142855;negative;0.09895833333333333;1.1279761904761905;False;False;False;False;False;False;False;False;True;6;5;1;"[""gör"", ""yer"", ""ad"", ""ödül"", ""de"", ""parça""]";"[""ödül"", ""ödül""]";[];[];[];"[""suppressed_as_target""]"
2150;kıstası haline geldiği bir kültürel ortamda bu bilerek görmezden gelme tavrına şaşırmamak mı gerekiyor?;neutral;negative;0.0;1.2833333333333332;False;0.7857142857142857;0.2857142857142857;negative;0.0;1.1583333333333332;False;False;False;False;False;False;False;False;True;4;3;1;"[""hal"", ""ortam"", ""gör"", ""tavır""]";"[""tavır""]";[];[];[];"[""suppressed_as_target""]"
2151;önyargılarına tapmayan bir seyirci bu filmde çok ilginç ayrıntıları farkedebilir.;neutral;negative;0.0;0.75;False;0.8;0.1;positive;0.75;0.0;False;True;False;False;True;True;False;False;False;1;1;0;"[""önyargı""]";[];[];"[""tap""]";[];"[""negation_flip""]"
2152;Bu eser hakkında fazla söz etmeye gerek yok gibi geliyor bana.;neutral;negative;0.025;0.38928571428571423;False;0.9090909090909091;0.36363636363636365;negative;0.025;0.38928571428571423;False;False;False;False;False;False;False;False;False;4;4;0;"[""hak"", ""söz"", ""etme"", ""yok""]";"[""gerek""]";[];[];[];[]
2153;4 silahşörler in beyazperdeye geçişini oldukça başarılı buldum.;positive;positive;1.0;0.0;True;0.875;0.125;positive;1.0;0.0;True;False;False;False;False;False;True;False;False;1;1;0;"[""başarılı""]";[];"[""oldukça""]";[];[];"[""modifier_detected""]"
2154;Hikayenin de akıcılığı göz önüne alarak ben bu yapıma 10 puan üzerinden 8 puan veriyorum.;positive;positive;0.25;0.1875;True;0.9333333333333333;0.2;negative;0.0;0.1875;False;True;False;True;False;False;False;False;True;3;2;1;"[""de"", ""akıcılık"", ""al""]";"[""akıcılık""]";[];[];[];"[""suppressed_as_target""]"
2155;.aldığı puanı tam hakediyor.;positive;positive;0.20833333333333334;0.16666666666666666;True;0.75;0.5;positive;0.20833333333333334;0.16666666666666666;True;False;False;False;False;False;False;False;False;2;2;0;"[""al"", ""tam""]";"[""puan""]";[];[];[];[]
2156;Yaw bu filme bu puanı kimler verdi ise bir kere daha izlesin.;neutral;neutral;0.0;0.0;True;0.75;0.0;neutral;0.0;0.0;True;False;False;False;False;False;False;False;False;0;0;0;[];[];[];[];[];[]
2157;... öle bir film işte sıkılarak izlenebilen.;negative;neutral;0.0;0.0;False;0.6666666666666666;0.0;neutral;0.0;0.0;False;False;False;False;False;False;False;False;False;0;0;0;[];[];[];[];[];[]
2158;.. 8 puanlık deil.;negative;neutral;0.0;0.0;False;0.6666666666666666;0.0;neutral;0.0;0.0;False;False;False;False;False;False;False;False;False;0;0;0;[];[];[];[];[];[]
2159;Mutlaka uğrayın.;neutral;neutral;0.0;0.0;True;1.0;0.0;neutral;0.0;0.0;True;False;False;False;False;False;False;False;False;0;0;0;[];[];[];[];[];[]
2160;Şunu da söylemeden geçmiyim.;neutral;negative;0.0;0.022727272727272728;False;0.5;0.25;negative;0.0;0.022727272727272728;False;False;False;False;False;False;False;False;False;1;1;0;"[""da""]";[];[];[];[];[]
2161;Leonardonun bütüm filmleri güzel izlenmeye değer;positive;positive;0.45454545454545453;0.0;True;0.5;0.16666666666666666;positive;0.45454545454545453;0.0;True;False;False;False;False;False;False;False;False;1;1;0;"[""güzel""]";[];[];[];[];[]
2162;bence di caprio nun en güzel filmi;positive;positive;0.45454545454545453;0.0;True;0.7142857142857143;0.14285714285714285;positive;0.45454545454545453;0.0;True;False;False;False;False;False;True;False;False;1;1;0;"[""güzel""]";"[""film""]";"[""en""]";[];[];"[""modifier_detected""]"
2163;Bu filmi ben daha çocukken izlemiştim.;neutral;negative;0.0;0.03571428571428571;False;0.8333333333333334;0.16666666666666666;negative;0.0;0.03571428571428571;False;False;False;False;False;False;True;False;False;1;1;0;"[""çocuk""]";"[""ben""]";"[""daha""]";[];[];"[""modifier_detected""]"
2164;Unutamadıqım filmlerden biridir (:;positive;negative;0.0;0.08333333333333333;False;0.6666666666666666;0.3333333333333333;negative;0.0;0.08333333333333333;False;False;False;False;False;False;False;False;False;1;1;0;"[""biri""]";[];[];[];[];[]
2165;yillar önce sinemada izlmistim.;neutral;neutral;0.0;0.0;True;0.5;0.0;neutral;0.0;0.0;True;False;False;False;False;False;False;False;False;0;0;0;[];[];[];[];[];[]
2166;cok ahim sahim bir film degil.;neutral;positive;0.125;0.0;False;0.5;0.16666666666666666;positive;0.125;0.0;False;False;False;False;False;False;False;False;False;1;1;0;"[""ahi""]";[];[];[];[];[]
2167;ama kötü bir film de degil.;neutral;negative;0.0;0.9208333333333334;False;0.8333333333333334;0.3333333333333333;negative;0.0;0.9208333333333334;False;False;False;False;False;False;False;False;False;2;2;0;"[""kötü"", ""de""]";"[""film""]";[];[];[];[]
2168;Çok güzel bir film Leoda çok iyi oynamış yakışmış role kaçırılmayacak bir film bence aldığı puanın fazlasını hakediyo;positive;positive;1.0656565656565657;0.16666666666666666;True;0.7222222222222222;0.16666666666666666;positive;1.0656565656565657;0.16666666666666666;True;False;False;False;False;False;True;False;False;3;3;0;"[""güzel"", ""iyi"", ""al""]";"[""film"", ""leoda""]";"[""çok"", ""çok""]";[];[];"[""modifier_detected"", ""modifier_detected""]"
2169;Güzel gayet akıcı.;positive;positive;0.7045454545454546;0.0;True;1.0;0.6666666666666666;positive;0.7045454545454546;0.0;True;False;False;False;False;False;True;False;False;2;2;0;"[""güzel"", ""akıcı""]";[];"[""gayet""]";[];[];"[""modifier_detected""]"
2170;Süper bir film;positive;positive;0.5;0.0;True;1.0;0.3333333333333333;positive;0.5;0.0;True;False;False;False;False;False;False;False;False;1;1;0;"[""süper""]";"[""film""]";[];[];[];[]
2171;etkileyici konuşmalar ve hafızalardan silinmeyecek kareler var oyunculuklar harika;positive;positive;2.0;0.3333333333333333;True;0.8888888888888888;0.3333333333333333;positive;2.0;0.0;True;False;False;False;False;False;False;False;True;3;2;1;"[""etkileyici"", ""oyunculuk"", ""harika""]";"[""oyunculuk""]";[];[];[];"[""suppressed_as_target""]"
2172;Odyovizüel bir atışmanın gereğini yapan armonik sayıltısıyla izomorf bir grubun referansını alan nüktesel bir arbedeyi ima eden aktif komplimanlarıylada masalsı bir dilekçenin başlığını sunmuş frapan bir ihya.;neutral;positive;1.5;1.0;False;0.8888888888888888;0.14814814814814814;positive;1.5;0.0;False;False;False;False;False;False;False;False;True;4;3;1;"[""nükte"", ""arbede"", ""aktif"", ""frapan""]";"[""arbe"", ""komplimanlarıylada"", ""ihya""]";[];[];[];"[""suppressed_as_target""]"
2173;Çok iyi ve etkileyici bir film.;positive;positive;1.6111111111111112;0.0;True;1.0;0.3333333333333333;positive;1.6111111111111112;0.0;True;False;False;False;False;False;True;False;False;2;2;0;"[""iyi"", ""etkileyici""]";"[""film""]";"[""çok""]";[];[];"[""modifier_detected""]"
2174;Oyunculuklar da harika.;positive;positive;1.0;0.356060606060606;True;1.0;1.0;positive;1.0;0.022727272727272728;True;False;False;False;False;False;False;False;True;3;2;1;"[""oyunculuk"", ""da"", ""harika""]";"[""oyunculuk""]";[];[];[];"[""suppressed_as_target""]"
2175;kesinlikle cok güzel bir filmm.;positive;positive;0.45454545454545453;0.0;True;0.6;0.2;positive;0.45454545454545453;0.0;True;False;False;False;False;False;True;False;False;1;1;0;"[""güzel""]";"[""filmm""]";"[""cok""]";[];[];"[""modifier_detected""]"
2176;..hiç sıkmadan kendini izletmeyi basarıyor.;positive;negative;0.0;0.5;False;0.6;0.2;negative;0.0;0.5;False;False;False;False;False;False;False;False;False;1;1;0;"[""hiç""]";[];[];[];[];[]
2177;..zaten oyncularda süper kesinlikle izlemeyen kaldıysa izlesin.;positive;positive;0.5;0.0;True;0.5714285714285714;0.14285714285714285;positive;0.5;0.0;True;False;False;False;False;False;False;False;False;1;1;0;"[""süper""]";[];[];[];[];[]
2178;birimiz hepimiz hepimiz birimiz için felsefesini bir kez dah izlmek isteyenler için kaçırılmaz fırsat olmakla la beraber öyle cok da muheteşem bir film değil anlatıldığı gibi;neutral;negative;0.0;0.022727272727272728;False;0.7307692307692307;0.038461538461538464;negative;0.0;0.022727272727272728;False;False;False;False;False;False;False;False;False;1;1;0;"[""da""]";[];[];[];[];[]
2179;Leonardo DiCaprio'nun en iyi 2. filmi. kesinlikle süper.;positive;positive;1.1111111111111112;0.0;True;0.75;0.25;positive;1.1111111111111112;0.0;True;False;False;False;False;False;True;False;False;2;2;0;"[""iyi"", ""süper""]";"[""2.""]";"[""en"", ""kesinlik""]";[];[];"[""modifier_detected"", ""modifier_detected""]"
2180;kurgusu senaryosu herşeyi muhteşem.;positive;positive;0.5;0.0;True;0.75;0.25;positive;0.5;0.0;True;False;False;False;False;False;False;False;False;1;1;0;"[""muhteşem""]";"[""senaryo""]";[];[];[];[]
2181;Şimdiye kadar izlediğim en iyi 2 filmden biri.;positive;positive;0.6111111111111112;0.08333333333333333;True;0.75;0.25;positive;0.6111111111111112;0.08333333333333333;True;False;False;False;False;False;True;False;False;2;2;0;"[""iyi"", ""biri""]";"[""film""]";"[""en""]";[];[];"[""modifier_detected""]"
2182;Sinemada peşpeşe 2 seansına girdim.;neutral;neutral;0.0;0.0;True;0.6;0.0;neutral;0.0;0.0;True;False;False;False;False;False;False;False;False;0;0;0;[];[];[];[];[];[]
2183;Kadro müthiş gabriel muhteşemdi.;positive;positive;0.5;0.375;True;0.75;0.5;positive;0.5;0.375;True;False;False;False;False;False;False;False;False;2;2;0;"[""müthiş"", ""muhteşem""]";"[""gabriel"", ""kadro""]";[];[];[];[]
2184;di caprioda bu ustalardan baya oyunculuk öğrenmiş sırıtmamış 2 rolünde üstesinden çok iyi gelmiş.;positive;positive;0.7777777777777778;0.3333333333333333;True;0.7142857142857143;0.21428571428571427;positive;0.7777777777777778;0.0;True;False;False;False;False;False;False;False;True;3;2;1;"[""usta"", ""oyunculuk"", ""iyi""]";"[""oyunculuk""]";[];[];[];"[""suppressed_as_target""]"
2185;Tek kelimeyle muhteşem bir başyapıt!;positive;positive;0.5;0.0;True;1.0;0.2;positive;0.5;0.0;True;False;False;False;False;False;False;False;False;1;1;0;"[""muhteşem""]";"[""başyapıt""]";[];[];[];[]
2186;çok kaliteli ve hoş bir film izleyeli uzun süre olsa da ne kadar çok beğendiğimi hatırlıyorum.;positive;positive;1.0;0.022727272727272728;True;0.8125;0.125;positive;1.0;0.022727272727272728;True;False;False;False;False;False;True;False;False;2;2;0;"[""kaliteli"", ""da""]";"[""film""]";"[""çok""]";[];[];"[""modifier_detected""]"
2187;..izlemenizi tavsiye ederim;positive;positive;0.125;0.0;True;1.0;0.3333333333333333;positive;0.125;0.0;True;False;False;False;False;False;False;False;False;1;1;0;"[""tavsiye""]";[];[];[];[];[]
2188;tartanyan ne efsaneydı ama ne kadar heyecan la ızlemıstık ya cok sevdıgım fılmlerden ınanılmaz guzel;positive;neutral;0.0;0.0;False;0.4666666666666667;0.0;neutral;0.0;0.0;False;False;False;False;False;False;False;False;False;0;0;0;[];[];[];[];[];[]
2189;atos patos aramis ve dartanyan bu üç silahşörlerin hikayesi hep karizmatik gelmiştir bana yine karizmatik bir filmde biraraya gelmişler.;neutral;positive;2.0;0.0;False;0.5789473684210527;0.10526315789473684;positive;2.0;0.0;False;False;False;False;False;False;False;False;False;2;2;0;"[""karizmatik"", ""karizmatik""]";"[""hikaye"", ""film""]";[];[];[];[]
2190;. bence film çok güzeldi.;positive;positive;0.45454545454545453;0.0;True;1.0;0.25;positive;0.45454545454545453;0.0;True;False;False;False;False;False;True;False;False;1;1;0;"[""güzel""]";"[""film""]";"[""çok""]";[];[];"[""modifier_detected""]"
2191;. ilk başlarda dartanyanın kralım da kralım demesine bir anlam veremiyordum.;neutral;positive;0.5;0.043560606060606064;False;0.8;0.4;positive;0.25;0.043560606060606064;False;False;False;False;False;False;False;False;True;4;3;1;"[""kral"", ""da"", ""kral"", ""de""]";"[""kral""]";[];[];[];"[""suppressed_as_target""]"
2192;. bu kadar kötü bir krala bu kadar bağlılık fazla diyordum ama öz ve öz oğluymuş.;negative;negative;0.7651515151515151;0.9208333333333334;True;1.0;0.4;negative;0.4318181818181819;0.9208333333333334;True;False;False;False;False;False;False;True;True;6;5;1;"[""kötü"", ""kral"", ""bağlılık"", ""de"", ""öz"", ""öz""]";"[""kral"", ""bağlılık"", ""bağlılık"", ""oğul""]";[];[];"[""ama""]";"[""suppressed_as_target"", ""contrast_detected""]"
2193;. onu öğrenince nedenini anladım.;neutral;neutral;0.0;0.0;True;0.5;0.0;neutral;0.0;0.0;True;False;False;False;False;False;False;False;False;0;0;0;[];[];[];[];[];[]
2194;. Kraliyet koruyucularının en cesurları ve en iyileri olarak efsaneleşmiş kahramanlıkları ve tutkularıyla savaştıkları zamanın üzerinden yıllar geçmiş.;neutral;positive;1.9861111111111112;0.425;False;0.9411764705882353;0.29411764705882354;positive;1.9861111111111112;0.425;False;False;False;False;False;False;True;False;False;5;5;0;"[""cesur"", ""iyi"", ""kahramanlık"", ""savaş"", ""geçmiş""]";"[""yıl""]";"[""en"", ""en""]";[];[];"[""modifier_detected"", ""modifier_detected""]"
2195;Athos (John Malkovich) oğlu Raoul'u yetiştiriyor ve basit bir hayat sürdürüyor.;neutral;positive;0.1;0.0;False;0.45454545454545453;0.09090909090909091;positive;0.1;0.0;False;False;False;False;False;False;False;False;False;1;1;0;"[""basit""]";"[""hayat""]";[];[];[];[]
2196;Porthos (Gérard Depardieu) daha şişman ve yaşlı olsa da hala eski zamanlardaki büyük savaşları özlüyor.;neutral;negative;0.0;1.3143939393939394;False;0.7333333333333333;0.26666666666666666;negative;0.0;1.3143939393939394;False;False;False;False;False;False;True;False;False;4;4;0;"[""şişman"", ""da"", ""eski"", ""savaş""]";"[""zaman""]";"[""daha""]";[];[];"[""modifier_detected""]"
2197;Aramis (Jeremy Irons) ise kaderini takip etmiş bir rahip olmuş.;neutral;negative;0.0;0.375;False;0.7;0.1;negative;0.0;0.375;False;False;False;False;False;False;False;False;False;1;1;0;"[""kader""]";"[""aramis""]";[];[];[];[]
2198;Sadece d'Artagnan (Gabriel Byrne) silahşörlerin başı olarak krala hizmet ediyor.;positive;positive;0.25;0.0;True;0.6;0.1;positive;0.25;0.0;True;False;False;False;False;False;False;False;False;1;1;0;"[""kral""]";[];[];[];[];[]
2199;Yıl 1660 ve Fransa zor günler geçiriyor.;negative;negative;0.0;0.5833333333333334;True;0.7142857142857143;0.14285714285714285;negative;0.0;0.5833333333333334;True;False;False;False;False;False;False;False;False;1;1;0;"[""zor""]";"[""gün""]";[];[];[];[]
2200;Silahşörlerin hizmet ettiği büyük kral xIII.;positive;positive;0.25;0.0;True;0.6666666666666666;0.16666666666666666;positive;0.25;0.0;True;False;False;False;False;False;False;False;False;1;1;0;"[""kral""]";"[""xııı""]";[];[];[];[]
2201;Louis ölmüş yerine kibirli ve acımasız varisi XIV.;negative;negative;0.015625;1.75;True;0.75;0.5;negative;0.015625;1.75;True;False;False;False;False;False;False;False;False;4;4;0;"[""yer"", ""kibirli"", ""acımasız"", ""varis""]";"[""xıv"", ""varis"", ""xıv""]";[];[];[];[]
2202;Louis (Leonardo DiCaprio) geçmiş.;neutral;negative;0.0;0.05;False;0.25;0.25;negative;0.0;0.05;False;False;False;False;False;False;False;False;False;1;1;0;"[""geçmiş""]";"[""louis""]";[];[];[];[]
2203;Bu sırada Bastille'de neredeyse 10 yıldır yüzü maske ile saklanan bir kişi hapis yatıyor.;neutral;negative;0.0;0.35;False;0.8571428571428571;0.14285714285714285;negative;0.0;0.35;False;False;False;False;False;False;False;False;False;2;2;0;"[""maske"", ""hapis""]";"[""kişi""]";[];[];[];[]
2204;Silahşörler bir milleti kurtarmak için yeniden birleşip şimdiye kadarki en tehlikeli görevlerini yüklenmek zorundalar :;neutral;negative;0.0;1.0;False;0.5714285714285714;0.07142857142857142;negative;0.0;1.0;False;False;False;False;False;False;False;False;False;1;1;0;"[""tehlikeli""]";[];[];[];[];[]
2205;bu mahkumu kurtarıp gizli kimliğini ortaya çıkarmak.;neutral;negative;0.0;0.3333333333333333;False;0.7142857142857143;0.14285714285714285;negative;0.0;0.3333333333333333;False;False;False;False;False;False;False;False;False;1;1;0;"[""mahkum""]";[];[];[];[];[]
2206;Biri hepsi hepsi biri için.;neutral;negative;0.0;0.16666666666666666;False;1.0;0.4;negative;0.0;0.16666666666666666;False;False;False;False;False;False;False;False;False;2;2;0;"[""biri"", ""biri""]";"[""hepsi""]";[];[];[];[]
2207;14-15 yaşımda okumuş olmama rağmen hala aklımda kitabı gerçekten hoştu.;positive;negative;0.0;0.625;False;1.0;0.18181818181818182;negative;0.0;0.625;False;False;False;False;False;False;False;False;False;2;2;0;"[""yaş"", ""rağmen""]";[];[];[];[];[]
2208;. ama bilindiği üzre hiç bi yapım kitabın yerini tutamıyor.;neutral;negative;0.015625;0.5;False;0.7777777777777778;0.2222222222222222;negative;0.0;0.515625;False;False;False;False;False;True;False;True;False;2;2;0;"[""hiç"", ""yer""]";[];[];"[""tut""]";"[""ama""]";"[""negation_flip"", ""contrast_detected""]"
2209;bu filmi çok bğendiğimi hatırlıyorum.;positive;neutral;0.0;0.0;False;0.6;0.0;neutral;0.0;0.0;False;False;False;False;False;False;False;False;False;0;0;0;[];[];[];[];[];[]
2210;açıkçası izleyeli çok oldu.;neutral;neutral;0.0;0.0;True;0.75;0.0;neutral;0.0;0.0;True;False;False;False;False;False;False;False;False;0;0;0;[];[];[];[];[];[]
2211;geçen gün televizyonda karşılaştım.;neutral;neutral;0.0;0.0;True;0.75;0.0;neutral;0.0;0.0;True;False;False;False;False;False;False;False;False;0;0;0;[];[];[];[];[];[]
2212;şöyle bir daha filmi izlmeiş ve bilgilerimi tazelemiş oldum.;neutral;neutral;0.0;0.0;True;0.7777777777777778;0.0;neutral;0.0;0.0;True;False;False;False;False;False;False;False;False;0;0;0;[];[];[];[];[];[]
2213;yanılmamışım.;neutral;neutral;0.0;0.0;True;0.0;0.0;neutral;0.0;0.0;True;False;False;False;False;False;False;False;False;0;0;0;[];[];[];[];[];[]
2214;bu filmi beğenmiştim =);positive;neutral;0.0;0.0;False;0.6666666666666666;0.0;neutral;0.0;0.0;False;False;False;False;False;False;False;False;False;0;0;0;[];[];[];[];[];[]
2215;film tek kelime süper hele ilk izlerken tekrar izleyince bile bıkılmayan cinsten hele silahşörlerin koştuğu askerlerin bi türlü vuramadıkları gözlerini kapettıkları yer HARİKA;positive;positive;1.515625;0.041666666666666664;True;0.6521739130434783;0.17391304347826086;positive;1.5416666666666665;0.0;True;False;False;False;False;True;False;False;True;4;3;1;"[""süper"", ""cins"", ""yer"", ""harika""]";"[""kelime"", ""yer""]";[];"[""bıkıl""]";[];"[""negation_flip"", ""suppressed_as_target""]"
2216;güzel bir filmdi uzun olan süresine(132 dakika) rağmen sizi sıkmıyor akıcı olay örgüsüne sahip tabiki çok iyi oyuncular mekanlar filmi izlenir kılan unsurlar.;positive;positive;1.3156565656565657;0.7;True;0.875;0.20833333333333334;positive;1.3156565656565657;0.7;True;False;False;False;False;False;True;False;False;5;5;0;"[""güzel"", ""rağmen"", ""akıcı"", ""iyi"", ""kıl""]";"[""film"", ""olay"", ""oyuncu""]";"[""çok""]";[];[];"[""modifier_detected""]"
2217;ayrıca gerard yine çok komikti.;neutral;positive;0.125;0.0;False;0.8;0.2;positive;0.125;0.0;False;False;False;False;False;False;True;False;False;1;1;0;"[""komik""]";"[""gerard""]";"[""ayrıca"", ""yine"", ""çok""]";[];[];"[""modifier_detected""]"
2218;bence aksiyon biraz daha fazla olmalıydı.;neutral;neutral;0.0;0.0;True;1.0;0.0;neutral;0.0;0.0;True;False;False;False;False;False;False;False;False;0;0;0;[];[];[];[];[];[]
2219;gişede çok iyi sonuçlara imza atamadı fakat izlenmeye kesin değer bir film.;positive;positive;0.6111111111111112;0.0;True;0.9166666666666666;0.08333333333333333;positive;0.6111111111111112;0.0;True;False;False;False;False;False;True;False;False;1;1;0;"[""iyi""]";"[""sonuç""]";"[""çok""]";[];[];"[""modifier_detected""]"
2220;"""anti leo'yum sanırım ama ısrarla """"""""Whats eating gilbert"""""""" filmini johnny depp icin deil ama ozellikle johnny ci olmmama ramen leonardıo icin lutfen izleyin yaa""""""";neutral;neutral;0.0;0.0;True;0.20833333333333334;0.0;neutral;0.0;0.0;True;False;False;False;False;False;False;False;False;0;0;0;[];[];[];[];[];[]
2221;"""mekan oluşturuluşu kostümleri o dönemi yansıtması bakımından iktidar mücadelesinin insanı nasıl körleştirdiğinide gösteren leonardo di caprio'yu oyunculuk açısından pek beğenmesemde diğer oyunculuklarla iyi bir film""""""";positive;negative;0.7361111111111112;0.8333333333333333;False;0.76;0.2;negative;0.7361111111111112;0.8333333333333333;False;False;False;False;False;False;False;False;False;5;5;0;"[""mücadele"", ""oyunculuk"", ""pek"", ""oyunculuk"", ""iyi""]";"[""insan"", ""caprio'yu"", ""film""]";[];[];[];[]
2222;Bayıldım bu filme .;positive;neutral;0.0;0.0;False;0.6666666666666666;0.0;neutral;0.0;0.0;False;False;False;False;False;False;False;False;False;0;0;0;[];[];[];[];[];[]
2223;Oyunculuk harika kurgu kostümler ve senaryo harika.;positive;positive;2.0;0.3333333333333333;True;1.0;0.42857142857142855;positive;2.0;0.3333333333333333;True;False;False;False;False;False;False;False;False;3;3;0;"[""oyunculuk"", ""harika"", ""harika""]";"[""kurgu"", ""senaryo""]";[];[];[];[]
2224;Di Caprio bu filmle Hollwood'a giriş yaptı diyebilirim küçükken okuduğum demir maske romanının aynı ne diyeyim çok güzel tavsiye ederim.;positive;positive;0.5795454545454546;0.19166666666666668;True;0.8;0.25;positive;0.5795454545454546;0.19166666666666668;True;False;False;False;False;False;True;False;False;5;5;0;"[""de"", ""maske"", ""de"", ""güzel"", ""tavsiye""]";"[""caprio"", ""roman"", ""tavsiye"", ""caprio""]";"[""küçükken"", ""çok""]";[];[];"[""modifier_detected"", ""modifier_detected""]"
2225;ilk versiyonu çok daha iyidi.;positive;neutral;0.0;0.0;False;0.8;0.0;neutral;0.0;0.0;False;False;False;False;False;False;False;False;False;0;0;0;[];[];[];[];[];[]
2226;Richard chamberlain faktörü.;neutral;neutral;0.0;0.0;True;0.0;0.0;neutral;0.0;0.0;True;False;False;False;False;False;False;False;False;0;0;0;[];[];[];[];[];[]
2227;çok güzel leonardo var yorum yok;positive;positive;0.45454545454545453;0.21428571428571427;True;0.8333333333333334;0.3333333333333333;positive;0.45454545454545453;0.21428571428571427;True;False;False;False;False;False;True;False;False;2;2;0;"[""güzel"", ""yok""]";"[""leonardo"", ""yorum""]";"[""çok""]";[];[];"[""modifier_detected""]"
2228;yeterince guzel oyuculuk ve eglenceye sahiptp bence.;positive;neutral;0.0;0.0;False;0.5714285714285714;0.0;neutral;0.0;0.0;False;False;False;False;False;False;False;False;False;0;0;0;[];[];[];[];[];[]
2229;depardeu cok komikti.;neutral;positive;0.125;0.0;False;0.3333333333333333;0.3333333333333333;positive;0.125;0.0;False;False;False;False;False;False;True;False;False;1;1;0;"[""komik""]";"[""depardeu""]";"[""cok""]";[];[];"[""modifier_detected""]"
2230;tabi usta oyuncu kadrosu ayrı avantaj bu fil için;positive;positive;0.16666666666666666;0.0;True;1.0;0.1111111111111111;positive;0.16666666666666666;0.0;True;False;False;False;False;False;False;False;False;1;1;0;"[""usta""]";"[""oyuncu""]";[];[];[];[]
2231;Oldukça iyi bir film.;positive;positive;0.6111111111111112;0.0;True;1.0;0.25;positive;0.6111111111111112;0.0;True;False;False;False;False;False;True;False;False;1;1;0;"[""iyi""]";"[""film""]";"[""oldukça""]";[];[];"[""modifier_detected""]"
2232;Oyunculuklar da iyi.;positive;positive;0.6111111111111112;0.356060606060606;True;1.0;1.0;positive;0.6111111111111112;0.022727272727272728;True;False;False;False;False;False;False;False;True;3;2;1;"[""oyunculuk"", ""da"", ""iyi""]";"[""oyunculuk""]";[];[];[];"[""suppressed_as_target""]"
2233;Uzun ama pek sıkılmıyorsunuz.;neutral;positive;0.125;0.0;False;0.75;0.25;negative;0.0;0.125;False;True;False;False;True;True;False;True;False;1;1;0;"[""pek""]";[];[];"[""sıkıl""]";"[""ama""]";"[""negation_flip"", ""contrast_detected""]"
2234;film sırasında çok sıkıldım uykum geldii;negative;neutral;0.0;0.0;False;0.6666666666666666;0.0;neutral;0.0;0.0;False;False;False;False;False;False;False;False;False;0;0;0;[];[];[];[];[];[]
2235;gerçekten çok başarılı uzun olmasına rağmen oldukça akıcı bir film.;positive;positive;1.25;0.5;True;1.0;0.3;positive;1.25;0.5;True;False;False;False;False;False;True;False;False;3;3;0;"[""başarılı"", ""rağmen"", ""akıcı""]";"[""film""]";"[""çok"", ""oldukça""]";[];[];"[""modifier_detected"", ""modifier_detected""]"
2236;oyuncu kadrosununda bayağı kaliteli olduğu bu film gerçekten izlenmeye değer.;positive;positive;1.05;0.0;True;0.8;0.2;positive;1.05;0.0;True;False;False;False;False;False;True;False;False;2;2;0;"[""bayağı"", ""kaliteli""]";[];"[""bayağı""]";[];[];"[""modifier_detected""]"
2237;iyiydi izlenebilir güzeldi;positive;positive;1.0656565656565657;0.0;True;0.6666666666666666;0.6666666666666666;positive;1.0656565656565657;0.0;True;False;False;False;False;False;True;False;False;2;2;0;"[""iyi"", ""güzel""]";[];"[""iyi""]";[];[];"[""modifier_detected""]"
2238;herkesin izlemesi mutlaka gereken en güsel 10filmden birisi.;positive;negative;0.0;0.08333333333333333;False;0.625;0.125;negative;0.0;0.08333333333333333;False;False;False;False;False;False;False;False;False;1;1;0;"[""biri""]";[];[];[];[];[]
2239;..tamamen bir başyapıt bana göre verilen puanıda haketmior şu an itibariyle 7.9....10 üzerinden 10luk bi film izlemeyen warsa mutlaka temin etsin ve izlesin.;positive;positive;0.125;0.0;True;0.72;0.04;positive;0.125;0.0;True;False;False;False;False;False;True;False;False;1;1;0;"[""temin""]";"[""başyapıt""]";"[""mutlaka""]";[];[];"[""modifier_detected""]"
2240;tipik ikiz kardeş biri iyi diğeri kötü klişesini etkileyici tarzda ele almışlar.;positive;positive;1.6111111111111112;1.2750000000000001;True;1.0;0.5;positive;1.6111111111111112;1.0666666666666667;True;False;False;False;False;False;False;False;True;6;4;2;"[""biri"", ""iyi"", ""kötü"", ""klişe"", ""etkileyici"", ""al""]";"[""diğer"", ""klişe"", ""biri""]";[];[];[];"[""suppressed_as_target"", ""suppressed_as_target""]"
2241;ben çok beğendim.;positive;neutral;0.0;0.0;False;0.6666666666666666;0.0;neutral;0.0;0.0;False;False;False;False;False;False;False;False;False;0;0;0;[];[];[];[];[];[]
2242;aynı kral olma kavgaları kendi ülkemizde de az yaşanmadı değil.;neutral;positive;1.25;0.7708333333333334;False;1.0;0.5;positive;1.5;0.020833333333333332;False;False;False;False;False;True;True;False;True;5;4;1;"[""kral"", ""kavga"", ""de"", ""az"", ""yaşa""]";"[""kavga"", ""kavga""]";"[""az""]";"[""yaşa"", ""yaşa"", ""yaşa"", ""değil""]";[];"[""suppressed_as_target"", ""negation_flip"", ""modifier_detected""]"
2243;kardeş katli felan.;neutral;negative;0.0;0.6666666666666666;False;0.6666666666666666;0.3333333333333333;negative;0.0;0.6666666666666666;False;False;False;False;False;False;False;False;False;1;1;0;"[""katil""]";[];[];[];[];[]
2244;çok güzeeell.;positive;neutral;0.0;0.0;False;0.5;0.0;neutral;0.0;0.0;False;False;False;False;False;False;False;False;False;0;0;0;[];[];[];[];[];[]
2245;.dünya malı için kardeşin kardeşe neler edebileceğini çok iyi anlatmış.;positive;positive;0.6111111111111112;0.4;True;0.9;0.2;positive;0.6111111111111112;0.4;True;False;False;False;False;False;False;False;False;2;2;0;"[""mal"", ""iyi""]";"[""ne"", ""ne""]";[];[];[];[]
2246;.harika tarihi bir filmm;positive;positive;1.0;0.0;True;0.75;0.25;positive;1.0;0.0;True;False;False;False;False;False;False;False;False;1;1;0;"[""harika""]";[];[];[];[];[]
2247;çok sağlam kadrolu bir film izlenmesi gereken bir yapım leo yine kendini aşmış tarihi bir dram sevenlerinin kaçırmaması gerekir;positive;positive;0.625;0.1875;True;0.7894736842105263;0.10526315789473684;positive;0.625;0.1875;True;False;False;False;False;False;True;False;False;2;2;0;"[""sağlam"", ""dram""]";"[""kadro""]";"[""çok""]";[];[];"[""modifier_detected""]"
2248;gerard d. en iyi performanslarından biri bu filmde hani derler ya o rolü ondan iyisi yapamazdı die.;positive;positive;1.2222222222222223;0.08333333333333333;True;0.7647058823529411;0.17647058823529413;negative;0.6111111111111112;0.6944444444444445;False;True;False;True;False;True;True;False;False;3;3;0;"[""iyi"", ""biri"", ""iyi""]";"[""performans"", ""rol""]";"[""en""]";"[""yap""]";[];"[""modifier_detected"", ""negation_flip""]"
2249;""". kesinlikle izlenmesi gereken bir film""""""";positive;neutral;0.0;0.0;False;0.8;0.0;neutral;0.0;0.0;False;False;False;False;False;False;False;False;False;0;0;0;[];[];[];[];[];[]
2250;Filmi izliyeli çok oldu ama hala aklımda muhteşem güzel bir film olmuş konu zengini etkileyici çok uzun sürmesine rağmen seyirciyi sıkmaması ve olayların birbirine çok güzel bağlandığı bir film olmuş saygılarımla;positive;positive;3.971590909090909;0.5;True;0.9032258064516129;0.22580645161290322;positive;3.971590909090909;0.5;True;False;False;False;False;False;True;False;False;7;7;0;"[""muhteşem"", ""güzel"", ""zengin"", ""etkileyici"", ""rağmen"", ""güzel"", ""saygı""]";"[""film"", ""film"", ""olay"", ""film""]";"[""çok""]";[];[];"[""modifier_detected""]"
2251;bu kadar güzel bir kadro ve böylesine güzel bir senaryoya kimse kötü bir film ile karşılaşacağını zannetmez.;negative;positive;0.9090909090909091;0.9;False;0.8823529411764706;0.17647058823529413;positive;0.9090909090909091;0.9;False;False;False;False;False;False;True;False;False;3;3;0;"[""güzel"", ""güzel"", ""kötü""]";"[""kadro"", ""senaryo"", ""film""]";"[""böylesine""]";[];[];"[""modifier_detected""]"
2252;zaten öylede.;neutral;neutral;0.0;0.0;True;1.0;0.0;neutral;0.0;0.0;True;False;False;False;False;False;False;False;False;0;0;0;[];[];[];[];[];[]
2253;4 4lük bir film.;positive;neutral;0.0;0.0;False;0.75;0.0;neutral;0.0;0.0;False;False;False;False;False;False;False;False;False;0;0;0;[];[];[];[];[];[]
2254;şahsen ben demir maskeli adamı leo için izlemiştim;positive;negative;0.0;0.022727272727272728;False;0.75;0.125;negative;0.0;0.022727272727272728;False;False;False;False;False;False;False;False;False;1;1;0;"[""adam""]";"[""ben""]";[];[];[];[]
2255;böyle bir kadro yok.;neutral;negative;0.0;0.21428571428571427;False;1.0;0.25;negative;0.0;0.21428571428571427;False;False;False;False;False;False;False;False;False;1;1;0;"[""yok""]";"[""kadro""]";[];[];[];[]
2256;....çok iyi oyuncuları bir araya getirmiş bir film.;positive;positive;0.6111111111111112;0.0;True;0.875;0.125;positive;0.6111111111111112;0.0;True;False;False;False;False;False;True;False;False;1;1;0;"[""iyi""]";"[""oyuncu""]";"[""....çok""]";[];[];"[""modifier_detected""]"
2257;atmosfer iyi görüntüler güzel daha ne denir.;positive;positive;1.0656565656565657;0.020833333333333332;True;1.0;0.42857142857142855;positive;1.0656565656565657;0.020833333333333332;True;False;False;False;False;False;False;False;False;3;3;0;"[""iyi"", ""güzel"", ""de""]";"[""görüntü"", ""görüntü"", ""atmosfer""]";[];[];[];[]
2258;filmi ben çok begenmiştim atmosferi kendisi yaratıyor oyunculara söylenecek söz yok leonardo süper oynamış.;positive;positive;0.5;0.2642857142857143;True;0.6428571428571429;0.21428571428571427;positive;0.5;0.21428571428571427;True;False;False;False;False;False;False;False;True;3;2;1;"[""söz"", ""yok"", ""süper""]";"[""söz"", ""leonardo""]";[];[];[];"[""suppressed_as_target""]"
2259;Filmin kadrosu süper.;positive;positive;0.5;0.0;True;1.0;0.3333333333333333;positive;0.5;0.0;True;False;False;False;False;False;False;False;False;1;1;0;"[""süper""]";"[""kadro""]";[];[];[];[]
2260;bence cast cok iyi ve de rollerini iyi oynamislar.;positive;positive;1.2222222222222223;0.020833333333333332;True;0.6666666666666666;0.3333333333333333;positive;1.2222222222222223;0.020833333333333332;True;False;False;False;False;False;True;False;False;3;3;0;"[""iyi"", ""de"", ""iyi""]";"[""cast"", ""rol""]";"[""cok""]";[];[];"[""modifier_detected""]"
2261;gabriel bryne ise dartagnan rolunde super.;positive;neutral;0.0;0.0;False;0.16666666666666666;0.0;neutral;0.0;0.0;False;False;False;False;False;False;False;False;False;0;0;0;[];[];[];[];[];[]
2262;cok karizmatik.;positive;positive;1.0;0.0;True;0.5;0.5;positive;1.0;0.0;True;False;False;False;False;False;True;False;False;1;1;0;"[""karizmatik""]";[];"[""cok""]";[];[];"[""modifier_detected""]"
2263;leonardo gerçekten çok iyiydi.;positive;positive;0.6111111111111112;0.0;True;0.75;0.25;positive;0.6111111111111112;0.0;True;False;False;False;False;False;True;False;False;1;1;0;"[""iyi""]";"[""leonardo""]";"[""gerçekten"", ""çok""]";[];[];"[""modifier_detected""]"
2264;film izlenmeye değer.;positive;neutral;0.0;0.0;False;0.6666666666666666;0.0;neutral;0.0;0.0;False;False;False;False;False;False;False;False;False;0;0;0;[];[];[];[];[];[]
2265;"""berbat bi yeniden çevrim mükemmel oyuncular var ama harcanmışlar hiç kendilerini senaryo yüzünden gösterememişler 2/10 7 7 yi kesinlikle haketmiyo""""""";negative;positive;1.0;0.5;False;0.8095238095238095;0.09523809523809523;positive;1.5;0.0;False;False;False;False;False;True;False;True;False;2;2;0;"[""mükemmel"", ""hiç""]";"[""oyuncu""]";[];"[""göster""]";"[""ama""]";"[""negation_flip"", ""contrast_detected""]"
2266;kadro cok gusel ama leo fılmı bosmus sadce yakıkslı oldugu cıcın onu secmelrı hata olmus;neutral;negative;0.0;0.16666666666666666;False;0.26666666666666666;0.06666666666666667;negative;0.0;0.16666666666666666;False;False;False;False;False;False;False;False;False;1;1;0;"[""hata""]";[];[];[];[];[]
2267;bu tarz filmlere bayılıyorum film çok zevkli;positive;positive;0.75;0.0;True;0.8571428571428571;0.14285714285714285;positive;0.75;0.0;True;False;False;False;False;False;True;False;False;1;1;0;"[""zevkli""]";"[""film""]";"[""çok""]";[];[];"[""modifier_detected""]"
2268;bu film gişede neden başarılı olmadı anlamıyorum acyip güzel film benim için ilk 5 te;positive;positive;1.4545454545454546;0.0;True;0.8666666666666667;0.13333333333333333;positive;1.4545454545454546;0.0;True;False;False;False;False;True;True;False;False;2;2;0;"[""başarılı"", ""güzel""]";"[""film"", ""film""]";"[""acyip""]";"[""ol"", ""anla""]";[];"[""modifier_detected""]"
2269;şahsen benim favori filmim.;positive;neutral;0.0;0.0;False;1.0;0.0;neutral;0.0;0.0;False;False;False;False;False;False;False;False;False;0;0;0;[];[];[];[];[];[]
2270;.izlemeyenlere şiddetle tavsiye ederim.;positive;negative;0.125;0.16666666666666666;False;0.75;0.5;negative;0.125;0.16666666666666666;False;False;False;False;False;False;True;False;False;2;2;0;"[""şiddet"", ""tavsiye""]";[];"[""şiddet""]";[];[];"[""modifier_detected""]"
2271;kitabına en yakışacak film bana göre.;positive;neutral;0.0;0.0;False;0.8333333333333334;0.0;neutral;0.0;0.0;False;False;False;False;False;False;False;False;False;0;0;0;[];[];[];[];[];[]
2272;.Çok etkilendim;neutral;neutral;0.0;0.0;True;0.5;0.0;neutral;0.0;0.0;True;False;False;False;False;False;False;False;False;0;0;0;[];[];[];[];[];[]
2273;keyifle zaman geçirebileceginiz güzel bir film.;positive;positive;0.6331168831168831;0.0;True;0.8333333333333334;0.3333333333333333;positive;0.6331168831168831;0.0;True;False;False;False;False;False;False;False;False;2;2;0;"[""keyif"", ""güzel""]";"[""film""]";[];[];[];[]
2274;o dönemi çok güzel yansıtmış olan çok hoş bir film birimiz hepimiz hepimiz birimiz için;positive;positive;0.45454545454545453;0.0;True;0.9333333333333333;0.06666666666666667;positive;0.45454545454545453;0.0;True;False;False;False;False;False;True;False;False;1;1;0;"[""güzel""]";"[""dönem""]";"[""çok""]";[];[];"[""modifier_detected""]"
2275;filmde sanki bisiler eksik bole aceleye getirilmis felan gbi geldi bana.;negative;negative;0.0;0.20833333333333331;True;0.5454545454545454;0.18181818181818182;negative;0.0;0.20833333333333331;True;False;False;False;False;False;False;False;False;2;2;0;"[""eksik"", ""acele""]";"[""acele"", ""bisiler""]";[];[];[];[]
2276;ama o donemi guzel yansitmis amcalarimiz;positive;neutral;0.0;0.0;False;0.5;0.0;neutral;0.0;0.0;False;False;False;False;False;False;False;False;False;0;0;0;[];[];[];[];[];[]
2277;ben çok sevdim her ne kadar leonardo filme pek yakışmasada gerçekten çok güzel film.;positive;positive;0.5795454545454546;0.0;True;0.7857142857142857;0.14285714285714285;positive;0.5795454545454546;0.0;True;False;False;False;False;False;True;False;False;2;2;0;"[""pek"", ""güzel""]";"[""film""]";"[""gerçekten"", ""çok""]";[];[];"[""modifier_detected""]"
2278;Birimiz Hepimizi Hepimiz Birimiz için sözü size bişey çağırışturıyosa izleyin iyi film en fazla 2 izlemelik ömrü var ama-----İYİ SEYİRLER---;positive;positive;1.8055555555555556;0.05;True;0.8571428571428571;0.23809523809523808;positive;1.3055555555555556;0.05;True;False;False;False;False;False;False;True;True;5;4;1;"[""söz"", ""iyi"", ""ömür"", ""iyi"", ""seyir""]";"[""birim"", ""film"", ""seyir"", ""ömür""]";[];[];"[""ama"", ""ama""]";"[""suppressed_as_target"", ""contrast_detected""]"
2279;:) Gabriel Byrne ile Di Caprio'nun nesi başarılı?;positive;positive;1.0;0.0;True;0.5714285714285714;0.14285714285714285;positive;1.0;0.0;True;False;False;False;False;False;False;False;False;1;1;0;"[""başarılı""]";"[""gabriel""]";[];[];[];[]
2280;Tabi ki performansı.;neutral;neutral;0.0;0.0;True;1.0;0.0;neutral;0.0;0.0;True;False;False;False;False;False;False;False;False;0;0;0;[];[];[];[];[];[]
2281;fazla beklenti içinde değildim ama yine de beğenmedim filmi amerikan güzeli kadar vurucu ve çarpıcı olamayan bir film.;negative;positive;0.8295454545454546;0.020833333333333332;False;0.9444444444444444;0.16666666666666666;positive;0.8295454545454546;0.020833333333333332;False;False;False;False;False;False;False;False;False;3;3;0;"[""de"", ""güzel"", ""çarpıcı""]";[];[];[];[];[]
2282;.bnce filmde anormal birşey de yok.;neutral;negative;0.0;0.6101190476190476;False;0.8333333333333334;0.5;negative;0.0;0.6101190476190476;False;False;False;False;False;False;True;False;False;3;3;0;"[""anormal"", ""de"", ""yok""]";"[""birşey"", ""birşey""]";"["".bnce""]";[];[];"[""modifier_detected""]"
2283;vizyondayken izleyemediğime çok çok üzüldüğüm bir film:(;negative;neutral;0.0;0.0;False;0.7142857142857143;0.0;neutral;0.0;0.0;False;False;False;False;False;False;False;False;False;0;0;0;[];[];[];[];[];[]
2284;sinir bozucu bir film yada oyun gerçekten sinir edici.;negative;negative;0.0;0.7;True;1.0;0.3333333333333333;negative;0.3;0.4;True;False;False;False;False;True;True;False;False;3;3;0;"[""sinir"", ""oyun"", ""sinir""]";"[""film"", ""film""]";"[""gerçekten""]";"[""et""]";[];"[""negation_flip"", ""modifier_detected""]"
2285;kurgu iyi olsa bile işlenişin ve konunun basitliği filmi vasatlıktan kurtamamıs.;neutral;positive;0.6111111111111112;0.125;False;0.7272727272727273;0.18181818181818182;positive;0.7361111111111112;0.0;False;False;False;False;False;True;False;False;False;2;2;0;"[""iyi"", ""vasat""]";"[""kurgu"", ""film""]";[];"[""kurt""]";[];"[""negation_flip""]"
2286;.abartılan bir film.;negative;neutral;0.0;0.0;False;0.6666666666666666;0.0;neutral;0.0;0.0;False;False;False;False;False;False;False;False;False;0;0;0;[];[];[];[];[];[]
2287;Gerçekten iyi bir film ama ben eksik taraflarının olduğunu düşünmekteyim sonu çok iyi yedirilmiş olsa da filmin 40. ve 50. dakikalarını bunu beslemiyor.;neutral;positive;1.2222222222222223;0.2727272727272727;False;0.8695652173913043;0.21739130434782608;positive;1.2222222222222223;0.2727272727272727;False;False;False;False;False;False;True;False;False;5;5;0;"[""iyi"", ""eksik"", ""son"", ""iyi"", ""da""]";"[""film"", ""taraf""]";"[""çok""]";[];[];"[""modifier_detected""]"
2288;İspanyanın katılması da gereksizdi.;neutral;negative;0.0;0.2727272727272727;False;0.75;0.5;positive;0.25;0.022727272727272728;False;True;False;False;True;True;False;False;False;2;2;0;"[""da"", ""gereksiz""]";[];[];"[""gereksiz""]";[];"[""negation_flip""]"
2289;bu film kesinlikle 8.6 yı hakedecek bir yapım değil.;neutral;neutral;0.0;0.0;True;0.8;0.0;neutral;0.0;0.0;True;False;False;False;False;False;False;False;False;0;0;0;[];[];[];[];[];[]
2290;9 lardan buralara indi puanını düşürmek için oy vermeyelim!;neutral;neutral;0.0;0.0;True;0.6666666666666666;0.0;neutral;0.0;0.0;True;False;False;False;False;False;False;False;False;0;0;0;[];[];[];[];[];[]
2291;fınch sen bu işi biliyosun gerilim filmlerinin 1 numarasısın zeka sınırlarını zorlayan bir film öle sahneler varki 3 kere falan izleyince anca anlıyorsunuz;neutral;negative;0.0;0.125;False;0.782608695652174;0.043478260869565216;negative;0.0;0.125;False;False;False;False;False;False;False;False;False;1;1;0;"[""numara""]";[];[];[];[];[]
2292;hayatınızda yanlızca 1 kere izleyebileceğiniz filmlerden.;neutral;neutral;0.0;0.0;True;0.6666666666666666;0.0;neutral;0.0;0.0;True;False;False;False;False;False;False;False;False;0;0;0;[];[];[];[];[];[]
2293;.bu filmi bir daha izlemek istemezsiniz ama bittiğinde sizede böyle lanet bir oyun oynamadıkları için şükredersiniz.;negative;negative;0.0;1.1;True;0.6875;0.125;negative;0.1;1.0;True;False;False;False;False;True;True;False;False;2;2;0;"[""lanet"", ""oyun""]";[];"[""böyle""]";"[""oyna""]";[];"[""modifier_detected"", ""negation_flip""]"
2294;fincher ne diyeyim sana artık ki ben.;neutral;negative;0.0;0.020833333333333332;False;0.8571428571428571;0.14285714285714285;negative;0.0;0.020833333333333332;False;False;False;False;False;False;True;False;False;1;1;0;"[""de""]";"[""fincher""]";"[""artık""]";[];[];"[""modifier_detected""]"
2295;en büyük twistlerden;neutral;neutral;0.0;0.0;True;0.6666666666666666;0.0;neutral;0.0;0.0;True;False;False;False;False;False;False;False;False;0;0;0;[];[];[];[];[];[]
2296;film sadece sonuyla şaşırtıyor filmi sıkılarak izledim açıkçası boğdu beni.;negative;negative;0.0;0.125;True;0.6;0.1;negative;0.0;0.125;True;False;False;False;False;False;True;False;False;1;1;0;"[""son""]";[];"[""sadece""]";[];[];"[""modifier_detected""]"
2297;bimiyorum çok iyi de değil kötü de değil 10/7 lik bence;neutral;negative;0.6111111111111112;0.9416666666666668;False;0.8333333333333334;0.3333333333333333;positive;0.9;0.6527777777777779;False;True;False;False;True;True;True;False;False;4;4;0;"[""iyi"", ""de"", ""kötü"", ""de""]";[];"[""çok""]";"[""değil"", ""değil""]";[];"[""negation_flip"", ""modifier_detected"", ""negation_flip""]"
2298;kusura bakılmasın ama ben filmin sonunu hiç mi hiç beğenmedim.;negative;negative;0.0;1.75;True;0.8;0.4;positive;1.75;0.0;False;True;False;True;False;True;False;True;False;4;4;0;"[""kusur"", ""son"", ""hiç"", ""hiç""]";"[""ben"", ""ben"", ""ben""]";[];"[""bak"", ""beğen"", ""beğen"", ""beğen""]";"[""ama"", ""ama"", ""ama""]";"[""negation_flip"", ""negation_flip"", ""contrast_detected"", ""negation_flip"", ""contrast_detected"", ""negation_flip"", ""contrast_detected""]"
2299;bu kadar müthiş giden bir filme nasıl böyle son koymuşlar hiç anlamadım.;neutral;negative;0.0;1.0;False;0.8333333333333334;0.25;neutral;0.5;0.5;True;True;True;False;False;True;True;False;False;3;3;0;"[""müthiş"", ""son"", ""hiç""]";[];"[""nasıl"", ""böyle""]";"[""anla""]";[];"[""modifier_detected"", ""negation_flip""]"
2300;filmin her karesini pür dikkat izledim ama sonunda bu filme zaman harcadığıma pişman oldum.;negative;negative;0.0;1.0;True;0.8571428571428571;0.07142857142857142;negative;0.0;1.0;True;False;False;False;False;False;True;True;False;1;1;0;"[""pişman""]";"[""dikkat""]";"[""sonunda""]";[];"[""ama""]";"[""modifier_detected"", ""contrast_detected""]"
2301;finalini göz ardı eddersek güzel bir film ama yüzüm maalesef gülmüyor.;neutral;negative;0.45454545454545453;0.75;False;0.9090909090909091;0.18181818181818182;positive;1.2045454545454546;0.0;False;True;False;False;True;True;False;True;False;2;2;0;"[""güzel"", ""maalesef""]";"[""film"", ""yüz""]";[];"[""gül""]";"[""ama""]";"[""negation_flip"", ""contrast_detected""]"
2302;filmin sonuna kadar hee şimdi anladım diyorum bakıyorum anlamamışım sonra tamam şimdi anladım diyorum yine anlamamışım film manyak etti beni izlerken ama muhteşem bir sonla filmi gerçekten anladım =);neutral;negative;0.6666666666666666;1.125;False;0.75;0.2857142857142857;positive;1.1041666666666667;0.5625;False;True;False;False;True;True;False;False;True;8;7;1;"[""son"", ""de"", ""bak"", ""tamam"", ""de"", ""manyak"", ""muhteşem"", ""son""]";"[""film"", ""son""]";[];"[""anla"", ""anla"", ""anla"", ""anla"", ""anla""]";[];"[""negation_flip"", ""negation_flip"", ""negation_flip"", ""suppressed_as_target""]"
2303;filmi izledikten sonra keşke sinemada izlemiş olsaydım sinemada izleyenler ne kadar şanslı diye düşündüğüm bile oldu.;positive;positive;1.0;0.0;True;0.75;0.0625;positive;1.0;0.0;True;False;False;False;False;False;False;False;False;1;1;0;"[""şanslı""]";"[""izle""]";[];[];[];[]
2304;Ortada bir oyun var.;neutral;negative;0.0;0.1;False;1.0;0.25;negative;0.0;0.1;False;False;False;False;False;False;False;False;False;1;1;0;"[""oyun""]";[];[];[];[];[]
2305;İpucu ise hiç yok.;neutral;negative;0.0;0.7142857142857143;False;1.0;0.5;negative;0.0;0.7142857142857143;False;False;False;False;False;False;True;False;False;2;2;0;"[""hiç"", ""yok""]";"[""ipucu"", ""ipucu""]";"[""hiç""]";[];[];"[""modifier_detected""]"
2306;Neyi kimle oynadığınızı bilmeden süresini ve sınırlarını anlayamadan ve en önemlisi ne zaman biteceğini tahmin edemeden sürüp giden bir oyun bu.;neutral;negative;0.0;0.1;False;0.7142857142857143;0.047619047619047616;positive;0.1;0.0;False;True;False;False;True;True;False;False;False;1;1;0;"[""oyun""]";"[""bu""]";[];"[""anla""]";[];"[""negation_flip""]"
2307;Bir de bakacaksınız ki siz oyun filan oynamıyorsunuz oyunun ta kendisi olmuşsunuz!;neutral;negative;0.0;0.4708333333333333;False;0.9166666666666666;0.3333333333333333;negative;0.0;0.4708333333333333;False;False;False;False;False;False;True;False;False;4;4;0;"[""de"", ""bak"", ""oyun"", ""oyun""]";"[""siz"", ""siz""]";"[""bir""]";[];[];"[""modifier_detected""]"
2308;Yedi/Seven'dan sonra Hollywood tarafından yeniden baştacı edilen yönetmen David Fincher'ın üçüncü uzun metrajlı filmi Oyun herşeye sahip olan ama renksiz ve tatminsiz bir yaşam sürdüren çok zengin bir işadamını merkeze alarak anlatıyor öyküsünü.;neutral;positive;1.8125;1.0166666666666666;False;0.7647058823529411;0.14705882352941177;positive;1.8125;1.0166666666666666;False;False;False;False;False;False;True;True;False;5;5;0;"[""baştacı"", ""oyun"", ""tatminsiz"", ""zengin"", ""al""]";"[""yaşam"", ""işadam"", ""işadam""]";"[""yeniden""]";[];"[""ama""]";"[""modifier_detected"", ""contrast_detected""]"
2309;Michael Douglas'ın canlandırdığı bu işadamı kardeşi rolündeki Sean Penn tarafından bir doğum günü hediyesi alıyor ve olaylar başlıyor.;neutral;negative;0.125;0.16666666666666666;False;0.6111111111111112;0.1111111111111111;negative;0.0;0.16666666666666666;False;False;False;False;False;False;False;False;True;2;1;1;"[""hediye"", ""al""]";"[""hediye""]";[];[];[];"[""suppressed_as_target""]"
2310;Gerçek ile yanılsamanın içiçe geçtiği eğlenceli olması gereken bir oyunun tehlikeli boyutlara tırmandığı filminde Fincher her zamanki tarzıyla karanlık ve depresif bir atmosfer yaratarak gerilimi tırmandırmak hedefinde.;neutral;negative;0.08333333333333333;2.1416666666666666;False;0.8148148148148148;0.2222222222222222;negative;0.08333333333333333;2.1416666666666666;False;False;False;False;False;False;False;False;False;6;6;0;"[""gerçek"", ""yanılsama"", ""oyun"", ""tehlikeli"", ""karanlık"", ""depresif""]";"[""boyut"", ""atmosfer""]";[];[];[];[]
2311;the game filmini yıllar önce sinamada izlemiştim ve film hakkında aklımda kalan bir şey varsa oda malesef saçma bir film oldugudur.;negative;negative;0.025;0.3;True;0.7142857142857143;0.09523809523809523;negative;0.025;0.3;True;False;False;False;False;False;False;False;False;2;2;0;"[""hak"", ""saçma""]";"[""film""]";[];[];[];[]
2312;A David fincher Movie.;neutral;neutral;0.0;0.0;True;0.25;0.0;neutral;0.0;0.0;True;False;False;False;False;False;False;False;False;0;0;0;[];[];[];[];[];[]
2313;.. fazla söze gerek yok.;neutral;negative;0.0;0.2642857142857143;False;1.0;0.5;negative;0.0;0.2642857142857143;False;False;False;False;False;False;True;False;False;2;2;0;"[""söz"", ""yok""]";[];"[""fazla""]";[];[];"[""modifier_detected""]"
2314;Herşeyi olan bir insana ne verebilirsiniz?;neutral;neutral;0.0;0.0;True;0.6666666666666666;0.0;neutral;0.0;0.0;True;False;False;False;False;False;False;False;False;0;0;0;[];[];[];[];[];[]
2315;"""aslında bu film de bence """"""""fight club"""""""" gibi sistem eleştirisi yapıyor.""";neutral;negative;0.0;0.020833333333333332;False;0.7272727272727273;0.09090909090909091;negative;0.0;0.020833333333333332;False;False;False;False;False;False;False;False;False;1;1;0;"[""de""]";[];[];[];[];[]
2316;"""Kapitalist para ekonomisi içinde sıradanlaşan insan hayatlarına farklı bir renk getirmek için sınırların ne kadar zorlanabileceğini bunun insanların başına ne gibi sorunlar açabileceğini gösteriyor """"""""the game"""""""".""";neutral;negative;0.0;1.05;False;0.7307692307692307;0.07692307692307693;negative;0.0;0.3;False;False;False;False;False;False;False;False;True;2;1;1;"[""sorun"", ""aç""]";"[""sorun""]";[];[];[];"[""suppressed_as_target""]"
2317;Bence bu filmin en büyük eksisi filmin mutlu sonla bitmesi.;neutral;positive;1.0;0.125;False;1.0;0.2;positive;1.0;0.125;False;False;False;False;False;False;False;False;False;2;2;0;"[""mutlu"", ""son""]";"[""son"", ""eksi""]";[];[];[];[]
2318;"""Keşke """"""""Se7en"""""""" gibi karanlık bir finalle bitseydi film.""";neutral;negative;0.0;0.4166666666666667;False;0.875;0.125;negative;0.0;0.4166666666666667;False;False;False;False;False;False;False;False;False;1;1;0;"[""karanlık""]";"[""final""]";[];[];[];[]
2319;Onun dışında filmin gizemli atmosferi ve şaşırtıcı olay örgüsü seyirciyi bir an olsun bırakmıyor.;neutral;positive;0.25;0.0;False;0.9285714285714286;0.07142857142857142;positive;0.25;0.0;False;False;False;False;False;False;False;False;False;1;1;0;"[""şaşırtıcı""]";"[""örgü""]";[];[];[];[]
2320;Ama bence Fincher'in en iyi işi hala Se7en.;positive;positive;0.6111111111111112;0.0;True;0.75;0.125;positive;0.6111111111111112;0.0;True;False;False;False;False;False;True;False;False;1;1;0;"[""iyi""]";"[""iş""]";"[""en""]";[];[];"[""modifier_detected""]"
2321;hehe10/10 tabikide.;positive;neutral;0.0;0.0;False;0.3333333333333333;0.0;neutral;0.0;0.0;False;False;False;False;False;False;False;False;False;0;0;0;[];[];[];[];[];[]
2322;....ama filmdeki hatalar.;negative;negative;0.0;0.16666666666666666;True;1.0;0.3333333333333333;negative;0.0;0.16666666666666666;True;False;False;False;False;False;False;False;False;1;1;0;"[""hata""]";[];[];[];[];[]
2323;Yıl 1997 sinema salonundayım.;neutral;neutral;0.0;0.0;True;0.75;0.0;neutral;0.0;0.0;True;False;False;False;False;False;False;False;False;0;0;0;[];[];[];[];[];[]
2324;ince ince işlenen kafalarda soru işaretleri bırakmadan son dakikasına kadar götüren bir filmde ruhi terapisini ve korkuyu yüzündeki her mimiğinde yaşayan micheal douglasla birlikte yaşadım.;neutral;positive;2.9722222222222223;1.125;False;0.8;0.28;positive;2.2222222222222223;1.125;False;False;False;False;False;False;True;False;True;7;6;1;"[""ince"", ""ince"", ""son"", ""terapi"", ""korku"", ""yaşa"", ""yaşa""]";"[""kafa"", ""dakika"", ""terapi""]";"[""birlikte""]";[];[];"[""suppressed_as_target"", ""modifier_detected""]"
2325;kimse ben olsam ordan kendimi aşağıya atmazdım demiyordu;neutral;negative;0.0;0.08333333333333333;False;0.875;0.25;positive;0.0625;0.020833333333333332;False;True;False;False;True;True;False;False;False;2;2;0;"[""aşağı"", ""de""]";"[""kendi"", ""kimse""]";[];"[""at"", ""de"", ""at""]";[];"[""negation_flip""]"
2326;Olay örgüsü ve Micheal Douglas'ın oyunculuğu ile ön plana çıkan filmde Fincher etkisini de unutmamak lazım.;positive;negative;0.0;0.35416666666666663;False;0.6875;0.125;negative;0.0;0.35416666666666663;False;False;False;False;False;False;False;False;False;2;2;0;"[""oyunculuk"", ""de""]";[];[];[];[];[]
2327;Final sahnelerindeki başarısı yorumuna tamamen katılıyorum.;neutral;positive;0.375;0.0;False;0.8333333333333334;0.16666666666666666;positive;0.375;0.0;False;False;False;False;False;False;False;False;False;1;1;0;"[""başarı""]";[];[];[];[];[]
2328;Her sinemaseverin izlemesi gereken türden.;positive;neutral;0.0;0.0;False;0.8;0.0;neutral;0.0;0.0;False;False;False;False;False;False;False;False;False;0;0;0;[];[];[];[];[];[]
2329;yaa aslında bu filmi bölük pörçük izlemek gibi bi şanssılığa düştüm;neutral;neutral;0.0;0.0;True;0.5454545454545454;0.0;neutral;0.0;0.0;True;False;False;False;False;False;False;False;False;0;0;0;[];[];[];[];[];[]
2330;bir robotun her adımından bir adamın her sözüne kült bir film olduğunu kanıtlıyor.;neutral;negative;0.0;0.07272727272727272;False;0.9230769230769231;0.15384615384615385;negative;0.0;0.07272727272727272;False;False;False;False;False;False;False;False;False;2;2;0;"[""adam"", ""söz""]";"[""film"", ""adam""]";[];[];[];[]
2331;ne yazık ki 3. bölümden sonra izledim ama ondan daha güzeldi.;neutral;negative;0.45454545454545453;0.75;False;0.9090909090909091;0.18181818181818182;negative;0.45454545454545453;0.75;False;False;False;False;False;False;True;True;False;2;2;0;"[""yazık"", ""güzel""]";[];"[""daha""]";[];"[""ama""]";"[""modifier_detected"", ""contrast_detected""]"
2332;bir de not:;neutral;negative;0.0;0.020833333333333332;False;1.0;0.3333333333333333;negative;0.0;0.020833333333333332;False;False;False;False;False;False;False;False;False;1;1;0;"[""de""]";[];[];[];[];[]
2333;eğer star wars serisine başlıyıcaksanız hiçbir yorumu okumayın ve izlemeye bu filmden başlayın.;neutral;neutral;0.0;0.0;True;0.6923076923076923;0.0;neutral;0.0;0.0;True;False;False;False;False;False;False;False;False;0;0;0;[];[];[];[];[];[]
2334;bu kadar APTALCA bir bilimkurgu izlememiştim.;negative;negative;0.0;0.375;True;0.8333333333333334;0.16666666666666666;positive;0.375;0.0;False;True;False;True;False;True;False;False;False;1;1;0;"[""aptalca""]";"[""bilimkurgu""]";[];"[""izle""]";[];"[""negation_flip""]"
2335;işin kötüsü herkes övmüş!;negative;negative;0.0;0.9;True;0.75;0.25;negative;0.0;0.9;True;False;False;False;False;False;False;False;False;1;1;0;"[""kötü""]";"[""herkes""]";[];[];[];[]
2336;çok ilginç ya zaten bu sebeple amerikan film endüstrisi bu kadar para kazanıyo!;neutral;neutral;0.0;0.0;True;0.9230769230769231;0.0;neutral;0.0;0.0;True;False;False;False;False;False;False;False;False;0;0;0;[];[];[];[];[];[]
2337;ne yapsalar yiyen bi kitle var yazık yazık.;negative;negative;0.0;1.5;True;0.625;0.25;negative;0.0;1.5;True;False;False;False;False;False;False;False;False;2;2;0;"[""yazık"", ""yazık""]";"[""kitle"", ""kitle""]";[];[];[];[]
2338;amerikan aile yapısını eleştiriyor gibi gözükse de avrupa hatta türk aile yapısınında o hale geldiği düşünülürse herkesin izleyip üzerine düşünmesi gereken bir filmdir.;neutral;negative;0.0;0.09583333333333333;False;0.6956521739130435;0.08695652173913043;negative;0.0;0.09583333333333333;False;False;False;False;False;False;False;False;False;2;2;0;"[""de"", ""hal""]";"[""avrupa""]";[];[];[];[]
2339;bir aile dramı daha nasıl anlatılabilir ki.;neutral;negative;0.0;0.1875;False;0.8571428571428571;0.14285714285714285;negative;0.0;0.1875;False;False;False;False;False;False;False;False;False;1;1;0;"[""dram""]";[];[];[];[];[]
2340;sadece sevişerek birey olduğunu sananlara bir ders niteliğinde bir cevap niteliğinde bir ang lee filmi.;neutral;neutral;0.0;0.0;True;0.8;0.0;neutral;0.0;0.0;True;False;False;False;False;False;False;False;False;0;0;0;[];[];[];[];[];[]
2341;Arkadaşlarrr.;neutral;neutral;0.0;0.0;True;0.0;0.0;neutral;0.0;0.0;True;False;False;False;False;False;False;False;False;0;0;0;[];[];[];[];[];[]
2342;...çölde vaha gibisiniz.;neutral;neutral;0.0;0.0;True;1.0;0.0;neutral;0.0;0.0;True;False;False;False;False;False;False;False;False;0;0;0;[];[];[];[];[];[]
2343;.:) hepinizin nicklerini kaydedip bundan sonra yazdıklarınızı daha yakından takip etmek istiyorum:);neutral;positive;0.125;0.0;False;0.7272727272727273;0.09090909090909091;positive;0.125;0.0;False;False;False;False;False;False;True;False;False;1;1;0;"[""yakından""]";"[""takip""]";"[""daha""]";[];[];"[""modifier_detected""]"
2344;mutlaka ki bazı filmlerde çarpışıcaz amma bu sayfayı tıklamadan önce bir kaç yorum daha yazıp başka yorumlar okumuştum ve valla moralim bozulmuştu:);negative;neutral;0.0;0.0;False;0.7727272727272727;0.0;neutral;0.0;0.0;False;False;False;False;False;False;False;False;False;0;0;0;[];[];[];[];[];[]
2345;.neyse neyse.;neutral;neutral;0.0;0.0;True;1.0;0.0;neutral;0.0;0.0;True;False;False;False;False;False;False;False;False;0;0;0;[];[];[];[];[];[]
2346;. gelelim buz gibi bir kış gecesinde eve kapanınca tekrar dvd de seyrettiğim şu şahaneye.;positive;positive;0.6666666666666666;0.5208333333333334;True;0.7857142857142857;0.21428571428571427;positive;0.6666666666666666;0.5208333333333334;True;False;False;False;False;False;False;False;False;3;3;0;"[""kapan"", ""de"", ""şahane""]";"[""dvd"", ""dvd""]";[];[];[];[]
2347;. o kadar iyi geldiki.;positive;positive;0.6111111111111112;0.0;True;0.75;0.25;positive;0.6111111111111112;0.0;True;False;False;False;False;False;False;False;False;1;1;0;"[""iyi""]";[];[];[];[];[]
2348;. NE FİLMDİ AMA.;neutral;neutral;0.0;0.0;True;1.0;0.0;neutral;0.0;0.0;True;False;False;False;False;False;False;False;False;0;0;0;[];[];[];[];[];[]
2349;. oscarlarda ve diger ödüllerde de es geçilmesi blhassa hoşuma gitti desem.;positive;positive;0.75;0.041666666666666664;True;0.5454545454545454;0.2727272727272727;positive;0.75;0.041666666666666664;True;False;False;False;False;False;False;False;False;3;3;0;"[""ödül"", ""de"", ""de""]";[];[];[];[];[]
2350;..? siz beni anlarsınız dimi?;neutral;neutral;0.0;0.0;True;0.75;0.0;neutral;0.0;0.0;True;False;False;False;False;False;False;False;False;0;0;0;[];[];[];[];[];[]
2351;sevgiler;positive;positive;1.0;0.0;True;1.0;1.0;positive;1.0;0.0;True;False;False;False;False;False;False;False;False;1;1;0;"[""sevgi""]";[];[];[];[];[]
2352;Sadece zaman geçirmek ve de Tommy Lee Jones için izlenebilir.;neutral;negative;0.0;0.020833333333333332;False;0.5;0.1;negative;0.0;0.020833333333333332;False;False;False;False;False;False;False;False;False;1;1;0;"[""de""]";[];[];[];[];[]
2353;Bir film ancak bu kadar belli eder ne olduğunu.;neutral;negative;0.0;0.0625;False;1.0;0.1111111111111111;negative;0.0;0.0625;False;False;False;False;False;False;False;False;False;1;1;0;"[""ancak""]";[];[];[];[];[]
2354;ancak şu an itibariyle filmdeki olayların gidişatı için Matrix'ten kahine başvurmaya gerek yok sanırım.;neutral;negative;0.0;0.2767857142857143;False;0.9285714285714286;0.14285714285714285;negative;0.0;0.2767857142857143;False;False;False;False;False;False;False;True;False;2;2;0;"[""ancak"", ""yok""]";[];[];[];"[""ancak"", ""ancak""]";"[""contrast_detected"", ""contrast_detected""]"
2355;bütün bir senaryo bilinen bir denklem üzerine kurulu yani.;neutral;neutral;0.0;0.0;True;0.8888888888888888;0.0;neutral;0.0;0.0;True;False;False;False;False;False;False;False;False;0;0;0;[];[];[];[];[];[]
2356;tam tamam kurtulduk derken yeniden bir olay patlak verir ve o işten kurtulduktan sonra da malum son kareler herkes kısmen de olsa mutlu mesut bir şekilde hayatına devam eder.;neutral;positive;2.375;0.43939393939393934;False;0.896551724137931;0.3103448275862069;positive;2.375;0.43939393939393934;False;False;False;False;False;False;True;False;False;9;9;0;"[""tam"", ""tamam"", ""de"", ""patlak"", ""da"", ""son"", ""de"", ""mutlu"", ""mesut""]";"[""olay"", ""kare"", ""şekil""]";"[""yeniden""]";[];[];"[""modifier_detected""]"
2357;sonuç türü seviyorsanız çocuk gibi aynı masalı tekrar dinlersiniz.;neutral;negative;0.0;0.4107142857142857;False;0.7777777777777778;0.2222222222222222;negative;0.0;0.03571428571428571;False;False;False;False;False;False;False;False;True;2;1;1;"[""çocuk"", ""masal""]";"[""masal""]";[];[];[];"[""suppressed_as_target""]"
2358;Yani benim gibi.;neutral;neutral;0.0;0.0;True;1.0;0.0;neutral;0.0;0.0;True;False;False;False;False;False;False;False;False;0;0;0;[];[];[];[];[];[]
2359;Yani bana da yer yer halen bu filmler eğlenceli gelebiliyor.;positive;positive;0.03125;0.022727272727272728;True;0.8;0.3;positive;0.03125;0.022727272727272728;True;False;False;False;False;False;False;False;False;3;3;0;"[""da"", ""yer"", ""yer""]";[];[];[];[];[]
2360;Tabi piyasada Volkan'dan daha iyi bolca felaket filmi bulunuyor.;negative;positive;0.6111111111111112;0.3333333333333333;False;0.7777777777777778;0.2222222222222222;positive;0.6111111111111112;0.3333333333333333;False;False;False;False;False;False;True;False;False;2;2;0;"[""iyi"", ""felaket""]";[];"[""daha""]";[];[];"[""modifier_detected""]"
2361;eh işte idare eder filmlerden sayılabilir;neutral;negative;0.0;0.625;False;1.0;0.16666666666666666;negative;0.0;0.625;False;False;False;False;False;False;False;False;False;1;1;0;"[""eh""]";"[""idare""]";[];[];[];[]
2362;film o kadar da iyi değil;negative;positive;0.6111111111111112;0.022727272727272728;False;1.0;0.3333333333333333;positive;0.6111111111111112;0.022727272727272728;False;False;False;False;False;False;False;False;False;2;2;0;"[""da"", ""iyi""]";"[""deği""]";[];[];[];[]
2363;tamam lav sahneleri iyi ama hersey hızlı baslayıp hızlı bitiyor;neutral;positive;0.7777777777777778;0.1;False;0.8;0.4;positive;0.7777777777777778;0.1;False;False;False;False;False;False;False;True;False;4;4;0;"[""tamam"", ""iyi"", ""hızlı"", ""hızlı""]";"[""sahne"", ""sahne""]";[];[];"[""ama"", ""ama""]";"[""contrast_detected"", ""contrast_detected""]"
2364;vasat sayılır klask american filmi tommy lee jone su da sevmem zaten bu rollerin adamı değil;negative;negative;0.0;0.17045454545454547;True;0.625;0.1875;negative;0.022727272727272728;0.14772727272727273;True;False;False;False;False;True;True;False;False;3;3;0;"[""vasat"", ""da"", ""adam""]";"[""su""]";"[""zaten""]";"[""sev""]";[];"[""negation_flip"", ""modifier_detected""]"
2365;Beğenmedim ama 'değişik' bir filmdi.;negative;negative;0.0;0.1875;True;0.8;0.2;negative;0.0;0.1875;True;False;False;False;False;False;False;False;False;1;1;0;"[""değişik""]";[];[];[];[];[]
2366;Bir sınıflamaya sokamayacağım.;neutral;neutral;0.0;0.0;True;0.6666666666666666;0.0;neutral;0.0;0.0;True;False;False;False;False;False;False;False;False;0;0;0;[];[];[];[];[];[]
2367;olmamış filmlerden ne zaman görsem kapatırım sevmedim filmi.;negative;negative;0.0;1.0;True;0.75;0.125;negative;0.0;1.0;True;False;False;False;False;False;False;False;False;1;1;0;"[""gör""]";[];[];[];[];[]
2368;tv dizisi tadında.;neutral;positive;0.0625;0.0;False;0.6666666666666666;0.3333333333333333;positive;0.0625;0.0;False;False;False;False;False;False;False;False;False;1;1;0;"[""tat""]";"[""dizi""]";[];[];[];[]
2369;çok aptal replikleri ve kötü bir senaryosu var ama yine de sıkılmadan izledim ve tia carrere ye hayran kaldım herkül zeyna gibi dizileri seviyosanız hoşunuza gidebilir;negative;negative;0.5;1.4208333333333332;True;0.6538461538461539;0.15384615384615385;negative;0.5;1.4208333333333332;True;False;False;False;False;False;True;False;False;4;4;0;"[""aptal"", ""kötü"", ""de"", ""hayran""]";"[""replik"", ""senaryo"", ""tia""]";"[""çok""]";[];[];"[""modifier_detected""]"
2370;izlemeye gerek bile yok.;negative;negative;0.0;0.21428571428571427;True;1.0;0.25;negative;0.0;0.21428571428571427;True;False;False;False;False;False;False;False;False;1;1;0;"[""yok""]";"[""gerek""]";[];[];[];[]
2371;Bence erotizm ve seneryo açısından çok kötü bir film.;negative;negative;0.0;0.9;True;0.8888888888888888;0.1111111111111111;negative;0.0;0.9;True;False;False;False;False;False;True;False;False;1;1;0;"[""kötü""]";"[""film""]";"[""çok""]";[];[];"[""modifier_detected""]"
2372;Yani film sanki 18 yaş altı izleyici kitlesine hitap etmesi için çekilmiş bir erotik film;neutral;negative;0.0;0.125;False;0.9333333333333333;0.06666666666666667;negative;0.0;0.125;False;False;False;False;False;False;False;False;False;1;1;0;"[""yaş""]";[];[];[];[];[]
2373;Bu filmin VCD'si çıkmışmı haberiniz varmı;neutral;neutral;0.0;0.0;True;0.5;0.0;neutral;0.0;0.0;True;False;False;False;False;False;False;False;False;0;0;0;[];[];[];[];[];[]
2374;bu film erotik niye siteye koydular anlamadım;neutral;neutral;0.0;0.0;True;0.8571428571428571;0.0;neutral;0.0;0.0;True;False;False;False;False;False;False;False;False;0;0;0;[];[];[];[];[];[]
2375;üzerinden çok geçti ama filme çok güldüğümü hatırlıyorum;neutral;neutral;0.0;0.0;True;0.875;0.0;neutral;0.0;0.0;True;False;False;False;False;False;False;False;False;0;0;0;[];[];[];[];[];[]
2376;çok kötüydü çok.;negative;negative;0.0;0.9;True;1.0;0.3333333333333333;negative;0.0;0.9;True;False;False;False;False;False;True;False;False;1;1;0;"[""kötü""]";[];"[""çok"", ""çok""]";[];[];"[""modifier_detected""]"
2377;Romantik komedinin en vasat örneklerinden biri;neutral;positive;0.20833333333333334;0.20833333333333331;False;1.0;0.5;negative;0.0;0.125;False;True;False;False;True;False;True;False;True;2;1;1;"[""vasat"", ""örnek""]";"[""örnek""]";"[""en""]";[];[];"[""modifier_detected"", ""suppressed_as_target""]"
2378;oldukça kotü bir film.;negative;neutral;0.0;0.0;False;0.75;0.0;neutral;0.0;0.0;False;False;False;False;False;False;False;False;False;0;0;0;[];[];[];[];[];[]
2379;bu nerden izleyebilirim link atabilecek varmı acaba;neutral;neutral;0.0;0.0;True;0.5714285714285714;0.0;neutral;0.0;0.0;True;False;False;False;False;False;False;False;False;0;0;0;[];[];[];[];[];[]
2380;Çok tuhaf bir film izlemezseniz birşey kaybetmezsiniz ağızdan anlatılan hikayelerden oluşan bir filmin güzel olması beklenmemeli zaten.;negative;positive;0.5378787878787878;0.0;False;0.7647058823529411;0.11764705882352941;positive;0.5378787878787878;0.0;False;False;False;False;False;False;True;False;False;2;2;0;"[""tuhaf"", ""güzel""]";"[""film"", ""film""]";"[""çok""]";[];[];"[""modifier_detected""]"
2381;saçma ya saçmaaaaaaaaaaaaaaaaaaaaaa;negative;negative;0.0;0.3;True;0.6666666666666666;0.3333333333333333;negative;0.0;0.3;True;False;False;False;False;False;True;False;False;1;1;0;"[""saçma""]";[];"[""saçma""]";[];[];"[""modifier_detected""]"
2382;bu saçma seri neden prim yapıyor bir anlam veremiyorum.;negative;negative;0.08333333333333333;0.3;True;0.7777777777777778;0.2222222222222222;negative;0.08333333333333333;0.3;True;False;False;False;False;False;False;False;False;2;2;0;"[""saçma"", ""prim""]";[];[];[];[];[]
2383;itici bir ana karakter yanına seksi bir bayan ve onların aptallıkları.;negative;neutral;0.125;0.125;False;1.0;0.18181818181818182;neutral;0.125;0.125;False;False;False;False;False;False;False;False;False;2;2;0;"[""ana"", ""aptallık""]";"[""karakter""]";[];[];[];[]
2384;çok mu sert oldu?;neutral;negative;0.0;0.3888888888888889;False;1.0;0.25;negative;0.0;0.3888888888888889;False;False;False;False;False;False;True;False;False;1;1;0;"[""sert""]";[];"[""çok""]";[];[];"[""modifier_detected""]"
2385;İlk filmin şöhretinden yararlanmaya çalışmış kötü bir devam filmi.;negative;negative;0.0;0.9;True;0.8888888888888888;0.1111111111111111;negative;0.0;0.9;True;False;False;False;False;False;False;False;False;1;1;0;"[""kötü""]";"[""devam""]";[];[];[];[]
2386;İlk filmin tadını tamamen kaçırmış olmasının yanı sıra Mickey Rourkenin bu devam filminde yer almasının doğru olduğunu da sanmıyorum.;negative;positive;0.328125;0.1893939393939394;False;0.8421052631578947;0.2631578947368421;positive;0.3125;0.1893939393939394;False;False;False;False;False;False;False;False;True;5;4;1;"[""tat"", ""yer"", ""al"", ""doğru"", ""da""]";"[""yer"", ""yer""]";[];[];[];"[""suppressed_as_target""]"
2387;film kötü mickey oldukça yaşlanmiş kilo almiş olmasına rağmen çekinmeden sergilemiş kendini.;negative;negative;0.0;1.4;True;0.6666666666666666;0.16666666666666666;negative;0.0;1.4;True;False;False;False;False;False;False;False;False;2;2;0;"[""kötü"", ""rağmen""]";[];[];[];[];[]
2388;ilk film daha iyi ve daha makuldü buna nazaran ilk film izlenebilir ama bu çok gereksiz.;negative;positive;0.9861111111111112;0.25;False;0.9375;0.1875;positive;0.9861111111111112;0.25;False;False;False;False;False;False;True;False;False;3;3;0;"[""iyi"", ""makul"", ""gereksiz""]";"[""film"", ""film""]";"[""daha"", ""makuldü"", ""daha""]";[];[];"[""modifier_detected"", ""modifier_detected""]"
2389;Film vasattı bence.;neutral;negative;0.0;0.125;False;1.0;0.3333333333333333;negative;0.0;0.125;False;False;False;False;False;False;False;False;False;1;1;0;"[""vasat""]";"[""film""]";[];[];[];[]
2390;Bi sahnede kızın saçına döktüğü şampuan okadar azdıki köpürmek bilmedi:);neutral;neutral;0.0;0.0;True;0.4;0.0;neutral;0.0;0.0;True;False;False;False;False;False;False;False;False;0;0;0;[];[];[];[];[];[]
2391;tek kelimeyle tam bir hayalkırıklığı.;negative;positive;0.20833333333333334;0.0;False;1.0;0.2;positive;0.20833333333333334;0.0;False;False;False;False;False;False;False;False;False;1;1;0;"[""tam""]";"[""hayalkırıklığı""]";[];[];[];[]
2392;mickey rouke u ben sin city angel heart gibi kaliteli filmlerle tanıyorum ama bu film karizmasını bayağı bir sarsmış.;negative;positive;1.3;0.0;False;0.6842105263157895;0.15789473684210525;positive;1.3;0.0;False;False;False;False;False;False;False;True;False;3;3;0;"[""kaliteli"", ""karizma"", ""bayağı""]";"[""film"", ""film"", ""film""]";[];[];"[""ama"", ""ama""]";"[""contrast_detected"", ""contrast_detected""]"
2393;başladığı gibi bitti.;neutral;neutral;0.0;0.0;True;0.6666666666666666;0.0;neutral;0.0;0.0;True;False;False;False;False;False;False;False;False;0;0;0;[];[];[];[];[];[]
2394;çok tekdüze bir film.;neutral;negative;0.0;0.25;False;1.0;0.25;negative;0.0;0.25;False;False;False;False;False;False;True;False;False;1;1;0;"[""tekdüze""]";"[""film""]";"[""çok""]";[];[];"[""modifier_detected""]"
2395;serinin ilk filmini izlemedim ama bu filmden ve yapılan yorumlardan nasıl birşey olduğunu anladım.;neutral;neutral;0.0;0.0;True;0.7857142857142857;0.0;neutral;0.0;0.0;True;False;False;False;False;False;False;False;False;0;0;0;[];[];[];[];[];[]
2396;birincisinde bu filmden daha fazla erotik sahneler var sanırsam.;neutral;neutral;0.0;0.0;True;1.0;0.0;neutral;0.0;0.0;True;False;False;False;False;False;False;False;False;0;0;0;[];[];[];[];[];[]
2397;bu filmde de kaybettiği sevgilisini yeniden görebilmek için parise gelen ama onun yerine başka bir kadına aşık olmaya başlayan john (mickey rouke) un hikayesini anlatıyor.;neutral;negative;0.390625;1.0208333333333333;False;0.68;0.16;negative;0.390625;1.0208333333333333;False;False;False;False;False;False;True;True;False;4;4;0;"[""de"", ""sevgili"", ""gör"", ""yer""]";[];"[""yeniden""]";[];"[""ama""]";"[""modifier_detected"", ""contrast_detected""]"
2398;film basit bir erotik film edasında.;neutral;positive;0.2;0.0;False;1.0;0.3333333333333333;positive;0.2;0.0;False;False;False;False;False;False;False;False;False;2;2;0;"[""basit"", ""eda""]";"[""film""]";[];[];[];[]
2399;pek birşey yok tavsiye edemeyeceğim izlemesenizde olur yani.;negative;positive;0.25;0.21428571428571427;False;0.875;0.375;negative;0.125;0.3392857142857143;True;True;True;False;False;True;True;False;False;3;3;0;"[""pek"", ""yok"", ""tavsiye""]";"[""birşey""]";"[""yok""]";"[""et""]";[];"[""negation_flip"", ""modifier_detected""]"
2400;karizmatik rourke için izledim ilk filmide izlememiştim gerçekten kötüden başka bir şey demeyeceğim bir sahnede rourke köpekten korkuyor ora harika ha bir de rourkenın saçları berbat;negative;positive;2.0;1.4416666666666667;False;0.7307692307692307;0.23076923076923078;positive;2.0;1.4416666666666667;False;False;False;False;False;True;True;False;False;6;6;0;"[""karizmatik"", ""kötü"", ""de"", ""köpek"", ""harika"", ""de""]";"[""rourke"", ""ora"", ""ora""]";"[""gerçekten""]";"[""de"", ""izle""]";[];"[""modifier_detected""]"
2401;Ben filmi izlemedim izliicemide pek sanmıyorum bu arada filmin imdb notu 1.8;neutral;positive;0.125;0.0;False;0.7692307692307693;0.07692307692307693;negative;0.0;0.125;False;True;False;False;True;True;False;False;False;1;1;0;"[""pek""]";"[""not""]";[];"[""san""]";[];"[""negation_flip""]"
2402;ben rourke için izledim ama bence o bile filimi kurtaramamış sıradan ve basit bir filim;negative;positive;0.1;0.0;False;0.8;0.06666666666666667;positive;0.1;0.0;False;False;False;False;False;False;False;False;False;1;1;0;"[""basit""]";[];[];[];[];[]
2403;rourke'un para kazanmak için çektiği oldukça kötü bir film.;negative;negative;0.0;0.9;True;0.8888888888888888;0.1111111111111111;negative;0.0;0.9;True;False;False;False;False;False;True;False;False;1;1;0;"[""kötü""]";"[""film""]";"[""oldukça""]";[];[];"[""modifier_detected""]"
2404;gerçekten kötü!;negative;negative;0.0;0.9;True;1.0;0.5;negative;0.0;0.9;True;False;False;False;False;False;True;False;False;1;1;0;"[""kötü""]";[];"[""gerçekten""]";[];[];"[""modifier_detected""]"
2405;O nasıl bir filmdir öyle ya?;negative;neutral;0.0;0.0;False;1.0;0.0;neutral;0.0;0.0;False;False;False;False;False;False;False;False;False;0;0;0;[];[];[];[];[];[]
2406;Bana keşke izlemesydim dedirten bir film oldu kendisi.;negative;negative;0.0;0.020833333333333332;True;0.875;0.125;negative;0.0;0.020833333333333332;True;False;False;False;False;False;False;False;False;1;1;0;"[""de""]";[];[];[];[];[]
2407;Aslında o konu (çocuk olayı yani) nerelere getirilebilir neler anlatılabilirdi ama yok olmamış.;negative;negative;0.0;0.25;True;0.7692307692307693;0.15384615384615385;positive;0.21428571428571427;0.03571428571428571;False;True;False;True;False;True;False;True;False;2;2;0;"[""çocuk"", ""yok""]";[];[];"[""ol""]";"[""ama""]";"[""negation_flip"", ""contrast_detected""]"
2408;bir filmin içinde kenneth branagh william hurt madeleine stowe ve blythe danner varsa ve genede o film bilinmiyorsa bu filmde bir sorun var demektir.;negative;negative;0.0;0.7708333333333334;True;0.5833333333333334;0.08333333333333333;negative;0.0;0.7708333333333334;True;False;False;False;False;False;False;False;False;2;2;0;"[""sorun"", ""de""]";"[""danner""]";[];[];[];[]
2409;hayatımın filmi diyemem ya da izlediğim en kötü film olduğunu söyleyemem.;negative;negative;0.0;0.9435606060606061;True;0.8181818181818182;0.2727272727272727;negative;0.0;0.9435606060606061;True;False;False;False;False;True;True;False;False;3;3;0;"[""de"", ""da"", ""kötü""]";"[""film"", ""film""]";"[""en""]";"[""de"", ""söyle""]";[];"[""modifier_detected""]"
2410;izlemek ya da izlememek hiçbir değişiklik yaratmadı.;negative;negative;0.0;0.022727272727272728;True;0.5714285714285714;0.14285714285714285;negative;0.0;0.022727272727272728;True;False;False;False;False;False;False;False;False;1;1;0;"[""da""]";[];[];[];[];[]
2411;sadece kenneth branagh için izlenebilir o adamdaki karizma gerçekten çoook az kişide var ve bence madeleine stowe ili sıkı bi elektrikleri olmuş :);neutral;positive;0.41666666666666663;0.3143939393939394;False;0.6818181818181818;0.22727272727272727;negative;0.0;0.3143939393939394;False;True;False;False;True;False;True;False;True;5;3;2;"[""adam"", ""karizma"", ""az"", ""sıkı"", ""elektrik""]";"[""karizma"", ""kişi"", ""elektrik""]";"[""çok""]";[];[];"[""suppressed_as_target"", ""modifier_detected"", ""suppressed_as_target""]"
2412;genede izlemeden önce bir kere daha düşünün derim :));neutral;negative;0.0;0.020833333333333332;False;0.625;0.125;negative;0.0;0.020833333333333332;False;False;False;False;False;False;False;False;False;1;1;0;"[""de""]";[];[];[];[];[]
2413;Sıradanlıktan kurtulamayan bir dram.;negative;negative;0.0;0.1875;True;0.5;0.25;positive;0.1875;0.0;False;True;False;True;False;True;False;False;False;1;1;0;"[""dram""]";[];[];"[""kurtula""]";[];"[""negation_flip""]"
2414;Bu kadar ünlü(ve iyi) oyuncunun bu filmde işi ne anlayamadım tam bir zaman öldüren;negative;positive;0.8194444444444445;0.0;False;0.8666666666666667;0.13333333333333333;positive;0.8194444444444445;0.0;False;False;False;False;False;False;False;False;False;2;2;0;"[""iyi"", ""tam""]";"[""zaman""]";[];[];[];[]
2415;İlk filmin gene izlenebilir bir yapısı ve kurgusu vardı.;neutral;neutral;0.0;0.0;True;0.8888888888888888;0.0;neutral;0.0;0.0;True;False;False;False;False;False;False;False;False;0;0;0;[];[];[];[];[];[]
2416;Bu devam filmi ise hiçbirşey ifade etmiyor.;negative;neutral;0.0;0.0;False;0.8571428571428571;0.0;neutral;0.0;0.0;False;False;False;False;False;False;False;False;False;0;0;0;[];[];[];[];[];[]
2417;Sulu zırtlak belden aşağı espirilerle doldurulmuş komedilerden hoşlanıyorsanız ve Mike Myers'ı komik buluyorsanız ne ala.;neutral;negative;0.125;0.625;False;0.6666666666666666;0.26666666666666666;negative;0.125;0.625;False;False;False;False;False;False;False;False;False;4;4;0;"[""sulu"", ""zırtlak"", ""aşağı"", ""komik""]";"[""bel"", ""espirilerle"", ""ne""]";[];[];[];[]
2418;Yoksa bir hayli uzak durmanızı öneririm.;negative;negative;0.0;0.125;True;0.8333333333333334;0.16666666666666666;negative;0.0;0.125;True;False;False;False;False;False;True;False;False;1;1;0;"[""uzak""]";[];"[""hayli""]";[];[];"[""modifier_detected""]"
2419;kötü bir komedi filmi bence.;negative;negative;0.0;0.9;True;1.0;0.2;negative;0.0;0.9;True;False;False;False;False;False;False;False;False;1;1;0;"[""kötü""]";"[""komedi""]";[];[];[];[]
2420;seksi kadın oyuncu ile bu işler olmuyor.;neutral;neutral;0.0;0.0;True;1.0;0.0;neutral;0.0;0.0;True;False;False;False;False;False;False;False;False;0;0;0;[];[];[];[];[];[]
2421;film berbattı.;negative;neutral;0.0;0.0;False;1.0;0.0;neutral;0.0;0.0;False;False;False;False;False;False;False;False;False;0;0;0;[];[];[];[];[];[]
2422;Kahpe Bizans ile aynı anda gösterilmesi bir saçmalık.;negative;negative;0.0;1.1666666666666667;True;0.75;0.25;negative;0.0;1.1666666666666667;True;False;False;False;False;False;False;False;False;2;2;0;"[""kahpe"", ""saçmalık""]";[];[];[];[];[]
2423;Çünkü insanlar daha bir bond filmine gitmeden buna gidiyorlar sonrada gülmeyi bekliyolar tıpkı bir Cüneyt Arkın izlemeden Kahpe Bizansa gitmek gibi.;neutral;negative;0.0;1.0;False;0.6190476190476191;0.047619047619047616;negative;0.0;1.0;False;False;False;False;False;False;False;False;False;1;1;0;"[""kahpe""]";[];[];[];[];[]
2424;aynen öyle espiri anlamakta bir araştırma ve yetenektir.;neutral;neutral;0.0;0.0;True;0.75;0.0;neutral;0.0;0.0;True;False;False;False;False;False;False;False;False;0;0;0;[];[];[];[];[];[]
2425;Acaba Dr. Evil kim gerçekte ve niye dalga geçiliyor biliyorlarmı?;neutral;negative;0.08333333333333333;0.1;False;0.6;0.2;negative;0.08333333333333333;0.1;False;False;False;False;False;False;True;False;False;2;2;0;"[""gerçek"", ""dalga""]";"[""evil"", ""evil""]";"[""niye""]";[];[];"[""modifier_detected""]"
2426;tam bir saçmalık zati ortasında çıkacaktık !!;negative;positive;0.20833333333333334;0.16666666666666666;False;1.0;0.3333333333333333;positive;0.20833333333333334;0.16666666666666666;False;False;False;False;False;False;True;False;False;2;2;0;"[""tam"", ""saçmalık""]";[];"[""tam""]";[];[];"[""modifier_detected""]"
2427;kesinlikle cok kötü george romero sevenleri hayal kırıklıgına ugratacak!;negative;negative;0.0;0.9;True;0.3333333333333333;0.1111111111111111;negative;0.0;0.9;True;False;False;False;False;False;True;False;False;1;1;0;"[""kötü""]";"[""george""]";"[""cok""]";[];[];"[""modifier_detected""]"
2428;ne yaptığının kendi bile farkında olmayan bir film;negative;neutral;0.0;0.0;False;0.875;0.0;neutral;0.0;0.0;False;False;False;False;False;False;False;False;False;0;0;0;[];[];[];[];[];[]
2429;İlk filme göre tam bir hayalkırıklığı.;negative;positive;0.20833333333333334;0.0;False;1.0;0.16666666666666666;positive;0.20833333333333334;0.0;False;False;False;False;False;False;False;False;False;1;1;0;"[""tam""]";"[""hayalkırıklığı""]";[];[];[];[]
2430;Keşke çekilmeseydi.;negative;neutral;0.0;0.0;False;0.5;0.0;neutral;0.0;0.0;False;False;False;False;False;False;False;False;False;0;0;0;[];[];[];[];[];[]
2431;Birinci film gayet iyiydi ama bu olmamış.;negative;positive;0.6111111111111112;0.0;False;1.0;0.14285714285714285;negative;0.0;0.6111111111111112;True;True;True;False;False;True;True;False;False;1;1;0;"[""iyi""]";"[""film""]";"[""gayet""]";"[""ol""]";[];"[""negation_flip"", ""modifier_detected""]"
2432;açıkçası ben filmi çok fazla beğenmedim.;negative;neutral;0.0;0.0;False;0.8333333333333334;0.0;neutral;0.0;0.0;False;False;False;False;False;False;False;False;False;0;0;0;[];[];[];[];[];[]
2433;fena değildi belki ama ilk filmle kıyaslayınca berbat.;negative;negative;0.0;0.4583333333333333;True;0.875;0.125;positive;0.4583333333333333;0.0;False;True;False;True;False;True;True;False;False;1;1;0;"[""fena""]";[];"[""belki""]";"[""değil""]";[];"[""negation_flip"", ""modifier_detected""]"
2434;izleyin ya da izlemeyin size kalmış bir şey.:S;neutral;negative;0.0;0.022727272727272728;False;0.7777777777777778;0.1111111111111111;negative;0.0;0.022727272727272728;False;False;False;False;False;False;False;False;False;1;1;0;"[""da""]";[];[];[];[];[]
2435;birincisinin yanında lafı bile yapılmaz çok kötü olmasada kötü diyebileceğimiz bir devam filmi daha iyisi olabilirdi vasatın üstü diyebiliriz boş vaktiniz varsa izleyin derim.;negative;negative;0.6111111111111112;2.4125000000000005;True;0.875;0.375;negative;0.6111111111111112;2.3125;True;False;False;False;False;True;True;False;True;9;8;1;"[""laf"", ""kötü"", ""kötü"", ""de"", ""iyi"", ""vasat"", ""de"", ""boş"", ""de""]";"[""laf"", ""film"", ""vakit"", ""film""]";"[""çok"", ""daha""]";"[""yap""]";[];"[""suppressed_as_target"", ""modifier_detected"", ""modifier_detected""]"
2436;İlkinin yanın dahi yaklaşamayan gördüğüm en kötü devam filmlerinden biri.;negative;negative;0.0;1.9833333333333332;True;0.9;0.3;positive;1.0;0.9833333333333334;False;True;False;True;False;True;True;False;False;3;3;0;"[""gör"", ""kötü"", ""biri""]";"[""devam""]";"[""en""]";"[""yaklaş""]";[];"[""negation_flip"", ""modifier_detected""]"
2437;bana çok sıkıcı geldi.;negative;negative;0.0;1.0;True;0.75;0.25;negative;0.0;1.0;True;False;False;False;False;False;True;False;False;1;1;0;"[""sıkıcı""]";[];"[""çok""]";[];[];"[""modifier_detected""]"
2438;film tam bir fiyasko.;negative;positive;0.20833333333333334;0.0;False;1.0;0.25;positive;0.20833333333333334;0.0;False;False;False;False;False;False;False;False;False;1;1;0;"[""tam""]";"[""film""]";[];[];[];[]
2439;hiç tavsiye etmem :(;negative;negative;0.125;0.5;True;1.0;0.6666666666666666;negative;0.0;0.625;True;False;False;False;False;True;True;False;False;2;2;0;"[""hiç"", ""tavsiye""]";[];"[""hiç""]";"[""et""]";[];"[""negation_flip"", ""modifier_detected""]"
2440;Büyük haayal kırıklığı benim için.;negative;negative;0.0;0.5;True;0.8;0.2;negative;0.0;0.5;True;False;False;False;False;False;False;False;False;1;1;0;"[""kırıklık""]";[];[];[];[];[]
2441;Hem ilk filmin yönetmeni nasıl böyle kötü bir film çekebiliyor anlamadım?;negative;negative;0.0;0.9;True;0.9090909090909091;0.09090909090909091;negative;0.0;0.9;True;False;False;False;False;False;True;False;False;1;1;0;"[""kötü""]";"[""film""]";"[""böyle""]";[];[];"[""modifier_detected""]"
2442;Keanu Reeves çok akıllıca bir karar alıp oynamamış.;neutral;positive;0.2916666666666667;0.16666666666666666;False;0.625;0.375;positive;0.25;0.20833333333333331;False;False;False;False;False;True;True;False;False;3;3;0;"[""akıllıca"", ""karar"", ""al""]";"[""karar"", ""keanu""]";"[""çok""]";"[""oyna""]";[];"[""modifier_detected"", ""negation_flip""]"
2443;Zaten rol ona tam oturmuştu ve mükemmel eleştiriler almıştı.;positive;positive;1.2083333333333333;0.16666666666666666;True;0.8888888888888888;0.3333333333333333;positive;1.2083333333333333;0.16666666666666666;True;False;False;False;False;False;False;False;False;3;3;0;"[""tam"", ""mükemmel"", ""al""]";"[""rol"", ""eleştiri"", ""eleştiri""]";[];[];[];[]
2444;başka bir şey daha demek istiyorum Johhny Depp Karayip Korsanların ikincisinde oynamayı kabul etmiş.;neutral;negative;0.0;0.7083333333333334;False;0.6428571428571429;0.14285714285714285;negative;0.0;0.7083333333333334;False;False;False;False;False;False;False;False;False;2;2;0;"[""de"", ""korsan""]";[];[];[];[];[]
2445;İnşallah birkaç sene sonra biz hem film hemde aktör için kötü şeyler yazmayız.;neutral;negative;0.0;1.05;False;1.0;0.15384615384615385;negative;0.15;0.9;False;False;False;False;False;True;True;False;False;2;2;0;"[""kötü"", ""yazma""]";"[""şey"", ""biz""]";"[""hemde""]";"[""yaz""]";[];"[""negation_flip"", ""modifier_detected""]"
2446;herhalde bunun kadar kotu yerlerde surunen bir aksiyon filmi de zor bulunur.;negative;negative;0.015625;0.6041666666666667;True;0.8333333333333334;0.25;negative;0.015625;0.6041666666666667;True;False;False;False;False;False;False;False;False;3;3;0;"[""yer"", ""de"", ""zor""]";"[""film""]";[];[];[];[]
2447;Ilk filmle beraber tadinda birakilmasi gerekilirdi.;neutral;neutral;0.0;0.0;True;0.5;0.0;neutral;0.0;0.0;True;False;False;False;False;False;False;False;False;0;0;0;[];[];[];[];[];[]
2448;Ayrica Jan De Bont'un da dususunu hizlandiran filmdir 'Speed 2'.;neutral;negative;0.0;0.043560606060606064;False;0.4;0.2;negative;0.0;0.043560606060606064;False;False;False;False;False;False;False;False;False;2;2;0;"[""de"", ""da""]";[];[];[];[];[]
2449;Yaw ne iş kardeşim dedirten bir film sadece.;negative;negative;0.0;0.020833333333333332;True;0.875;0.125;negative;0.0;0.020833333333333332;True;False;False;False;False;False;False;False;False;1;1;0;"[""de""]";[];[];[];[];[]
2450;Anlamsız ötesi bişi.;negative;negative;0.0;1.0;True;1.0;0.3333333333333333;negative;0.0;1.0;True;False;False;False;False;False;False;False;False;1;1;0;"[""anlamsız""]";"[""öte""]";[];[];[];[]
2451;Filmde tek işi geminin hızını söylemek olan bir adam vardı yaw.;neutral;negative;0.0;0.022727272727272728;False;0.8181818181818182;0.09090909090909091;negative;0.0;0.022727272727272728;False;False;False;False;False;False;False;False;False;1;1;0;"[""adam""]";[];[];[];[];[]
2452;Keşke daha mantıklı bir senaryo olsaydı.;neutral;positive;0.25;0.0;False;1.0;0.16666666666666666;positive;0.25;0.0;False;False;False;False;False;False;True;False;False;1;1;0;"[""mantıklı""]";"[""senaryo""]";"[""daha""]";[];[];"[""modifier_detected""]"
2453;ohaa dedirtçek kadar ohaa bi film karşımızdakii.;negative;neutral;0.0;0.0;False;0.2857142857142857;0.0;neutral;0.0;0.0;False;False;False;False;False;False;False;False;False;0;0;0;[];[];[];[];[];[]
2454;jan de bont görüntü yönetmenliğinin nimetlerinden yararlanmış ama filmi adam edememiş.;negative;positive;0.0625;0.043560606060606064;False;0.6363636363636364;0.2727272727272727;positive;0.08522727272727273;0.020833333333333332;False;False;False;False;False;True;False;True;False;3;3;0;"[""de"", ""nimet"", ""adam""]";"[""jan"", ""film""]";[];"[""et""]";"[""ama""]";"[""negation_flip"", ""contrast_detected""]"
2455;çünkü senaryo namına bişi anlaşılmıyor fimden.;negative;neutral;0.0;0.0;False;0.6666666666666666;0.0;neutral;0.0;0.0;False;False;False;False;False;False;False;False;False;0;0;0;[];[];[];[];[];[]
2456;sandra nınwücudu için izlenir.;neutral;neutral;0.0;0.0;True;0.25;0.0;neutral;0.0;0.0;True;False;False;False;False;False;False;False;False;0;0;0;[];[];[];[];[];[]
2457;ilkine hakaret eden her açıdan son derece başarısız bir yapım finalde saçmalamış izlerken uyumak ve gülmek arasında gidip geliyorsunuz.;negative;negative;0.0;1.125;True;0.7368421052631579;0.10526315789473684;negative;0.0;1.125;True;False;False;False;False;False;False;False;False;2;2;0;"[""son"", ""başarısız""]";"[""derece"", ""yapım""]";[];[];[];[]
2458;gerçekten kötü.;negative;negative;0.0;0.9;True;1.0;0.5;negative;0.0;0.9;True;False;False;False;False;False;True;False;False;1;1;0;"[""kötü""]";[];"[""gerçekten""]";[];[];"[""modifier_detected""]"
2459;mükemmel veya rezalet yorumlarını en çok okuyacağımız filmdir büyük ihtimal.;neutral;neutral;1.0;1.0;True;0.9;0.2;neutral;1.0;1.0;True;False;False;False;False;False;False;False;False;2;2;0;"[""mükemmel"", ""rezalet""]";"[""yorum""]";[];[];[];[]
2460;ben ikisinin ortası diyorum;neutral;negative;0.0;0.020833333333333332;False;1.0;0.25;neutral;0.0;0.0;True;True;True;False;False;False;False;False;False;0;0;0;[];[];[];[];[];[]
2461;Film iyi başlıyor ama sonradan ibre yavaş yavaş aşağıya doğru iniyor.;neutral;positive;0.8611111111111112;0.0625;False;0.9090909090909091;0.2727272727272727;positive;0.8611111111111112;0.0625;False;False;False;False;False;False;False;True;False;3;3;0;"[""iyi"", ""aşağı"", ""doğru""]";"[""film"", ""ibre""]";[];[];"[""ama""]";"[""contrast_detected""]"
2462;Sadece Harrison Ford ve Brad Pitt'in olmasından bi şeyler beklemiş anlaşılan Alan J.Pakula.;neutral;neutral;0.0;0.0;True;0.5;0.0;neutral;0.0;0.0;True;False;False;False;False;False;False;False;False;0;0;0;[];[];[];[];[];[]
2463;Ama onlarla da bi yere kadar oluyor.;neutral;negative;0.015625;0.022727272727272728;False;0.8571428571428571;0.2857142857142857;negative;0.015625;0.022727272727272728;False;False;False;False;False;False;False;True;False;2;2;0;"[""da"", ""yer""]";[];[];[];"[""ama""]";"[""contrast_detected""]"
2464;Ben Alan J.Pakula'nın son filmi olduğu için de ayrı bi üzüldüm.;negative;negative;0.0;0.14583333333333334;True;0.75;0.16666666666666666;negative;0.0;0.14583333333333334;True;False;False;False;False;False;False;False;False;2;2;0;"[""son"", ""de""]";"[""film"", ""film""]";[];[];[];[]
2465;Keşke daha iyi bir filmle ayrılsaydı aramızdan.;negative;positive;0.6111111111111112;0.0;False;0.8571428571428571;0.14285714285714285;positive;0.6111111111111112;0.0;False;False;False;False;False;False;True;False;False;1;1;0;"[""iyi""]";"[""film""]";"[""daha""]";[];[];"[""modifier_detected""]"
2466;pek onemsenmeyecek derecede bir romantik komedi.;negative;positive;0.125;0.0;False;0.8333333333333334;0.16666666666666666;negative;0.0;0.125;True;True;True;False;False;True;False;False;False;1;1;0;"[""pek""]";[];[];"[""onemse""]";[];"[""negation_flip""]"
2467;Basrol oyunculari ile bir sure oyalanmak isteyenler icin ideal bir secim olabilir.;neutral;neutral;0.0;0.0;True;0.5833333333333334;0.0;neutral;0.0;0.0;True;False;False;False;False;False;False;False;False;0;0;0;[];[];[];[];[];[]
2468;"""Gerçekten inanamıyorum nasıl bu kadar çok iyi yorum var konu güzel özellikle hissetmenin ne demek olduğunu merak edişi ve insanların """"""""hissin"""""""" nasıl birşey olduğunu anlatmada aslında ne kadar çaresiz olduğu insanı o an için etkileyebiliyor.""";neutral;negative;1.0656565656565657;1.2291666666666665;False;0.9428571428571428;0.17142857142857143;negative;1.0656565656565657;1.2291666666666665;False;False;False;False;False;False;True;False;False;6;6;0;"[""iyi"", ""güzel"", ""hisset"", ""de"", ""merak"", ""çaresiz""]";"[""yorum"", ""konu"", ""ne""]";"[""çok"", ""özellikle""]";[];[];"[""modifier_detected"", ""modifier_detected""]"
2469;Ama okadar.;neutral;neutral;0.0;0.0;True;0.5;0.0;neutral;0.0;0.0;True;False;False;False;False;False;False;False;False;0;0;0;[];[];[];[];[];[]
2470;Kesinlikle gidip çooooooooooook daha iyi ve duygu istiyorsanız duygusal filmler izleyebilirsiniz.;neutral;positive;0.6111111111111112;0.0;False;0.6363636363636364;0.09090909090909091;positive;0.6111111111111112;0.0;False;False;False;False;False;False;True;False;False;1;1;0;"[""iyi""]";"[""duygu""]";"[""cok"", ""daha""]";[];[];"[""modifier_detected""]"
2471;Şahsen bu film beni sıkmaktan başka bişey yapmadı.;negative;neutral;0.0;0.0;False;0.75;0.0;neutral;0.0;0.0;False;False;False;False;False;False;False;False;False;0;0;0;[];[];[];[];[];[]
2472;Kesinlikle izlemeyin.;negative;neutral;0.0;0.0;False;0.5;0.0;neutral;0.0;0.0;False;False;False;False;False;False;False;False;False;0;0;0;[];[];[];[];[];[]
2473;Herkes bu Filmin neresini beğenmiş anlamış değilim.;neutral;neutral;0.0;0.0;True;0.7142857142857143;0.0;neutral;0.0;0.0;True;False;False;False;False;False;False;False;False;0;0;0;[];[];[];[];[];[]
2474;Saçma sapan bi senaryo kötü oyunculuk kötü yönetmenlin kısacası vasatın altında;negative;negative;0.0;2.558333333333333;True;0.9090909090909091;0.45454545454545453;negative;0.3;2.2583333333333333;True;False;False;False;False;True;False;False;False;5;5;0;"[""saçma"", ""kötü"", ""oyunculuk"", ""kötü"", ""vasat""]";"[""senaryo"", ""senaryo"", ""senaryo"", ""oyunculuk""]";[];"[""sap""]";[];"[""negation_flip""]"
2475;İzlediğim en kötü savaş filmlerinden biri.;negative;negative;0.0;1.3583333333333332;True;0.8333333333333334;0.5;negative;0.0;0.9833333333333334;True;False;False;False;False;False;True;False;True;3;2;1;"[""kötü"", ""savaş"", ""biri""]";"[""savaş""]";"[""en""]";[];[];"[""modifier_detected"", ""suppressed_as_target""]"
2476;Spielberg ikinci dünya savaşında sadece amerikan askerleri mi öldü?;neutral;negative;0.0;0.375;False;0.8888888888888888;0.1111111111111111;negative;0.0;0.375;False;False;False;False;False;False;False;False;False;1;1;0;"[""savaş""]";"[""spielberg""]";[];[];[];[]
2477;Savaş filmi istiyorsanız Terrence Malick'in The Thin Red Line'ını izleyin bu film için zaman harcamayın.;negative;negative;0.0;0.375;True;0.4666666666666667;0.06666666666666667;negative;0.0;0.375;True;False;False;False;False;False;False;False;False;1;1;0;"[""savaş""]";[];[];[];[];[]
2478;Vasatı aşamayan bir film.;negative;negative;0.0;0.125;True;1.0;0.25;negative;0.0;0.125;True;False;False;False;False;False;False;False;False;1;1;0;"[""vasat""]";[];[];[];[];[]
2479;Filmin sizde bıraktığı hiç bir tat yok.;negative;negative;0.0625;0.7142857142857143;True;0.8571428571428571;0.42857142857142855;negative;0.0;0.7142857142857143;True;False;False;False;False;False;True;False;True;3;2;1;"[""hiç"", ""tat"", ""yok""]";"[""tat""]";"[""hiç""]";[];[];"[""suppressed_as_target""]"
2480;Zamanınızı boşa harcamayın derim.;negative;negative;0.0;0.020833333333333332;True;0.5;0.25;negative;0.0;0.020833333333333332;True;False;False;False;False;False;False;False;False;1;1;0;"[""de""]";[];[];[];[];[]
2481;arkadaşlar siz ne yaptınız ya.;neutral;positive;0.5;0.0;False;0.8;0.2;positive;0.5;0.0;False;False;False;False;False;False;False;False;False;1;1;0;"[""arkadaş""]";"[""siz""]";[];[];[];[]
2482;hayatımda bu kadar kötü bi film izlemedim ve herkez 10/10 felan vermiş gerçekten haraslanası bi film.;negative;negative;0.0;0.9;True;0.5882352941176471;0.058823529411764705;negative;0.0;0.9;True;False;False;False;False;False;False;False;False;1;1;0;"[""kötü""]";"[""film""]";[];[];[];[]
2483;sürekli aglayan bi adam.;neutral;negative;0.0;0.022727272727272728;False;0.5;0.25;negative;0.0;0.022727272727272728;False;False;False;False;False;False;False;False;False;1;1;0;"[""adam""]";[];[];[];[];[]
2484;taş döken bi gardiyan ve gerçekten 1/10 u bile haketmiyo.;negative;negative;0.0;0.1111111111111111;True;0.7272727272727273;0.09090909090909091;negative;0.0;0.1111111111111111;True;False;False;False;False;False;False;False;False;1;1;0;"[""taş""]";"[""gardiyan""]";[];[];[];[]
2485;Vay be bu kadarda kötü film yapılabiliyormus.;negative;negative;0.0;1.15;True;0.5714285714285714;0.2857142857142857;negative;0.0;1.15;True;False;False;False;False;False;False;False;False;2;2;0;"[""vay"", ""kötü""]";"[""film"", ""film""]";[];[];[];[]
2486;Zaten bu film bir işe yarasa'ydı bu kadar kötü puan almazdı :);negative;negative;0.0;1.0666666666666667;True;0.9090909090909091;0.18181818181818182;negative;0.16666666666666666;0.9;True;False;False;False;False;True;False;False;False;2;2;0;"[""kötü"", ""al""]";"[""puan"", ""puan""]";[];"[""al""]";[];"[""negation_flip""]"
2487;bu ne ya çok gereksiz bir film.;negative;negative;0.0;0.25;True;1.0;0.14285714285714285;negative;0.0;0.25;True;False;False;False;False;False;True;False;False;1;1;0;"[""gereksiz""]";"[""film""]";"[""çok""]";[];[];"[""modifier_detected""]"
2488;zamanınıza yazık hemde çok yazıkk.;negative;negative;0.0;0.75;True;0.8;0.2;negative;0.0;0.75;True;False;False;False;False;False;False;False;False;1;1;0;"[""yazık""]";[];[];[];[];[]
2489;eğer izleyipte beğenmezseniz kaptan duygu demişti dersiniz artık.;neutral;negative;0.0;0.020833333333333332;False;0.75;0.125;positive;0.020833333333333332;0.0;False;True;False;False;True;True;False;False;False;1;1;0;"[""de""]";"[""duygu""]";[];"[""beğen""]";[];"[""negation_flip""]"
2490;bu kadar kötü olamaz.;negative;negative;0.0;0.9;True;1.0;0.25;positive;0.9;0.0;False;True;False;True;False;True;False;False;False;1;1;0;"[""kötü""]";"[""bu""]";[];"[""ol""]";[];"[""negation_flip""]"
2491;dina mayers starship troopers ta gayet iyidi.;positive;neutral;0.0;0.0;False;0.2857142857142857;0.0;neutral;0.0;0.0;False;False;False;False;False;False;False;False;False;0;0;0;[];[];[];[];[];[]
2492;bu filmde ise hem ona hemde harcanan zamana yazık etmişler.;negative;negative;0.0;0.75;True;0.9;0.1;negative;0.0;0.75;True;False;False;False;False;False;False;False;False;1;1;0;"[""yazık""]";"[""zaman""]";[];[];[];[]
2493;sinema yeni açılmış ve ilk yarasaları oynatıyolar büyük bi heycanla gidip aynı büyüklükte bi hayal kırıklığıyla dönmüştüm hiç unutmam ayrıca hayatımda izlediğim ilk korku filmi olmasına rağmen;negative;negative;0.5;2.8;True;0.7037037037037037;0.2222222222222222;negative;1.3;2.0;True;False;False;False;False;True;False;False;False;6;6;0;"[""aç"", ""büyüklük"", ""kırıklık"", ""hiç"", ""korku"", ""rağmen""]";"[""sinema"", ""film""]";[];"[""unut"", ""unut""]";[];"[""negation_flip"", ""negation_flip""]"
2494;hitckok un kuşlar filminden alınmış çok şey var.;neutral;negative;0.0;0.16666666666666666;False;0.875;0.125;negative;0.0;0.16666666666666666;False;False;False;False;False;False;False;False;False;1;1;0;"[""al""]";[];[];[];[];[]
2495;Ama bu filmi yakalaması imkansız.;neutral;negative;0.0;0.25;False;0.8;0.2;negative;0.0;0.25;False;False;False;False;False;False;False;False;False;1;1;0;"[""imkansız""]";[];[];[];[];[]
2496;yanından dilenci olarak bile geçemez.;negative;neutral;0.0;0.0;False;1.0;0.0;neutral;0.0;0.0;False;False;False;False;False;False;False;False;False;0;0;0;[];[];[];[];[];[]
2497;Çok sıradan.;negative;neutral;0.0;0.0;False;1.0;0.0;neutral;0.0;0.0;False;False;False;False;False;False;False;False;False;0;0;0;[];[];[];[];[];[]
2498;Çizgi film konuları bile daha orjinal.;neutral;neutral;0.0;0.0;True;0.8333333333333334;0.0;neutral;0.0;0.0;True;False;False;False;False;False;False;False;False;0;0;0;[];[];[];[];[];[]
2499;evet gercekten iyi baslıyor tek iyi tarafıda o;positive;positive;1.2222222222222223;0.0;True;0.625;0.25;positive;1.2222222222222223;0.0;True;False;False;False;False;False;False;False;False;2;2;0;"[""iyi"", ""iyi""]";"[""o"", ""tarafıda""]";[];[];[];[]
2500;lütfen cık aklımdan unutamıyorum seni çünkü cok kötü;negative;negative;0.0;1.025;True;0.75;0.25;positive;1.025;0.0;False;True;False;True;False;True;True;False;False;2;2;0;"[""lütfen"", ""kötü""]";"[""sen"", ""lütfen""]";"[""cok""]";"[""unut"", ""unut""]";[];"[""negation_flip"", ""negation_flip"", ""modifier_detected""]"
2501;pek sürükleyici bir film değil.;negative;positive;0.25;0.0;False;1.0;0.4;positive;0.25;0.0;False;False;False;False;False;False;False;False;False;2;2;0;"[""pek"", ""sürükleyici""]";[];[];[];[];[]
2502;ve konusuda herkes tarafından izlenirken tahmin edilen bir film kısacası vasat bir filmdi.;neutral;negative;0.0;0.125;False;0.8461538461538461;0.07692307692307693;negative;0.0;0.125;False;False;False;False;False;False;False;False;False;1;1;0;"[""vasat""]";"[""film""]";[];[];[];[]
2503;filmin konusu nedense çok klasik geldi daha ilgi çekici yapabilirlerdi pek hoşuma gitmedi.;negative;positive;0.4583333333333333;0.0;False;0.7692307692307693;0.15384615384615385;positive;0.4583333333333333;0.0;False;False;False;False;False;False;False;False;False;2;2;0;"[""çekici"", ""pek""]";[];[];[];[];[]
2504;sanırım simdiye kadar izledigim en rezil filmdi.;negative;negative;0.0;1.0;True;0.7142857142857143;0.14285714285714285;negative;0.0;1.0;True;False;False;False;False;False;True;False;False;1;1;0;"[""rezil""]";"[""film""]";"[""en""]";[];[];"[""modifier_detected""]"
2505;senaryo görüntüler efeckt v.s tam bir fiyasko.;negative;positive;0.20833333333333334;0.0;False;0.875;0.125;positive;0.20833333333333334;0.0;False;False;False;False;False;False;False;False;False;1;1;0;"[""tam""]";"[""fiyasko""]";[];[];[];[]
2506;bence yılın en gereksiz filmi;negative;negative;0.0;0.25;True;1.0;0.2;negative;0.0;0.25;True;False;False;False;False;False;True;False;False;1;1;0;"[""gereksiz""]";"[""film""]";"[""en""]";[];[];"[""modifier_detected""]"
2507;kahrolsun emperyalizm.;negative;negative;0.0;1.0;True;1.0;0.5;negative;0.0;1.0;True;False;False;False;False;False;False;False;False;1;1;0;"[""kahrolsun""]";"[""emperyalizm""]";[];[];[];[]
2508;yaşasın en sevmediim iki oyuncu birarada: angelina ve nicolas senaryo berbat oyunculuk berbate daha ne olsun;negative;positive;1.0;0.3333333333333333;False;0.6875;0.125;positive;1.0;0.3333333333333333;False;False;False;False;False;False;False;False;False;2;2;0;"[""yaşasın"", ""oyunculuk""]";[];[];[];[];[]
2509;beş para etmez bir evrim teorisi filmi kesinlikle bilimsel bir yanı yok kimseye tavsiye etmiyorum.;negative;positive;0.29166666666666663;0.21428571428571427;False;1.0;0.2;negative;0.16666666666666666;0.3392857142857143;True;True;True;False;False;True;True;False;False;3;3;0;"[""evrim"", ""yok"", ""tavsiye""]";"[""film"", ""film""]";"[""kesinlik"", ""yok""]";"[""et""]";[];"[""modifier_detected"", ""negation_flip"", ""modifier_detected""]"
2510;konu yok espri yok saçmasapan bir film.;negative;negative;0.25;0.42857142857142855;True;0.8571428571428571;0.42857142857142855;negative;0.0;0.42857142857142855;True;False;False;False;False;False;True;False;True;3;2;1;"[""yok"", ""espri"", ""yok""]";"[""konu"", ""espri""]";"[""yok""]";[];[];"[""suppressed_as_target"", ""modifier_detected""]"
2511;yalnızca oyuncular için izlenebilir vasat ve sıkıcı.;negative;negative;0.0;1.125;True;0.8571428571428571;0.2857142857142857;negative;0.0;1.125;True;False;False;False;False;False;False;False;False;2;2;0;"[""vasat"", ""sıkıcı""]";[];[];[];[];[]
2512;çok uzun olmasa da vaktinizi alıyor vakit kaybı.;negative;negative;0.0;0.4393939393939394;True;1.0;0.375;negative;0.1893939393939394;0.25;True;False;False;False;False;True;False;False;False;3;3;0;"[""da"", ""al"", ""kayıp""]";"[""vakit"", ""vakit""]";[];"[""ol"", ""ol""]";[];"[""negation_flip"", ""negation_flip""]"
2513;Reeves'ten kötü adam olamayacağı gibi bu filmin de herşeyiyle çok kötü olduğu ve tel tel döküldüğü de ortada.;negative;negative;0.0;1.8643939393939395;True;0.8333333333333334;0.2777777777777778;negative;0.0;1.8416666666666666;True;False;False;False;False;True;True;False;True;5;4;1;"[""kötü"", ""adam"", ""de"", ""kötü"", ""de""]";"[""adam"", ""film""]";"[""çok""]";"[""ol""]";[];"[""suppressed_as_target"", ""modifier_detected""]"
2514;rahatsız edici derece itici oynayan bir oyuncu kadrosu var filmin.;negative;negative;0.0;0.6666666666666666;True;0.9;0.1;positive;0.6666666666666666;0.0;False;True;False;True;False;True;False;False;False;1;1;0;"[""rahatsız""]";"[""derece""]";[];"[""et""]";[];"[""negation_flip""]"
2515;Uzak durulması gereken devam filmlerinden biri.;negative;negative;0.0;0.20833333333333331;True;1.0;0.3333333333333333;negative;0.0;0.20833333333333331;True;False;False;False;False;False;False;False;False;2;2;0;"[""uzak"", ""biri""]";[];[];[];[];[]
2516;Hele ki ilki sizin için çok özelse bunun yanına dahi yaklaşmayın.;negative;positive;0.1;0.0;False;0.9090909090909091;0.09090909090909091;negative;0.0;0.1;True;True;True;False;False;True;True;False;False;1;1;0;"[""özel""]";"[""ilk""]";"[""hele"", ""çok""]";"[""yaklaş""]";[];"[""negation_flip"", ""modifier_detected""]"
2517;Filmi hiç beğenmedim :(;negative;negative;0.0;0.5;True;0.6666666666666666;0.3333333333333333;positive;0.5;0.0;False;True;False;True;False;True;False;False;False;1;1;0;"[""hiç""]";"[""film""]";[];"[""beğen""]";[];"[""negation_flip""]"
2518;Çizgi romanlarındaki ve çizgi filmlerindeki o espirilerden hiçbiri yoktu filmde.;negative;negative;0.0;0.21428571428571427;True;0.9;0.1;negative;0.0;0.21428571428571427;True;False;False;False;False;False;False;False;False;1;1;0;"[""yok""]";"[""hiçbiri""]";[];[];[];[]
2519;Çok soğuk ve itici geldi bana.;negative;negative;0.0;0.15625;True;0.8333333333333334;0.16666666666666666;negative;0.0;0.15625;True;False;False;False;False;False;True;False;False;1;1;0;"[""soğuk""]";[];"[""çok""]";[];[];"[""modifier_detected""]"
2520;Parker normalde düşmanıyla savaşırken çenesi hiç durmazdı.;negative;negative;0.0;1.2583333333333333;True;0.8571428571428571;0.5714285714285714;positive;0.875;0.3333333333333333;False;True;False;True;False;True;True;False;True;4;3;1;"[""düşman"", ""savaş"", ""çene"", ""hiç""]";"[""parker"", ""parker"", ""çene""]";"[""normalde""]";"[""dur"", ""dur"", ""dur""]";[];"[""negation_flip"", ""modifier_detected"", ""suppressed_as_target"", ""negation_flip""]"
2521;Filmde ise mübarek ağzını bıçak açmıyo.;neutral;positive;0.55;0.0;False;0.8333333333333334;0.16666666666666666;positive;0.55;0.0;False;False;False;False;False;False;False;False;False;1;1;0;"[""mübarek""]";"[""ağız""]";[];[];[];[]
2522;Belki grafik olarak biraz güzel denebilir.;positive;positive;0.45454545454545453;0.020833333333333332;True;1.0;0.3333333333333333;positive;0.45454545454545453;0.020833333333333332;True;False;False;False;False;False;True;False;False;2;2;0;"[""güzel"", ""de""]";[];"[""belki""]";[];[];"[""modifier_detected""]"
2523;Birazda aksiyon vardı ama 1/10 :(;neutral;neutral;0.0;0.0;True;1.0;0.0;neutral;0.0;0.0;True;False;False;False;False;False;False;False;False;0;0;0;[];[];[];[];[];[]
2524;crow 4 kadar olmasada buda berbat sayılabilecek bir serinin devamı;negative;neutral;0.0;0.0;False;0.8;0.0;neutral;0.0;0.0;False;False;False;False;False;False;False;False;False;0;0;0;[];[];[];[];[];[]
2525;içi boş bi hollywood filmi woo nun en kötü filmi nerde face off nerde bu film ayrıca nicolas cage ede hiç yakışmayan bi film harbi savaşın bi stüdyoda geçtiği çok belli oyuncularda savaş psikolojisinden hiç eser yok sanki oyun oynarmış gibi çatışıyolardı woo böyle şeylere bulaşmamalı;negative;negative;0.0;3.2892857142857146;True;0.6304347826086957;0.17391304347826086;negative;0.5;2.7892857142857146;True;False;False;False;False;True;True;False;False;8;8;0;"[""boş"", ""kötü"", ""hiç"", ""savaş"", ""savaş"", ""hiç"", ""yok"", ""oyun""]";"[""film"", ""eser""]";"[""en""]";"[""yakış""]";[];"[""modifier_detected"", ""negation_flip""]"
2526;kesinlikle rezalet bi film.;negative;negative;0.0;1.0;True;0.75;0.25;negative;0.0;1.0;True;False;False;False;False;False;False;False;False;1;1;0;"[""rezalet""]";"[""film""]";[];[];[];[]
2527;basindan sonuna kadar porno.;neutral;negative;0.0;0.125;False;0.5;0.25;negative;0.0;0.125;False;False;False;False;False;False;False;False;False;1;1;0;"[""son""]";"[""porno""]";[];[];[];[]
2528;o kadar ki hikayeyi geride birakmis.;negative;negative;0.0;0.1590909090909091;True;0.8333333333333334;0.16666666666666666;negative;0.0;0.1590909090909091;True;False;False;False;False;False;False;False;False;1;1;0;"[""geri""]";"[""hikaye""]";[];[];[];[]
2529;zaten seks sahnelerini izlerken OHA YUH ARTIK dedim.;neutral;negative;0.0;1.1458333333333333;False;0.875;0.375;negative;0.0;0.7708333333333334;False;False;False;False;False;False;True;False;True;3;2;1;"[""oha"", ""yuh"", ""de""]";"[""oha""]";"[""artik""]";[];[];"[""suppressed_as_target""]"
2530;o saskinlik ve ofkeyle filmin ne hikayesi kaldi ne de ne anlatmak istedigi.;negative;negative;0.0;0.020833333333333332;True;0.6153846153846154;0.07692307692307693;negative;0.0;0.020833333333333332;True;False;False;False;False;False;False;False;False;1;1;0;"[""de""]";[];[];[];[];[]
2531;insanlar bi filme erotizm ciplaklik ve seks katinca sanat yaptiklarini zannediyolar.;neutral;neutral;0.0;0.0;True;0.5454545454545454;0.0;neutral;0.0;0.0;True;False;False;False;False;False;False;False;False;0;0;0;[];[];[];[];[];[]
2532;sanattan anladigini sanan zavallilar da nerde ciplak vucut gorseler sanat diye bakiyolar.;neutral;negative;0.0;0.022727272727272728;False;0.4166666666666667;0.08333333333333333;negative;0.0;0.022727272727272728;False;False;False;False;False;False;False;False;False;1;1;0;"[""da""]";[];[];[];[];[]
2533;cok merakliysaniz gidin porno izleyin.;neutral;neutral;0.0;0.0;True;0.0;0.0;neutral;0.0;0.0;True;False;False;False;False;False;False;False;False;0;0;0;[];[];[];[];[];[]
2534;onlarda da hikaye var ne de olsa.;neutral;negative;0.0;0.043560606060606064;False;1.0;0.2857142857142857;negative;0.0;0.043560606060606064;False;False;False;False;False;False;False;False;False;2;2;0;"[""da"", ""de""]";[];[];[];[];[]
2535;hem onlar da sanat filmi sayilir di mi?!?;neutral;negative;0.0;0.022727272727272728;False;0.875;0.125;negative;0.0;0.022727272727272728;False;False;False;False;False;False;False;False;False;1;1;0;"[""da""]";[];[];[];[];[]
2536;bence rezalet tek kelimeyle rezalet.;negative;negative;0.0;2.0;True;1.0;0.4;negative;0.0;1.0;True;False;False;False;False;False;False;False;True;2;1;1;"[""rezalet"", ""rezalet""]";"[""rezalet""]";[];[];[];"[""suppressed_as_target""]"
2537;1/10 paun verdim. o da 0/10 olmadigi icin.;neutral;negative;0.0;0.022727272727272728;False;0.6;0.1;negative;0.0;0.022727272727272728;False;False;False;False;False;False;False;False;False;1;1;0;"[""da""]";[];[];[];[];[]
2538;Saçma upuzun diyolaglar kopuk sahneler aniden biten bir film ve işte tarantino;negative;negative;0.0;0.8;True;0.8333333333333334;0.16666666666666666;negative;0.0;0.8;True;False;False;False;False;False;False;False;False;2;2;0;"[""saçma"", ""kopuk""]";"[""diyolaglar"", ""sahne""]";[];[];[];[]
2539;izlediğim en başarısız filmlerden biri;negative;negative;0.0;1.0833333333333333;True;0.8;0.4;negative;0.0;1.0;True;False;False;False;False;False;True;False;False;1;1;0;"[""başarısız""]";"[""film""]";"[""en""]";[];[];"[""modifier_detected""]"
2540;tek kelimeyle berbat bir film sadece uyuşturucu içtikten sonra öğrencilerle konuşması sahnesi azcık komikti.;negative;negative;0.125;0.375;True;0.9285714285714286;0.14285714285714285;negative;0.125;0.375;True;False;False;False;False;False;True;False;False;2;2;0;"[""uyuşturucu"", ""komik""]";"[""sahne""]";"[""azcık""]";[];[];"[""modifier_detected""]"
2541;niye bu kadar reklamı yapıldı anlamadım.;neutral;neutral;0.0;0.0;True;0.6666666666666666;0.0;neutral;0.0;0.0;True;False;False;False;False;False;False;False;False;0;0;0;[];[];[];[];[];[]
2542;"""Bu filmi izlemek yerine hollywoodun en kötü yönetmeni """""""" Edward D. Wood Jr. """""""" ı izlemek çok daha yerinde olacaktır.""";negative;negative;0.03125;0.9;True;0.6666666666666666;0.16666666666666666;negative;0.03125;0.9;True;False;False;False;False;False;True;False;False;3;3;0;"[""yer"", ""kötü"", ""yer""]";"[""yönetmen""]";"[""en"", ""daha""]";[];[];"[""modifier_detected"", ""modifier_detected""]"
2543;Ki Edward D. Wood Jr. kat ve kat daha iyidir.;neutral;positive;0.6111111111111112;0.0;False;0.7;0.1;positive;0.6111111111111112;0.0;False;False;False;False;False;False;False;False;False;1;1;0;"[""iyi""]";"[""wood""]";[];[];[];[]
2544;Film boyunca çay doldurmasından işemesine kadar karakterler görüntüye alınmıştır.;neutral;negative;0.0;0.16666666666666666;False;0.8888888888888888;0.1111111111111111;negative;0.0;0.16666666666666666;False;False;False;False;False;False;False;False;False;1;1;0;"[""al""]";[];[];[];[];[]
2545;Birinin her şeyi film yapamazsın demesi gerekiyor bu yönetmene.;neutral;negative;0.0;0.10416666666666666;False;0.8888888888888888;0.2222222222222222;positive;0.020833333333333332;0.0;False;True;False;False;True;True;False;False;True;2;1;1;"[""biri"", ""de""]";"[""biri""]";[];"[""yap""]";[];"[""suppressed_as_target"", ""negation_flip""]"
2546;Ne gördüyse çekmiş nitekim.;neutral;negative;0.0;1.0;False;1.0;0.25;negative;0.0;1.0;False;False;False;False;False;False;True;False;False;1;1;0;"[""gör""]";"[""ne""]";"[""nitekim""]";[];[];"[""modifier_detected""]"
2547;Kamera sarsıntıları vardı.;neutral;negative;0.0;0.25;False;1.0;0.3333333333333333;negative;0.0;0.25;False;False;False;False;False;False;False;False;False;1;1;0;"[""sarsıntı""]";[];[];[];[];[]
2548;Bir an kendimi bir öğrenci filmi izler gibi hissettim ki pek bir farkı yoktu.;neutral;negative;0.125;0.4642857142857143;False;1.0;0.21428571428571427;negative;0.125;0.4642857142857143;False;False;False;False;False;False;False;False;False;3;3;0;"[""hisset"", ""pek"", ""yok""]";"[""kendi"", ""fark""]";[];[];[];[]
2549;Biraz daha gelişmiş hali.;neutral;positive;0.5;0.0;False;0.75;0.25;positive;0.5;0.0;False;False;False;False;False;False;True;False;False;1;1;0;"[""gelişmiş""]";[];"[""biraz"", ""daha""]";[];[];"[""modifier_detected""]"
2550;Türk sineması hep böyle mi kalacak?;neutral;neutral;0.0;0.0;True;0.8333333333333334;0.0;neutral;0.0;0.0;True;False;False;False;False;False;False;False;False;0;0;0;[];[];[];[];[];[]
2551;"""Neden bizimde """""""" Guguk Kuşu """""""" gibi bir filmimiz olmayacak?""";neutral;neutral;0.0;0.0;True;1.0;0.0;neutral;0.0;0.0;True;False;False;False;False;False;False;False;False;0;0;0;[];[];[];[];[];[]
2552;sorunlarını sordurur.;neutral;negative;0.0;0.75;False;0.5;0.5;negative;0.0;0.75;False;False;False;False;False;False;False;False;False;1;1;0;"[""sorun""]";[];[];[];[];[]
2553;Kara kara düşündürür.;neutral;negative;0.0;1.0;False;0.6666666666666666;0.6666666666666666;negative;0.0;1.0;False;False;False;False;False;False;False;False;False;2;2;0;"[""kara"", ""kara""]";[];[];[];[];[]
2554;Diyaloglar sıkıcıdır.;negative;negative;0.0;1.0;True;1.0;0.5;negative;0.0;1.0;True;False;False;False;False;False;False;False;False;1;1;0;"[""sıkıcı""]";"[""diyalog""]";[];[];[];[]
2555;İnandırıcı değildir.;negative;neutral;0.0;0.0;False;1.0;0.0;neutral;0.0;0.0;False;False;False;False;False;False;False;False;False;0;0;0;[];[];[];[];[];[]
2556;Herhangi bir oyunculuk görünmüyor.;negative;negative;0.0;0.3333333333333333;True;0.75;0.25;positive;0.3333333333333333;0.0;False;True;False;True;False;True;False;False;False;1;1;0;"[""oyunculuk""]";[];[];"[""görün""]";[];"[""negation_flip""]"
2557;Örneğin savcı ben şu diyalogu okuyayım da gideyim gibi bir vaziyette o diyolagu hiseediyor musun?;neutral;negative;0.0;0.022727272727272728;False;0.6666666666666666;0.06666666666666667;negative;0.0;0.022727272727272728;False;False;False;False;False;False;False;False;False;1;1;0;"[""da""]";[];[];[];[];[]
2558;O cümleleri sarf edicek ruh halinde misin?;neutral;negative;0.0;0.075;False;0.8571428571428571;0.14285714285714285;negative;0.0;0.075;False;False;False;False;False;False;False;False;False;1;1;0;"[""hal""]";[];[];[];[];[]
2559;Hayır. Belirli bir duruş edinim put gibi durur oyuncular Yazık;negative;negative;0.4375;0.75;True;1.0;0.2;negative;0.4375;0.75;True;False;False;False;False;False;False;False;False;2;2;0;"[""hayır"", ""yazık""]";"[""oyuncu""]";[];[];[];[]
2560;Kesinlikle zaman kaybı ya inananamıyorum burdaki yorumalara bakarak aldım bu filmi iyidir diye ay böyle bunaltıcı böyle sıkıcı ve bayıltıcı bi film olamaz izlediğim en berbat romantik komedi artık lütfen sözüm Fransızlara;negative;negative;0.6111111111111112;3.3416666666666663;True;0.8125;0.28125;negative;0.8611111111111112;3.0916666666666663;True;False;False;False;False;True;True;False;False;9;9;0;"[""kayıp"", ""bak"", ""al"", ""iyi"", ""bunaltıcı"", ""sıkıcı"", ""bayıltıcı"", ""lütfen"", ""söz""]";"[""zaman"", ""zaman"", ""ay"", ""film"", ""zaman""]";"[""iyi"", ""böyle"", ""böyle""]";"[""inana""]";[];"[""negation_flip"", ""modifier_detected"", ""modifier_detected"", ""modifier_detected""]"
2561;Fransız Sinemasına SON.;negative;negative;0.0;0.125;True;0.6666666666666666;0.3333333333333333;negative;0.0;0.125;True;False;False;False;False;False;False;False;False;1;1;0;"[""son""]";[];[];[];[];[]
2562;Bu filmi ilk izlemeye başladığımda 10 dk'da bunu çıkarıp başka bir film koydum.;neutral;neutral;0.0;0.0;True;0.7692307692307693;0.0;neutral;0.0;0.0;True;False;False;False;False;False;False;False;False;0;0;0;[];[];[];[];[];[]
2563;Sonra bir kaç gün geçti ve yeniden denedim.;neutral;neutral;0.0;0.0;True;0.875;0.0;neutral;0.0;0.0;True;False;False;False;False;False;False;False;False;0;0;0;[];[];[];[];[];[]
2564;Ama olmadı.;neutral;neutral;0.0;0.0;True;1.0;0.0;neutral;0.0;0.0;True;False;False;False;False;False;False;False;False;0;0;0;[];[];[];[];[];[]
2565;Sonuna kadar dayandım.;neutral;negative;0.0;0.125;False;0.6666666666666666;0.3333333333333333;negative;0.0;0.125;False;False;False;False;False;False;False;False;False;1;1;0;"[""son""]";[];[];[];[];[]
2566;Film bittiğinde ohhh çektim sonunda bitti diye.;neutral;neutral;0.0;0.0;True;0.8571428571428571;0.0;neutral;0.0;0.0;True;False;False;False;False;False;False;False;False;0;0;0;[];[];[];[];[];[]
2567;O kadar çok güzel yorum yapılmıştı ki o yüzden izlemeyi istemiştim.;positive;positive;0.45454545454545453;0.0;True;0.8181818181818182;0.09090909090909091;positive;0.45454545454545453;0.0;True;False;False;False;False;False;True;False;False;1;1;0;"[""güzel""]";"[""yorum""]";"[""çok""]";[];[];"[""modifier_detected""]"
2568;Şu anda bile kendime bu filmi aldığım için kızıyorum.;negative;negative;0.0;0.16666666666666666;True;1.0;0.1111111111111111;negative;0.0;0.16666666666666666;True;False;False;False;False;False;False;False;False;1;1;0;"[""al""]";"[""film""]";[];[];[];[]
2569;Double dvd'yi izleme gereği bile duymadım.;neutral;neutral;0.0;0.0;True;0.6666666666666666;0.0;neutral;0.0;0.0;True;False;False;False;False;False;False;False;False;0;0;0;[];[];[];[];[];[]
2570;Bir kaç sene sonra tekrar deneyeceğim.;neutral;neutral;0.0;0.0;True;0.8333333333333334;0.0;neutral;0.0;0.0;True;False;False;False;False;False;False;False;False;0;0;0;[];[];[];[];[];[]
2571;Hala merak ediyorum insanların bu filmde neler bulduğunu.;neutral;negative;0.0;0.375;False;1.0;0.125;negative;0.0;0.375;False;False;False;False;False;False;True;False;False;1;1;0;"[""merak""]";[];"[""hala""]";[];[];"[""modifier_detected""]"
2572;Seyrettiğim en kötü filmler listesinde ilk sıraları zorlayan bir film.;negative;negative;0.0;0.9;True;0.9;0.1;negative;0.0;0.9;True;False;False;False;False;False;True;False;False;1;1;0;"[""kötü""]";"[""film""]";"[""en""]";[];[];"[""modifier_detected""]"
2573;Bazı arkadaşlar filmin toplum eleştirisi yaptığından ve psikolojik bir derinliği olduğundan söz etmişler.;neutral;positive;0.5625;0.05;False;0.9230769230769231;0.23076923076923078;positive;0.0625;0.05;False;False;False;False;False;False;False;False;True;3;2;1;"[""arkadaş"", ""psikolojik"", ""söz""]";"[""derinlik"", ""arkadaş""]";[];[];[];"[""suppressed_as_target""]"
2574;Belki doğru olabilir fakat işleniş öylesine kötü ki tahammül sınırlarını zorluyor.;negative;negative;0.25;0.9;True;0.8181818181818182;0.18181818181818182;negative;0.25;0.9;True;False;False;False;False;False;True;False;False;2;2;0;"[""doğru"", ""kötü""]";"[""tahammül""]";"[""öyle""]";[];[];"[""modifier_detected""]"
2575;Şiddetin meşrulaştırılması ve bunu sinema diliyle gerçekleştirmek bir çok kişiyi rahatsız etse de şayet bu başarılırsa yönetmenin dehası ve sinemanın ne kadar güçlü bir silah olabileceği fikri güçlendirilmiş olur.;neutral;negative;0.0;1.6041666666666665;False;0.8620689655172413;0.1724137931034483;negative;0.0;1.1041666666666665;False;False;False;False;False;False;False;False;True;5;4;1;"[""şiddet"", ""rahatsız"", ""de"", ""güçlü"", ""silah""]";"[""kişi"", ""kişi"", ""silah""]";[];[];[];"[""suppressed_as_target""]"
2576;Bu mesaj kaygısı taşıyan izleyiciler için şiddeti yada toplumun normlarına aykırı gelen durumları özendirdiğinden ötürü bir tehdit olarak kabul edilebilir.;neutral;negative;0.0;1.2916666666666667;False;0.8;0.15;negative;0.0;1.125;False;False;False;False;False;False;False;False;True;3;2;1;"[""kaygı"", ""şiddet"", ""aykırı""]";"[""şiddet""]";[];[];[];"[""suppressed_as_target""]"
2577;Ama benim bu filmi eleştirirken böyle bir kaygımda yok.;neutral;negative;0.0;1.2142857142857142;False;0.8888888888888888;0.2222222222222222;negative;0.0;0.21428571428571427;False;False;False;False;False;False;True;True;True;2;1;1;"[""kaygı"", ""yok""]";"[""kaygı""]";"[""böyle""]";[];"[""ama"", ""ama""]";"[""suppressed_as_target"", ""contrast_detected""]"
2578;Zaten bence sanatın her dalı için eser mesajı ile değil niteliği bizde uyandırdığı etki ile değerlendirilmelidir.;neutral;neutral;0.0;0.0;True;0.9375;0.0;neutral;0.0;0.0;True;False;False;False;False;False;False;False;False;0;0;0;[];[];[];[];[];[]
2579;Film bunların dışında medyaya da saldırmıyor değil fakat bunu öylesine inandırıcılıktan uzak yapıyor ki seyrederken böylesine kötü bir film yaptığı için ben Oliver Stone adına utandım.;negative;negative;0.08333333333333333;1.0477272727272728;True;0.6538461538461539;0.15384615384615385;negative;0.08333333333333333;1.0477272727272728;True;False;False;False;False;False;True;True;False;4;4;0;"[""da"", ""uzak"", ""kötü"", ""ad""]";"[""bu"", ""film"", ""ben""]";"[""böylesine""]";[];"[""fakat""]";"[""contrast_detected"", ""modifier_detected""]"
2580;Garip ve tuhaf bir dürtü ile bu rezaleti görmemek için filmi kapatmak istedim.;negative;negative;0.08333333333333333;2.3;True;0.8461538461538461;0.3076923076923077;negative;0.08333333333333333;1.3;True;False;False;False;False;False;False;False;True;4;3;1;"[""garip"", ""tuhaf"", ""rezalet"", ""gör""]";"[""dürtü"", ""rezalet""]";[];[];[];"[""suppressed_as_target""]"
2581;Seyirciyi aptal yerine koyan (Mesajı gözümüze sokarak) ve eline yüzüne bulaştırdığı mesaj kaygısı ile medya eleştirisini de ayaklar altına alan komik çocukça sahte ve basit bir filmdi.;negative;negative;0.240625;1.8958333333333333;True;0.9259259259259259;0.25925925925925924;negative;0.240625;1.8958333333333333;True;False;False;False;False;False;False;False;False;7;7;0;"[""aptal"", ""yer"", ""kaygı"", ""de"", ""komik"", ""sahte"", ""basit""]";"[""yer"", ""seyirci"", ""çocukça"", ""film""]";[];[];[];[]
2582;Son olarak Tarantino'nun kendi senaryosunu böylesine gerçeklikten koparıp komik bir film haline getiren Oliver Stone ile kanlı bıçaklı olduğunu ve bir daha hiçbir filmde ortak çalışmama kararı aldığını da küçük bir not olarak düşürmek isterim.;neutral;negative;0.16666666666666666;0.8179653679653679;False;0.7714285714285715;0.2;negative;0.125;0.8179653679653679;False;False;False;False;False;False;False;False;True;7;6;1;"[""son"", ""komik"", ""hal"", ""kanlı"", ""karar"", ""al"", ""da""]";"[""film"", ""karar"", ""karar""]";[];[];[];"[""suppressed_as_target""]"
2583;Tarantino'dan ötürü gözü kapalı bu filme hayranlık duyanlar tekrar düşünsünler Puanı;neutral;negative;0.0;0.05555555555555555;False;0.8181818181818182;0.09090909090909091;negative;0.0;0.05555555555555555;False;False;False;False;False;False;False;False;False;1;1;0;"[""kapalı""]";"[""göz""]";[];[];[];[]
2584;Berbaaaaaaaaaaat.;negative;neutral;0.0;0.0;False;0.0;0.0;neutral;0.0;0.0;False;False;False;False;False;False;False;False;False;0;0;0;[];[];[];[];[];[]
2585;Berbaaaaaaaaaaaaaaat.;negative;neutral;0.0;0.0;False;0.0;0.0;neutral;0.0;0.0;False;False;False;False;False;False;False;False;False;0;0;0;[];[];[];[];[];[]
2586;Hayatımda uyuduğum ilk flim!;neutral;neutral;0.0;0.0;True;0.5;0.0;neutral;0.0;0.0;True;False;False;False;False;False;False;False;False;0;0;0;[];[];[];[];[];[]
2587;Peter Pan'ın Fox Kids'teki çizgi flimi bile daha güzel!;negative;positive;0.45454545454545453;0.0;False;0.4444444444444444;0.1111111111111111;positive;0.45454545454545453;0.0;False;False;False;False;False;False;False;False;False;1;1;0;"[""güzel""]";"[""flimi""]";[];[];[];[]
2588;Bu flime hiç bir zevki olmadığı için 1/10 veriyorum.;negative;neutral;0.5;0.5;False;0.8;0.2;negative;0.0;1.0;True;True;True;False;False;True;True;False;False;2;2;0;"[""hiç"", ""zevk""]";[];"[""hiç""]";"[""ol""]";[];"[""negation_flip"", ""modifier_detected""]"
2589;rezalet ötesi bir film.;negative;negative;0.0;1.0;True;1.0;0.25;negative;0.0;1.0;True;False;False;False;False;False;False;False;False;1;1;0;"[""rezalet""]";"[""film""]";[];[];[];[]
2590;kadrosuna aldanıp izlememek lazım.;negative;neutral;0.0;0.0;False;0.5;0.0;neutral;0.0;0.0;False;False;False;False;False;False;False;False;False;0;0;0;[];[];[];[];[];[]
2591;berbat bi yeniden çevrim mükemmel oyuncular var ama harcanmışlar hiç kendilerini senaryo yüzünden gösterememişler 2/10 7 7 yi kesinlikle haketmiyo;negative;positive;1.0;0.5;False;0.8095238095238095;0.09523809523809523;positive;1.5;0.0;False;False;False;False;False;True;False;True;False;2;2;0;"[""mükemmel"", ""hiç""]";"[""oyuncu"", ""kendi""]";[];"[""göster""]";"[""ama""]";"[""negation_flip"", ""contrast_detected""]"
2592;Yerlerde sürünen bir film.;neutral;positive;0.015625;0.0;False;0.75;0.25;positive;0.015625;0.0;False;False;False;False;False;False;False;False;False;1;1;0;"[""yer""]";[];[];[];[];[]
2593;Jan De Bont'un filmografisi bu filmle düşüşe geçmişti zaten.;negative;negative;0.0;0.07083333333333333;True;0.6666666666666666;0.2222222222222222;negative;0.0;0.07083333333333333;True;False;False;False;False;False;False;False;False;2;2;0;"[""de"", ""geçmiş""]";"[""filmografisi""]";[];[];[];[]
2594;Tek olumlu tarafı ise mekan kullanımı;positive;positive;0.25;0.0;True;1.0;0.16666666666666666;positive;0.25;0.0;True;False;False;False;False;False;False;False;False;1;1;0;"[""olumlu""]";[];[];[];[];[]
2595;İşte American Pie budur;neutral;neutral;0.0;0.0;True;0.5;0.0;neutral;0.0;0.0;True;False;False;False;False;False;False;False;False;0;0;0;[];[];[];[];[];[]
2596;arakadaşlar valla nedense 3. film çok berbat ve kötü yapılmış;negative;negative;0.0;0.9;True;0.7;0.1;negative;0.0;0.9;True;False;False;False;False;False;False;False;False;1;1;0;"[""kötü""]";[];[];[];[];[]
2597;buldum nerde bu 1. film deki gibi güldürücü komik sahneler.;neutral;positive;1.125;0.0;False;0.9;0.2;positive;1.125;0.0;False;False;False;False;False;False;False;False;False;2;2;0;"[""güldürücü"", ""komik""]";"[""sahne"", ""sahne""]";[];[];[];[]
2598;En iyi en güzel gençlik komedi filmlerindendir bence American Pie(3. film hariç)...1. film : 8/10 2. film : 7/10 3. film : 2/10;positive;positive;1.0656565656565657;0.0;True;0.92;0.08;positive;1.0656565656565657;0.0;True;False;False;False;False;False;True;False;False;2;2;0;"[""iyi"", ""güzel""]";"[""komedi"", ""komedi""]";"[""en"", ""en""]";[];[];"[""modifier_detected"", ""modifier_detected""]"
2599;belirgin bir konusu yok aslında.;negative;negative;0.0;0.21428571428571427;True;1.0;0.2;negative;0.0;0.21428571428571427;True;False;False;False;False;False;True;False;False;1;1;0;"[""yok""]";"[""konu""]";"[""aslında""]";[];[];"[""modifier_detected""]"
2600;bir bakıyorsunuz film bitmiş.;neutral;negative;0.0;0.25;False;1.0;0.25;negative;0.0;0.25;False;False;False;False;False;False;True;False;False;1;1;0;"[""bak""]";"[""film""]";"[""bir""]";[];[];"[""modifier_detected""]"
2601;çok sıkıcı bir filmdi.;negative;negative;0.0;1.0;True;1.0;0.25;negative;0.0;1.0;True;False;False;False;False;False;True;False;False;1;1;0;"[""sıkıcı""]";"[""film""]";"[""çok""]";[];[];"[""modifier_detected""]"
2602;bir başkasının yerine geçiyor anlaşılmıyor oyunlar çeviriyor falan.;neutral;negative;0.015625;0.1;False;0.75;0.25;negative;0.015625;0.1;False;False;False;False;False;False;False;False;False;2;2;0;"[""yer"", ""oyun""]";[];[];[];[];[]
2603;Vasat bir filmin 'niye çekildi ki' dedirtecek kadar kötü bir devamı.;negative;negative;0.0;1.0458333333333334;True;0.9090909090909091;0.2727272727272727;negative;0.020833333333333332;1.025;True;False;False;False;False;True;False;False;False;3;3;0;"[""vasat"", ""de"", ""kötü""]";"[""film"", ""devam""]";[];"[""de""]";[];"[""negation_flip""]"
2604;Filmde Carrie-Anne Moss dışında izlenebilecek HİÇBİR ŞEY yok.;negative;negative;0.0;0.21428571428571427;True;0.6666666666666666;0.1111111111111111;negative;0.0;0.21428571428571427;True;False;False;False;False;False;False;False;False;1;1;0;"[""yok""]";[];[];[];[];[]
2605;Kesinlikle zaman kaybı ve asla izlemeyin.;negative;negative;0.0;0.25;True;0.8333333333333334;0.16666666666666666;positive;0.25;0.0;False;True;False;True;False;True;False;False;False;1;1;0;"[""kayıp""]";[];[];"[""izle""]";[];"[""negation_flip""]"
2606;Gerçekten de pek ala kendi toplumumuza da uyarlayabileceğimiz bir film.;neutral;positive;0.125;0.043560606060606064;False;0.9;0.3;positive;0.125;0.043560606060606064;False;False;False;False;False;False;False;False;False;3;3;0;"[""de"", ""pek"", ""da""]";[];[];[];[];[]
2607;Faşizmin baskısı altındaki bir toplum İkiyüzlülükler Eşi Askerlik gibi kutsal bir görevi yapmasına rağmen tek suçu güzel olması olan bir kadın hakkında ithamlar ve tüm bunların yanında küçük bir çocuğun tertemiz sevgisi.;neutral;positive;2.7920454545454545;2.0982142857142856;False;0.96875;0.34375;positive;2.7920454545454545;0.5982142857142857;False;False;False;False;False;False;False;False;True;11;9;2;"[""baskı"", ""kutsal"", ""rağmen"", ""suç"", ""güzel"", ""hak"", ""itham"", ""tüm"", ""çocuk"", ""tertemiz"", ""sevgi""]";"[""görev"", ""görev"", ""suç"", ""itham"", ""sevgi"", ""itham""]";[];[];[];"[""suppressed_as_target"", ""suppressed_as_target""]"
2608;Filmde kesinlikle erotik hiç birşey yok arkadaşlar yapmayın lütfen ben bile öyle ki Belluci ismini duyunca kesin erotik bişeyler vardır diyodum ve gerçekten erotizm namına hiçbişey yok.;neutral;negative;0.5;1.0535714285714286;False;0.8148148148148148;0.18518518518518517;negative;0.125;0.9285714285714286;False;False;False;False;False;True;True;False;True;5;4;1;"[""hiç"", ""yok"", ""arkadaş"", ""lütfen"", ""yok""]";"[""arkadaş"", ""ben"", ""hiçbişey""]";"[""kesinlik"", ""gerçekten""]";"[""yap"", ""yap""]";[];"[""modifier_detected"", ""suppressed_as_target"", ""negation_flip"", ""modifier_detected""]"
2609;Film gerçekten bir çok duygusal filmden daha çok etkiledi beni dram ne de olsa.;neutral;negative;0.0;0.20833333333333334;False;0.9285714285714286;0.14285714285714285;negative;0.0;0.20833333333333334;False;False;False;False;False;False;False;False;False;2;2;0;"[""dram"", ""de""]";"[""ben""]";[];[];[];[]
2610;Bence izleyin tatlı bir film yer yer güleceksiniz;positive;positive;0.28125;0.0;True;0.875;0.375;positive;0.28125;0.0;True;False;False;False;False;False;False;False;False;3;3;0;"[""tatlı"", ""yer"", ""yer""]";"[""film""]";[];[];[];[]
2611;Hele Renato ile babasının diyaloğu yer yer hüzünleneceksiniz.;negative;positive;0.12053571428571429;0.0;False;0.75;0.375;positive;0.12053571428571429;0.0;False;False;False;False;False;False;False;False;False;3;3;0;"[""baba"", ""yer"", ""yer""]";"[""renato""]";[];[];[];[]
2612;Kötü denebilir böyle bir film için gerçekten kötü.;negative;negative;0.0;1.8208333333333333;True;1.0;0.375;negative;0.0;1.8208333333333333;True;False;False;False;False;False;True;False;False;3;3;0;"[""kötü"", ""de"", ""kötü""]";[];"[""gerçekten""]";[];[];"[""modifier_detected""]"
2613;Hiçbir özelliği yok filmin ne oyunculuk diye bir şey var ortada ne de kendine has bir konu.;negative;negative;0.35;0.5684523809523809;True;1.0;0.23529411764705882;negative;0.35;0.5684523809523809;True;False;False;False;False;False;False;False;False;4;4;0;"[""yok"", ""oyunculuk"", ""de"", ""has""]";"[""özellik"", ""film"", ""konu""]";[];[];[];[]
2614;Sarışın bir kızın gecenin bir yarısı tek başına ortada dolaşırken öldürülmesiyle başlıyor ve böyle devam ediyor film.;neutral;neutral;0.0;0.0;True;0.8235294117647058;0.0;neutral;0.0;0.0;True;False;False;False;False;False;False;False;False;0;0;0;[];[];[];[];[];[]
2615;Yazık diyorum bu film için harcadığım zamana yazık.;negative;negative;0.0;1.5208333333333335;True;0.875;0.375;negative;0.0;1.5208333333333335;True;False;False;False;False;False;False;False;False;3;3;0;"[""yazık"", ""de"", ""yazık""]";[];[];[];[];[]
2616;Boş bir pazar gününü dolduramıyor film kimseye tavsiye etmiyorum.;negative;negative;0.125;0.325;True;0.8888888888888888;0.2222222222222222;negative;0.0;0.45;True;False;False;False;False;True;False;False;False;2;2;0;"[""boş"", ""tavsiye""]";"[""gün"", ""film""]";[];"[""et""]";[];"[""negation_flip""]"
2617;bence yönetmen ünlü oyuncularla erotik (hatta bazen pornoya varan) bi film yapayım diyerek bunu yapmış.;neutral;negative;0.0;0.020833333333333332;False;0.8;0.06666666666666667;negative;0.0;0.020833333333333332;False;False;False;False;False;False;False;False;False;1;1;0;"[""de""]";"[""erotik""]";[];[];[];[]
2618;onun dışında yok modern dünyada yabancılaşmaymış yok ilişkilerdeki mahremiyetin korunmasıymış falan hiç alakası yok.;neutral;negative;0.5;1.1428571428571428;False;1.0;0.35714285714285715;negative;0.0;1.1428571428571428;False;False;False;False;False;False;True;False;True;5;4;1;"[""yok"", ""yok"", ""hiç"", ""alaka"", ""yok""]";"[""alaka""]";"[""hiç""]";[];[];"[""suppressed_as_target""]"
2619;yaptığım en büyük film seçimi hatasıydı;negative;negative;0.0;0.16666666666666666;True;0.8333333333333334;0.16666666666666666;negative;0.0;0.16666666666666666;True;False;False;False;False;False;False;False;False;1;1;0;"[""hata""]";"[""seçim""]";[];[];[];[]
2620;oyuncular dısında film kocamannnn bir S1F1R sonunda ne oldu ne bitti bi şey anlamıosun;negative;neutral;0.0;0.0;False;0.6428571428571429;0.0;neutral;0.0;0.0;False;False;False;False;False;False;False;False;False;0;0;0;[];[];[];[];[];[]
2621;bu filme güzel dienler eminim daha önce güzel film izlememişler.;negative;positive;1.0965909090909092;0.0;False;0.8;0.3;positive;0.9090909090909091;0.1875;False;False;False;False;False;True;False;False;False;3;3;0;"[""güzel"", ""emin"", ""güzel""]";"[""dienler"", ""dienler"", ""film""]";[];"[""izle""]";[];"[""negation_flip""]"
2622;anlamadığım nokta yüzüklerin efendisi matrix godfather kadar iyi puan almıs.;neutral;positive;0.6111111111111112;0.0;False;0.6;0.1;positive;0.6111111111111112;0.0;False;False;False;False;False;False;False;False;False;1;1;0;"[""iyi""]";"[""puan""]";[];[];[];[]
2623;allah aşkına o filmlerle bir tutulacak bi film mi sadece oyuncular için bu kadar puan gereksiz.;negative;negative;0.0;0.25;True;0.875;0.0625;negative;0.0;0.25;True;False;False;False;False;False;False;False;False;1;1;0;"[""gereksiz""]";[];[];[];[];[]
2624;sonuc olarak film sadece oyuncular olduğu için;neutral;neutral;0.0;0.0;True;0.8571428571428571;0.0;neutral;0.0;0.0;True;False;False;False;False;False;False;False;False;0;0;0;[];[];[];[];[];[]
2625;sakın aldanmayın filme iyi diyenlere bende konuyu okuduğumda filmin kötü olma ihtimali yok dedim;negative;negative;0.6111111111111112;1.6559523809523808;True;0.8571428571428571;0.42857142857142855;negative;1.1111111111111112;1.1559523809523808;True;False;False;False;False;True;False;False;False;6;6;0;"[""sakın"", ""iyi"", ""de"", ""kötü"", ""yok"", ""de""]";"[""ihtimal""]";[];"[""al""]";[];"[""negation_flip""]"
2626;ama filmi film yapan konu değil işlenişidir ve bu filmde o kadar bozuk bir düzen vardıki herşey yapmacık arada sırada komik olmaya çalışıyorlar;negative;negative;0.125;0.75;True;0.782608695652174;0.13043478260869565;negative;0.125;0.6666666666666666;True;False;False;False;False;False;False;False;True;3;2;1;"[""bozuk"", ""düzen"", ""komik""]";"[""düzen""]";[];[];[];"[""suppressed_as_target""]"
2627;abartıyla rol yapıyorlar saymakla bitmeyen deli saçması bir film amatörce bile demeye dilim varmıyor.;negative;negative;0.0;0.7375;True;0.9285714285714286;0.21428571428571427;negative;0.0;0.7375;True;False;False;False;False;False;False;False;False;3;3;0;"[""abartı"", ""deli"", ""saçma""]";[];[];[];[];[]
2628;sırf adının çekiciliğine ve konusuna kanmayın benim gibi zamanınıza yazık.;negative;negative;0.5833333333333334;0.75;True;1.0;0.3;positive;0.8333333333333334;0.5;False;True;False;True;False;True;False;False;False;3;3;0;"[""ad"", ""çekicilik"", ""yazık""]";"[""zaman""]";[];"[""kan"", ""kan""]";[];"[""negation_flip"", ""negation_flip""]"
2629;Flim zaten sıkıcı!;negative;negative;0.0;1.0;True;0.6666666666666666;0.3333333333333333;negative;0.0;1.0;True;False;False;False;False;False;True;False;False;1;1;0;"[""sıkıcı""]";"[""flim""]";"[""zaten""]";[];[];"[""modifier_detected""]"
2630;Konusu hiç güzel değil!;negative;negative;0.45454545454545453;0.5;True;1.0;0.5;negative;0.0;0.9545454545454546;True;False;False;False;False;True;True;False;False;2;2;0;"[""hiç"", ""güzel""]";"[""konu"", ""konu""]";"[""hiç""]";"[""değil""]";[];"[""negation_flip"", ""modifier_detected""]"
2631;Ancak fazla duygusallar olan için bir filim bu!;neutral;negative;0.0;0.0625;False;1.0;0.125;negative;0.0;0.0625;False;False;False;False;False;False;False;True;False;1;1;0;"[""ancak""]";"[""bu""]";[];[];"[""ancak""]";"[""contrast_detected""]"
2632;Flimin asıl konusu savaşın gereksiz olduğu.;neutral;negative;0.0;0.625;False;0.8333333333333334;0.3333333333333333;negative;0.0;0.625;False;False;False;False;False;False;False;False;False;2;2;0;"[""savaş"", ""gereksiz""]";"[""konu"", ""konu""]";[];[];[];[]
2633;Bu konuyla güzel flimler olabilir ama bu insanı sıkıyor.;negative;positive;0.45454545454545453;0.0;False;0.8888888888888888;0.1111111111111111;positive;0.45454545454545453;0.0;False;False;False;False;False;False;False;False;False;1;1;0;"[""güzel""]";"[""flimler""]";[];[];[];[]
2634;Aslında puan bölümüne bunun için 1 vermem lazım ama hadi penelope ile nicolas cage oynuyo diye 2/10 verelim.;negative;neutral;0.0;0.0;False;0.6842105263157895;0.0;neutral;0.0;0.0;False;False;False;False;False;False;False;False;False;0;0;0;[];[];[];[];[];[]
2635;Gayet kötü bir film.;negative;negative;0.0;0.9;True;1.0;0.25;negative;0.0;0.9;True;False;False;False;False;False;False;False;False;1;1;0;"[""kötü""]";"[""film""]";[];[];[];[]
2636;Yani o yılda star wars çekilmese tamam diyeceğim de efektler ve geçişler o kadar kötü ve amatörce ki filme odaklanamıyorsunuz bile her şey ikinci sınıf;negative;negative;0.16666666666666666;0.9416666666666667;True;0.88;0.16;negative;0.020833333333333332;1.0875;True;False;False;False;False;True;False;False;False;4;4;0;"[""tamam"", ""de"", ""de"", ""kötü""]";"[""star"", ""efekt"", ""efekt""]";[];"[""çek"", ""çek""]";[];"[""negation_flip"", ""negation_flip""]"
2637;imdb top 250yi izlemeye karar verip bunu gerçekleştirmeye çalışan biri olarak bu kararımı tekrar gözden geçirmeme sebep olan ve beni bu platformda yorum yapmaya zorlayan film.;neutral;neutral;0.08333333333333333;0.08333333333333333;True;0.7692307692307693;0.11538461538461539;neutral;0.08333333333333333;0.08333333333333333;True;False;False;False;False;False;False;False;False;3;3;0;"[""karar"", ""biri"", ""karar""]";"[""imdb""]";[];[];[];[]
2638;Dr. Strangelove filmi ile beni mest eden Kubrick 4 sene sonra çekmiş olduğu senaryonun sesini dahi içermeyen bu filmle beni hayal kırıklığına uğrattı.;negative;negative;0.0;0.5;True;0.782608695652174;0.043478260869565216;negative;0.0;0.5;True;False;False;False;False;False;False;False;False;1;1;0;"[""kırıklık""]";"[""kubrick""]";[];[];[];[]
2639;Bir filme güzel diyebilmek için gerekli olan senaryo ve oyunculuk bu filmde bulunmadığı için oscar almış efektlerinin günümüz izleyicisini etkileme ihtimali sıfıra yakın olduğu için izleyiciye verdiği iddia edilen derin mesajları gereksiz bulduğum için filmi beğenmedim.;negative;negative;0.45454545454545453;1.1541666666666668;True;0.8888888888888888;0.19444444444444445;negative;0.45454545454545453;1.1541666666666668;True;False;False;False;False;False;False;False;False;7;7;0;"[""güzel"", ""de"", ""oyunculuk"", ""al"", ""sıfır"", ""iddia"", ""gereksiz""]";"[""oscar"", ""mesaj""]";[];[];[];[]
2640;"""Filmin zamanın teknoljisiyle çok güzel çekilmiş olması ve """"""""en iyi efekt"""""""" oscarını alması günümüz seyircisinin umursamak zorunda olmadığı bir durumdur.""";neutral;positive;1.0656565656565657;0.16666666666666666;False;0.8;0.15;positive;1.0656565656565657;0.16666666666666666;False;False;False;False;False;False;True;False;False;3;3;0;"[""güzel"", ""iyi"", ""al""]";"[""efekt\"""", ""oscarını""]";"[""çok"", ""\""en""]";[];[];"[""modifier_detected"", ""modifier_detected""]"
2641;Zaman ilerledikçe film yeni nesil izleyiciler tarafından daha sıkıcı ve gereksiz bulunacaktır.;negative;negative;0.0;1.25;True;0.8333333333333334;0.16666666666666666;negative;0.0;1.25;True;False;False;False;False;False;True;False;False;2;2;0;"[""sıkıcı"", ""gereksiz""]";"[""film""]";"[""daha""]";[];[];"[""modifier_detected""]"
2642;Kalıcı olmak için senaryo şart.;neutral;neutral;0.0;0.0;True;1.0;0.0;neutral;0.0;0.0;True;False;False;False;False;False;False;False;False;0;0;0;[];[];[];[];[];[]
2643;Hele bi de en iyi senaryo ödülüne de aday göstermişler ya insana yuh dedirtiyor vallahi.;neutral;positive;1.3611111111111112;0.8125;False;0.8666666666666667;0.4;positive;2.1319444444444446;0.041666666666666664;False;False;False;False;False;True;True;False;False;6;6;0;"[""de"", ""iyi"", ""ödül"", ""de"", ""yuh"", ""de""]";"[""senaryo""]";"[""en""]";"[""de"", ""de""]";[];"[""modifier_detected"", ""negation_flip"", ""negation_flip""]"
2644;Filmin başyapıt olduğunu iddia edenlerin de maalesef samimi olduğuna inanamıyorum.;negative;positive;1.0;0.8541666666666666;False;1.0;0.4;positive;1.0833333333333333;0.7708333333333334;False;False;False;False;False;True;True;False;False;4;4;0;"[""iddia"", ""de"", ""maalesef"", ""samimi""]";[];"[""maalesef""]";"[""inan""]";[];"[""negation_flip"", ""modifier_detected""]"
2645;Filmin sonunu anlamadığını söyleyen arkadaşlar da buna hiç takılmasın.;neutral;negative;0.5;0.6477272727272727;False;0.6666666666666666;0.4444444444444444;positive;0.625;0.022727272727272728;False;True;False;False;True;True;False;False;True;4;3;1;"[""son"", ""arkadaş"", ""da"", ""hiç""]";"[""arkadaş""]";[];"[""anla"", ""tak"", ""tak""]";[];"[""negation_flip"", ""suppressed_as_target"", ""negation_flip""]"
2646;Filmin başı ortası mı vardı ki sonunda ne olduğunu düşünelim.;negative;neutral;0.0;0.0;False;0.9;0.0;neutral;0.0;0.0;False;False;False;False;False;False;False;False;False;0;0;0;[];[];[];[];[];[]
2647;Filmin anlaşılması için kitabının okunması gerektiği fikrine katılmak da mümkün değil;negative;negative;0.0;0.022727272727272728;True;0.7272727272727273;0.09090909090909091;negative;0.0;0.022727272727272728;True;False;False;False;False;False;False;False;False;1;1;0;"[""da""]";[];[];[];[];[]
2648;ben sinema seyircisiyim kardeşim niye kitabı okumak zorunda olayım.;neutral;neutral;0.0;0.0;True;0.8888888888888888;0.0;neutral;0.0;0.0;True;False;False;False;False;False;False;False;False;0;0;0;[];[];[];[];[];[]
2649;"""E film böyle olunca bi ara filmin sonlarına doğru gösterilen lüzumsuz uzay boşluklarından birinden kubrickin kafasını çıkarıp kahkahalarla gülüp """"""""nasıl da kakaladım ama filmi siz de izlediniz"""""""" demesini bekledim ama bunu bile yapmadı.""";neutral;negative;0.25;0.7727272727272728;False;0.7575757575757576;0.21212121212121213;negative;0.25;0.7727272727272728;False;False;False;False;False;False;False;False;False;7;7;0;"[""son"", ""doğru"", ""lüzumsuz"", ""biri"", ""da"", ""de"", ""de""]";"[""boşluk"", ""kafa""]";[];[];[];[]
2650;Ayrıca HALı alt etmeyi başaran Dave abimizin jüpitere ayak basmasından az önce ekrana gelen efektler de windows media playerda müzik dinlerken gözüken efektler gibiydi ki bunlar bana hep itici gelmiştir.;neutral;negative;0.0;0.3958333333333333;False;0.6666666666666666;0.1;negative;0.0;0.3958333333333333;False;False;False;False;False;False;False;False;False;3;3;0;"[""etme"", ""az"", ""de""]";[];[];[];[];[]
2651;Puanlamaya gelince 1 puanı midnight express lawrence of arabia gibi filmlere ayırdığım için 2 veriyorum.;neutral;negative;0.0;1.0;False;0.4666666666666667;0.06666666666666667;negative;0.0;1.0;False;False;False;False;False;False;False;False;False;1;1;0;"[""of""]";[];[];[];[];[]
2652;İtinayla izlemekten kaçınınız;neutral;positive;0.5;0.0;False;0.3333333333333333;0.3333333333333333;positive;0.5;0.0;False;False;False;False;False;False;False;False;False;1;1;0;"[""itinayla""]";[];[];[];[];[]
2653;normal bi aldatma hikayesini filme uyarlamışlar ekstra hiç bir şey yok ama izleyin pişman olmazsınız ne iyi film ne de kötü iyae yakın bi film;neutral;negative;0.6111111111111112;3.760119047619048;False;0.8;0.32;negative;1.7361111111111112;2.6351190476190474;False;False;False;False;False;True;True;True;False;8;8;0;"[""aldatma"", ""hiç"", ""yok"", ""pişman"", ""olmaz"", ""iyi"", ""de"", ""kötü""]";"[""hikaye"", ""film"", ""film"", ""iyae""]";"[""ne""]";"[""ol"", ""ol""]";"[""ama""]";"[""contrast_detected"", ""negation_flip"", ""negation_flip"", ""modifier_detected""]"
